Gene1,Gene2
MCM5,RFC2
MCM6,RFC2
BRIP1,RFC2
RAD51,RFC2
POLR2B,RFC2
APEX1,RFC2
TCEA1,RFC2
SSRP1,RFC2
MCM7,RFC2
POLR2G,RFC2
TP53,RFC2
BRCA2,RFC2
POLR2L,RFC2
POLR2D,RFC2
TIMELESS,RFC2
GTF2H2,RFC2
PARP1,RFC2
MCM2,RFC2
POLR2I,RFC2
POLR2F,RFC2
POLR2K,RFC2
GTF2H3,RFC2
BRCA1,RFC2
TRIM25,RFC2
ERCC8,RFC2
RFC1,RFC2
HMGN1,RFC2
MCM3,RFC2
MCM4,RFC2
DDB2,RFC2
CREB3L3,CREB3L4
CREB3L4,CREB3L3
CREB3L3,CREB3L2
CREB3L2,CREB3L3
CREB3L3,CREB1
CREB1,CREB3L3
CREB3L3,APOA4
CREB3L3,APOC2
MCM5,KIF22
MCM2,KIF22
KNTC1,KIF22
MAZ,KIF22
TRIP13,CDK1
TRIP13,TOP2A
TRIP13,PTTG1
PTTG1,TRIP13
TRIP13,KIAA0101
TRIP13,CENPN
TRIP13,CENPF
TRIP13,ANLN
TRIP13,RAD51
RAD51,TRIP13
TRIP13,NCAPG
TRIP13,DOT1L
DOT1L,TRIP13
TRIP13,DLGAP5
TRIP13,CDC20
TRIP13,NUSAP1
TRIP13,NEK2
TRIP13,PRC1
TRIP13,CHEK1
TRIP13,RFC4
TRIP13,AURKA
TRIP13,CCNB2
TRIP13,FANCI
TRIP13,BUB1B
TRIP13,FOXM1
FOXM1,TRIP13
TRIP13,HMMR
TRIP13,ZWILCH
TRIP13,TPX2
TRIP13,CDKN3
TRIP13,CCNB1
TRIP13,MELK
TRIP13,AURKB
TRIP13,RRM2
TRIP13,MAD2L1
TRIP13,FEN1
TRIP13,KIF23
TRIP13,MCM2
MCM2,TRIP13
TRIP13,RAD51AP1
TRIP13,UBE2C
TRIP13,PLK1
TRIP13,BUB1
TRIP13,ZWINT
TRIP13,VRK1
TRIP13,BIRC5
TRIP13,THRB
THRB,TRIP13
TRIP13,MCM4
MCM4,TRIP13
POLR3D,ASNS
TFAP2C,TP53
TP53,TFAP2C
TFAP2C,EGFR
EGFR,TFAP2C
TFAP2C,CDKN1A
CDKN1A,TFAP2C
TFAP2C,YEATS4
YEATS4,TFAP2C
TFAP2C,PITX2
PITX2,TFAP2C
TFAP2C,MYC
MYC,TFAP2C
TFAP2C,PRDM14
PRDM14,TFAP2C
SIRT1,CDK1
SIRT1,XRCC5
XRCC5,SIRT1
SIRT1,HDAC2
HDAC2,SIRT1
SIRT1,NR1H3
NR1H3,SIRT1
SIRT1,EPAS1
EPAS1,SIRT1
SIRT1,DOT1L
DOT1L,SIRT1
SIRT1,TAF1B
TAF1B,SIRT1
SIRT1,RBBP4
RBBP4,SIRT1
SIRT1,FOXO1
FOXO1,SIRT1
SIRT1,CHEK1
SIRT1,SIRT2
SIRT2,SIRT1
SIRT1,DNMT3B
DNMT3B,SIRT1
SIRT1,MYC
MYC,SIRT1
SIRT1,HDAC1
HDAC1,SIRT1
SIRT1,APEX1
APEX1,SIRT1
SIRT1,FHL2
FHL2,SIRT1
SIRT1,FOXM1
FOXM1,SIRT1
SIRT1,JUN
JUN,SIRT1
SIRT1,MYCN
MYCN,SIRT1
SIRT1,TAF1A
TAF1A,SIRT1
SIRT1,POLR2G
POLR2G,SIRT1
SIRT1,XRCC6
XRCC6,SIRT1
SIRT1,TP53
TP53,SIRT1
SIRT1,CREB1
CREB1,SIRT1
SIRT1,SMARCD2
SMARCD2,SIRT1
SIRT1,HNF4A
HNF4A,SIRT1
SIRT1,PARP1
PARP1,SIRT1
SIRT1,SUV39H2
SUV39H2,SIRT1
SIRT1,HIST1H1E
HIST1H1E,SIRT1
SIRT1,PPARA
PPARA,SIRT1
SIRT1,FOSB
FOSB,SIRT1
SIRT1,EHMT2
EHMT2,SIRT1
SIRT1,ATG5
SIRT1,CHEK2
SIRT1,DNMT1
DNMT1,SIRT1
SIRT1,UCP2
SIRT1,EZH2
EZH2,SIRT1
SIRT1,FOXA2
FOXA2,SIRT1
SIRT1,RBBP7
RBBP7,SIRT1
SIRT1,HCFC1
HCFC1,SIRT1
F2,SERPIND1
MAPK1,NRIP1
NRIP1,MAPK1
MAPK1,STMN1
MAPK1,JUND
JUND,MAPK1
MAPK1,NR3C1
NR3C1,MAPK1
MAPK1,YBX1
YBX1,MAPK1
MAPK1,AGT
MAPK1,EGFR
EGFR,MAPK1
MAPK1,FXR1
FXR1,MAPK1
MAPK1,SMAD3
SMAD3,MAPK1
MAPK1,SMAD2
SMAD2,MAPK1
MAPK1,TTR
MAPK1,FGB
MAPK1,FOXO1
FOXO1,MAPK1
MAPK1,CCL2
MAPK1,TBX3
TBX3,MAPK1
MAPK1,GATA4
GATA4,MAPK1
MAPK1,FUCA1
MAPK1,CTSC
MAPK1,MYC
MYC,MAPK1
MAPK1,EGR1
EGR1,MAPK1
MAPK1,FHL2
FHL2,MAPK1
MAPK1,JUN
JUN,MAPK1
MAPK1,FOSL1
FOSL1,MAPK1
MAPK1,RARG
RARG,MAPK1
MAPK1,PA2G4
PA2G4,MAPK1
MAPK1,DUT
MAPK1,TP53
TP53,MAPK1
MAPK1,CREB1
CREB1,MAPK1
MAPK1,FOSL2
FOSL2,MAPK1
MAPK1,F2
F2,MAPK1
MAPK1,HNF4A
HNF4A,MAPK1
MAPK1,PARP1
PARP1,MAPK1
MAPK1,EGF
EGF,MAPK1
MAPK1,PPARA
PPARA,MAPK1
MAPK1,FGG
MAPK1,FGA
MAPK1,CCND1
CCND1,MAPK1
MAPK1,DSN1
MAPK1,CHEK2
MAPK1,ETS1
ETS1,MAPK1
MAPK1,CREG1
CREG1,MAPK1
MAPK1,PRKCE
MAPK1,ERBB4
MAPK1,GABPB1
GABPB1,MAPK1
MAPK1,THRB
THRB,MAPK1
MAPK1,AGTRAP
MAPK1,KHDRBS1
KHDRBS1,MAPK1
XBP1,CREB1
CREB1,XBP1
XBP1,ATF3
ATF3,XBP1
XBP1,DDIT3
DDIT3,XBP1
XBP1,PRDM1
PRDM1,XBP1
HMGXB4,RBBP4
RBBP4,HMGXB4
HMGXB4,MCM5
MCM5,HMGXB4
HMGXB4,BPTF
BPTF,HMGXB4
HMGXB4,SMARCA5
SMARCA5,HMGXB4
HMGXB4,SMARCE1
SMARCE1,HMGXB4
MCM5,CDK1
MCM5,ORC4
MCM5,MCM6
MCM6,MCM5
MCM5,TOP2A
MCM5,WDHD1
MCM5,TOP2B
TOP2B,MCM5
MCM5,ANLN
MCM5,RAD51
RAD51,MCM5
MCM5,NCAPG
MCM5,TK1
MCM5,CDC20
MCM5,ORC2
ORC2,MCM5
MCM5,MSH2
MCM5,PRC1
MCM5,CHEK1
MCM5,RFC4
MCM5,AURKA
MCM5,CCNB2
MCM5,BUB1B
MCM5,KIF20B
MCM5,SSRP1
SSRP1,MCM5
MCM5,TPX2
MCM5,MCM7
MCM7,MCM5
MCM5,CCNB1
MCM5,GMNN
MCM5,AURKB
MCM5,DUT
MCM5,RRM2
MCM5,TIMELESS
TIMELESS,MCM5
MCM5,MAD2L1
MCM5,FEN1
MCM5,KIF23
MCM5,SMARCA5
SMARCA5,MCM5
MCM5,MCM2
MCM2,MCM5
MCM5,KNTC1
KNTC1,MCM5
MCM5,UBE2C
MCM5,PLK1
MCM5,BUB1
MCM5,PCNA
MCM5,SMC4
MCM5,HAT1
MCM5,KPNA2
MCM5,MCM8
MCM8,MCM5
MCM5,NUF2
MCM5,RNASEH2A
MCM5,TIPIN
MCM5,CHEK2
MCM5,CHAF1A
CHAF1A,MCM5
MCM5,DNMT1
DNMT1,MCM5
MCM5,BIRC5
MCM5,RRM1
MCM5,PRIM1
MCM5,ESPL1
ESPL1,MCM5
MCM5,RFC1
RFC1,MCM5
MCM5,MCM3
MCM3,MCM5
MCM5,MCM4
MCM4,MCM5
MCM5,HELLS
MCM5,UHRF1
UHRF1,MCM5
DDX5,PHF5A
YBX1,PHF5A
POLR2G,PHF5A
SRSF3,PHF5A
HNRNPR,PHF5A
RNPS1,PHF5A
HNRNPK,PHF5A
HNRNPD,PHF5A
POLR2L,PHF5A
POLR2D,PHF5A
GTF2F2,PHF5A
ELAVL2,PHF5A
PAPOLA,PHF5A
SNRPB,PHF5A
POLR2I,PHF5A
WBP11,PHF5A
PLRG1,PHF5A
SRSF2,PHF5A
POLR2F,PHF5A
POLR2K,PHF5A
POLR2B,PHF5A
HNRNPUL1,PHF5A
SRRM1,PHF5A
SNRPD1,PHF5A
RBMX,PHF5A
EIF5B,PHF5A
SRSF6,PHF5A
SRSF1,PHF5A
PAPOLA,YBX1
YBX1,PAPOLA
PAPOLA,HNRNPR
HNRNPR,PAPOLA
PAPOLA,HNRNPH2
PAPOLA,RNPS1
RNPS1,PAPOLA
PAPOLA,HNRNPK
HNRNPK,PAPOLA
PAPOLA,ELAVL2
ELAVL2,PAPOLA
PAPOLA,SNRPB
SNRPB,PAPOLA
PAPOLA,EFTUD2
PAPOLA,WBP11
WBP11,PAPOLA
PAPOLA,PLRG1
PLRG1,PAPOLA
PAPOLA,DDX39A
PAPOLA,POLR2B
POLR2B,PAPOLA
PAPOLA,HNRNPUL1
HNRNPUL1,PAPOLA
PAPOLA,RBMX
RBMX,PAPOLA
PAPOLA,SRSF6
SRSF6,PAPOLA
PAPOLA,SRSF1
SRSF1,PAPOLA
PAPOLA,THOC1
PAPOLA,DDX5
DDX5,PAPOLA
PAPOLA,POLR2G
POLR2G,PAPOLA
PAPOLA,SRSF3
SRSF3,PAPOLA
PAPOLA,SF3B3
PAPOLA,HNRNPD
HNRNPD,PAPOLA
PAPOLA,POLR2L
POLR2L,PAPOLA
PAPOLA,PPIL1
PAPOLA,POLR2D
POLR2D,PAPOLA
PAPOLA,CPSF3
PAPOLA,GTF2F2
GTF2F2,PAPOLA
PAPOLA,POLR2I
POLR2I,PAPOLA
PAPOLA,SRSF2
SRSF2,PAPOLA
PAPOLA,POLR2F
POLR2F,PAPOLA
PAPOLA,POLR2K
POLR2K,PAPOLA
PAPOLA,SRRM1
SRRM1,PAPOLA
PAPOLA,SNRPD1
SNRPD1,PAPOLA
SNAPC1,POLR3D
POLR3D,SNAPC1
SNAPC1,ASUN
SNAPC1,POLR2G
POLR2G,SNAPC1
SNAPC1,POLR2I
POLR2I,SNAPC1
SNAPC1,POU2F1
POU2F1,SNAPC1
SNAPC1,POLR2F
POLR2F,SNAPC1
SNAPC1,TAF11
TAF11,SNAPC1
SNAPC1,POLR2K
POLR2K,SNAPC1
SNAPC1,TAF5
TAF5,SNAPC1
SNAPC1,BDP1
BDP1,SNAPC1
SNAPC1,POLR2L
POLR2L,SNAPC1
SNAPC1,ELL2
ELL2,SNAPC1
SNAPC1,POLR2D
POLR2D,SNAPC1
SNAPC1,POLR2B
POLR2B,SNAPC1
SNAPC1,POLR1C
POLR1C,SNAPC1
SNAPC1,POLR3E
POLR3E,SNAPC1
SNAPC1,TAF6
TAF6,SNAPC1
SNAPC1,ZNF143
ZNF143,SNAPC1
SNAPC1,POLR1D
POLR1D,SNAPC1
SNAPC1,GTF2F2
GTF2F2,SNAPC1
SNAPC1,ICE2
SNAPC1,GTF2E1
GTF2E1,SNAPC1
SUPT16H,CHD8
CHD8,SUPT16H
SUPT16H,SSRP1
SSRP1,SUPT16H
SUPT16H,POLR2G
POLR2G,SUPT16H
SUPT16H,XRCC6
XRCC6,SUPT16H
SUPT16H,AFF4
AFF4,SUPT16H
SUPT16H,TP53
TP53,SUPT16H
SUPT16H,POLR2L
POLR2L,SUPT16H
SUPT16H,POLR2D
POLR2D,SUPT16H
SUPT16H,GTF2H2
GTF2H2,SUPT16H
SUPT16H,WDHD1
SUPT16H,SMARCC1
SMARCC1,SUPT16H
SUPT16H,SMARCA5
SMARCA5,SUPT16H
SUPT16H,ACTL6A
SUPT16H,FANCD2
SUPT16H,TOP2B
TOP2B,SUPT16H
SUPT16H,GTF2F2
GTF2F2,SUPT16H
SUPT16H,TCEB1
TCEB1,SUPT16H
SUPT16H,RUVBL1
RUVBL1,SUPT16H
SUPT16H,TCEB3
TCEB3,SUPT16H
SUPT16H,POLR2I
POLR2I,SUPT16H
SUPT16H,CHAF1A
CHAF1A,SUPT16H
SUPT16H,POLR2F
POLR2F,SUPT16H
SUPT16H,TCEB2
TCEB2,SUPT16H
SUPT16H,POLR2K
POLR2K,SUPT16H
SUPT16H,CHEK1
SUPT16H,GTF2H3
GTF2H3,SUPT16H
SUPT16H,BRCA1
BRCA1,SUPT16H
SUPT16H,SMARCA4
SMARCA4,SUPT16H
SUPT16H,POLR2B
POLR2B,SUPT16H
SUPT16H,MCM3
MCM3,SUPT16H
SUPT16H,MCM4
MCM4,SUPT16H
SUPT16H,FANCI
SUPT16H,HMGB2
HMGB2,SUPT16H
SUPT16H,TCEA1
TCEA1,SUPT16H
SUPT16H,SMARCE1
SMARCE1,SUPT16H
JUN,VRK1
TP53,VRK1
APEX1,YBX1
YBX1,APEX1
APEX1,XRCC5
XRCC5,APEX1
APEX1,EPAS1
EPAS1,APEX1
APEX1,MSH2
APEX1,RFC4
APEX1,HMGB2
HMGB2,APEX1
APEX1,XRCC6
XRCC6,APEX1
APEX1,TP53
TP53,APEX1
APEX1,FEN1
APEX1,PARP1
PARP1,APEX1
APEX1,ILF2
ILF2,APEX1
APEX1,PCNA
APEX1,POLB
APEX1,DECR1
APEX1,RFC1
RFC1,APEX1
APEX1,NPM1
NPM1,APEX1
APEX1,NEIL2
NEIL2,APEX1
MCM6,AURKA
PTTG1,AURKA
NONO,AURKA
MYBL2,AURKA
CNTRL,AURKA
FOXM1,AURKA
MCM7,AURKA
MYCN,AURKA
TP53,AURKA
BRCA2,AURKA
HNRNPD,AURKA
MCM2,AURKA
BRCA1,AURKA
ESPL1,AURKA
MCM3,AURKA
MCM4,AURKA
UHRF1,AURKA
MYBL2,CDK1
MYBL2,TOP2A
MYBL2,CENPF
MYBL2,NCAPG
MYBL2,RBBP4
RBBP4,MYBL2
MYBL2,CDC20
MYBL2,CCNB2
MYBL2,HDAC1
HDAC1,MYBL2
MYBL2,BUB1B
MYBL2,E2F4
E2F4,MYBL2
MYBL2,FOXM1
FOXM1,MYBL2
MYBL2,TPX2
MYBL2,CCNB1
MYBL2,MELK
MYBL2,AURKB
MYBL2,E2F5
E2F5,MYBL2
MYBL2,RRM2
MYBL2,TFDP1
TFDP1,MYBL2
MYBL2,UBE2C
MYBL2,PLK1
MYBL2,BUB1
MYBL2,CCND1
CCND1,MYBL2
MYBL2,E2F3
E2F3,MYBL2
MYBL2,CEBPA
CEBPA,MYBL2
MYBL2,BIRC5
MYBL2,ESPL1
ESPL1,MYBL2
MYBL2,NPM1
NPM1,MYBL2
SALL4,JUN
JUN,SALL4
SALL4,POLR2G
POLR2G,SALL4
SALL4,GATAD2B
GATAD2B,SALL4
SALL4,TP53
TP53,SALL4
SALL4,EED
EED,SALL4
SALL4,POLR2L
POLR2L,SALL4
SALL4,POLR2D
POLR2D,SALL4
SALL4,NANOG
NANOG,SALL4
SALL4,SMAD2
SMAD2,SALL4
SALL4,HDAC2
HDAC2,SALL4
SALL4,PBX1
PBX1,SALL4
SALL4,POU5F1
POU5F1,SALL4
SALL4,EPAS1
EPAS1,SALL4
SALL4,LIN28A
LIN28A,SALL4
SALL4,SOX2
SOX2,SALL4
SALL4,DPPA4
SALL4,RBBP4
RBBP4,SALL4
SALL4,POLR2I
POLR2I,SALL4
SALL4,RNF2
RNF2,SALL4
SALL4,POLR2F
POLR2F,SALL4
SALL4,REST
REST,SALL4
SALL4,POLR2K
POLR2K,SALL4
SALL4,POLR2B
POLR2B,SALL4
SALL4,MYC
MYC,SALL4
SALL4,EGR1
EGR1,SALL4
SALL4,HDAC1
HDAC1,SALL4
SALL4,EZH2
EZH2,SALL4
SALL4,PRDM14
PRDM14,SALL4
SALL4,RBBP7
RBBP7,SALL4
XRCC5,CDK5RAP1
TBL1X,AGT
TBL1X,APOA2
TBL1X,HDAC2
HDAC2,TBL1X
TBL1X,NR1H3
NR1H3,TBL1X
TBL1X,NCOA1
NCOA1,TBL1X
TBL1X,HMGCS2
TBL1X,FABP1
TBL1X,APOA1
TBL1X,HDAC1
HDAC1,TBL1X
TBL1X,PLIN2
TBL1X,FHL2
FHL2,TBL1X
TBL1X,CACYBP
TBL1X,SMARCD2
SMARCD2,TBL1X
TBL1X,GRHL1
GRHL1,TBL1X
TBL1X,PPARA
PPARA,TBL1X
TBL1X,TCF4
TCF4,TBL1X
TBL1X,NCOA6
NCOA6,TBL1X
TBL1X,ANKRD1
ANKRD1,TBL1X
TBL1X,RBPJ
RBPJ,TBL1X
MAZ,BPTF
BPTF,MAZ
GABPB1,STMN1
GABPB1,YAF2
YAF2,GABPB1
GABPB1,PLK1
PTTG1,DECR1
GLIS3,DECR1
CCND1,SFRP1
MCM7,RNASEH2A
MCM6,RNASEH2A
PTTG1,RNASEH2A
MCM2,RNASEH2A
RAD51,RNASEH2A
MCM3,RNASEH2A
MCM4,RNASEH2A
AES,HDAC1
HDAC1,AES
AES,CTBP1
CTBP1,AES
POLR1B,FBL
SSB,FBL
POLR1E,FBL
GEMIN2,FBL
SNRPB,FBL
HNRNPAB,FBL
PWP1,FBL
RUVBL2,FBL
DDX5,FBL
PA2G4,FBL
PDCD11,FBL
F2,FBL
ILF2,FBL
RUVBL1,FBL
POLR1C,FBL
NPM1,FBL
SNRPD1,FBL
POLR2I,JUN
JUN,POLR2I
POLR2I,SSRP1
SSRP1,POLR2I
POLR2I,DDX5
DDX5,POLR2I
POLR2I,RARG
RARG,POLR2I
POLR2I,YBX1
YBX1,POLR2I
POLR2I,ASUN
POLR2I,POLR2G
POLR2G,POLR2I
POLR2I,POLR1B
POLR1B,POLR2I
POLR2I,SRSF3
SRSF3,POLR2I
POLR2I,POU2F1
POU2F1,POLR2I
POLR2I,ZNRD1
ZNRD1,POLR2I
POLR2I,WDR5
WDR5,POLR2I
POLR2I,SF3B3
POLR2I,HNRNPR
HNRNPR,POLR2I
POLR2I,AFF4
AFF4,POLR2I
POLR2I,HNRNPH2
POLR2I,TAF5
TAF5,POLR2I
POLR2I,RNPS1
RNPS1,POLR2I
POLR2I,EED
EED,POLR2I
POLR2I,COPS5
COPS5,POLR2I
POLR2I,HNRNPK
HNRNPK,POLR2I
POLR2I,HNRNPD
HNRNPD,POLR2I
POLR2I,POLR2L
POLR2L,POLR2I
POLR2I,PPIL1
POLR2I,POLR2D
POLR2D,POLR2I
POLR2I,USP7
POLR2I,CPSF3
POLR2I,NANOG
NANOG,POLR2I
POLR2I,TAF9B
TAF9B,POLR2I
POLR2I,GTF2H2
GTF2H2,POLR2I
POLR2I,PBX1
PBX1,POLR2I
POLR2I,TAF6
TAF6,POLR2I
POLR2I,MED14
MED14,POLR2I
POLR2I,FANCD2
POLR2I,ZNF143
ZNF143,POLR2I
POLR2I,EPAS1
EPAS1,POLR2I
POLR2I,GPN3
POLR2I,PCNA
POLR2I,GTF2F2
GTF2F2,POLR2I
POLR2I,ELAVL2
ELAVL2,POLR2I
POLR2I,ICE2
POLR2I,SRSF10
SRSF10,POLR2I
POLR2I,TCEB1
TCEB1,POLR2I
POLR2I,PAX6
PAX6,POLR2I
POLR2I,SNRPB
SNRPB,POLR2I
POLR2I,SOX2
SOX2,POLR2I
POLR2I,TCEB3
TCEB3,POLR2I
POLR2I,RBBP4
RBBP4,POLR2I
POLR2I,EFTUD2
POLR2I,WBP11
WBP11,POLR2I
POLR2I,PLRG1
PLRG1,POLR2I
POLR2I,SRSF2
SRSF2,POLR2I
POLR2I,MED21
MED21,POLR2I
POLR2I,POLR2F
POLR2F,POLR2I
POLR2I,TCEB2
TCEB2,POLR2I
POLR2I,TAF11
TAF11,POLR2I
POLR2I,POLR2K
POLR2K,POLR2I
POLR2I,CHEK1
POLR2I,GTF2H3
GTF2H3,POLR2I
POLR2I,PIH1D1
POLR2I,RFC4
POLR2I,ELL2
ELL2,POLR2I
POLR2I,BRCA1
BRCA1,POLR2I
POLR2I,ERCC8
ERCC8,POLR2I
POLR2I,RFC1
RFC1,POLR2I
POLR2I,POLR2B
POLR2B,POLR2I
POLR2I,HNRNPUL1
HNRNPUL1,POLR2I
POLR2I,HMGN1
HMGN1,POLR2I
POLR2I,SRRM1
SRRM1,POLR2I
POLR2I,POLR1C
POLR1C,POLR2I
POLR2I,NCOA6
NCOA6,POLR2I
POLR2I,COPS2
COPS2,POLR2I
POLR2I,FANCI
POLR2I,SNRPD1
SNRPD1,POLR2I
POLR2I,TCEA1
TCEA1,POLR2I
POLR2I,EZH2
EZH2,POLR2I
POLR2I,RBMX
RBMX,POLR2I
POLR2I,SRSF6
SRSF6,POLR2I
POLR2I,TAF7
TAF7,POLR2I
POLR2I,POLR1D
POLR1D,POLR2I
POLR2I,SRSF1
SRSF1,POLR2I
POLR2I,RBBP7
RBBP7,POLR2I
POLR2I,GTF2E1
GTF2E1,POLR2I
EGFR,LAMB1
EGF,LAMB1
FUBP1,AIMP2
PARP1,AIMP2
PEG3,MEST
AEBP1,TCF3
TCF3,AEBP1
POLR1B,UTP18
PA2G4,UTP18
ABT1,UTP18
ZNRD1,UTP18
PDCD11,UTP18
AATF,UTP18
POLR1E,UTP18
DDX54,UTP18
PWP1,UTP18
CEBPZ,UTP18
MYBBP1A,UTP18
DDX5,YBX1
YBX1,DDX5
DDX5,POLR1B
POLR1B,DDX5
DDX5,WDR12
DDX5,HNRNPR
HNRNPR,DDX5
DDX5,IMP4
DDX5,HNRNPH2
DDX5,RNPS1
RNPS1,DDX5
DDX5,HNRNPK
HNRNPK,DDX5
DDX5,NANOG
NANOG,DDX5
DDX5,SMAD3
SMAD3,DDX5
DDX5,ELAVL2
ELAVL2,DDX5
DDX5,SNRPB
SNRPB,DDX5
DDX5,EFTUD2
DDX5,NCOA1
NCOA1,DDX5
DDX5,WBP11
WBP11,DDX5
DDX5,PLRG1
PLRG1,DDX5
DDX5,POLR2B
POLR2B,DDX5
DDX5,HNRNPUL1
HNRNPUL1,DDX5
DDX5,PWP1
PWP1,DDX5
DDX5,RBMX
RBMX,DDX5
DDX5,SDAD1
DDX5,BRIX1
DDX5,SRSF6
SRSF6,DDX5
DDX5,SRSF1
SRSF1,DDX5
DDX5,TFF1
DDX5,POLR2G
POLR2G,DDX5
DDX5,SRSF3
SRSF3,DDX5
DDX5,SF3B3
DDX5,TP53
TP53,DDX5
DDX5,HNRNPD
HNRNPD,DDX5
DDX5,POLR2L
POLR2L,DDX5
DDX5,PDCD11
PDCD11,DDX5
DDX5,PPIL1
DDX5,POLR2D
POLR2D,DDX5
DDX5,CPSF3
DDX5,MATR3
MATR3,DDX5
DDX5,DROSHA
DDX5,NIP7
DDX5,GTF2F2
GTF2F2,DDX5
DDX5,SRSF10
SRSF10,DDX5
DDX5,ZWINT
DDX5,FOXA1
FOXA1,DDX5
DDX5,SRSF2
SRSF2,DDX5
DDX5,POLR2F
POLR2F,DDX5
DDX5,SMAD5
SMAD5,DDX5
DDX5,POLR2K
POLR2K,DDX5
DDX5,SRRM1
SRRM1,DDX5
DDX5,SNRPD1
SNRPD1,DDX5
DDX5,GMPS
DDX5,KHDRBS1
KHDRBS1,DDX5
JUN,CCL2
TP53,CCL2
PA2G4,CTSC
PREB,CTSC
CREG1,CTSC
CCND1,CDK1
CCND1,ORC4
CCND1,YBX1
YBX1,CCND1
CCND1,POU2F1
POU2F1,CCND1
CCND1,EGFR
EGFR,CCND1
CCND1,ATF3
ATF3,CCND1
CCND1,ACTL6A
CCND1,FOXO1
FOXO1,CCND1
CCND1,MYC
MYC,CCND1
CCND1,EGR1
EGR1,CCND1
CCND1,HDAC1
HDAC1,CCND1
CCND1,E2F4
E2F4,CCND1
CCND1,FOXM1
FOXM1,CCND1
CCND1,CTBP1
CTBP1,CCND1
CCND1,CKS1B
CCND1,JUN
JUN,CCND1
CCND1,FOSL1
FOSL1,CCND1
CCND1,MCM7
MCM7,CCND1
CCND1,CDKN3
CCND1,CCNB1
CCND1,BTG2
BTG2,CCND1
CCND1,ARID2
ARID2,CCND1
CCND1,E2F5
E2F5,CCND1
CCND1,TP53
TP53,CCND1
CCND1,TFDP1
TFDP1,CCND1
CCND1,SMARCD2
SMARCD2,CCND1
CCND1,CDKN1A
CDKN1A,CCND1
CCND1,HNF4A
HNF4A,CCND1
CCND1,SMARCC1
SMARCC1,CCND1
CCND1,GLI2
GLI2,CCND1
CCND1,EGF
EGF,CCND1
CCND1,POU5F1
POU5F1,CCND1
CCND1,CDK4
CCND1,PCNA
CCND1,E2F3
E2F3,CCND1
CCND1,SOX2
SOX2,CCND1
CCND1,CKS2
CCND1,FOXA1
FOXA1,CCND1
CCND1,DNMT3A
DNMT3A,CCND1
CCND1,CHEK2
CCND1,JAG1
JAG1,CCND1
CCND1,BRCA1
BRCA1,CCND1
CCND1,SMARCA4
SMARCA4,CCND1
CCND1,GLI1
GLI1,CCND1
CCND1,EZH2
EZH2,CCND1
CCND1,SMARCE1
SMARCE1,CCND1
CCND1,PRMT5
CCND1,RBPJ
RBPJ,CCND1
F2,APOC3
HNF4A,APOC3
FOXO1,APOC3
GLI1,HDAC2
HDAC2,GLI1
GLI1,RBBP4
RBBP4,GLI1
GLI1,MYC
MYC,GLI1
GLI1,HDAC1
HDAC1,GLI1
GLI1,FOXM1
FOXM1,GLI1
GLI1,GLI2
GLI2,GLI1
GLI1,FOXA2
FOXA2,GLI1
GLI1,RBBP7
RBBP7,GLI1
MCM6,RAD51AP1
PTTG1,RAD51AP1
BRCA2,RAD51AP1
BRIP1,RAD51AP1
BRCA1,RAD51AP1
RFC1,RAD51AP1
MCM2,RAD51AP1
KNTC1,RAD51AP1
RAD51,RAD51AP1
FOXM1,RAD51AP1
NANOG,AFP
NANOG,ZIC3
ZIC3,NANOG
NANOG,SMAD2
SMAD2,NANOG
NANOG,PBX1
PBX1,NANOG
NANOG,EPAS1
EPAS1,NANOG
NANOG,THY1
NANOG,PAX6
PAX6,NANOG
NANOG,DPPA4
NANOG,OTX2
OTX2,NANOG
NANOG,TBX3
TBX3,NANOG
NANOG,DNMT3B
DNMT3B,NANOG
NANOG,NR5A2
NR5A2,NANOG
NANOG,POLR2B
POLR2B,NANOG
NANOG,GATA4
GATA4,NANOG
NANOG,MYC
MYC,NANOG
NANOG,JARID2
JARID2,NANOG
NANOG,POLR2G
POLR2G,NANOG
NANOG,ZFP42
ZFP42,NANOG
NANOG,TP53
TP53,NANOG
NANOG,GATA6
GATA6,NANOG
NANOG,POLR2L
POLR2L,NANOG
NANOG,POLR2D
POLR2D,NANOG
NANOG,POU5F1
POU5F1,NANOG
NANOG,LIN28A
LIN28A,NANOG
NANOG,DROSHA
NANOG,TDGF1
NANOG,KLF5
KLF5,NANOG
NANOG,SOX2
SOX2,NANOG
NANOG,TCF4
TCF4,NANOG
NANOG,ALDH1A1
NANOG,EOMES
EOMES,NANOG
NANOG,POLR2F
POLR2F,NANOG
NANOG,DNMT1
DNMT1,NANOG
NANOG,POLR2K
POLR2K,NANOG
NANOG,PRDM14
PRDM14,NANOG
NANOG,FOXA2
FOXA2,NANOG
MCM7,GMNN
MCM6,GMNN
PTTG1,GMNN
CDKN1A,GMNN
MCM2,GMNN
SOX2,GMNN
ORC2,GMNN
MCM8,GMNN
MCM3,GMNN
MCM4,GMNN
CDX2,MEP1A
NR3C1,NRIP1
NRIP1,NR3C1
NR3C1,BDP1
BDP1,NR3C1
NR3C1,SMAD3
SMAD3,NR3C1
NR3C1,HDAC2
HDAC2,NR3C1
NR3C1,IRF1
IRF1,NR3C1
NR3C1,EPAS1
EPAS1,NR3C1
NR3C1,MEF2C
MEF2C,NR3C1
NR3C1,NCOA1
NCOA1,NR3C1
NR3C1,IRF3
IRF3,NR3C1
NR3C1,FOXO1
FOXO1,NR3C1
NR3C1,JUN
JUN,NR3C1
NR3C1,SGK1
NR3C1,TP53
TP53,NR3C1
NR3C1,GTF3C5
GTF3C5,NR3C1
NR3C1,CREB1
CREB1,NR3C1
NR3C1,SMARCC1
SMARCC1,NR3C1
NR3C1,GTF3C4
GTF3C4,NR3C1
NR3C1,SMARCA4
SMARCA4,NR3C1
NR3C1,SMARCE1
SMARCE1,NR3C1
NR3C1,GTF2E1
GTF2E1,NR3C1
MCM6,MSH2
PMS1,MSH2
XRCC5,MSH2
RAD51,MSH2
JUN,MSH2
MCM7,MSH2
XRCC6,MSH2
TP53,MSH2
BRCA2,MSH2
TIMELESS,MSH2
MCM2,MSH2
E2F3,MSH2
BRCA1,MSH2
ERCC8,MSH2
RFC1,MSH2
MCM3,MSH2
MCM4,MSH2
F2,TFPI
EGFR,APOB
DAB2,APOB
BIN1,APOB
F2,APOB
EGF,APOB
ID2,TCF3
TCF3,ID2
ID2,TCF4
TCF4,ID2
ID2,ZBTB16
ZBTB16,ID2
ID2,E2F4
E2F4,ID2
CEBPZ,POLR1B
POLR1B,CEBPZ
CEBPZ,PA2G4
PA2G4,CEBPZ
CEBPZ,WDR12
CEBPZ,DCAF13
CEBPZ,IMP4
CEBPZ,PDCD11
PDCD11,CEBPZ
CEBPZ,EBNA1BP2
CEBPZ,AATF
AATF,CEBPZ
CEBPZ,DDX54
DDX54,CEBPZ
CEBPZ,NIP7
CEBPZ,TEX10
CEBPZ,DKC1
CEBPZ,WDR74
CEBPZ,WDR43
CEBPZ,PWP1
PWP1,CEBPZ
CEBPZ,NOL10
CEBPZ,SDAD1
CEBPZ,BRIX1
CEBPZ,MYBBP1A
MYBBP1A,CEBPZ
CEBPZ,NVL
ORC2,MCM7
MCM7,ORC2
ORC2,CDK1
ORC2,ORC4
ORC2,CCNB1
ORC2,MCM6
MCM6,ORC2
ORC2,WDHD1
ORC2,MCM2
MCM2,ORC2
ORC2,PCNA
ORC2,HAT1
ORC2,MCM8
MCM8,ORC2
ORC2,RRM1
ORC2,CHEK1
ORC2,RFC4
ORC2,PRIM1
ORC2,MCM3
MCM3,ORC2
ORC2,MCM4
MCM4,ORC2
ENO1,AKR1B1
ENO1,DERA
JUN,APOA1
NRIP1,APOA1
F2,APOA1
NR1H3,APOA1
PPARA,APOA1
NCOA1,APOA1
NCOA6,APOA1
PA2G4,TTR
CREG1,TTR
TBPL1,TAF5
TAF5,TBPL1
TBPL1,BDP1
BDP1,TBPL1
TBPL1,TP53
TP53,TBPL1
TBPL1,DRAP1
DRAP1,TBPL1
TBPL1,TAF9B
TAF9B,TBPL1
TBPL1,TAF6
TAF6,TBPL1
TBPL1,TAF11
TAF11,TBPL1
TBPL1,GTF2H3
GTF2H3,TBPL1
ELL2,ASUN
ELL2,POLR2G
POLR2G,ELL2
ELL2,POU2F1
POU2F1,ELL2
ELL2,AFF4
AFF4,ELL2
ELL2,TAF5
TAF5,ELL2
ELL2,POLR2L
POLR2L,ELL2
ELL2,POLR2D
POLR2D,ELL2
ELL2,TAF6
TAF6,ELL2
ELL2,ZNF143
ZNF143,ELL2
ELL2,GTF2F2
GTF2F2,ELL2
ELL2,ICE2
ELL2,POLR2F
POLR2F,ELL2
ELL2,TAF11
TAF11,ELL2
ELL2,POLR2K
POLR2K,ELL2
ELL2,POLR2B
POLR2B,ELL2
ELL2,GTF2E1
GTF2E1,ELL2
YBX1,CPSF3
HNRNPR,CPSF3
RNPS1,CPSF3
HNRNPK,CPSF3
ELAVL2,CPSF3
SNRPB,CPSF3
WBP11,CPSF3
PLRG1,CPSF3
POLR2B,CPSF3
HNRNPUL1,CPSF3
RBMX,CPSF3
SRSF6,CPSF3
SRSF1,CPSF3
POLR2G,CPSF3
SRSF3,CPSF3
HNRNPD,CPSF3
POLR2L,CPSF3
POLR2D,CPSF3
GTF2F2,CPSF3
SRSF2,CPSF3
POLR2F,CPSF3
POLR2K,CPSF3
SRRM1,CPSF3
SNRPD1,CPSF3
ELF1,TFDP1
TFDP1,ELF1
ELF1,E2F3
E2F3,ELF1
EGR1,JUND
JUND,EGR1
EGR1,STAT2
STAT2,EGR1
EGR1,GATAD2B
GATAD2B,EGR1
EGR1,IRF9
IRF9,EGR1
EGR1,EGFR
EGFR,EGR1
EGR1,EED
EED,EGR1
EGR1,ATF3
ATF3,EGR1
EGR1,HDAC2
HDAC2,EGR1
EGR1,BST2
EGR1,IRF1
IRF1,EGR1
EGR1,NFATC2
NFATC2,EGR1
EGR1,PITX1
PITX1,EGR1
EGR1,RBBP4
RBBP4,EGR1
EGR1,IRF3
IRF3,EGR1
EGR1,REST
REST,EGR1
EGR1,IFITM2
EGR1,IFITM3
EGR1,HDAC1
HDAC1,EGR1
EGR1,JUN
JUN,EGR1
EGR1,BTG2
BTG2,EGR1
EGR1,TP53
TP53,EGR1
EGR1,CREB1
CREB1,EGR1
EGR1,FOSL2
FOSL2,EGR1
EGR1,IFITM1
EGR1,ISG15
EGR1,EGF
EGF,EGR1
EGR1,FOSB
FOSB,EGR1
EGR1,RNF2
RNF2,EGR1
EGR1,EZH2
EZH2,EGR1
EGR1,RBBP7
RBBP7,EGR1
NFYB,MYC
MYC,NFYB
NFYB,HDAC1
HDAC1,NFYB
NFYB,BPTF
BPTF,NFYB
NFYB,TP53
TP53,NFYB
NFYB,DDIT3
DDIT3,NFYB
TARDBP,SRSF3
SRSF3,TARDBP
TARDBP,SSB
SSB,TARDBP
TARDBP,HNRNPR
HNRNPR,TARDBP
TARDBP,HNRNPK
HNRNPK,TARDBP
TARDBP,C9orf72
TARDBP,MATR3
MATR3,TARDBP
TARDBP,ILF2
ILF2,TARDBP
TARDBP,U2AF1
U2AF1,TARDBP
TARDBP,ILF3
ILF3,TARDBP
TARDBP,EWSR1
EWSR1,TARDBP
TARDBP,RBMX
RBMX,TARDBP
TARDBP,SRSF1
SRSF1,TARDBP
TARDBP,KHDRBS1
KHDRBS1,TARDBP
AHR,NRIP1
NRIP1,AHR
AHR,MAF
MAF,AHR
AHR,NR1I3
NR1I3,AHR
RNPS1,DDX39A
SNRPB,DDX39A
SRSF6,DDX39A
SRSF1,DDX39A
SRSF3,DDX39A
RUVBL1,DDX39A
SRSF2,DDX39A
SRRM1,DDX39A
SRSF6,YBX1
YBX1,SRSF6
SRSF6,HNRNPR
HNRNPR,SRSF6
SRSF6,NUP35
SRSF6,HNRNPH2
SRSF6,RNPS1
RNPS1,SRSF6
SRSF6,HNRNPK
HNRNPK,SRSF6
SRSF6,NUP93
SRSF6,ELAVL2
ELAVL2,SRSF6
SRSF6,NUP85
SRSF6,SNRPB
SNRPB,SRSF6
SRSF6,EFTUD2
SRSF6,WBP11
WBP11,SRSF6
SRSF6,PLRG1
PLRG1,SRSF6
SRSF6,POLR2B
POLR2B,SRSF6
SRSF6,HNRNPUL1
HNRNPUL1,SRSF6
SRSF6,RBMX
RBMX,SRSF6
SRSF6,SRSF1
SRSF1,SRSF6
SRSF6,NUP37
SRSF6,THOC1
SRSF6,POLR2G
POLR2G,SRSF6
SRSF6,SRSF3
SRSF3,SRSF6
SRSF6,SF3B3
SRSF6,NUP54
SRSF6,HNRNPD
HNRNPD,SRSF6
SRSF6,POLR2L
POLR2L,SRSF6
SRSF6,NUP88
SRSF6,PPIL1
SRSF6,POLR2D
POLR2D,SRSF6
SRSF6,GTF2F2
GTF2F2,SRSF6
SRSF6,SRSF10
SRSF10,SRSF6
SRSF6,SRSF2
SRSF2,SRSF6
SRSF6,POLR2F
POLR2F,SRSF6
SRSF6,POLR2K
POLR2K,SRSF6
SRSF6,SRRM1
SRRM1,SRSF6
SRSF6,SNRPD1
SNRPD1,SRSF6
SRSF6,KHDRBS1
KHDRBS1,SRSF6
SOX4,TP53
TP53,SOX4
SOX4,TCF7L1
TCF7L1,SOX4
IRF1,JUN
JUN,IRF1
IRF1,STAT2
STAT2,IRF1
IRF1,IRF9
IRF9,IRF1
IRF1,TP53
TP53,IRF1
IRF1,IFITM1
IRF1,ISG15
IRF1,BST2
IRF1,SMARCC1
SMARCC1,IRF1
IRF1,TRIM22
TRIM22,IRF1
IRF1,DKC1
IRF1,SP100
SP100,IRF1
IRF1,IRF3
IRF3,IRF1
IRF1,IFITM2
IRF1,TRIM25
TRIM25,IRF1
IRF1,SMARCA4
SMARCA4,IRF1
IRF1,IFITM3
IRF1,HDAC1
HDAC1,IRF1
IRF1,SMARCE1
SMARCE1,IRF1
IRF1,GTF2E1
GTF2E1,IRF1
CENPK,NUP85
SRSF3,NUP85
MCM6,NUP85
RNPS1,NUP85
KNTC1,NUP85
GEMIN2,NUP85
SNRPB,NUP85
SP100,NUP85
DDX20,NUP85
SRSF2,NUP85
ESPL1,NUP85
SRRM1,NUP85
NPM1,NUP85
SNRPD1,NUP85
SRSF1,NUP85
FOSB,JUND
JUND,FOSB
FOSB,MYC
MYC,FOSB
FOSB,HDAC1
HDAC1,FOSB
FOSB,JUN
JUN,FOSB
FOSB,FOSL1
FOSL1,FOSB
FOSB,ZFP36
ZFP36,FOSB
FOSB,FOSL2
FOSL2,FOSB
F2,GNRH2
PTTG1,DLGAP5
E2F8,DLGAP5
KNTC1,DLGAP5
RAD51,DLGAP5
NOTCH3,DLGAP5
ESPL1,DLGAP5
MCM4,DLGAP5
MIS18BP1,DLGAP5
FOXM1,DLGAP5
RBPJ,DLGAP5
YEATS4,DR1
DR1,YEATS4
YEATS4,TADA3
TADA3,YEATS4
YEATS4,WDR5
WDR5,YEATS4
YEATS4,JAZF1
JAZF1,YEATS4
YEATS4,ACTL6A
YEATS4,GTF2F2
GTF2F2,YEATS4
YEATS4,RUVBL1
RUVBL1,YEATS4
YEATS4,ING3
ING3,YEATS4
YEATS4,VPS72
YEATS4,MYC
MYC,YEATS4
YEATS4,RUVBL2
RUVBL2,YEATS4
SIRT2,HDAC2
HDAC2,SIRT2
SIRT2,RBBP4
RBBP4,SIRT2
SIRT2,FOXO1
FOXO1,SIRT2
SIRT2,HDAC1
HDAC1,SIRT2
SIRT2,TP53
TP53,SIRT2
SIRT2,RBBP7
RBBP7,SIRT2
PTTG1,FAM64A
FOXM1,FAM64A
ZNF232,ZSCAN21
ZSCAN21,ZNF232
FOXA1,NRIP1
NRIP1,FOXA1
FOXA1,POU2F1
POU2F1,FOXA1
FOXA1,NCOA1
NCOA1,FOXA1
FOXA1,GATA4
GATA4,FOXA1
FOXA1,MYC
MYC,FOXA1
FOXA1,HDAC1
HDAC1,FOXA1
FOXA1,TFF1
FOXA1,JUN
JUN,FOXA1
FOXA1,GATA6
GATA6,FOXA1
FOXA1,HNF4A
HNF4A,FOXA1
FOXA1,UBE2C
MCM6,NCAPG
PTTG1,NCAPG
RAD51,NCAPG
FOXM1,NCAPG
MCM7,NCAPG
CENPK,NCAPG
TIMELESS,NCAPG
MCM2,NCAPG
KNTC1,NCAPG
ESPL1,NCAPG
MCM3,NCAPG
MCM4,NCAPG
EZH2,NCAPG
MIS18BP1,NCAPG
UHRF1,NCAPG
STAT2,BST2
IRF9,BST2
IRF3,BST2
JUND,JUN
JUN,JUND
JUND,FOSL1
FOSL1,JUND
JUND,FOSL2
FOSL2,JUND
JUND,ATF3
ATF3,JUND
JUND,CDK4
JUND,MYC
MYC,JUND
JUND,DDIT3
DDIT3,JUND
GATA5,GATA4
GATA4,GATA5
GATA5,GATA6
GATA6,GATA5
TRIM28,ZNF675
ZNF675,TRIM28
TRIM28,ZNF567
ZNF567,TRIM28
TRIM28,ZNF398
ZNF398,TRIM28
TRIM28,ZNF770
TRIM28,CBX3
CBX3,TRIM28
TRIM28,ZNF208
ZNF208,TRIM28
TRIM28,ZNF670
ZNF670,TRIM28
TRIM28,HDAC1
HDAC1,TRIM28
TRIM28,ZNF589
ZNF589,TRIM28
TRIM28,TP53
TP53,TRIM28
TRIM28,ZNF227
ZNF227,TRIM28
TRIM28,TFDP1
TFDP1,TRIM28
TRIM28,POU5F1
POU5F1,TRIM28
TRIM28,ZNF101
ZNF101,TRIM28
TRIM28,ZNF202
ZNF202,TRIM28
TRIM28,ZNF561
TRIM28,ZNF354A
ZNF354A,TRIM28
TRIM28,ZWINT
TRIM28,ZNF160
ZNF160,TRIM28
TRIM28,CHAF1A
CHAF1A,TRIM28
TRIM28,ZNF74
ZNF74,TRIM28
TRIM28,ZNF300
ZNF300,TRIM28
TRIM28,ZNF33A
ZNF33A,TRIM28
TRIM28,ZNF287
ZNF287,TRIM28
RBM39,TCERG1
TCERG1,RBM39
RBM39,SRSF1
SRSF1,RBM39
THAP1,THAP11
THAP11,THAP1
THAP1,PAWR
PAWR,THAP1
THAP1,HCFC1
HCFC1,THAP1
EGFR,LGALS3
SMARCC1,ACTL6A
SMARCC1,TOP2B
TOP2B,SMARCC1
SMARCC1,IRF3
IRF3,SMARCC1
SMARCC1,DPF2
DPF2,SMARCC1
SMARCC1,HDAC1
HDAC1,SMARCC1
SMARCC1,JUN
JUN,SMARCC1
SMARCC1,ARID2
ARID2,SMARCC1
SMARCC1,BPTF
BPTF,SMARCC1
SMARCC1,SMARCD2
SMARCD2,SMARCC1
SMARCC1,SMARCA5
SMARCA5,SMARCC1
SMARCC1,CDK4
SMARCC1,DNMT3A
DNMT3A,SMARCC1
SMARCC1,CHAF1A
CHAF1A,SMARCC1
SMARCC1,SMARCA4
SMARCA4,SMARCC1
SMARCC1,SMARCE1
SMARCE1,SMARCC1
SMARCC1,PRMT5
SMARCC1,RBBP7
RBBP7,SMARCC1
SMARCC1,GTF2E1
GTF2E1,SMARCC1
POLR1B,NIP7
PA2G4,NIP7
ABT1,NIP7
ZNRD1,NIP7
PDCD11,NIP7
AATF,NIP7
POLR1E,NIP7
DDX54,NIP7
POLR2F,NIP7
POLR1C,NIP7
PWP1,NIP7
POLR1D,NIP7
JAG1,EGFR
EGFR,JAG1
JAG1,MYC
MYC,JAG1
JAG1,EGF
EGF,JAG1
JAG1,NOTCH3
NOTCH3,JAG1
JAG1,RBPJ
RBPJ,JAG1
BTG1,CNOT7
CNOT7,BTG1
BTG1,CHAF1A
CHAF1A,BTG1
MCM6,CCNB1
PTTG1,CCNB1
EGFR,CCNB1
E2F7,CCNB1
RAD51,CCNB1
RBBP4,CCNB1
FOXO1,CCNB1
MYC,CCNB1
FOXM1,CCNB1
MCM7,CCNB1
CENPK,CCNB1
XRCC6,CCNB1
TP53,CCNB1
TFDP1,CCNB1
CDKN1A,CCNB1
MCM2,CCNB1
KNTC1,CCNB1
MCM8,CCNB1
BRCA1,CCNB1
ESPL1,CCNB1
MCM3,CCNB1
MCM4,CCNB1
MIS18BP1,CCNB1
UHRF1,CCNB1
DDB2,WDR5
WDR5,DDB2
DDB2,PIAS3
PIAS3,DDB2
DDB2,TP53
TP53,DDB2
DDB2,DCAF13
DDB2,COPS5
COPS5,DDB2
DDB2,GTF2H2
GTF2H2,DDB2
DDB2,PARP1
PARP1,DDB2
DDB2,ACTL6A
DDB2,COMMD3
DDB2,PCNA
DDB2,RUVBL1
RUVBL1,DDB2
DDB2,GTF2H3
GTF2H3,DDB2
DDB2,RFC4
DDB2,ERCC8
ERCC8,DDB2
DDB2,RFC1
RFC1,DDB2
DDB2,COPS2
COPS2,DDB2
DDB2,COMMD10
DDB2,RBBP7
RBBP7,DDB2
EGFR,PDGFRA
TP53,PDGFRA
EGF,PDGFRA
PDGFA,PDGFRA
TBX3,GATA6
GATA6,TBX3
TBX3,POU5F1
POU5F1,TBX3
TBX3,SOX2
SOX2,TBX3
E2F7,CDK4
E2F8,CDK4
SMAD3,CDK4
H1F0,CDK4
RAD51,CDK4
FOXO1,CDK4
MYC,CDK4
HDAC1,CDK4
E2F4,CDK4
FOXM1,CDK4
JUN,CDK4
ARID2,CDK4
E2F5,CDK4
TP53,CDK4
BRCA2,CDK4
TFDP1,CDK4
SMARCD2,CDK4
CDKN1A,CDK4
MCM2,CDK4
E2F3,CDK4
DNMT3A,CDK4
BRCA1,CDK4
SMARCA4,CDK4
SMARCE1,CDK4
ESPL1,NUP37
ESPL1,ZWILCH
ESPL1,TPX2
ESPL1,MCM7
MCM7,ESPL1
ESPL1,CDK1
ESPL1,CENPK
CENPK,ESPL1
ESPL1,MELK
ESPL1,MCM6
MCM6,ESPL1
ESPL1,CDCA3
ESPL1,AURKB
ESPL1,TOP2A
ESPL1,PTTG1
PTTG1,ESPL1
ESPL1,RRM2
ESPL1,CENPN
ESPL1,CENPF
ESPL1,E2F8
E2F8,ESPL1
ESPL1,TIMELESS
TIMELESS,ESPL1
ESPL1,MAD2L1
ESPL1,WDHD1
ESPL1,KIF23
ESPL1,KNTC1
KNTC1,ESPL1
ESPL1,TOP2B
TOP2B,ESPL1
ESPL1,ANAPC4
ESPL1,UBE2C
ESPL1,PLK1
ESPL1,BUB1
ESPL1,ANAPC7
ESPL1,SMC4
ESPL1,DSN1
ESPL1,SGOL1
ESPL1,ZWINT
ESPL1,CDC20
ESPL1,NUSAP1
ESPL1,MCM8
MCM8,ESPL1
ESPL1,NUF2
ESPL1,CENPE
ESPL1,NEK2
ESPL1,BIRC5
ESPL1,PRC1
ESPL1,CHEK1
ESPL1,ITGB3BP
ESPL1,CCNB2
ESPL1,MCM3
MCM3,ESPL1
ESPL1,MCM4
MCM4,ESPL1
ESPL1,CENPU
ESPL1,BUB1B
ESPL1,FOXM1
FOXM1,ESPL1
MED4,MED30
MED30,MED4
MED4,MED20
MED20,MED4
MED4,MED14
MED14,MED4
MED4,NCOA1
NCOA1,MED4
MED4,MED21
MED21,MED4
MED4,CEBPA
CEBPA,MED4
MED4,CEBPD
CEBPD,MED4
MED4,THRAP3
THRAP3,MED4
SRSF1,U2AF1
U2AF1,SRSF1
SRSF1,YBX1
YBX1,SRSF1
SRSF1,SSB
SSB,SRSF1
SRSF1,HNRNPR
HNRNPR,SRSF1
SRSF1,NUP35
SRSF1,NONO
NONO,SRSF1
SRSF1,HNRNPH2
SRSF1,RNPS1
RNPS1,SRSF1
SRSF1,HNRNPK
HNRNPK,SRSF1
SRSF1,PSIP1
PSIP1,SRSF1
SRSF1,NUP93
SRSF1,ELAVL2
ELAVL2,SRSF1
SRSF1,SNRPB
SNRPB,SRSF1
SRSF1,HNRNPAB
HNRNPAB,SRSF1
SRSF1,EFTUD2
SRSF1,WBP11
WBP11,SRSF1
SRSF1,PLRG1
PLRG1,SRSF1
SRSF1,ILF3
ILF3,SRSF1
SRSF1,POLR2B
POLR2B,SRSF1
SRSF1,HNRNPUL1
HNRNPUL1,SRSF1
SRSF1,RBMX
RBMX,SRSF1
SRSF1,NUP37
SRSF1,THOC1
SRSF1,TCERG1
TCERG1,SRSF1
SRSF1,POLR2G
POLR2G,SRSF1
SRSF1,SRSF3
SRSF3,SRSF1
SRSF1,SF3B3
SRSF1,NUP54
SRSF1,HNRNPD
HNRNPD,SRSF1
SRSF1,POLR2L
POLR2L,SRSF1
SRSF1,NUP88
SRSF1,PPIL1
SRSF1,POLR2D
POLR2D,SRSF1
SRSF1,MATR3
MATR3,SRSF1
SRSF1,ILF2
ILF2,SRSF1
SRSF1,GTF2F2
GTF2F2,SRSF1
SRSF1,SRSF10
SRSF10,SRSF1
SRSF1,SRSF2
SRSF2,SRSF1
SRSF1,POLR2F
POLR2F,SRSF1
SRSF1,POLR2K
POLR2K,SRSF1
SRSF1,SRRM1
SRRM1,SRSF1
SRSF1,SNRPD1
SNRPD1,SRSF1
SRSF1,KHDRBS1
KHDRBS1,SRSF1
BRIP1,TP53
TP53,BRIP1
BRIP1,BRCA2
BRCA2,BRIP1
BRIP1,TIMELESS
TIMELESS,BRIP1
BRIP1,FANCD2
BRIP1,RAD51
RAD51,BRIP1
BRIP1,RAD51C
BRIP1,FANCB
BRIP1,PCNA
BRIP1,MMS19
MMS19,BRIP1
BRIP1,TIPIN
BRIP1,CHEK1
BRIP1,RFC4
BRIP1,BRCA1
BRCA1,BRIP1
BRIP1,RFC1
RFC1,BRIP1
BRIP1,FANCI
BRIP1,BLM
KAT7,ING5
ING5,KAT7
KAT7,SMARCA5
SMARCA5,KAT7
KAT7,MCM2
MCM2,KAT7
KAT7,PLK1
KAT7,ING3
ING3,KAT7
POLR1B,IMP4
ABT1,IMP4
ZNRD1,IMP4
PDCD11,IMP4
AATF,IMP4
POLR1E,IMP4
DDX54,IMP4
POLR1C,IMP4
PWP1,IMP4
POLR1D,IMP4
MYBBP1A,IMP4
POU5F1,AFP
POU5F1,ZIC3
ZIC3,POU5F1
POU5F1,SMAD2
SMAD2,POU5F1
POU5F1,PBX1
PBX1,POU5F1
POU5F1,EPAS1
EPAS1,POU5F1
POU5F1,NR2F2
NR2F2,POU5F1
POU5F1,THY1
POU5F1,PAX6
PAX6,POU5F1
POU5F1,DPPA4
POU5F1,OTX2
OTX2,POU5F1
POU5F1,DNMT3B
DNMT3B,POU5F1
POU5F1,NR5A2
NR5A2,POU5F1
POU5F1,GATA4
GATA4,POU5F1
POU5F1,MYC
MYC,POU5F1
POU5F1,EWSR1
EWSR1,POU5F1
POU5F1,MYCN
MYCN,POU5F1
POU5F1,ZFP42
ZFP42,POU5F1
POU5F1,WDR5
WDR5,POU5F1
POU5F1,TP53
TP53,POU5F1
POU5F1,GATA6
GATA6,POU5F1
POU5F1,LIN28A
LIN28A,POU5F1
POU5F1,TDGF1
POU5F1,EHMT2
EHMT2,POU5F1
POU5F1,SOX2
SOX2,POU5F1
POU5F1,TCF4
TCF4,POU5F1
POU5F1,ALDH1A1
POU5F1,CDX2
CDX2,POU5F1
POU5F1,DNMT1
DNMT1,POU5F1
POU5F1,SMARCA4
SMARCA4,POU5F1
POU5F1,EZH2
EZH2,POU5F1
POU5F1,PRDM14
PRDM14,POU5F1
POU5F1,FOXA2
FOXA2,POU5F1
MCM6,KIF23
PTTG1,KIF23
RAD51,KIF23
FOXM1,KIF23
MCM7,KIF23
MCM2,KIF23
KNTC1,KIF23
BRCA1,KIF23
MCM3,KIF23
MCM4,KIF23
POLR3D,WDR12
POLR1B,WDR12
PA2G4,WDR12
ABT1,WDR12
ZNRD1,WDR12
PDCD11,WDR12
AATF,WDR12
POLR1E,WDR12
DDX54,WDR12
POLR1C,WDR12
PWP1,WDR12
POLR1D,WDR12
MYBBP1A,WDR12
WBP11,YBX1
YBX1,WBP11
WBP11,POLR2G
POLR2G,WBP11
WBP11,SRSF3
SRSF3,WBP11
WBP11,SF3B3
WBP11,HNRNPR
HNRNPR,WBP11
WBP11,HNRNPH2
WBP11,RNPS1
RNPS1,WBP11
WBP11,HNRNPK
HNRNPK,WBP11
WBP11,HNRNPD
HNRNPD,WBP11
WBP11,POLR2L
POLR2L,WBP11
WBP11,PPIL1
WBP11,POLR2D
POLR2D,WBP11
WBP11,GTF2F2
GTF2F2,WBP11
WBP11,ELAVL2
ELAVL2,WBP11
WBP11,SNRPB
SNRPB,WBP11
WBP11,EFTUD2
WBP11,PLRG1
PLRG1,WBP11
WBP11,SRSF2
SRSF2,WBP11
WBP11,POLR2F
POLR2F,WBP11
WBP11,POLR2K
POLR2K,WBP11
WBP11,POLR2B
POLR2B,WBP11
WBP11,HNRNPUL1
HNRNPUL1,WBP11
WBP11,SRRM1
SRRM1,WBP11
WBP11,SNRPD1
SNRPD1,WBP11
WBP11,RBMX
RBMX,WBP11
WBP11,KHDRBS1
KHDRBS1,WBP11
POLR2G,ASUN
POU2F1,ASUN
POLR2F,ASUN
TAF11,ASUN
POLR2K,ASUN
TAF5,ASUN
POLR2L,ASUN
POLR2D,ASUN
POLR2B,ASUN
TAF6,ASUN
ZNF143,ASUN
GTF2F2,ASUN
GTF2E1,ASUN
POLR2G,ICE2
POU2F1,ICE2
POLR2F,ICE2
TAF11,ICE2
POLR2K,ICE2
TAF5,ICE2
POLR2L,ICE2
POLR2D,ICE2
POLR2B,ICE2
TAF6,ICE2
ZNF143,ICE2
NAA15,ICE2
GTF2F2,ICE2
GTF2E1,ICE2
TCEB1,RNF138
RNF4,RNF138
TCEB2,RNF138
ZBTB16,RNF138
RNF19A,RNF138
SRSF3,THOC1
RNPS1,THOC1
SRSF2,THOC1
SRRM1,THOC1
MCM7,TIPIN
MCM6,TIPIN
TIMELESS,TIPIN
MCM2,TIPIN
RAD51,TIPIN
BRCA1,TIPIN
MCM3,TIPIN
MCM4,TIPIN
MCM4,CDK1
MCM4,ORC4
MCM4,MCM6
MCM6,MCM4
MCM4,TOP2A
MCM4,PTTG1
PTTG1,MCM4
MCM4,KIAA0101
MCM4,WDHD1
MCM4,RAD51
RAD51,MCM4
MCM4,CDC20
MCM4,NUSAP1
MCM4,PRC1
MCM4,CHEK1
MCM4,RFC4
MCM4,CCNB2
MCM4,FANCI
MCM4,BUB1B
MCM4,HMMR
MCM4,SSRP1
SSRP1,MCM4
MCM4,TPX2
MCM4,MCM7
MCM7,MCM4
MCM4,CDKN3
MCM4,MELK
MCM4,AURKB
MCM4,DUT
MCM4,RRM2
MCM4,TIMELESS
TIMELESS,MCM4
MCM4,MAD2L1
MCM4,FEN1
MCM4,MCM2
MCM2,MCM4
MCM4,UBE2C
MCM4,PLK1
MCM4,BUB1
MCM4,PCNA
MCM4,SMC4
MCM4,HAT1
MCM4,ZWINT
MCM4,MCM8
MCM8,MCM4
MCM4,CHEK2
MCM4,CHAF1A
CHAF1A,MCM4
MCM4,BIRC5
MCM4,RRM1
MCM4,PRIM1
MCM4,RFC1
RFC1,MCM4
MCM4,MCM3
MCM3,MCM4
MCM4,HELLS
MCM4,UHRF1
UHRF1,MCM4
SMAD2,FOXH1
FOXH1,SMAD2
SMAD2,SMAD3
SMAD3,SMAD2
SMAD2,HDAC2
HDAC2,SMAD2
SMAD2,NODAL
SMAD2,PBX1
PBX1,SMAD2
SMAD2,TGIF2
TGIF2,SMAD2
SMAD2,EPAS1
EPAS1,SMAD2
SMAD2,RBBP4
RBBP4,SMAD2
SMAD2,TGIF1
TGIF1,SMAD2
SMAD2,FOXO1
FOXO1,SMAD2
SMAD2,MYC
MYC,SMAD2
SMAD2,HDAC1
HDAC1,SMAD2
SMAD2,CTDSPL
CTDSPL,SMAD2
SMAD2,BMPR1A
BMPR1A,SMAD2
SMAD2,E2F4
E2F4,SMAD2
SMAD2,CTBP1
CTBP1,SMAD2
SMAD2,JUN
JUN,SMAD2
SMAD2,DAB2
DAB2,SMAD2
SMAD2,PIAS3
PIAS3,SMAD2
SMAD2,E2F5
E2F5,SMAD2
SMAD2,TP53
TP53,SMAD2
SMAD2,DRAP1
DRAP1,SMAD2
SMAD2,TFDP1
TFDP1,SMAD2
SMAD2,PARP1
PARP1,SMAD2
SMAD2,LEFTY2
SMAD2,LIN28A
LIN28A,SMAD2
SMAD2,TDGF1
SMAD2,BMP2
BMP2,SMAD2
SMAD2,HMGA2
HMGA2,SMAD2
SMAD2,SOX2
SOX2,SMAD2
SMAD2,SKIL
SKIL,SMAD2
SMAD2,KPNA2
SMAD2,EOMES
EOMES,SMAD2
SMAD2,GTF2I
GTF2I,SMAD2
SMAD2,SMAD5
SMAD5,SMAD2
SMAD2,NCOA6
NCOA6,SMAD2
SMAD2,PRDM14
PRDM14,SMAD2
SMAD2,RBBP7
RBBP7,SMAD2
POLR3D,PIH1D1
POLR2L,PIH1D1
POLR2D,PIH1D1
RUVBL1,PIH1D1
POLR2B,PIH1D1
POLR3E,PIH1D1
RUVBL2,PIH1D1
TCEB2,SSRP1
SSRP1,TCEB2
TCEB2,RNF4
RNF4,TCEB2
TCEB2,POLR2G
POLR2G,TCEB2
TCEB2,HIF3A
HIF3A,TCEB2
TCEB2,AFF4
AFF4,TCEB2
TCEB2,COPS5
COPS5,TCEB2
TCEB2,POLR2L
POLR2L,TCEB2
TCEB2,POLR2D
POLR2D,TCEB2
TCEB2,GTF2H2
GTF2H2,TCEB2
TCEB2,FANCD2
TCEB2,COMMD3
TCEB2,EPAS1
EPAS1,TCEB2
TCEB2,ANAPC4
TCEB2,UBE2C
TCEB2,RNF19A
RNF19A,TCEB2
TCEB2,ANAPC7
TCEB2,GTF2F2
GTF2F2,TCEB2
TCEB2,TCEB1
TCEB1,TCEB2
TCEB2,TCEB3
TCEB3,TCEB2
TCEB2,CDC20
TCEB2,LMO7
TCEB2,POLR2F
POLR2F,TCEB2
TCEB2,ZBTB16
ZBTB16,TCEB2
TCEB2,POLR2K
POLR2K,TCEB2
TCEB2,CHEK1
TCEB2,GTF2H3
GTF2H3,TCEB2
TCEB2,BRCA1
BRCA1,TCEB2
TCEB2,POLR2B
POLR2B,TCEB2
TCEB2,COPS2
COPS2,TCEB2
TCEB2,FANCI
TCEB2,LRR1
TCEB2,COMMD10
TCEB2,TCEA1
TCEA1,TCEB2
E2F3,EED
EED,E2F3
E2F3,MEF2C
MEF2C,E2F3
E2F3,RBBP4
RBBP4,E2F3
E2F3,HDAC1
HDAC1,E2F3
E2F3,TFDP1
TFDP1,E2F3
E2F3,CDKN1A
CDKN1A,E2F3
E2F3,TFE3
TFE3,E2F3
E2F3,AATF
AATF,E2F3
E2F3,TFDP2
TFDP2,E2F3
E2F3,DNMT1
DNMT1,E2F3
E2F3,EZH2
EZH2,E2F3
E2F3,RBBP7
RBBP7,E2F3
E2F3,RBPJ
RBPJ,E2F3
TCF3,SMAD3
SMAD3,TCF3
TCF3,PBX1
PBX1,TCF3
TCF3,MEF2C
MEF2C,TCF3
TCF3,ID3
ID3,TCF3
TCF3,LDB2
LDB2,TCF3
TCF3,TCF4
TCF4,TCF3
TCF3,RUNX1T1
RUNX1T1,TCF3
EED,JUN
JUN,EED
EED,RARG
RARG,EED
EED,POLR2G
POLR2G,EED
EED,GATAD2B
GATAD2B,EED
EED,WDR5
WDR5,EED
EED,HIST1H1B
HIST1H1B,EED
EED,TP53
TP53,EED
EED,TFDP1
TFDP1,EED
EED,POLR2L
POLR2L,EED
EED,ASXL1
ASXL1,EED
EED,POLR2D
POLR2D,EED
EED,HDAC2
HDAC2,EED
EED,PBX1
PBX1,EED
EED,PCGF6
PCGF6,EED
EED,PAX6
PAX6,EED
EED,RBBP4
RBBP4,EED
EED,DNMT3A
DNMT3A,EED
EED,AEBP2
AEBP2,EED
EED,RNF2
RNF2,EED
EED,MTF2
MTF2,EED
EED,POLR2F
POLR2F,EED
EED,REST
REST,EED
EED,DNMT1
DNMT1,EED
EED,POLR2K
POLR2K,EED
EED,EHMT1
EHMT1,EED
EED,DNMT3B
DNMT3B,EED
EED,POLR2B
POLR2B,EED
EED,NCOA6
NCOA6,EED
EED,HDAC1
HDAC1,EED
EED,EZH2
EZH2,EED
EED,JARID2
JARID2,EED
EED,RBBP7
RBBP7,EED
NOTCH3,YBX1
YBX1,NOTCH3
NOTCH3,EGFR
EGFR,NOTCH3
NOTCH3,PBX1
PBX1,NOTCH3
NOTCH3,MYC
MYC,NOTCH3
NOTCH3,TP53
TP53,NOTCH3
NOTCH3,EGF
EGF,NOTCH3
NOTCH3,RBPJ
RBPJ,NOTCH3
TAF1B,EHMT2
EHMT2,TAF1B
TAF1B,POLR2L
POLR2L,TAF1B
TAF1B,TAF1A
TAF1A,TAF1B
TAF1B,POLR1B
POLR1B,TAF1B
TAF1B,HDAC2
HDAC2,TAF1B
TAF1B,POLR1C
POLR1C,TAF1B
TAF1B,RBBP4
RBBP4,TAF1B
TAF1B,GATAD2B
GATAD2B,TAF1B
TAF1B,GTF2H2
GTF2H2,TAF1B
TAF1B,PTRF
PTRF,TAF1B
TAF1B,HDAC1
HDAC1,TAF1B
TAF1B,SMARCA5
SMARCA5,TAF1B
TAF1B,POLR1E
POLR1E,TAF1B
TAF1B,ZNRD1
ZNRD1,TAF1B
TAF1B,DEK
DEK,TAF1B
TAF1B,POLR2F
POLR2F,TAF1B
TAF1B,POLR2K
POLR2K,TAF1B
TAF1B,POLR1D
POLR1D,TAF1B
TAF1B,RBBP7
RBBP7,TAF1B
TAF1B,GTF2H3
GTF2H3,TAF1B
TAF1B,MYBBP1A
MYBBP1A,TAF1B
EPAS1,HIF3A
HIF3A,EPAS1
EPAS1,PBX1
PBX1,EPAS1
EPAS1,COMMD3
EPAS1,TCEB1
TCEB1,EPAS1
EPAS1,HIF1AN
HIF1AN,EPAS1
EPAS1,POLR2B
POLR2B,EPAS1
EPAS1,COMMD10
EPAS1,EIF5B
EIF5B,EPAS1
EPAS1,POLR2G
POLR2G,EPAS1
EPAS1,POLR2L
POLR2L,EPAS1
EPAS1,POLR2D
POLR2D,EPAS1
EPAS1,LIN28A
LIN28A,EPAS1
EPAS1,SOX2
SOX2,EPAS1
EPAS1,POLR2F
POLR2F,EPAS1
EPAS1,POLR2K
POLR2K,EPAS1
EPAS1,PRDM14
PRDM14,EPAS1
CENPK,SGOL1
PTTG1,SGOL1
KNTC1,SGOL1
RBBP4,HAT1
MCM7,HAT1
DEK,HAT1
SMARCA5,HAT1
MCM2,HAT1
MCM3,HAT1
RBBP7,HAT1
MCM6,CDK1
MCM6,ORC4
MCM6,TOP2A
MCM6,PTTG1
PTTG1,MCM6
MCM6,WDHD1
MCM6,RAD51
RAD51,MCM6
MCM6,CDC20
MCM6,PRC1
MCM6,CHEK1
MCM6,RFC4
MCM6,CCNB2
MCM6,BUB1B
MCM6,SSRP1
SSRP1,MCM6
MCM6,TPX2
MCM6,MCM7
MCM7,MCM6
MCM6,MELK
MCM6,AURKB
MCM6,DUT
MCM6,RRM2
MCM6,TIMELESS
TIMELESS,MCM6
MCM6,MAD2L1
MCM6,FEN1
MCM6,SMARCA5
SMARCA5,MCM6
MCM6,MCM2
MCM2,MCM6
MCM6,KNTC1
KNTC1,MCM6
MCM6,UBE2C
MCM6,PLK1
MCM6,BUB1
MCM6,PCNA
MCM6,SMC4
MCM6,ZWINT
MCM6,MCM8
MCM8,MCM6
MCM6,CHEK2
MCM6,CHAF1A
CHAF1A,MCM6
MCM6,DNMT1
DNMT1,MCM6
MCM6,RRM1
MCM6,PRIM1
MCM6,MCM3
MCM3,MCM6
MCM6,HELLS
MCM6,GMPS
MXD1,HDAC2
HDAC2,MXD1
MXD1,RBBP4
RBBP4,MXD1
MXD1,HDAC1
HDAC1,MXD1
MXD1,RBBP7
RBBP7,MXD1
DNMT3A,ARID2
ARID2,DNMT3A
DNMT3A,TP53
TP53,DNMT3A
DNMT3A,ASXL1
ASXL1,DNMT3A
DNMT3A,SMARCD2
SMARCD2,DNMT3A
DNMT3A,ACTL6A
DNMT3A,EHMT2
EHMT2,DNMT3A
DNMT3A,RBBP4
RBBP4,DNMT3A
DNMT3A,AEBP2
AEBP2,DNMT3A
DNMT3A,RNF2
RNF2,DNMT3A
DNMT3A,MTF2
MTF2,DNMT3A
DNMT3A,DNMT1
DNMT1,DNMT3A
DNMT3A,SMARCA4
SMARCA4,DNMT3A
DNMT3A,SALL3
SALL3,DNMT3A
DNMT3A,DNMT3B
DNMT3B,DNMT3A
DNMT3A,MYC
MYC,DNMT3A
DNMT3A,NPM1
NPM1,DNMT3A
DNMT3A,HDAC1
HDAC1,DNMT3A
DNMT3A,HELLS
DNMT3A,EZH2
EZH2,DNMT3A
DNMT3A,SMARCE1
SMARCE1,DNMT3A
DNMT3A,JARID2
JARID2,DNMT3A
DNMT3A,PRMT5
DNMT3A,UHRF1
UHRF1,DNMT3A
DNMT3A,RBBP7
RBBP7,DNMT3A
FOSL2,JUN
JUN,FOSL2
FOSL2,FOSL1
FOSL1,FOSL2
FOSL2,BRCA1
BRCA1,FOSL2
SRSF3,NUP54
RNPS1,NUP54
GEMIN2,NUP54
SNRPB,NUP54
SP100,NUP54
DDX20,NUP54
SRSF2,NUP54
SRRM1,NUP54
NPM1,NUP54
SNRPD1,NUP54
CNTRL,CEP70
F2,KNG1
EGF,KNG1
ERCC8,POLR2G
POLR2G,ERCC8
ERCC8,WDR5
WDR5,ERCC8
ERCC8,XRCC6
XRCC6,ERCC8
ERCC8,POLR2F
POLR2F,ERCC8
ERCC8,DCAF13
ERCC8,XRCC5
XRCC5,ERCC8
ERCC8,POLR2K
POLR2K,ERCC8
ERCC8,GTF2H3
GTF2H3,ERCC8
ERCC8,COPS5
COPS5,ERCC8
ERCC8,RFC4
ERCC8,POLR2L
POLR2L,ERCC8
ERCC8,POLR2D
POLR2D,ERCC8
ERCC8,USP7
ERCC8,RFC1
RFC1,ERCC8
ERCC8,POLR2B
POLR2B,ERCC8
ERCC8,HMGN1
HMGN1,ERCC8
ERCC8,GTF2H2
GTF2H2,ERCC8
ERCC8,COPS2
COPS2,ERCC8
ERCC8,COMMD10
ERCC8,TCEA1
TCEA1,ERCC8
ERCC8,COMMD3
ERCC8,PCNA
ERCC8,RBBP7
RBBP7,ERCC8
ERCC8,DCLRE1C
MCM2,CDK1
MCM2,ORC4
MCM2,TOP2A
MCM2,PTTG1
PTTG1,MCM2
MCM2,KIAA0101
MCM2,CENPF
MCM2,WDHD1
MCM2,RAD51
RAD51,MCM2
MCM2,CDC20
MCM2,NUSAP1
MCM2,PRC1
MCM2,CHEK1
MCM2,RFC4
MCM2,CCNB2
MCM2,FANCI
MCM2,BUB1B
MCM2,FOXM1
FOXM1,MCM2
MCM2,CKS1B
MCM2,SSRP1
SSRP1,MCM2
MCM2,TPX2
MCM2,MCM7
MCM7,MCM2
MCM2,MELK
MCM2,AURKB
MCM2,DUT
MCM2,RRM2
MCM2,TIMELESS
TIMELESS,MCM2
MCM2,MAD2L1
MCM2,FEN1
MCM2,FANCD2
MCM2,KNTC1
KNTC1,MCM2
MCM2,UBE2C
MCM2,PLK1
MCM2,BUB1
MCM2,TEX10
MCM2,PCNA
MCM2,SMC4
MCM2,ZWINT
MCM2,MCM8
MCM8,MCM2
MCM2,CHEK2
MCM2,CHAF1A
CHAF1A,MCM2
MCM2,DNMT1
DNMT1,MCM2
MCM2,BIRC5
MCM2,RRM1
MCM2,PRIM1
MCM2,RFC1
RFC1,MCM2
MCM2,MCM3
MCM3,MCM2
MCM2,HELLS
MCM2,UHRF1
UHRF1,MCM2
F2,AMBP
PTTG1,CENPE
FOXM1,CENPE
CENPK,CENPE
KNTC1,CENPE
MIS18BP1,CENPE
EGF,ALB
EGF,EGFR
EGFR,EGF
EGF,AHSG
EGF,FGB
EGF,TFRC
EGF,MYC
MYC,EGF
EGF,JUN
JUN,EGF
EGF,DAB2
DAB2,EGF
EGF,TP53
TP53,EGF
EGF,BIN1
BIN1,EGF
EGF,CREB1
CREB1,EGF
EGF,TF
EGF,LEFTY2
EGF,FGG
EGF,FGA
EGF,BMP2
BMP2,EGF
EGF,PDGFA
PDGFA,EGF
EGF,ERBB4
AFF4,SSRP1
SSRP1,AFF4
AFF4,POLR2G
POLR2G,AFF4
AFF4,POLR2L
POLR2L,AFF4
AFF4,POLR2D
POLR2D,AFF4
AFF4,GTF2H2
GTF2H2,AFF4
AFF4,GTF2F2
GTF2F2,AFF4
AFF4,TCEB1
TCEB1,AFF4
AFF4,TCEB3
TCEB3,AFF4
AFF4,POLR2F
POLR2F,AFF4
AFF4,POLR2K
POLR2K,AFF4
AFF4,GTF2H3
GTF2H3,AFF4
AFF4,POLR2B
POLR2B,AFF4
AFF4,TCEA1
TCEA1,AFF4
MED20,NCOA1
NCOA1,MED20
MED20,MED30
MED30,MED20
MED20,MED21
MED21,MED20
MED20,CEBPA
CEBPA,MED20
MED20,BIRC5
MED20,CEBPD
CEBPD,MED20
MED20,THRAP3
THRAP3,MED20
MED20,MED14
MED14,MED20
TARBP2,XPO5
ILF3,XPO5
MYBBP1A,XPO5
SRF,NFATC2
NFATC2,SRF
SRF,FOXO1
FOXO1,SRF
SRF,GATA4
GATA4,SRF
SRF,BPTF
BPTF,SRF
SRF,CREB1
CREB1,SRF
SRF,ETS1
ETS1,SRF
SRF,TAF7
TAF7,SRF
PARP1,POLB
RFC1,POLB
NEIL2,POLB
PTTG1,ANLN
BRCA1,ANLN
FOXM1,ANLN
SCD5,ITIH4
TARBP2,POP5
TARBP2,TCOF1
TCOF1,TARBP2
TARBP2,DROSHA
ZFHX3,AFP
ZFHX3,PIAS3
PIAS3,ZFHX3
ZFHX3,CDKN1A
CDKN1A,ZFHX3
ZFHX3,PITX2
PITX2,ZFHX3
GATA6,GATA4
GATA4,GATA6
GATA6,SOX2
SOX2,GATA6
GATA6,CDX2
CDX2,GATA6
GATA6,FOXA2
FOXA2,GATA6
TP53,CNOT7
CNOT7,TP53
TP53,AFP
TP53,STMN1
TP53,MAF
MAF,TP53
TP53,CDK1
TP53,YBX1
YBX1,TP53
TP53,HIPK2
HIPK2,TP53
TP53,ING5
ING5,TP53
TP53,GATAD2B
GATAD2B,TP53
TP53,TOP2A
TP53,PTTG1
PTTG1,TP53
TP53,XRCC5
XRCC5,TP53
TP53,EGFR
EGFR,TP53
TP53,TAF5
TAF5,TP53
TP53,CNOT10
TP53,SPP1
TP53,PIAS2
PIAS2,TP53
TP53,E2F7
E2F7,TP53
TP53,COPS5
COPS5,TP53
TP53,HNRNPK
HNRNPK,TP53
TP53,E2F8
E2F8,TP53
TP53,USP7
TP53,TRIM59
TP53,DAXX
DAXX,TP53
TP53,SMAD3
SMAD3,TP53
TP53,H1F0
H1F0,TP53
TP53,ATF3
ATF3,TP53
TP53,HDAC2
HDAC2,TP53
TP53,PMAIP1
TP53,ACTL6A
TP53,NUPR1
NUPR1,TP53
TP53,HMGA1
HMGA1,TP53
TP53,RAD51
RAD51,TP53
TP53,S100A6
TP53,SP100
SP100,TP53
TP53,HIST1H1C
HIST1H1C,TP53
TP53,RBBP4
RBBP4,TP53
TP53,CDC20
TP53,REST
REST,TP53
TP53,CHEK1
TP53,RFC4
TP53,EHMT1
EHMT1,TP53
TP53,MYC
MYC,TP53
TP53,HDAC1
HDAC1,TP53
TP53,BUB1B
TP53,EWSR1
EWSR1,TP53
TP53,PRDM1
PRDM1,TP53
TP53,BLM
TP53,E2F4
E2F4,TP53
TP53,FHL2
FHL2,TP53
TP53,FOXM1
FOXM1,TP53
TP53,ING1
ING1,TP53
TP53,DDIT4
TP53,MYBBP1A
MYBBP1A,TP53
TP53,JUN
JUN,TP53
TP53,CHD8
CHD8,TP53
TP53,SSRP1
SSRP1,TP53
TP53,TPX2
TP53,CDKN3
TP53,MYCN
MYCN,TP53
TP53,BTG2
BTG2,TP53
TP53,TADA3
TADA3,TP53
TP53,AURKB
TP53,XRCC6
XRCC6,TP53
TP53,HIST1H1B
HIST1H1B,TP53
TP53,CREB1
CREB1,TP53
TP53,RRM2
TP53,BRCA2
BRCA2,TP53
TP53,UCHL1
TP53,TFDP1
TFDP1,TP53
TP53,CDKN1A
CDKN1A,TP53
TP53,TAF9B
TAF9B,TP53
TP53,HNF4A
HNF4A,TP53
TP53,PARP1
PARP1,TP53
TP53,TAF6
TAF6,TP53
TP53,HIST1H1E
HIST1H1E,TP53
TP53,DROSHA
TP53,PLK1
TP53,BUB1
TP53,PCNA
TP53,KLF5
KLF5,TP53
TP53,HMGA2
HMGA2,TP53
TP53,EHMT2
EHMT2,TP53
TP53,SOX2
SOX2,TP53
TP53,KPNA2
TP53,RNF2
RNF2,TP53
TP53,CHEK2
TP53,ETS1
ETS1,TP53
TP53,TAF11
TAF11,TP53
TP53,DNMT1
DNMT1,TP53
TP53,BIRC5
TP53,ERBB4
TP53,BRCA1
BRCA1,TP53
TP53,SMARCA4
SMARCA4,TP53
TP53,NPM1
NPM1,TP53
TP53,EZH2
EZH2,TP53
TP53,PRMT5
TP53,TAF7
TAF7,TP53
TP53,RBBP7
RBBP7,TP53
TP53,RBPJ
RBPJ,TP53
MCM7,NUF2
CENPK,NUF2
PTTG1,NUF2
KNTC1,NUF2
MCM3,NUF2
MIS18BP1,NUF2
POLR2D,POLR3D
POLR3D,POLR2D
POLR2D,JUN
JUN,POLR2D
POLR2D,SSRP1
SSRP1,POLR2D
POLR2D,RARG
RARG,POLR2D
POLR2D,YBX1
YBX1,POLR2D
POLR2D,POLR2G
POLR2G,POLR2D
POLR2D,POLR1B
POLR1B,POLR2D
POLR2D,SRSF3
SRSF3,POLR2D
POLR2D,CTPS1
POLR2D,POU2F1
POU2F1,POLR2D
POLR2D,ZNRD1
ZNRD1,POLR2D
POLR2D,WDR5
WDR5,POLR2D
POLR2D,SF3B3
POLR2D,HNRNPR
HNRNPR,POLR2D
POLR2D,HNRNPH2
POLR2D,TAF5
TAF5,POLR2D
POLR2D,RNPS1
RNPS1,POLR2D
POLR2D,COPS5
COPS5,POLR2D
POLR2D,HNRNPK
HNRNPK,POLR2D
POLR2D,HNRNPD
HNRNPD,POLR2D
POLR2D,POLR2L
POLR2L,POLR2D
POLR2D,PPIL1
POLR2D,USP7
POLR2D,TAF9B
TAF9B,POLR2D
POLR2D,GTF2H2
GTF2H2,POLR2D
POLR2D,PBX1
PBX1,POLR2D
POLR2D,TAF6
TAF6,POLR2D
POLR2D,MED14
MED14,POLR2D
POLR2D,FANCD2
POLR2D,ZNF143
ZNF143,POLR2D
POLR2D,GPN3
POLR2D,PCNA
POLR2D,GTF2F2
GTF2F2,POLR2D
POLR2D,ELAVL2
ELAVL2,POLR2D
POLR2D,SRSF10
SRSF10,POLR2D
POLR2D,TCEB1
TCEB1,POLR2D
POLR2D,PAX6
PAX6,POLR2D
POLR2D,SNRPB
SNRPB,POLR2D
POLR2D,SOX2
SOX2,POLR2D
POLR2D,TCEB3
TCEB3,POLR2D
POLR2D,RBBP4
RBBP4,POLR2D
POLR2D,EFTUD2
POLR2D,PLRG1
PLRG1,POLR2D
POLR2D,SRSF2
SRSF2,POLR2D
POLR2D,MED21
MED21,POLR2D
POLR2D,POLR2F
POLR2F,POLR2D
POLR2D,TAF11
TAF11,POLR2D
POLR2D,POLR2K
POLR2K,POLR2D
POLR2D,CHEK1
POLR2D,GTF2H3
GTF2H3,POLR2D
POLR2D,RFC4
POLR2D,BRCA1
BRCA1,POLR2D
POLR2D,RFC1
RFC1,POLR2D
POLR2D,POLR2B
POLR2B,POLR2D
POLR2D,HNRNPUL1
HNRNPUL1,POLR2D
POLR2D,HMGN1
HMGN1,POLR2D
POLR2D,SRRM1
SRRM1,POLR2D
POLR2D,POLR1C
POLR1C,POLR2D
POLR2D,NCOA6
NCOA6,POLR2D
POLR2D,COPS2
COPS2,POLR2D
POLR2D,FANCI
POLR2D,SNRPD1
SNRPD1,POLR2D
POLR2D,TCEA1
TCEA1,POLR2D
POLR2D,EZH2
EZH2,POLR2D
POLR2D,RBMX
RBMX,POLR2D
POLR2D,TAF7
TAF7,POLR2D
POLR2D,POLR1D
POLR1D,POLR2D
POLR2D,RBBP7
RBBP7,POLR2D
POLR2D,GTF2E1
GTF2E1,POLR2D
CTDSPL,SMAD3
SMAD3,CTDSPL
CTDSPL,REST
REST,CTDSPL
CTDSPL,CDCA3
SNRPB,ISY1
PLRG1,ISY1
TCEB1,COMMD10
HIF3A,COMMD10
WDR5,COMMD10
ZBTB16,COMMD10
COPS5,COMMD10
COPS2,COMMD10
RBBP7,COMMD10
ABT1,ZNRD1
ZNRD1,ABT1
ABT1,DCAF13
ABT1,PDCD11
PDCD11,ABT1
ABT1,EBNA1BP2
ABT1,AATF
AATF,ABT1
ABT1,DDX54
DDX54,ABT1
ABT1,PWP1
PWP1,ABT1
ABT1,NOL10
ABT1,SDAD1
ABT1,BRIX1
ABT1,POLR1D
POLR1D,ABT1
SSRP1,MMS22L
BRCA1,MMS22L
EGFR,STAT2
STAT2,EGFR
EGFR,ALB
EGFR,TFRC
EGFR,MYC
MYC,EGFR
EGFR,FHL2
FHL2,EGFR
EGFR,TFF1
EGFR,JUN
JUN,EGFR
EGFR,DAB2
DAB2,EGFR
EGFR,BIN1
BIN1,EGFR
EGFR,CREB1
CREB1,EGFR
EGFR,TF
EGFR,IVNS1ABP
IVNS1ABP,EGFR
EGFR,SOX2
SOX2,EGFR
EGFR,EFNA1
EGFR,PDGFA
PDGFA,EGFR
EGFR,ERBB4
EGFR,SH3BGRL
EGFR,BRCA1
BRCA1,EGFR
EGFR,PTRF
PTRF,EGFR
EGFR,LAPTM4B
NONO,YBX1
YBX1,NONO
NONO,HNRNPK
HNRNPK,NONO
NONO,MATR3
MATR3,NONO
NONO,ILF2
ILF2,NONO
NONO,RBBP4
RBBP4,NONO
NONO,ILF3
ILF3,NONO
NONO,HDAC1
HDAC1,NONO
NONO,RBMX
RBMX,NONO
PRDM14,PBX1
PBX1,PRDM14
PRDM14,DNMT3B
DNMT3B,PRDM14
PRDM14,LIN28A
LIN28A,PRDM14
PRDM14,SOX2
SOX2,PRDM14
XRCC6,TERF1
XRCC5,TERF1
BRCA1,TERF1
PPARA,PLIN2
NCOA1,PLIN2
NCOA6,PLIN2
SSRP1,TOP2A
SSRP1,WDHD1
SSRP1,TCEB1
TCEB1,SSRP1
SSRP1,TCEB3
TCEB3,SSRP1
SSRP1,RBBP4
RBBP4,SSRP1
SSRP1,EFTUD2
SSRP1,CHEK1
SSRP1,POLR2B
POLR2B,SSRP1
SSRP1,FANCI
SSRP1,HMGB2
HMGB2,SSRP1
SSRP1,TCEA1
TCEA1,SSRP1
SSRP1,MCM7
MCM7,SSRP1
SSRP1,POLR2G
POLR2G,SSRP1
SSRP1,XRCC6
XRCC6,SSRP1
SSRP1,POLR2L
POLR2L,SSRP1
SSRP1,TIMELESS
TIMELESS,SSRP1
SSRP1,GTF2H2
GTF2H2,SSRP1
SSRP1,PARP1
PARP1,SSRP1
SSRP1,FANCD2
SSRP1,GTF2F2
GTF2F2,SSRP1
SSRP1,POLR2F
POLR2F,SSRP1
SSRP1,POLR2K
POLR2K,SSRP1
SSRP1,RRM1
SSRP1,GTF2H3
GTF2H3,SSRP1
SSRP1,BRCA1
BRCA1,SSRP1
SSRP1,PRIM1
SSRP1,MCM3
MCM3,SSRP1
SSRP1,RBBP7
RBBP7,SSRP1
RFX5,CCDC82
MYCN,PMAIP1
MYCN,SOX2
SOX2,MYCN
MYCN,EZH2
EZH2,MYCN
RUVBL1,CENPU
CENPK,CENPU
RBBP4,CENPU
PTTG1,CENPU
BRCA1,CENPU
NPM1,CENPU
SMARCA5,CENPU
KNTC1,CENPU
MIS18BP1,CENPU
RBBP7,CENPU
POLR1B,NVL
DDX54,NVL
SNRPB,NVL
PWP1,NVL
AATF,NVL
MCM3,HAUS1
CNTRL,HAUS1
TCF7L1,TEAD2
TEAD2,TCF7L1
TCF7L1,TEAD4
TEAD4,TCF7L1
TCF7L1,RUVBL1
RUVBL1,TCF7L1
TCF7L1,SMARCA4
SMARCA4,TCF7L1
TCF7L1,MYC
MYC,TCF7L1
TCF7L1,HDAC1
HDAC1,TCF7L1
TCF7L1,CTBP1
CTBP1,TCF7L1
MED21,POLR2G
POLR2G,MED21
MED21,NCOA1
NCOA1,MED21
MED21,MED30
MED30,MED21
MED21,POLR2F
POLR2F,MED21
MED21,CEBPA
CEBPA,MED21
MED21,POLR2K
POLR2K,MED21
MED21,BIRC5
MED21,POLR2L
POLR2L,MED21
MED21,BRCA1
BRCA1,MED21
MED21,POLR2B
POLR2B,MED21
MED21,CEBPD
CEBPD,MED21
MED21,THRAP3
THRAP3,MED21
MED21,MED14
MED14,MED21
MED21,GTF2E1
GTF2E1,MED21
SMARCA5,POLR1B
POLR1B,SMARCA5
SMARCA5,ZNRD1
ZNRD1,SMARCA5
SMARCA5,CENPN
SMARCA5,HDAC2
HDAC2,SMARCA5
SMARCA5,POLR1E
POLR1E,SMARCA5
SMARCA5,RBBP4
RBBP4,SMARCA5
SMARCA5,ITGB3BP
SMARCA5,DNMT3B
DNMT3B,SMARCA5
SMARCA5,HDAC1
HDAC1,SMARCA5
SMARCA5,POLR1D
POLR1D,SMARCA5
SMARCA5,MYBBP1A
MYBBP1A,SMARCA5
SMARCA5,TAF1A
TAF1A,SMARCA5
SMARCA5,CENPK
CENPK,SMARCA5
SMARCA5,BPTF
BPTF,SMARCA5
SMARCA5,DEK
DEK,SMARCA5
SMARCA5,POLR2L
POLR2L,SMARCA5
SMARCA5,RUVBL1
RUVBL1,SMARCA5
SMARCA5,CENPW
SMARCA5,POLR2F
POLR2F,SMARCA5
SMARCA5,DNMT1
DNMT1,SMARCA5
SMARCA5,POLR2K
POLR2K,SMARCA5
SMARCA5,MCM3
MCM3,SMARCA5
SMARCA5,POLR1C
POLR1C,SMARCA5
SMARCA5,NPM1
NPM1,SMARCA5
SMARCA5,SMARCE1
SMARCE1,SMARCA5
SMARCA5,MIS18BP1
MIS18BP1,SMARCA5
SMARCA5,RBBP7
RBBP7,SMARCA5
GTF2E1,JUN
JUN,GTF2E1
GTF2E1,POLR2G
POLR2G,GTF2E1
GTF2E1,POU2F1
POU2F1,GTF2E1
GTF2E1,TAF5
TAF5,GTF2E1
GTF2E1,POLR2L
POLR2L,GTF2E1
GTF2E1,TAF9B
TAF9B,GTF2E1
GTF2E1,GTF2H2
GTF2H2,GTF2E1
GTF2E1,TAF6
TAF6,GTF2E1
GTF2E1,MED14
MED14,GTF2E1
GTF2E1,ZNF143
ZNF143,GTF2E1
GTF2E1,GTF2F2
GTF2F2,GTF2E1
GTF2E1,MEF2C
MEF2C,GTF2E1
GTF2E1,NCOA1
NCOA1,GTF2E1
GTF2E1,IRF3
IRF3,GTF2E1
GTF2E1,POLR2F
POLR2F,GTF2E1
GTF2E1,TAF11
TAF11,GTF2E1
GTF2E1,POLR2K
POLR2K,GTF2E1
GTF2E1,GTF2H3
GTF2H3,GTF2E1
GTF2E1,SMARCA4
SMARCA4,GTF2E1
GTF2E1,POLR2B
POLR2B,GTF2E1
GTF2E1,TCEA1
TCEA1,GTF2E1
GTF2E1,SMARCE1
SMARCE1,GTF2E1
GTF2E1,TAF7
TAF7,GTF2E1
JAZF1,RUVBL1
RUVBL1,JAZF1
COPS5,UCHL1
ZIC3,NODAL
SMAD3,NODAL
ZIC3,LEFTY2
ZIC3,TDGF1
ZIC3,SOX2
SOX2,ZIC3
PTTG1,BUB1B
E2F8,BUB1B
RAD51,BUB1B
PCGF6,BUB1B
FOXM1,BUB1B
MCM7,BUB1B
CENPK,BUB1B
BRCA2,BUB1B
TCF19,BUB1B
KNTC1,BUB1B
RNF2,BUB1B
BRCA1,BUB1B
MCM3,BUB1B
EZH2,BUB1B
MIS18BP1,BUB1B
UHRF1,BUB1B
POLR2G,FANCD2
BRCA2,FANCD2
POLR2L,FANCD2
GTF2H2,FANCD2
RAD51,FANCD2
GTF2F2,FANCD2
TCEB1,FANCD2
TCEB3,FANCD2
POLR2F,FANCD2
POLR2K,FANCD2
GTF2H3,FANCD2
BRCA1,FANCD2
POLR2B,FANCD2
MCM3,FANCD2
TCEA1,FANCD2
PTTG1,CCNB2
E2F8,CCNB2
RAD51,CCNB2
RBBP4,CCNB2
HMGB2,CCNB2
FOXM1,CCNB2
MCM7,CCNB2
CENPK,CCNB2
CDKN1A,CCNB2
TCF19,CCNB2
KNTC1,CCNB2
MCM3,CCNB2
EZH2,CCNB2
UHRF1,CCNB2
EIF5B,YARS
EIF5B,PTMA
PTMA,EIF5B
EIF5B,EEF1A1
EEF1A1,EIF5B
EIF5B,TSFM
EIF5B,DKC1
RFX5,RFXANK
RFXANK,RFX5
BTG2,JUN
JUN,BTG2
BTG2,CNOT7
CNOT7,BTG2
BTG2,CNOT10
BTG2,ATF3
ATF3,BTG2
BTG2,CHAF1A
CHAF1A,BTG2
BTG2,KLF6
KLF6,BTG2
CTBP1,HIPK2
HIPK2,CTBP1
CTBP1,HDAC2
HDAC2,CTBP1
CTBP1,RBBP4
RBBP4,CTBP1
CTBP1,TGIF1
TGIF1,CTBP1
CTBP1,ZNF217
ZNF217,CTBP1
CTBP1,MYC
MYC,CTBP1
CTBP1,HDAC1
HDAC1,CTBP1
CTBP1,E2F4
E2F4,CTBP1
CTBP1,TFDP1
TFDP1,CTBP1
CTBP1,RNF2
RNF2,CTBP1
CTBP1,BRCA1
BRCA1,CTBP1
CTBP1,RBBP7
RBBP7,CTBP1
CTBP1,RBPJ
RBPJ,CTBP1
NR2F6,NR2F2
NR2F2,NR2F6
NRIP1,TFF1
NCOA1,TFF1
U2AF1,SRSF3
SRSF3,U2AF1
U2AF1,DEK
DEK,U2AF1
U2AF1,ASXL1
ASXL1,U2AF1
U2AF1,SRSF2
SRSF2,U2AF1
SRSF3,NUP35
RNPS1,NUP35
GEMIN2,NUP35
SNRPB,NUP35
SP100,NUP35
DDX20,NUP35
SRSF2,NUP35
SRRM1,NUP35
NPM1,NUP35
SNRPD1,NUP35
JUN,FABP1
NRIP1,FABP1
HNF4A,FABP1
GRHL1,FABP1
NR1H3,FABP1
PPARA,FABP1
NCOA1,FABP1
NCOA6,FABP1
ANKRD1,FABP1
FHL2,FABP1
NCOA1,ALB
MYC,ALB
F2,ALB
FOXH1,TDGF1
SMAD3,TDGF1
SOX2,TDGF1
HMGB2,CDK1
HMGB2,TOP2A
HMGB2,H1F0
H1F0,HMGB2
HMGB2,HIST1H1C
HIST1H1C,HMGB2
HMGB2,HIST1H1B
HIST1H1B,HMGB2
HMGB2,MAD2L1
HMGB2,HIST1H1E
HIST1H1E,HMGB2
HMGB2,UBE2C
PTTG1,MAD2L1
RAD51,MAD2L1
FOXM1,MAD2L1
MCM7,MAD2L1
CENPK,MAD2L1
KNTC1,MAD2L1
MCM3,MAD2L1
UHRF1,MAD2L1
NAA15,SSB
SSB,NAA15
F2,F2RL1
TCERG1,CHD8
CHD8,TCERG1
TCERG1,HTATSF1
HTATSF1,TCERG1
TCERG1,SF3B3
TCERG1,SNRPB
SNRPB,TCERG1
TCERG1,EFTUD2
TCERG1,PLRG1
PLRG1,TCERG1
TCERG1,NPM1
NPM1,TCERG1
TCERG1,SNRPD1
SNRPD1,TCERG1
NPM1,CDK1
NPM1,CENPN
NPM1,EBNA1BP2
NPM1,NUP93
NPM1,RBBP4
RBBP4,NPM1
NPM1,ITGB3BP
NPM1,FOXM1
FOXM1,NPM1
NPM1,NUP37
NPM1,CENPK
CENPK,NPM1
NPM1,AURKB
NPM1,NUP88
NPM1,ASXL1
ASXL1,NPM1
NPM1,RUVBL1
RUVBL1,NPM1
NPM1,CENPW
NPM1,CEBPA
CEBPA,NPM1
NPM1,MIS18BP1
MIS18BP1,NPM1
NPM1,RBBP7
RBBP7,NPM1
MED30,MED14
MED14,MED30
MED30,NCOA1
NCOA1,MED30
MED30,POLR2F
POLR2F,MED30
MED30,CEBPA
CEBPA,MED30
MED30,CEBPD
CEBPD,MED30
MED30,THRAP3
THRAP3,MED30
POLR1B,DCAF13
ZNRD1,DCAF13
WDR5,DCAF13
COPS5,DCAF13
PDCD11,DCAF13
AATF,DCAF13
POLR1E,DCAF13
DDX54,DCAF13
POLR1C,DCAF13
COPS2,DCAF13
PWP1,DCAF13
POLR1D,DCAF13
RBBP7,DCAF13
SOX2,ALDH1A1
PTTG1,MELK
RAD51,MELK
FOXM1,MELK
KNTC1,MELK
MCM3,MELK
EZH2,MELK
UHRF1,MELK
RNF4,LRR1
COPS5,LRR1
TCEB1,LRR1
ZBTB16,LRR1
COPS2,LRR1
RNF19A,LRR1
COPS2,POLR2G
POLR2G,COPS2
COPS2,WDR5
WDR5,COPS2
COPS2,NIF3L1
COPS2,COPS5
COPS5,COPS2
COPS2,POLR2L
POLR2L,COPS2
COPS2,GTF2H2
GTF2H2,COPS2
COPS2,ACTL6A
COPS2,COMMD3
COPS2,TCEB1
TCEB1,COPS2
COPS2,RUVBL1
RUVBL1,COPS2
COPS2,LMO7
COPS2,POLR2F
POLR2F,COPS2
COPS2,ZBTB16
ZBTB16,COPS2
COPS2,POLR2K
POLR2K,COPS2
COPS2,GTF2H3
GTF2H3,COPS2
COPS2,POLR2B
POLR2B,COPS2
COPS2,HDAC1
HDAC1,COPS2
COPS2,RBBP7
RBBP7,COPS2
POLR3E,POLR3D
POLR3D,POLR3E
POLR3E,POLR2G
POLR2G,POLR3E
POLR3E,POLR1B
POLR1B,POLR3E
POLR3E,SSB
SSB,POLR3E
POLR3E,POU2F1
POU2F1,POLR3E
POLR3E,GTF3C5
GTF3C5,POLR3E
POLR3E,BDP1
BDP1,POLR3E
POLR3E,POLR2L
POLR2L,POLR3E
POLR3E,NFIB
NFIB,POLR3E
POLR3E,ZNF143
ZNF143,POLR3E
POLR3E,GTF3C4
GTF3C4,POLR3E
POLR3E,POLR2F
POLR2F,POLR3E
POLR3E,POLR2K
POLR2K,POLR3E
POLR3E,GTF3C2
GTF3C2,POLR3E
POLR3E,POLR1C
POLR1C,POLR3E
POLR3E,POLR1D
POLR1D,POLR3E
CENPK,KIAA0101
PTTG1,KIAA0101
E2F8,KIAA0101
RAD51,KIAA0101
RFC1,KIAA0101
MIS18BP1,KIAA0101
UHRF1,KIAA0101
FOXM1,KIAA0101
PTTG1,PLK1
RAD51,PLK1
RBBP4,PLK1
MYC,PLK1
CNTRL,PLK1
FOXM1,PLK1
MCM7,PLK1
CENPK,PLK1
BRCA2,PLK1
KNTC1,PLK1
BRCA1,PLK1
MCM3,PLK1
MIS18BP1,PLK1
UHRF1,PLK1
MCM7,TPX2
PTTG1,TPX2
RAD51,TPX2
BRCA1,TPX2
UHRF1,TPX2
CNTRL,TPX2
FOXM1,TPX2
SNRPD1,NUP37
SNRPD1,YBX1
YBX1,SNRPD1
SNRPD1,POLR2G
POLR2G,SNRPD1
SNRPD1,SRSF3
SRSF3,SNRPD1
SNRPD1,SSB
SSB,SNRPD1
SNRPD1,SF3B3
SNRPD1,HNRNPR
HNRNPR,SNRPD1
SNRPD1,DUT
SNRPD1,HNRNPH2
SNRPD1,RNPS1
RNPS1,SNRPD1
SNRPD1,HNRNPK
HNRNPK,SNRPD1
SNRPD1,HNRNPD
HNRNPD,SNRPD1
SNRPD1,POLR2L
POLR2L,SNRPD1
SNRPD1,NUP88
SNRPD1,PPIL1
SNRPD1,EXOSC3
SNRPD1,MATR3
MATR3,SNRPD1
SNRPD1,NUP93
SNRPD1,ILF2
ILF2,SNRPD1
SNRPD1,GEMIN2
GEMIN2,SNRPD1
SNRPD1,GTF2F2
GTF2F2,SNRPD1
SNRPD1,ELAVL2
ELAVL2,SNRPD1
SNRPD1,SRSF10
SRSF10,SNRPD1
SNRPD1,RUVBL1
RUVBL1,SNRPD1
SNRPD1,SNRPB
SNRPB,SNRPD1
SNRPD1,EFTUD2
SNRPD1,DDX20
DDX20,SNRPD1
SNRPD1,PLRG1
PLRG1,SNRPD1
SNRPD1,SRSF2
SRSF2,SNRPD1
SNRPD1,POLR2F
POLR2F,SNRPD1
SNRPD1,POLR2K
POLR2K,SNRPD1
SNRPD1,POLR2B
POLR2B,SNRPD1
SNRPD1,HNRNPUL1
HNRNPUL1,SNRPD1
SNRPD1,SRRM1
SRRM1,SNRPD1
SNRPD1,GEMIN8
SNRPD1,RBMX
RBMX,SNRPD1
SNRPD1,PRMT5
NME2,RRM1
MCM7,RRM1
MCM8,RRM1
MCM3,RRM1
UHRF1,RRM1
CHAF1A,MCM7
MCM7,CHAF1A
CHAF1A,FEN1
CHAF1A,ACTL6A
CHAF1A,TOP2B
TOP2B,CHAF1A
CHAF1A,PCNA
CHAF1A,RBBP4
RBBP4,CHAF1A
CHAF1A,SMARCA4
SMARCA4,CHAF1A
CHAF1A,MCM3
MCM3,CHAF1A
CHAF1A,SMARCE1
SMARCE1,CHAF1A
CHAF1A,BLM
PTTG1,BIRC5
MED14,BIRC5
RAD51,BIRC5
FOXM1,BIRC5
CENPK,BIRC5
PIAS3,BIRC5
KNTC1,BIRC5
MCM3,BIRC5
PTTG1,TK1
RAD51,TK1
TFDP1,TK1
POLR2G,POLR3D
POLR3D,POLR2G
POLR2G,JUN
JUN,POLR2G
POLR2G,RARG
RARG,POLR2G
POLR2G,YBX1
YBX1,POLR2G
POLR2G,POLR1B
POLR1B,POLR2G
POLR2G,SRSF3
SRSF3,POLR2G
POLR2G,NME2
NME2,POLR2G
POLR2G,POU2F1
POU2F1,POLR2G
POLR2G,ZNRD1
ZNRD1,POLR2G
POLR2G,WDR5
WDR5,POLR2G
POLR2G,SF3B3
POLR2G,HNRNPR
HNRNPR,POLR2G
POLR2G,HNRNPH2
POLR2G,TAF5
TAF5,POLR2G
POLR2G,RNPS1
RNPS1,POLR2G
POLR2G,COPS5
COPS5,POLR2G
POLR2G,HNRNPK
HNRNPK,POLR2G
POLR2G,HNRNPD
HNRNPD,POLR2G
POLR2G,POLR2L
POLR2L,POLR2G
POLR2G,PPIL1
POLR2G,USP7
POLR2G,TAF9B
TAF9B,POLR2G
POLR2G,GTF2H2
GTF2H2,POLR2G
POLR2G,PBX1
PBX1,POLR2G
POLR2G,TAF6
TAF6,POLR2G
POLR2G,MED14
MED14,POLR2G
POLR2G,ZNF143
ZNF143,POLR2G
POLR2G,GPN3
POLR2G,PCNA
POLR2G,GTF2F2
GTF2F2,POLR2G
POLR2G,ELAVL2
ELAVL2,POLR2G
POLR2G,SRSF10
SRSF10,POLR2G
POLR2G,TCEB1
TCEB1,POLR2G
POLR2G,PAX6
PAX6,POLR2G
POLR2G,SNRPB
SNRPB,POLR2G
POLR2G,SOX2
SOX2,POLR2G
POLR2G,TCEB3
TCEB3,POLR2G
POLR2G,RBBP4
RBBP4,POLR2G
POLR2G,EFTUD2
POLR2G,PLRG1
PLRG1,POLR2G
POLR2G,SRSF2
SRSF2,POLR2G
POLR2G,POLR2F
POLR2F,POLR2G
POLR2G,TAF11
TAF11,POLR2G
POLR2G,POLR2K
POLR2K,POLR2G
POLR2G,CHEK1
POLR2G,GTF2H3
GTF2H3,POLR2G
POLR2G,RFC4
POLR2G,BRCA1
BRCA1,POLR2G
POLR2G,RFC1
RFC1,POLR2G
POLR2G,POLR2B
POLR2B,POLR2G
POLR2G,HNRNPUL1
HNRNPUL1,POLR2G
POLR2G,HMGN1
HMGN1,POLR2G
POLR2G,SRRM1
SRRM1,POLR2G
POLR2G,POLR1C
POLR1C,POLR2G
POLR2G,NCOA6
NCOA6,POLR2G
POLR2G,FANCI
POLR2G,TCEA1
TCEA1,POLR2G
POLR2G,EZH2
EZH2,POLR2G
POLR2G,EWSR1
EWSR1,POLR2G
POLR2G,RBMX
RBMX,POLR2G
POLR2G,TAF7
TAF7,POLR2G
POLR2G,POLR1D
POLR1D,POLR2G
POLR2G,RBBP7
RBBP7,POLR2G
POLR1D,POLR3D
POLR3D,POLR1D
POLR1D,TAF1A
TAF1A,POLR1D
POLR1D,POLR1B
POLR1B,POLR1D
POLR1D,SSB
SSB,POLR1D
POLR1D,CTPS1
POLR1D,POU2F1
POU2F1,POLR1D
POLR1D,ZNRD1
ZNRD1,POLR1D
POLR1D,DEK
DEK,POLR1D
POLR1D,GTF3C5
GTF3C5,POLR1D
POLR1D,TCOF1
TCOF1,POLR1D
POLR1D,BDP1
BDP1,POLR1D
POLR1D,POLR2L
POLR2L,POLR1D
POLR1D,EBNA1BP2
POLR1D,NFIB
NFIB,POLR1D
POLR1D,GTF2H2
GTF2H2,POLR1D
POLR1D,POLR1E
POLR1E,POLR1D
POLR1D,ZNF143
ZNF143,POLR1D
POLR1D,GPN3
POLR1D,GTF3C4
GTF3C4,POLR1D
POLR1D,POLR2F
POLR2F,POLR1D
POLR1D,POLR2K
POLR2K,POLR1D
POLR1D,GTF2H3
GTF2H3,POLR1D
POLR1D,GTF3C2
GTF3C2,POLR1D
POLR1D,POLR2B
POLR2B,POLR1D
POLR1D,POLR1C
POLR1C,POLR1D
POLR1D,PTRF
PTRF,POLR1D
POLR1D,TCEA1
TCEA1,POLR1D
POLR1D,BRIX1
POLR1D,NOP16
POLR1D,MYBBP1A
MYBBP1A,POLR1D
PTTG1,BUB1
E2F7,BUB1
E2F8,BUB1
RAD51,BUB1
FOXM1,BUB1
MCM7,BUB1
CENPK,BUB1
BPTF,BUB1
TIMELESS,BUB1
TCF19,BUB1
KNTC1,BUB1
BRCA1,BUB1
MCM3,BUB1
EZH2,BUB1
MIS18BP1,BUB1
UHRF1,BUB1
PA2G4,POLR1B
POLR1B,PA2G4
PA2G4,EBNA1BP2
PA2G4,POLR1E
POLR1E,PA2G4
PA2G4,DDX54
DDX54,PA2G4
PA2G4,FUCA1
PA2G4,PWP1
PWP1,PA2G4
PA2G4,SDAD1
PA2G4,BRIX1
PA2G4,PDCD11
PDCD11,PA2G4
PA2G4,DSN1
PA2G4,WDR74
PA2G4,CREG1
CREG1,PA2G4
PA2G4,WDR43
PA2G4,POLR1C
POLR1C,PA2G4
PA2G4,GMPS
PITX2,LEFTY2
PITX2,HDAC1
HDAC1,PITX2
THAP11,ZNF143
ZNF143,THAP11
THAP11,HCFC1
HCFC1,THAP11
RFXANK,RFX6
RFX6,RFXANK
PMS1,FEN1
PTTG1,FEN1
XRCC5,FEN1
RAD54B,FEN1
RAD51,FEN1
MCM7,FEN1
XRCC6,FEN1
TIMELESS,FEN1
PARP1,FEN1
RFC1,FEN1
MCM3,FEN1
YBX1,SF3B3
SRSF3,SF3B3
HNRNPR,SF3B3
RNPS1,SF3B3
HNRNPK,SF3B3
HNRNPD,SF3B3
POLR2L,SF3B3
GTF2F2,SF3B3
ELAVL2,SF3B3
SNRPB,SF3B3
PLRG1,SF3B3
SRSF2,SF3B3
POLR2F,SF3B3
POLR2K,SF3B3
POLR2B,SF3B3
HNRNPUL1,SF3B3
SRRM1,SF3B3
RBMX,SF3B3
FXR1,FGB
F2,FGB
FXR1,FGA
F2,FGA
LDB2,SSBP2
SSBP2,LDB2
LDB2,SSBP3
SSBP3,LDB2
ETV5,JUN
JUN,ETV5
BPTF,ACTL6A
BPTF,RBBP4
RBBP4,BPTF
BPTF,ADNP
ADNP,BPTF
BPTF,CHD8
CHD8,BPTF
BPTF,ZNF638
ZNF638,BPTF
BPTF,ARID2
ARID2,BPTF
BPTF,WDR5
WDR5,BPTF
BPTF,SMARCD2
SMARCD2,BPTF
BPTF,ING3
ING3,BPTF
BPTF,SMARCA4
SMARCA4,BPTF
BPTF,HELLS
BPTF,RBBP7
RBBP7,BPTF
MCM7,CDK1
MCM7,ORC4
MCM7,TOP2A
MCM7,WDHD1
MCM7,TOP2B
TOP2B,MCM7
MCM7,RAD51
RAD51,MCM7
MCM7,RBBP4
RBBP4,MCM7
MCM7,CDC20
MCM7,PRC1
MCM7,CHEK1
MCM7,RFC4
MCM7,POLR2B
POLR2B,MCM7
MCM7,KIF20B
MCM7,AURKB
MCM7,DUT
MCM7,RRM2
MCM7,TIMELESS
TIMELESS,MCM7
MCM7,UBE2C
MCM7,PCNA
MCM7,SMC4
MCM7,MCM8
MCM8,MCM7
MCM7,CHEK2
MCM7,DNMT1
DNMT1,MCM7
MCM7,PRIM1
MCM7,MCM3
MCM3,MCM7
TADA3,DR1
DR1,TADA3
TADA3,WDR5
WDR5,TADA3
TADA3,TAF5
TAF5,TADA3
TADA3,TAF9B
TAF9B,TADA3
TADA3,TAF6
TAF6,TADA3
TADA3,ACTL6A
TADA3,RUVBL1
RUVBL1,TADA3
TADA3,ING3
ING3,TADA3
TADA3,RUVBL2
RUVBL2,TADA3
TADA3,TAF7
TAF7,TADA3
HIST1H1E,HIST1H1B
HIST1H1B,HIST1H1E
HIST1H1E,H1F0
H1F0,HIST1H1E
HIST1H1E,HMGA1
HMGA1,HIST1H1E
HIST1H1E,HMGA2
HMGA2,HIST1H1E
HIST1H1E,EHMT2
EHMT2,HIST1H1E
HIST1H1E,CBX3
CBX3,HIST1H1E
HIST1H1E,HIST1H1C
HIST1H1C,HIST1H1E
DRAP1,DR1
DR1,DRAP1
DRAP1,FOXH1
FOXH1,DRAP1
DRAP1,SMAD3
SMAD3,DRAP1
GEMIN2,NUP37
GEMIN2,HNRNPR
HNRNPR,GEMIN2
GEMIN2,NUP88
GEMIN2,NUP93
GEMIN2,SNRPB
SNRPB,GEMIN2
GEMIN2,DDX20
DDX20,GEMIN2
GEMIN2,GEMIN8
GEMIN2,PRMT5
F2,AFP
F2,YBX1
YBX1,F2
F2,AGT
F2,APOA2
F2,SPP1
F2,AHSG
F2,F3
F2,PPARA
PPARA,F2
F2,FGG
F2,GRPR
F2,F10
HCFC1,CHD8
CHD8,HCFC1
HCFC1,WDR5
WDR5,HCFC1
HCFC1,ASXL1
ASXL1,HCFC1
HCFC1,TAF6
TAF6,HCFC1
HCFC1,TEX10
HCFC1,CXXC1
CXXC1,HCFC1
HCFC1,RUVBL1
RUVBL1,HCFC1
HCFC1,RNF2
RNF2,HCFC1
HCFC1,RUVBL2
RUVBL2,HCFC1
HCFC1,TAF7
TAF7,HCFC1
MIS18BP1,CENPN
MIS18BP1,DSN1
MIS18BP1,ITGB3BP
MIS18BP1,ECT2
MIS18BP1,CENPF
MIS18BP1,CDK1
MIS18BP1,RUVBL1
RUVBL1,MIS18BP1
MIS18BP1,CENPK
CENPK,MIS18BP1
MIS18BP1,RBBP4
RBBP4,MIS18BP1
MIS18BP1,CDC20
MIS18BP1,NUSAP1
MIS18BP1,CENPW
MIS18BP1,TOP2A
MIS18BP1,NEK2
MIS18BP1,RRM2
MIS18BP1,RBBP7
RBBP7,MIS18BP1
MIS18BP1,CKAP2
FOSL1,MAF
MAF,FOSL1
FOSL1,NFATC2
NFATC2,FOSL1
FOSL1,JUN
JUN,FOSL1
SRSF3,NUP93
RNPS1,NUP93
SNRPB,NUP93
SP100,NUP93
DDX20,NUP93
SRSF2,NUP93
SRRM1,NUP93
PTTG1,FANCI
BRCA2,FANCI
POLR2L,FANCI
GTF2H2,FANCI
KNTC1,FANCI
RAD51,FANCI
GTF2F2,FANCI
TCEB1,FANCI
TCEB3,FANCI
POLR2F,FANCI
POLR2K,FANCI
GTF2H3,FANCI
BRCA1,FANCI
POLR2B,FANCI
MCM3,FANCI
TCEA1,FANCI
FOXM1,FANCI
E2F5,CKS1B
PTTG1,CKS1B
TFDP1,CKS1B
CDKN1A,CKS1B
E2F4,CKS1B
CENPK,ZWILCH
KNTC1,ZWILCH
CNTRL,IQCB1
REST,GATAD2B
GATAD2B,REST
REST,HDAC2
HDAC2,REST
REST,RBBP4
RBBP4,REST
REST,HDAC1
HDAC1,REST
REST,JUN
JUN,REST
REST,RNF2
RNF2,REST
REST,EZH2
EZH2,REST
REST,RBBP7
RBBP7,REST
PPARA,UCP2
TAF7,CHD8
CHD8,TAF7
TAF7,WDR5
WDR5,TAF7
TAF7,TAF5
TAF5,TAF7
TAF7,POLR2L
POLR2L,TAF7
TAF7,TAF9B
TAF9B,TAF7
TAF7,GTF2H2
GTF2H2,TAF7
TAF7,TAF6
TAF6,TAF7
TAF7,TEX10
TAF7,GTF2F2
GTF2F2,TAF7
TAF7,RUVBL1
RUVBL1,TAF7
TAF7,RNF2
RNF2,TAF7
TAF7,POLR2F
POLR2F,TAF7
TAF7,TAF11
TAF11,TAF7
TAF7,POLR2K
POLR2K,TAF7
TAF7,GTF2H3
GTF2H3,TAF7
TAF7,POLR2B
POLR2B,TAF7
TAF7,RUVBL2
RUVBL2,TAF7
TAF7,TCEA1
TCEA1,TAF7
HNF4A,SMAD3
SMAD3,HNF4A
HNF4A,NCOA1
NCOA1,HNF4A
HNF4A,FOXO1
FOXO1,HNF4A
HNF4A,GATA4
GATA4,HNF4A
HNF4A,MYC
MYC,HNF4A
HNF4A,HNF1B
HNF1B,HNF4A
HNF4A,JUN
JUN,HNF4A
HNF4A,CDX2
CDX2,HNF4A
HNF4A,CEBPA
CEBPA,HNF4A
HNF4A,FOXA2
FOXA2,HNF4A
HNRNPD,YBX1
YBX1,HNRNPD
HNRNPD,CSDE1
CSDE1,HNRNPD
HNRNPD,HNRNPR
HNRNPR,HNRNPD
HNRNPD,HNRNPH2
HNRNPD,RNPS1
RNPS1,HNRNPD
HNRNPD,HNRNPK
HNRNPK,HNRNPD
HNRNPD,ELAVL2
ELAVL2,HNRNPD
HNRNPD,SNRPB
SNRPB,HNRNPD
HNRNPD,HNRNPAB
HNRNPAB,HNRNPD
HNRNPD,EFTUD2
HNRNPD,PLRG1
PLRG1,HNRNPD
HNRNPD,CHEK1
HNRNPD,POLR2B
POLR2B,HNRNPD
HNRNPD,HNRNPUL1
HNRNPUL1,HNRNPD
HNRNPD,MYC
MYC,HNRNPD
HNRNPD,RBMX
RBMX,HNRNPD
HNRNPD,ZFP36
ZFP36,HNRNPD
HNRNPD,SRSF3
SRSF3,HNRNPD
HNRNPD,POLR2L
POLR2L,HNRNPD
HNRNPD,PPIL1
HNRNPD,GTF2F2
GTF2F2,HNRNPD
HNRNPD,SRSF10
SRSF10,HNRNPD
HNRNPD,SRSF2
SRSF2,HNRNPD
HNRNPD,POLR2F
POLR2F,HNRNPD
HNRNPD,POLR2K
POLR2K,HNRNPD
HNRNPD,SRRM1
SRRM1,HNRNPD
DAB2,BIN1
BIN1,DAB2
DAB2,TF
DAB2,SMAD3
SMAD3,DAB2
DAB2,TFRC
KHDRBS1,CDK1
KHDRBS1,HNRNPR
HNRNPR,KHDRBS1
KHDRBS1,HNRNPK
HNRNPK,KHDRBS1
KHDRBS1,ILF3
ILF3,KHDRBS1
KHDRBS1,FUBP1
FUBP1,KHDRBS1
KHDRBS1,RBMX
RBMX,KHDRBS1
KHDRBS1,SRSF3
SRSF3,KHDRBS1
KHDRBS1,MATR3
MATR3,KHDRBS1
KHDRBS1,ILF2
ILF2,KHDRBS1
KHDRBS1,SRSF2
SRSF2,KHDRBS1
PDCD11,TSFM
EEF1A1,TSFM
PTTG1,AURKB
E2F8,AURKB
RAD51,AURKB
CBX3,AURKB
FOXM1,AURKB
CENPK,AURKB
PIAS3,AURKB
BRCA2,AURKB
TCF19,AURKB
KNTC1,AURKB
MCM3,AURKB
UHRF1,AURKB
TFE3,TFDP1
TFDP1,TFE3
TFE3,SMAD3
SMAD3,TFE3
PDCD11,MRPL1
STAT2,PIAS3
PIAS3,STAT2
STAT2,IRF9
IRF9,STAT2
STAT2,IFITM1
STAT2,PIAS2
PIAS2,STAT2
STAT2,ISG15
STAT2,IRF3
IRF3,STAT2
STAT2,IFITM2
STAT2,SMARCA4
SMARCA4,STAT2
STAT2,IFITM3
STAT2,IL6ST
BIN1,TF
BIN1,TFRC
BIN1,MYC
MYC,BIN1
ZFP42,SOX2
SOX2,ZFP42
RUVBL1,COPS5
COPS5,RUVBL1
RUVBL1,CENPN
RUVBL1,ACTL6A
RUVBL1,RBBP4
RBBP4,RUVBL1
RUVBL1,VPS72
RUVBL1,ITGB3BP
RUVBL1,ANP32E
RUVBL1,MYC
MYC,RUVBL1
RUVBL1,HDAC1
HDAC1,RUVBL1
RUVBL1,RUVBL2
RUVBL2,RUVBL1
RUVBL1,EEF1A1
EEF1A1,RUVBL1
RUVBL1,CHD8
CHD8,RUVBL1
RUVBL1,CENPK
CENPK,RUVBL1
RUVBL1,DR1
DR1,RUVBL1
RUVBL1,WDR5
WDR5,RUVBL1
RUVBL1,TAF6
TAF6,RUVBL1
RUVBL1,TEX10
RUVBL1,DKC1
RUVBL1,DPCD
RUVBL1,CENPW
RUVBL1,RNF2
RNF2,RUVBL1
RUVBL1,ING3
ING3,RUVBL1
RUVBL1,ZNHIT3
ZNHIT3,RUVBL1
RUVBL1,PRMT5
RUVBL1,RBBP7
RBBP7,RUVBL1
GATAD2B,PRMT5
HDAC2,PRMT5
SNRPB,PRMT5
RBBP4,PRMT5
HDAC1,PRMT5
PRDM1,PRMT5
ARID2,PRMT5
WDR5,PRMT5
SMARCD2,PRMT5
DDX20,PRMT5
DNMT1,PRMT5
SMARCA4,PRMT5
SMARCE1,PRMT5
RBBP7,PRMT5
PTTG1,SKA3
FXR1,AGTRAP
EZH2,CDK1
EZH2,GATAD2B
GATAD2B,EZH2
EZH2,TOP2A
EZH2,HDAC2
HDAC2,EZH2
EZH2,PBX1
PBX1,EZH2
EZH2,PCGF6
PCGF6,EZH2
EZH2,DOT1L
DOT1L,EZH2
EZH2,PAX6
PAX6,EZH2
EZH2,RBBP4
RBBP4,EZH2
EZH2,AEBP2
AEBP2,EZH2
EZH2,MTF2
MTF2,EZH2
EZH2,DNMT3B
DNMT3B,EZH2
EZH2,POLR2B
POLR2B,EZH2
EZH2,GATA4
GATA4,EZH2
EZH2,MYC
MYC,EZH2
EZH2,HDAC1
HDAC1,EZH2
EZH2,JARID2
JARID2,EZH2
EZH2,FOXM1
FOXM1,EZH2
EZH2,JUN
JUN,EZH2
EZH2,RARG
RARG,EZH2
EZH2,WDR5
WDR5,EZH2
EZH2,RRM2
EZH2,TFDP1
TFDP1,EZH2
EZH2,POLR2L
POLR2L,EZH2
EZH2,ASXL1
ASXL1,EZH2
EZH2,CDKN1A
CDKN1A,EZH2
EZH2,PARP1
PARP1,EZH2
EZH2,SRSF2
SRSF2,EZH2
EZH2,RNF2
RNF2,EZH2
EZH2,POLR2F
POLR2F,EZH2
EZH2,DNMT1
DNMT1,EZH2
EZH2,POLR2K
POLR2K,EZH2
EZH2,BRCA1
BRCA1,EZH2
EZH2,SMARCA4
SMARCA4,EZH2
EZH2,NCOA6
NCOA6,EZH2
EZH2,UHRF1
UHRF1,EZH2
EZH2,RBBP7
RBBP7,EZH2
ING3,DR1
DR1,ING3
ING3,WDR5
WDR5,ING3
ING3,ACTL6A
ING3,VPS72
ING3,ANP32E
ING3,RUVBL2
RUVBL2,ING3
MLXIPL,NIF3L1
MLXIPL,MTTP
ETV4,JUN
JUN,ETV4
ETV4,EWSR1
EWSR1,ETV4
ING5,GATAD2B
GATAD2B,ING5
ING5,HDAC2
HDAC2,ING5
ING5,RBBP4
RBBP4,ING5
ING5,HDAC1
HDAC1,ING5
ING5,RBBP7
RBBP7,ING5
NME2,DCTPP1
HNRNPAB,DCTPP1
ZFP36,EXOSC3
ZNRD1,EXOSC3
PDCD11,EXOSC3
E2F7,CDK1
E2F7,E2F8
E2F8,E2F7
E2F7,MYC
MYC,E2F7
E2F7,CDKN1A
CDKN1A,E2F7
SOX2,POU2F1
POU2F1,SOX2
SOX2,PBX1
PBX1,SOX2
SOX2,LCMT1
SOX2,PAX6
PAX6,SOX2
SOX2,DPPA4
SOX2,OTX2
OTX2,SOX2
SOX2,POLR2B
POLR2B,SOX2
SOX2,GATA4
GATA4,SOX2
SOX2,MYC
MYC,SOX2
SOX2,POLR2L
POLR2L,SOX2
SOX2,LIN28A
LIN28A,SOX2
SOX2,KLF5
KLF5,SOX2
SOX2,TCF4
TCF4,SOX2
SOX2,EOMES
EOMES,SOX2
SOX2,POLR2F
POLR2F,SOX2
SOX2,SALL2
SALL2,SOX2
SOX2,CDX2
CDX2,SOX2
SOX2,DNMT1
DNMT1,SOX2
SOX2,POLR2K
POLR2K,SOX2
SOX2,FOXA2
FOXA2,SOX2
MED14,POLR2L
POLR2L,MED14
MED14,NCOA1
NCOA1,MED14
MED14,POLR2F
POLR2F,MED14
MED14,CEBPA
CEBPA,MED14
MED14,POLR2K
POLR2K,MED14
MED14,POLR2B
POLR2B,MED14
MED14,CEBPD
CEBPD,MED14
MED14,THRAP3
THRAP3,MED14
DDX54,POLR1B
POLR1B,DDX54
DDX54,EBNA1BP2
DDX54,POLR1E
POLR1E,DDX54
DDX54,PWP1
PWP1,DDX54
DDX54,SDAD1
DDX54,BRIX1
DDX54,MYBBP1A
MYBBP1A,DDX54
DDX54,PAK1IP1
DDX54,PDCD11
PDCD11,DDX54
DDX54,AATF
AATF,DDX54
DDX54,TEX10
DDX54,DKC1
DDX54,WDR74
DDX54,WDR43
DDX54,NOL10
TRIM25,IRF9
IRF9,TRIM25
TRIM25,SP100
SP100,TRIM25
TRIM25,IRF3
IRF3,TRIM25
TRIM25,RFC4
TRIM25,WARS
TRIM25,ISG15
TRIM25,PCNA
TRIM25,KLF5
KLF5,TRIM25
TRIM25,ATG5
TRIM25,RFC1
RFC1,TRIM25
SMARCE1,JUN
JUN,SMARCE1
SMARCE1,ARID2
ARID2,SMARCE1
SMARCE1,SMARCD2
SMARCD2,SMARCE1
SMARCE1,HDAC2
HDAC2,SMARCE1
SMARCE1,ACTL6A
SMARCE1,TOP2B
TOP2B,SMARCE1
SMARCE1,ILF2
ILF2,SMARCE1
SMARCE1,IRF3
IRF3,SMARCE1
SMARCE1,SMARCA4
SMARCA4,SMARCE1
SMARCE1,DPF2
DPF2,SMARCE1
SMARCE1,HDAC1
HDAC1,SMARCE1
POLR2L,POLR3D
POLR3D,POLR2L
POLR2L,JUN
JUN,POLR2L
POLR2L,TAF1A
TAF1A,POLR2L
POLR2L,RARG
RARG,POLR2L
POLR2L,YBX1
YBX1,POLR2L
POLR2L,POLR1B
POLR1B,POLR2L
POLR2L,SRSF3
SRSF3,POLR2L
POLR2L,NME2
NME2,POLR2L
POLR2L,SSB
SSB,POLR2L
POLR2L,CTPS1
POLR2L,POU2F1
POU2F1,POLR2L
POLR2L,ZNRD1
ZNRD1,POLR2L
POLR2L,WDR5
WDR5,POLR2L
POLR2L,HNRNPR
HNRNPR,POLR2L
POLR2L,DEK
DEK,POLR2L
POLR2L,GTF3C5
GTF3C5,POLR2L
POLR2L,HNRNPH2
POLR2L,TAF5
TAF5,POLR2L
POLR2L,RNPS1
RNPS1,POLR2L
POLR2L,COPS5
COPS5,POLR2L
POLR2L,HNRNPK
HNRNPK,POLR2L
POLR2L,BDP1
BDP1,POLR2L
POLR2L,PPIL1
POLR2L,USP7
POLR2L,TAF9B
TAF9B,POLR2L
POLR2L,NFIB
NFIB,POLR2L
POLR2L,GTF2H2
GTF2H2,POLR2L
POLR2L,PBX1
PBX1,POLR2L
POLR2L,TAF6
TAF6,POLR2L
POLR2L,POLR1E
POLR1E,POLR2L
POLR2L,ZNF143
ZNF143,POLR2L
POLR2L,GPN3
POLR2L,PCNA
POLR2L,GTF2F2
GTF2F2,POLR2L
POLR2L,ELAVL2
ELAVL2,POLR2L
POLR2L,GTF3C4
GTF3C4,POLR2L
POLR2L,SRSF10
SRSF10,POLR2L
POLR2L,TCEB1
TCEB1,POLR2L
POLR2L,PAX6
PAX6,POLR2L
POLR2L,SNRPB
SNRPB,POLR2L
POLR2L,TCEB3
TCEB3,POLR2L
POLR2L,RBBP4
RBBP4,POLR2L
POLR2L,EFTUD2
POLR2L,PLRG1
PLRG1,POLR2L
POLR2L,SRSF2
SRSF2,POLR2L
POLR2L,POLR2F
POLR2F,POLR2L
POLR2L,TAF11
TAF11,POLR2L
POLR2L,POLR2K
POLR2K,POLR2L
POLR2L,CHEK1
POLR2L,GTF2H3
GTF2H3,POLR2L
POLR2L,GTF3C2
GTF3C2,POLR2L
POLR2L,RFC4
POLR2L,BRCA1
BRCA1,POLR2L
POLR2L,RFC1
RFC1,POLR2L
POLR2L,POLR2B
POLR2B,POLR2L
POLR2L,HNRNPUL1
HNRNPUL1,POLR2L
POLR2L,HMGN1
HMGN1,POLR2L
POLR2L,SRRM1
SRRM1,POLR2L
POLR2L,POLR1C
POLR1C,POLR2L
POLR2L,NCOA6
NCOA6,POLR2L
POLR2L,PTRF
PTRF,POLR2L
POLR2L,TCEA1
TCEA1,POLR2L
POLR2L,RBMX
RBMX,POLR2L
POLR2L,RBBP7
RBBP7,POLR2L
POLR2L,MYBBP1A
MYBBP1A,POLR2L
GRHL1,PPARA
PPARA,GRHL1
GRHL1,NCOA1
NCOA1,GRHL1
GRHL1,NCOA6
NCOA6,GRHL1
NFKBIZ,TNFAIP3
TNFAIP3,NFKBIZ
TFDP1,PMAIP1
MYC,PMAIP1
SRRM1,NUP37
SRRM1,YBX1
YBX1,SRRM1
SRRM1,SRSF3
SRSF3,SRRM1
SRRM1,HNRNPR
HNRNPR,SRRM1
SRRM1,DEK
DEK,SRRM1
SRRM1,HNRNPH2
SRRM1,RNPS1
RNPS1,SRRM1
SRRM1,HNRNPK
HNRNPK,SRRM1
SRRM1,NUP88
SRRM1,PPIL1
SRRM1,GTF2F2
GTF2F2,SRRM1
SRRM1,ELAVL2
ELAVL2,SRRM1
SRRM1,SRSF10
SRSF10,SRRM1
SRRM1,SNRPB
SNRPB,SRRM1
SRRM1,EFTUD2
SRRM1,PLRG1
PLRG1,SRRM1
SRRM1,SRSF2
SRSF2,SRRM1
SRRM1,POLR2F
POLR2F,SRRM1
SRRM1,POLR2K
POLR2K,SRRM1
SRRM1,POLR2B
POLR2B,SRRM1
SRRM1,HNRNPUL1
HNRNPUL1,SRRM1
SRRM1,THRAP3
THRAP3,SRRM1
SRRM1,RBMX
RBMX,SRRM1
PPARA,SLC25A20
MAF,NFATC2
NFATC2,MAF
MAF,PAX6
PAX6,MAF
MAF,PRDM1
PRDM1,MAF
MAF,JUN
JUN,MAF
TGIF1,SMAD3
SMAD3,TGIF1
TGIF1,HDAC2
HDAC2,TGIF1
TGIF1,TGIF2
TGIF2,TGIF1
TGIF1,RBBP4
RBBP4,TGIF1
TGIF1,HDAC1
HDAC1,TGIF1
TGIF1,RBBP7
RBBP7,TGIF1
YAF2,EHMT2
EHMT2,YAF2
YAF2,CBX3
CBX3,YAF2
YAF2,RNF2
RNF2,YAF2
YAF2,TFDP1
TFDP1,YAF2
YAF2,EHMT1
EHMT1,YAF2
YAF2,BCOR
BCOR,YAF2
YAF2,PCGF6
PCGF6,YAF2
KNTC1,NUP37
KNTC1,CDK1
KNTC1,CENPK
CENPK,KNTC1
KNTC1,TOP2A
KNTC1,CENPN
KNTC1,CENPF
KNTC1,DSN1
KNTC1,ZWINT
KNTC1,CDC20
KNTC1,NUSAP1
KNTC1,RFC4
KNTC1,ITGB3BP
KNTC1,PRIM1
KNTC1,MCM3
MCM3,KNTC1
DNMT3B,HDAC2
HDAC2,DNMT3B
DNMT3B,EHMT2
EHMT2,DNMT3B
DNMT3B,DPPA4
DNMT3B,RBBP4
RBBP4,DNMT3B
DNMT3B,AEBP2
AEBP2,DNMT3B
DNMT3B,MTF2
MTF2,DNMT3B
DNMT3B,DNMT1
DNMT1,DNMT3B
DNMT3B,HDAC1
HDAC1,DNMT3B
DNMT3B,HELLS
DNMT3B,JARID2
JARID2,DNMT3B
DNMT3B,UHRF1
UHRF1,DNMT3B
DNMT3B,RBBP7
RBBP7,DNMT3B
GTF2H2,TAF1A
TAF1A,GTF2H2
GTF2H2,POLR1B
POLR1B,GTF2H2
GTF2H2,ZNRD1
ZNRD1,GTF2H2
GTF2H2,PIAS3
PIAS3,GTF2H2
GTF2H2,TAF5
TAF5,GTF2H2
GTF2H2,COPS5
COPS5,GTF2H2
GTF2H2,USP7
GTF2H2,TAF9B
TAF9B,GTF2H2
GTF2H2,PARP1
PARP1,GTF2H2
GTF2H2,TAF6
TAF6,GTF2H2
GTF2H2,POLR1E
POLR1E,GTF2H2
GTF2H2,PCNA
GTF2H2,GTF2F2
GTF2F2,GTF2H2
GTF2H2,TCEB1
TCEB1,GTF2H2
GTF2H2,MMS19
MMS19,GTF2H2
GTF2H2,TCEB3
TCEB3,GTF2H2
GTF2H2,POLR2F
POLR2F,GTF2H2
GTF2H2,TAF11
TAF11,GTF2H2
GTF2H2,POLR2K
POLR2K,GTF2H2
GTF2H2,CHEK1
GTF2H2,GTF2H3
GTF2H3,GTF2H2
GTF2H2,RFC4
GTF2H2,BRCA1
BRCA1,GTF2H2
GTF2H2,RFC1
RFC1,GTF2H2
GTF2H2,POLR2B
POLR2B,GTF2H2
GTF2H2,HMGN1
HMGN1,GTF2H2
GTF2H2,POLR1C
POLR1C,GTF2H2
GTF2H2,PTRF
PTRF,GTF2H2
GTF2H2,TCEA1
TCEA1,GTF2H2
CREB3L2,CREB3L4
CREB3L4,CREB3L2
CREB3L2,CREB1
CREB1,CREB3L2
HIST1H1B,H1F0
H1F0,HIST1H1B
HIST1H1B,HMGA1
HMGA1,HIST1H1B
HIST1H1B,HMGA2
HMGA2,HIST1H1B
HIST1H1B,CBX3
CBX3,HIST1H1B
HIST1H1B,HIST1H1C
HIST1H1C,HIST1H1B
HIST1H1B,DNMT1
DNMT1,HIST1H1B
ZNRD1,TAF1A
TAF1A,ZNRD1
ZNRD1,POLR1B
POLR1B,ZNRD1
ZNRD1,CTPS1
ZNRD1,DEK
DEK,ZNRD1
ZNRD1,POLR1E
POLR1E,ZNRD1
ZNRD1,POLR2F
POLR2F,ZNRD1
ZNRD1,POLR2K
POLR2K,ZNRD1
ZNRD1,GTF2H3
GTF2H3,ZNRD1
ZNRD1,POLR2B
POLR2B,ZNRD1
ZNRD1,POLR1C
POLR1C,ZNRD1
ZNRD1,PWP1
PWP1,ZNRD1
ZNRD1,PTRF
PTRF,ZNRD1
ZNRD1,BRIX1
ZNRD1,NOP16
ZNRD1,MYBBP1A
MYBBP1A,ZNRD1
SMAD3,YBX1
YBX1,SMAD3
SMAD3,FOXH1
FOXH1,SMAD3
SMAD3,ATF3
ATF3,SMAD3
SMAD3,HDAC2
HDAC2,SMAD3
SMAD3,TGIF2
TGIF2,SMAD3
SMAD3,MEF2C
MEF2C,SMAD3
SMAD3,RBBP4
RBBP4,SMAD3
SMAD3,NCOA1
NCOA1,SMAD3
SMAD3,FOXO1
FOXO1,SMAD3
SMAD3,GATA4
GATA4,SMAD3
SMAD3,MYC
MYC,SMAD3
SMAD3,HDAC1
HDAC1,SMAD3
SMAD3,BMPR1A
BMPR1A,SMAD3
SMAD3,E2F4
E2F4,SMAD3
SMAD3,FOXM1
FOXM1,SMAD3
SMAD3,JUN
JUN,SMAD3
SMAD3,PIAS3
PIAS3,SMAD3
SMAD3,E2F5
E2F5,SMAD3
SMAD3,TFDP1
TFDP1,SMAD3
SMAD3,CDKN1A
CDKN1A,SMAD3
SMAD3,PARP1
PARP1,SMAD3
SMAD3,BMP2
BMP2,SMAD3
SMAD3,HMGA2
HMGA2,SMAD3
SMAD3,SKIL
SKIL,SMAD3
SMAD3,KPNA2
SMAD3,ETS1
ETS1,SMAD3
SMAD3,SMAD5
SMAD5,SMAD3
SMAD3,RBBP7
RBBP7,SMAD3
ILF2,ACAA1
GATA4,AFP
GATA4,HIPK2
HIPK2,GATA4
GATA4,NFATC2
NFATC2,GATA4
GATA4,MEF2C
MEF2C,GATA4
GATA4,BMPR1A
BMPR1A,GATA4
GATA4,BMP2
BMP2,GATA4
GATA4,CDX2
CDX2,GATA4
GATA4,SMAD5
SMAD5,GATA4
GATA4,FOXA2
FOXA2,GATA4
ARID2,ACTL6A
ARID2,DPF2
DPF2,ARID2
ARID2,IFITM1
ARID2,SMARCD2
SMARCD2,ARID2
ARID2,SMARCA4
SMARCA4,ARID2
LIN28A,DPPA4
PTTG1,CDKN3
FOXM1,CDKN3
CDKN1A,CDKN3
RAD54B,XRCC5
XRCC5,RAD54B
RAD54B,RAD51
RAD51,RAD54B
RAD54B,RAD51C
RAD54B,CHEK1
RAD54B,BLM
RAD54B,XRCC6
XRCC6,RAD54B
RAD54B,BRCA2
BRCA2,RAD54B
RAD54B,CHEK2
CBX3,GATAD2B
GATAD2B,CBX3
CBX3,HDAC2
HDAC2,CBX3
CBX3,PCGF6
PCGF6,CBX3
CBX3,HIST1H1C
HIST1H1C,CBX3
CBX3,RBBP4
RBBP4,CBX3
CBX3,EHMT1
EHMT1,CBX3
CBX3,HDAC1
HDAC1,CBX3
CBX3,TFDP1
TFDP1,CBX3
CBX3,EHMT2
EHMT2,CBX3
CBX3,DSN1
CBX3,RNF2
RNF2,CBX3
CBX3,RBBP7
RBBP7,CBX3
RAD51,RAD51C
BRCA2,RAD51C
BRCA1,RAD51C
RFC1,RAD51C
FXR1,FGG
ZNF644,EHMT2
EHMT2,ZNF644
ZBTB16,RNF4
RNF4,ZBTB16
ZBTB16,COPS5
COPS5,ZBTB16
ZBTB16,COMMD3
ZBTB16,TCEB1
TCEB1,ZBTB16
ZBTB16,CDC20
ZBTB16,EEF1A1
EEF1A1,ZBTB16
ZBTB16,ANAPC4
ZBTB16,UBE2C
ZBTB16,RNF19A
RNF19A,ZBTB16
ZBTB16,ANAPC7
ZBTB16,LMO7
BCL11A,NR2F2
NR2F2,BCL11A
BCL11A,RBBP4
RBBP4,BCL11A
BCL11A,HDAC1
HDAC1,BCL11A
BCL11A,RBBP7
RBBP7,BCL11A
POLR1B,BRIX1
PDCD11,BRIX1
AATF,BRIX1
POLR1E,BRIX1
POLR2F,BRIX1
POLR1C,BRIX1
PWP1,BRIX1
EEF1A1,YARS
EEF1A1,EFTUD2
EEF1A1,POLR2B
POLR2B,EEF1A1
HIST1H1C,H1F0
H1F0,HIST1H1C
HIST1H1C,HMGA1
HMGA1,HIST1H1C
HIST1H1C,HMGA2
HMGA2,HIST1H1C
CREB1,CAMK2D
PARP1,CAMK2D
MEF2C,CAMK2D
TAF9B,TAF5
TAF5,TAF9B
TAF9B,TAF6
TAF6,TAF9B
TAF9B,GTF2F2
GTF2F2,TAF9B
TAF9B,POLR2F
POLR2F,TAF9B
TAF9B,TAF11
TAF11,TAF9B
TAF9B,POLR2K
POLR2K,TAF9B
TAF9B,GTF2H3
GTF2H3,TAF9B
TAF9B,POLR2B
POLR2B,TAF9B
TAF9B,TCEA1
TCEA1,TAF9B
TAF1A,EHMT2
EHMT2,TAF1A
TAF1A,POLR1B
POLR1B,TAF1A
TAF1A,HDAC2
HDAC2,TAF1A
TAF1A,POLR1C
POLR1C,TAF1A
TAF1A,RBBP4
RBBP4,TAF1A
TAF1A,GATAD2B
GATAD2B,TAF1A
TAF1A,PTRF
PTRF,TAF1A
TAF1A,HDAC1
HDAC1,TAF1A
TAF1A,POLR1E
POLR1E,TAF1A
TAF1A,DEK
DEK,TAF1A
TAF1A,POLR2F
POLR2F,TAF1A
TAF1A,POLR2K
POLR2K,TAF1A
TAF1A,RBBP7
RBBP7,TAF1A
TAF1A,GTF2H3
GTF2H3,TAF1A
TAF1A,MYBBP1A
MYBBP1A,TAF1A
GTF2F2,YBX1
YBX1,GTF2F2
GTF2F2,SRSF3
SRSF3,GTF2F2
GTF2F2,POU2F1
POU2F1,GTF2F2
GTF2F2,HNRNPR
HNRNPR,GTF2F2
GTF2F2,HNRNPH2
GTF2F2,TAF5
TAF5,GTF2F2
GTF2F2,RNPS1
RNPS1,GTF2F2
GTF2F2,HNRNPK
HNRNPK,GTF2F2
GTF2F2,PPIL1
GTF2F2,TAF6
TAF6,GTF2F2
GTF2F2,ZNF143
ZNF143,GTF2F2
GTF2F2,ELAVL2
ELAVL2,GTF2F2
GTF2F2,SRSF10
SRSF10,GTF2F2
GTF2F2,TCEB1
TCEB1,GTF2F2
GTF2F2,SNRPB
SNRPB,GTF2F2
GTF2F2,TCEB3
TCEB3,GTF2F2
GTF2F2,EFTUD2
GTF2F2,PLRG1
PLRG1,GTF2F2
GTF2F2,SRSF2
SRSF2,GTF2F2
GTF2F2,POLR2F
POLR2F,GTF2F2
GTF2F2,TAF11
TAF11,GTF2F2
GTF2F2,POLR2K
POLR2K,GTF2F2
GTF2F2,CHEK1
GTF2F2,GTF2H3
GTF2H3,GTF2F2
GTF2F2,BRCA1
BRCA1,GTF2F2
GTF2F2,POLR2B
POLR2B,GTF2F2
GTF2F2,HNRNPUL1
HNRNPUL1,GTF2F2
GTF2F2,POLR1C
POLR1C,GTF2F2
GTF2F2,TCEA1
TCEA1,GTF2F2
GTF2F2,RBMX
RBMX,GTF2F2
MEF2C,JUN
JUN,MEF2C
MEF2C,TFDP1
TFDP1,MEF2C
MEF2C,TCF4
TCF4,MEF2C
JARID2,HDAC2
HDAC2,JARID2
JARID2,RBBP4
RBBP4,JARID2
JARID2,AEBP2
AEBP2,JARID2
JARID2,MTF2
MTF2,JARID2
JARID2,EHMT1
EHMT1,JARID2
JARID2,EHMT2
EHMT2,JARID2
JARID2,RNF2
RNF2,JARID2
JARID2,DNMT1
DNMT1,JARID2
JARID2,RBBP7
RBBP7,JARID2
IVNS1ABP,ERBB4
PDGFA,ERBB4
FOXM1,CDK1
FOXM1,TOP2A
FOXM1,PTTG1
PTTG1,FOXM1
FOXM1,CENPF
FOXM1,E2F8
E2F8,FOXM1
FOXM1,RBBP4
RBBP4,FOXM1
FOXM1,CDC20
FOXM1,NUSAP1
FOXM1,NEK2
FOXM1,PRC1
FOXM1,CHEK1
FOXM1,MYC
MYC,FOXM1
FOXM1,HMMR
FOXM1,CDCA3
FOXM1,RRM2
FOXM1,UBE2C
FOXM1,ZWINT
FOXM1,CHEK2
POLR2K,POLR3D
POLR3D,POLR2K
POLR2K,JUN
JUN,POLR2K
POLR2K,RARG
RARG,POLR2K
POLR2K,YBX1
YBX1,POLR2K
POLR2K,POLR1B
POLR1B,POLR2K
POLR2K,SRSF3
SRSF3,POLR2K
POLR2K,SSB
SSB,POLR2K
POLR2K,POU2F1
POU2F1,POLR2K
POLR2K,WDR5
WDR5,POLR2K
POLR2K,HNRNPR
HNRNPR,POLR2K
POLR2K,DEK
DEK,POLR2K
POLR2K,GTF3C5
GTF3C5,POLR2K
POLR2K,HNRNPH2
POLR2K,TAF5
TAF5,POLR2K
POLR2K,RNPS1
RNPS1,POLR2K
POLR2K,COPS5
COPS5,POLR2K
POLR2K,HNRNPK
HNRNPK,POLR2K
POLR2K,BDP1
BDP1,POLR2K
POLR2K,PPIL1
POLR2K,USP7
POLR2K,NFIB
NFIB,POLR2K
POLR2K,PBX1
PBX1,POLR2K
POLR2K,TAF6
TAF6,POLR2K
POLR2K,POLR1E
POLR1E,POLR2K
POLR2K,ZNF143
ZNF143,POLR2K
POLR2K,PCNA
POLR2K,ELAVL2
ELAVL2,POLR2K
POLR2K,GTF3C4
GTF3C4,POLR2K
POLR2K,SRSF10
SRSF10,POLR2K
POLR2K,TCEB1
TCEB1,POLR2K
POLR2K,PAX6
PAX6,POLR2K
POLR2K,SNRPB
SNRPB,POLR2K
POLR2K,TCEB3
TCEB3,POLR2K
POLR2K,RBBP4
RBBP4,POLR2K
POLR2K,EFTUD2
POLR2K,PLRG1
PLRG1,POLR2K
POLR2K,SRSF2
SRSF2,POLR2K
POLR2K,POLR2F
POLR2F,POLR2K
POLR2K,TAF11
TAF11,POLR2K
POLR2K,CHEK1
POLR2K,GTF2H3
GTF2H3,POLR2K
POLR2K,GTF3C2
GTF3C2,POLR2K
POLR2K,RFC4
POLR2K,BRCA1
BRCA1,POLR2K
POLR2K,RFC1
RFC1,POLR2K
POLR2K,POLR2B
POLR2B,POLR2K
POLR2K,HNRNPUL1
HNRNPUL1,POLR2K
POLR2K,HMGN1
HMGN1,POLR2K
POLR2K,POLR1C
POLR1C,POLR2K
POLR2K,NCOA6
NCOA6,POLR2K
POLR2K,PTRF
PTRF,POLR2K
POLR2K,TCEA1
TCEA1,POLR2K
POLR2K,RBMX
RBMX,POLR2K
POLR2K,RBBP7
RBBP7,POLR2K
POLR2K,MYBBP1A
MYBBP1A,POLR2K
SP100,IRF9
IRF9,SP100
SP100,DAXX
DAXX,SP100
SP100,TRIM22
TRIM22,SP100
SP100,IRF3
IRF3,SP100
SP100,NUP37
SP100,NUP88
SP100,ETS1
ETS1,SP100
DAXX,USP7
POLR2B,USP7
MYC,USP7
TCEA1,USP7
TRIM27,USP7
POLR2F,USP7
DNMT1,USP7
GTF2H3,USP7
RFC1,USP7
HMGN1,USP7
UHRF1,USP7
OTX2,FOXA2
FOXA2,OTX2
ATF3,MAFF
MAFF,ATF3
ATF3,KLF6
KLF6,ATF3
ATF3,JUN
JUN,ATF3
ATF3,CREB1
CREB1,ATF3
ATF3,CEBPA
CEBPA,ATF3
ATF3,SMARCA4
SMARCA4,ATF3
ATF3,DDIT3
DDIT3,ATF3
H1F0,CDK1
H1F0,HMGA1
HMGA1,H1F0
H1F0,LIN28A
LIN28A,H1F0
H1F0,HMGA2
HMGA2,H1F0
PTMA,SRSF2
SRSF2,PTMA
ILF2,QPCT
RBPJ,HDAC2
HDAC2,RBPJ
RBPJ,PBX1
PBX1,RBPJ
RBPJ,MYC
MYC,RBPJ
RBPJ,HDAC1
HDAC1,RBPJ
RBPJ,CREB1
CREB1,RBPJ
RBPJ,TFDP1
TFDP1,RBPJ
RUVBL2,VPS72
THRAP3,NCOA1
NCOA1,THRAP3
THRAP3,CEBPA
CEBPA,THRAP3
THRAP3,CEBPD
CEBPD,THRAP3
XRCC5,BLM
RAD51,BLM
XRCC6,BLM
BRCA2,BLM
TIMELESS,BLM
BRCA1,BLM
RFC1,BLM
ILF2,HP
POLR3D,SDAD1
POLR1B,SDAD1
PDCD11,SDAD1
AATF,SDAD1
POLR1E,SDAD1
PWP1,SDAD1
MYBBP1A,SDAD1
RNF4,UBE2C
PTTG1,UBE2C
RAD51,UBE2C
PCGF6,UBE2C
TCEB1,UBE2C
EHMT1,UBE2C
CDKN1A,UBE2C
ZRANB2,UBE2C
RNF19A,UBE2C
EHMT2,UBE2C
RNF2,UBE2C
BRCA1,UBE2C
MCM3,UBE2C
PTRF,POLR1B
POLR1B,PTRF
PTRF,BSCL2
PTRF,POLR1E
POLR1E,PTRF
PTRF,TAGLN
PTRF,POLR2F
POLR2F,PTRF
PTRF,GTF2H3
GTF2H3,PTRF
PTRF,POLR1C
POLR1C,PTRF
PTRF,FHL2
FHL2,PTRF
BCL11B,NR2F2
NR2F2,BCL11B
BCL11B,RBBP4
RBBP4,BCL11B
BCL11B,EOMES
EOMES,BCL11B
BCL11B,RBBP7
RBBP7,BCL11B
TOP2B,SMC4
TIMELESS,SMC4
MCM8,SMC4
RFC1,SMC4
MCM3,SMC4
RAD51,PRIM1
MCM8,PRIM1
RFC1,PRIM1
MCM3,PRIM1
COPS5,ACTL6A
COPS5,COMMD3
COPS5,TCEB1
TCEB1,COPS5
COPS5,EFTUD2
COPS5,POLR2B
POLR2B,COPS5
COPS5,JUN
JUN,COPS5
COPS5,WDR5
WDR5,COPS5
COPS5,CREB1
CREB1,COPS5
COPS5,CDKN1A
CDKN1A,COPS5
COPS5,LMO7
COPS5,POLR2F
POLR2F,COPS5
COPS5,GTF2H3
GTF2H3,COPS5
COPS5,ASPH
COPS5,RBBP7
RBBP7,COPS5
WDR5,PBX1
PBX1,WDR5
WDR5,ACTL6A
WDR5,COMMD3
WDR5,CXXC1
CXXC1,WDR5
WDR5,PAX6
PAX6,WDR5
WDR5,RBBP4
RBBP4,WDR5
WDR5,POLR2B
POLR2B,WDR5
WDR5,MYC
MYC,WDR5
WDR5,HDAC1
HDAC1,WDR5
WDR5,RUVBL2
RUVBL2,WDR5
WDR5,JUN
JUN,WDR5
WDR5,CHD8
CHD8,WDR5
WDR5,RARG
RARG,WDR5
WDR5,DR1
DR1,WDR5
WDR5,TAF6
TAF6,WDR5
WDR5,TEX10
WDR5,EHMT2
EHMT2,WDR5
WDR5,RNF2
RNF2,WDR5
WDR5,POLR2F
POLR2F,WDR5
WDR5,NCOA6
NCOA6,WDR5
WDR5,RBBP7
RBBP7,WDR5
BDP1,POLR3D
POLR3D,BDP1
BDP1,POU2F1
POU2F1,BDP1
BDP1,GTF3C5
GTF3C5,BDP1
BDP1,ZNF143
ZNF143,BDP1
BDP1,GTF3C4
GTF3C4,BDP1
BDP1,POLR2F
POLR2F,BDP1
BDP1,TFRC
BDP1,GTF3C2
GTF3C2,BDP1
BDP1,POLR1C
POLR1C,BDP1
XRCC6,PMS1
PMS1,XRCC6
XRCC6,XRCC5
XRCC5,XRCC6
XRCC6,TDP2
XRCC6,PARP1
PARP1,XRCC6
XRCC6,RAD51
RAD51,XRCC6
XRCC6,PCNA
XRCC6,IRF3
IRF3,XRCC6
XRCC6,CHEK2
XRCC6,CHEK1
XRCC6,BRCA1
BRCA1,XRCC6
XRCC6,DCLRE1C
DNMT1,HDAC2
HDAC2,DNMT1
DNMT1,CXXC1
CXXC1,DNMT1
DNMT1,RBBP4
RBBP4,DNMT1
DNMT1,AEBP2
AEBP2,DNMT1
DNMT1,MTF2
MTF2,DNMT1
DNMT1,MYC
MYC,DNMT1
DNMT1,HDAC1
HDAC1,DNMT1
DNMT1,TFDP1
TFDP1,DNMT1
DNMT1,PARP1
PARP1,DNMT1
DNMT1,PCNA
DNMT1,EHMT2
EHMT2,DNMT1
DNMT1,MCM3
MCM3,DNMT1
DNMT1,HELLS
DNMT1,UHRF1
UHRF1,DNMT1
DNMT1,RBBP7
RBBP7,DNMT1
GTF3C2,POLR3D
POLR3D,GTF3C2
GTF3C2,GTF3C5
GTF3C5,GTF3C2
GTF3C2,GTF3C4
GTF3C4,GTF3C2
GTF3C2,POLR2F
POLR2F,GTF3C2
GTF3C2,POLR1C
POLR1C,GTF3C2
PMS1,HIBCH
TEAD4,TEAD2
TEAD2,TEAD4
TEAD4,CDX2
CDX2,TEAD4
TOPORS,BRCA1
BRCA1,TOPORS
NME2,RRM2
PTTG1,RRM2
E2F8,RRM2
RAD51,RRM2
TFDP1,RRM2
TCF19,RRM2
MCM3,RRM2
UHRF1,RRM2
TIMELESS,WDHD1
RAD51,WDHD1
MCM8,WDHD1
RFC1,WDHD1
MCM3,WDHD1
MATR3,SRSF3
SRSF3,MATR3
MATR3,SSB
SSB,MATR3
MATR3,HNRNPR
HNRNPR,MATR3
MATR3,HNRNPK
HNRNPK,MATR3
MATR3,ILF2
ILF2,MATR3
MATR3,U2AF1
U2AF1,MATR3
MATR3,ILF3
ILF3,MATR3
MATR3,EWSR1
EWSR1,MATR3
MATR3,RBMX
RBMX,MATR3
TAF11,POU2F1
POU2F1,TAF11
TAF11,TAF5
TAF5,TAF11
TAF11,TAF6
TAF6,TAF11
TAF11,ZNF143
ZNF143,TAF11
TAF11,POLR2F
POLR2F,TAF11
TAF11,GTF2H3
GTF2H3,TAF11
TAF11,POLR2B
POLR2B,TAF11
TAF11,TCEA1
TCEA1,TAF11
TAF11,B4GALT3
ILF2,SRSF3
SRSF3,ILF2
ILF2,SSB
SSB,ILF2
ILF2,HNRNPR
HNRNPR,ILF2
ILF2,XRCC5
XRCC5,ILF2
ILF2,RNPS1
RNPS1,ILF2
ILF2,HNRNPK
HNRNPK,ILF2
ILF2,U2AF1
U2AF1,ILF2
ILF2,ILF3
ILF3,ILF2
ILF2,RBMX
RBMX,ILF2
HMGN2,HMGN1
HMGN1,HMGN2
CNOT7,CNOT10
CNOT7,DEDD
DEDD,CNOT7
PPARA,AGT
NCOA1,AGT
NCOA6,AGT
PARP1,PIAS3
PIAS3,PARP1
PARP1,XRCC5
XRCC5,PARP1
PARP1,BRCA2
BRCA2,PARP1
PARP1,TIMELESS
TIMELESS,PARP1
PARP1,RAD51
RAD51,PARP1
PARP1,PCNA
PARP1,CHEK1
PARP1,GTF2H3
GTF2H3,PARP1
PARP1,RFC4
PARP1,BRCA1
BRCA1,PARP1
PARP1,SMARCA4
SMARCA4,PARP1
PARP1,RFC1
RFC1,PARP1
PARP1,MYC
MYC,PARP1
CENPK,CENPF
PTTG1,CENPF
E2F8,CENPF
PTTG1,NEK2
E2F8,NEK2
CNTRL,NEK2
UHRF1,NEK2
PTTG1,UBE2T
RAD51,UBE2T
BRCA1,UBE2T
NR5A2,KPNA2
NR5A2,ZNF217
ZNF217,NR5A2
RNF2,JUN
JUN,RNF2
RNF2,CHD8
CHD8,RNF2
RNF2,GATAD2B
GATAD2B,RNF2
RNF2,TFDP1
TFDP1,RNF2
RNF2,HNRNPK
HNRNPK,RNF2
RNF2,ASXL1
ASXL1,RNF2
RNF2,HDAC2
HDAC2,RNF2
RNF2,TAF6
TAF6,RNF2
RNF2,BCOR
BCOR,RNF2
RNF2,ANAPC4
RNF2,PCGF6
PCGF6,RNF2
RNF2,TEX10
RNF2,ANAPC7
RNF2,EHMT2
EHMT2,RNF2
RNF2,RBBP4
RBBP4,RNF2
RNF2,AEBP2
AEBP2,RNF2
RNF2,EHMT1
EHMT1,RNF2
RNF2,BRCA1
BRCA1,RNF2
RNF2,HDAC1
HDAC1,RNF2
RNF2,RUVBL2
RUVBL2,RNF2
RNF2,RBBP7
RBBP7,RNF2
JUN,UTRN
FOXO1,SGK1
CREB1,SGK1
POU2F1,POLR3D
POLR3D,POU2F1
POU2F1,JUN
JUN,POU2F1
POU2F1,TAF5
TAF5,POU2F1
POU2F1,TAF6
TAF6,POU2F1
POU2F1,ZNF143
ZNF143,POU2F1
POU2F1,POLR2F
POLR2F,POU2F1
POU2F1,BRCA1
BRCA1,POU2F1
POU2F1,POLR2B
POLR2B,POU2F1
POU2F1,POLR1C
POLR1C,POU2F1
POU2F1,HDAC1
HDAC1,POU2F1
NR1I3,NCOA1
NCOA1,NR1I3
JUN,APOA2
NRIP1,APOA2
NCOA1,APOA2
NCOA6,APOA2
NR1H3,APOA2
PPARA,APOA2
CENPK,CENPW
RBBP4,CENPW
DR1,CENPW
PTTG1,CENPW
RBBP7,CENPW
CREB3L4,CREB1
CREB1,CREB3L4
GATAD2B,EHMT2
EHMT2,GATAD2B
GATAD2B,JUN
JUN,GATAD2B
GATAD2B,RBBP4
RBBP4,GATAD2B
GATAD2B,HDAC2
HDAC2,GATAD2B
GATAD2B,HDAC1
HDAC1,GATAD2B
GATAD2B,RBBP7
RBBP7,GATAD2B
PRDM1,EHMT2
EHMT2,PRDM1
PRDM1,MYC
MYC,PRDM1
ASCC3,DKC1
PPARA,HMGCS2
NCOA1,HMGCS2
NCOA6,HMGCS2
SRSF10,PHGDH
POLR1B,DKC1
SSB,DKC1
PDCD11,DKC1
AATF,DKC1
POLR1E,DKC1
SNRPB,DKC1
POLR1C,DKC1
PWP1,DKC1
RUVBL2,DKC1
DDX20,HDAC2
HDAC2,DDX20
DDX20,SNRPB
SNRPB,DDX20
DDX20,GEMIN8
DDX20,E2F4
E2F4,DDX20
DDX20,NUP37
DDX20,NUP88
PDCD11,POLR1B
POLR1B,PDCD11
PDCD11,PAK1IP1
PDCD11,EBNA1BP2
PDCD11,AATF
AATF,PDCD11
PDCD11,POLR1E
POLR1E,PDCD11
PDCD11,TEX10
PDCD11,WDR74
PDCD11,EXOSC9
PDCD11,WDR43
PDCD11,PWP1
PWP1,PDCD11
PDCD11,NOL10
PDCD11,GMPS
PDCD11,MYBBP1A
MYBBP1A,PDCD11
TAF5,ZNF143
ZNF143,TAF5
TAF5,POLR2B
POLR2B,TAF5
TAF5,TCEA1
TCEA1,TAF5
TAF5,TAF6
TAF6,TAF5
TAF5,POLR2F
POLR2F,TAF5
TAF5,GTF2H3
GTF2H3,TAF5
PCGF6,TFDP1
TFDP1,PCGF6
PCGF6,ASXL1
ASXL1,PCGF6
PCGF6,HDAC2
HDAC2,PCGF6
PCGF6,ANAPC4
PCGF6,ANAPC7
PCGF6,EHMT2
EHMT2,PCGF6
PCGF6,RBBP4
RBBP4,PCGF6
PCGF6,AEBP2
AEBP2,PCGF6
PCGF6,EHMT1
EHMT1,PCGF6
PCGF6,BRCA1
BRCA1,PCGF6
PCGF6,RBBP7
RBBP7,PCGF6
RUVBL2,DPCD
DR1,ACTL6A
DR1,RUVBL2
RUVBL2,DR1
MTF2,RBBP4
RBBP4,MTF2
MTF2,AEBP2
AEBP2,MTF2
MTF2,RBBP7
RBBP7,MTF2
CREG1,DSN1
CREG1,FUCA1
RBMX,YBX1
YBX1,RBMX
RBMX,SRSF3
SRSF3,RBMX
RBMX,HNRNPR
HNRNPR,RBMX
RBMX,HNRNPH2
RBMX,RNPS1
RNPS1,RBMX
RBMX,HNRNPK
HNRNPK,RBMX
RBMX,PPIL1
RBMX,ELAVL2
ELAVL2,RBMX
RBMX,SRSF10
SRSF10,RBMX
RBMX,SNRPB
SNRPB,RBMX
RBMX,EFTUD2
RBMX,PLRG1
PLRG1,RBMX
RBMX,SRSF2
SRSF2,RBMX
RBMX,POLR2F
POLR2F,RBMX
RBMX,ILF3
ILF3,RBMX
RBMX,POLR2B
POLR2B,RBMX
RBMX,HNRNPUL1
HNRNPUL1,RBMX
FUBP1,SRSF3
SRSF3,FUBP1
FUBP1,U2AF1
U2AF1,FUBP1
ZRANB2,UBL7
CENPK,ITGB3BP
RBBP4,ITGB3BP
RBBP7,ITGB3BP
JUN,HDAC2
HDAC2,JUN
JUN,NR1H3
NR1H3,JUN
JUN,NFATC2
NFATC2,JUN
JUN,RBBP4
RBBP4,JUN
JUN,NCOA1
NCOA1,JUN
JUN,IRF3
IRF3,JUN
JUN,KLF6
KLF6,JUN
JUN,POLR2B
POLR2B,JUN
JUN,MYC
MYC,JUN
JUN,HDAC1
HDAC1,JUN
JUN,GSTA2
JUN,CREB1
CREB1,JUN
JUN,CDKN1A
CDKN1A,JUN
JUN,PPARA
PPARA,JUN
JUN,KLF5
KLF5,JUN
JUN,POLR2F
POLR2F,JUN
JUN,ETS1
ETS1,JUN
JUN,CEBPA
CEBPA,JUN
JUN,BRCA1
BRCA1,JUN
JUN,SMARCA4
SMARCA4,JUN
JUN,NCOA6
NCOA6,JUN
JUN,DDIT3
DDIT3,JUN
JUN,ASPH
JUN,RBBP7
RBBP7,JUN
SSBP3,LHX1
LHX1,SSBP3
SSBP3,SSBP2
SSBP2,SSBP3
ZNF217,NRIP1
NRIP1,ZNF217
ZNF217,HDAC2
HDAC2,ZNF217
ZNF217,RBBP4
RBBP4,ZNF217
ZNF217,HDAC1
HDAC1,ZNF217
ZNF217,KPNA2
ZNF217,RBBP7
RBBP7,ZNF217
ANKRD1,NCOA1
NCOA1,ANKRD1
ANKRD1,PPARA
PPARA,ANKRD1
ANKRD1,NCOA6
NCOA6,ANKRD1
BRCA1,KIF20B
MCM3,KIF20B
BMPR1A,AHSG
BMPR1A,BMP2
BMP2,BMPR1A
BMPR1A,SMAD5
SMAD5,BMPR1A
BMPR1A,CER1
GTF3C5,POLR3D
POLR3D,GTF3C5
GTF3C5,GTF3C4
GTF3C4,GTF3C5
GTF3C5,POLR2F
POLR2F,GTF3C5
GTF3C5,POLR1C
POLR1C,GTF3C5
GTF3C4,POLR3D
POLR3D,GTF3C4
GTF3C4,POLR2F
POLR2F,GTF3C4
GTF3C4,POLR1C
POLR1C,GTF3C4
POLR1C,POLR1B
POLR1B,POLR1C
POLR1C,SSB
SSB,POLR1C
POLR1C,EBNA1BP2
POLR1C,POLR1E
POLR1E,POLR1C
POLR1C,ZNF143
ZNF143,POLR1C
POLR1C,POLR2B
POLR2B,POLR1C
POLR1C,MYBBP1A
MYBBP1A,POLR1C
POLR1C,POLR3D
POLR3D,POLR1C
POLR1C,CTPS1
POLR1C,DEK
DEK,POLR1C
POLR1C,NFIB
NFIB,POLR1C
POLR1C,GPN3
POLR1C,POLR2F
POLR2F,POLR1C
POLR1C,GTF2H3
GTF2H3,POLR1C
POLR1C,GMPS
RNF4,CDC20
PTTG1,CDC20
E2F8,CDC20
RAD51,CDC20
TCEB1,CDC20
CENPK,CDC20
TCF19,CDC20
RNF19A,CDC20
MCM3,CDC20
UHRF1,CDC20
YBX1,CSDE1
CSDE1,YBX1
YBX1,HNRNPR
HNRNPR,YBX1
YBX1,HNRNPH2
YBX1,RNPS1
RNPS1,YBX1
YBX1,HNRNPK
HNRNPK,YBX1
YBX1,ELAVL2
ELAVL2,YBX1
YBX1,SNRPB
SNRPB,YBX1
YBX1,EFTUD2
YBX1,PLRG1
PLRG1,YBX1
YBX1,POLR2B
POLR2B,YBX1
YBX1,HNRNPUL1
HNRNPUL1,YBX1
YBX1,MYC
MYC,YBX1
YBX1,EWSR1
EWSR1,YBX1
YBX1,SRSF3
SRSF3,YBX1
YBX1,PPIL1
YBX1,SRSF10
SRSF10,YBX1
YBX1,SRSF2
SRSF2,YBX1
YBX1,POLR2F
POLR2F,YBX1
POLR3D,CTPS1
POLR1B,CTPS1
NME2,CTPS1
POLR1E,CTPS1
POLR2F,CTPS1
POLR2B,CTPS1
PWP1,CTPS1
SRSF3,HNRNPH2
HNRNPR,HNRNPH2
RNPS1,HNRNPH2
HNRNPK,HNRNPH2
ELAVL2,HNRNPH2
SRSF10,HNRNPH2
SNRPB,HNRNPH2
PLRG1,HNRNPH2
SRSF2,HNRNPH2
POLR2F,HNRNPH2
POLR2B,HNRNPH2
HNRNPUL1,HNRNPH2
HMGN1,SH3BGRL
XRCC5,YARS
RBBP4,TOP2A
RBBP4,CENPN
RBBP4,HDAC2
HDAC2,RBBP4
RBBP4,PBX1
PBX1,RBBP4
RBBP4,PAX6
PAX6,RBBP4
RBBP4,AEBP2
AEBP2,RBBP4
RBBP4,POLR2B
POLR2B,RBBP4
RBBP4,HDAC1
HDAC1,RBBP4
RBBP4,E2F4
E2F4,RBBP4
RBBP4,RARG
RARG,RBBP4
RBBP4,CENPK
CENPK,RBBP4
RBBP4,E2F5
E2F5,RBBP4
RBBP4,TFDP1
TFDP1,RBBP4
RBBP4,ASXL1
ASXL1,RBBP4
RBBP4,PCNA
RBBP4,EHMT2
EHMT2,RBBP4
RBBP4,SKIL
SKIL,RBBP4
RBBP4,POLR2F
POLR2F,RBBP4
RBBP4,NCOA6
NCOA6,RBBP4
RBBP4,RBBP7
RBBP7,RBBP4
HDAC1,NRIP1
NRIP1,HDAC1
HDAC1,CDK1
HDAC1,HDAC2
HDAC2,HDAC1
HDAC1,TGIF2
TGIF2,HDAC1
HDAC1,MYC
MYC,HDAC1
HDAC1,E2F4
E2F4,HDAC1
HDAC1,ING1
ING1,HDAC1
HDAC1,RARG
RARG,HDAC1
HDAC1,E2F5
E2F5,HDAC1
HDAC1,CREB1
CREB1,HDAC1
HDAC1,TFDP1
TFDP1,HDAC1
HDAC1,CDKN1A
CDKN1A,HDAC1
HDAC1,AATF
AATF,HDAC1
HDAC1,EHMT2
EHMT2,HDAC1
HDAC1,TCF4
TCF4,HDAC1
HDAC1,SKIL
SKIL,HDAC1
HDAC1,TRERF1
TRERF1,HDAC1
HDAC1,SMARCA4
SMARCA4,HDAC1
HDAC1,UHRF1
UHRF1,HDAC1
HDAC1,RBBP7
RBBP7,HDAC1
HNRNPR,PPIL1
RNPS1,PPIL1
HNRNPK,PPIL1
ELAVL2,PPIL1
SNRPB,PPIL1
PLRG1,PPIL1
POLR2B,PPIL1
HNRNPUL1,PPIL1
SRSF3,PPIL1
SRSF2,PPIL1
POLR2F,PPIL1
SRSF3,NUP37
SRSF3,SSB
SSB,SRSF3
SRSF3,HNRNPR
HNRNPR,SRSF3
SRSF3,RNPS1
RNPS1,SRSF3
SRSF3,HNRNPK
HNRNPK,SRSF3
SRSF3,NUP88
SRSF3,ELAVL2
ELAVL2,SRSF3
SRSF3,SRSF10
SRSF10,SRSF3
SRSF3,SNRPB
SNRPB,SRSF3
SRSF3,EFTUD2
SRSF3,PLRG1
PLRG1,SRSF3
SRSF3,SRSF2
SRSF2,SRSF3
SRSF3,POLR2F
POLR2F,SRSF3
SRSF3,ILF3
ILF3,SRSF3
SRSF3,POLR2B
POLR2B,SRSF3
SRSF3,HNRNPUL1
HNRNPUL1,SRSF3
CNTRL,CDK1
CNTRL,HMMR
CNTRL,NEDD1
CENPK,ZWINT
CNBP,ZWINT
PTTG1,ZWINT
LIN28A,EBNA1BP2
LIN28A,PBX1
PBX1,LIN28A
LIN28A,SNRPB
SNRPB,LIN28A
LIN28A,MYC
MYC,LIN28A
LIN28A,L1TD1
LIN28A,DROSHA
LIN28A,HMGA2
HMGA2,LIN28A
DAXX,HIPK2
HIPK2,DAXX
DAXX,ETS1
ETS1,DAXX
HNRNPR,SSB
SSB,HNRNPR
HNRNPR,RNPS1
RNPS1,HNRNPR
HNRNPR,HNRNPK
HNRNPK,HNRNPR
HNRNPR,ELAVL2
ELAVL2,HNRNPR
HNRNPR,SRSF10
SRSF10,HNRNPR
HNRNPR,SNRPB
SNRPB,HNRNPR
HNRNPR,EFTUD2
HNRNPR,PLRG1
PLRG1,HNRNPR
HNRNPR,SRSF2
SRSF2,HNRNPR
HNRNPR,U2AF1
U2AF1,HNRNPR
HNRNPR,POLR2F
POLR2F,HNRNPR
HNRNPR,ILF3
ILF3,HNRNPR
HNRNPR,POLR2B
POLR2B,HNRNPR
HNRNPR,HNRNPUL1
HNRNPUL1,HNRNPR
NCOA6,PAX6
PAX6,NCOA6
NCOA6,RARG
RARG,NCOA6
NCOA6,NCOA1
NCOA1,NCOA6
NCOA6,POLR2F
POLR2F,NCOA6
NCOA6,POLR2B
POLR2B,NCOA6
NCOA6,PBX1
PBX1,NCOA6
NCOA6,PPARA
PPARA,NCOA6
NCOA6,FHL2
FHL2,NCOA6
NCOA6,RBBP7
RBBP7,NCOA6
CHD8,TEX10
TAF6,TEX10
AATF,TEX10
RUVBL2,TEX10
MYBBP1A,TEX10
TFDP1,CDK1
TFDP1,TOP2A
TFDP1,E2F5
E2F5,TFDP1
TFDP1,CDKN1A
CDKN1A,TFDP1
TFDP1,AATF
AATF,TFDP1
TFDP1,RAD51
RAD51,TFDP1
TFDP1,TFDP2
TFDP2,TFDP1
TFDP1,PCNA
TFDP1,EHMT2
EHMT2,TFDP1
TFDP1,CHEK1
TFDP1,EHMT1
EHMT1,TFDP1
TFDP1,BRCA1
BRCA1,TFDP1
TFDP1,MYC
MYC,TFDP1
TFDP1,E2F4
E2F4,TFDP1
TFDP1,RBBP7
RBBP7,TFDP1
EHMT2,KDM4C
KDM4C,EHMT2
EHMT2,HDAC2
HDAC2,EHMT2
EHMT2,DOT1L
DOT1L,EHMT2
EHMT2,EHMT1
EHMT1,EHMT2
EHMT2,MYC
MYC,EHMT2
EHMT2,RUVBL2
RUVBL2,EHMT2
EHMT2,ANAPC4
EHMT2,ANAPC7
EHMT2,UHRF1
UHRF1,EHMT2
EHMT2,RBBP7
RBBP7,EHMT2
ASXL1,SRSF2
SRSF2,ASXL1
ASXL1,AEBP2
AEBP2,ASXL1
ASXL1,HDAC2
HDAC2,ASXL1
ASXL1,RBBP7
RBBP7,ASXL1
ING1,HDAC2
HDAC2,ING1
ING1,RBBP7
RBBP7,ING1
PTTG1,CKS2
CDKN1A,CKS2
TCF19,CDK1
TCF19,CDCA3
TCF19,TOP2A
TCF19,MCM3
MCM3,TCF19
TCF19,UHRF1
UHRF1,TCF19
HNRNPK,CNBP
CNBP,HNRNPK
HNRNPK,SSB
SSB,HNRNPK
HNRNPK,RNPS1
RNPS1,HNRNPK
HNRNPK,ELAVL2
ELAVL2,HNRNPK
HNRNPK,SRSF10
SRSF10,HNRNPK
HNRNPK,SNRPB
SNRPB,HNRNPK
HNRNPK,EFTUD2
HNRNPK,PLRG1
PLRG1,HNRNPK
HNRNPK,SRSF2
SRSF2,HNRNPK
HNRNPK,U2AF1
U2AF1,HNRNPK
HNRNPK,POLR2F
POLR2F,HNRNPK
HNRNPK,ILF3
ILF3,HNRNPK
HNRNPK,POLR2B
POLR2B,HNRNPK
HNRNPK,HNRNPUL1
HNRNPUL1,HNRNPK
HNRNPK,MYC
MYC,HNRNPK
HNRNPK,EWSR1
EWSR1,HNRNPK
MYC,PIM2
TCEB1,COMMD3
HIF3A,COMMD3
RBBP7,COMMD3
TRIM27,BRCA1
BRCA1,TRIM27
HIF3A,TCEB1
TCEB1,HIF3A
KLF5,MYC
MYC,KLF5
KLF5,CEBPA
CEBPA,KLF5
KLF5,CEBPD
CEBPD,KLF5
TCOF1,PCNA
POLR1E,POLR1B
POLR1B,POLR1E
POLR1E,PAK1IP1
POLR1E,DEK
DEK,POLR1E
POLR1E,EBNA1BP2
POLR1E,AATF
AATF,POLR1E
POLR1E,WDR74
POLR1E,POLR2F
POLR2F,POLR1E
POLR1E,GTF2H3
GTF2H3,POLR1E
POLR1E,WDR43
POLR1E,PWP1
PWP1,POLR1E
POLR1E,NOL10
POLR1E,NOP16
POLR1E,MYBBP1A
MYBBP1A,POLR1E
XRCC5,TDP2
ETS1,TDP2
XRCC5,DCLRE1C
BRCA1,DCLRE1C
BMP2,SPP1
BMP2,GLI2
GLI2,BMP2
BMP2,AHSG
BMP2,SMAD5
SMAD5,BMP2
BMP2,CER1
MCM8,CDK1
MCM8,ORC4
MCM8,CHEK1
MCM8,DUT
MCM8,PCNA
MCM8,MCM3
MCM3,MCM8
XRCC5,PCNA
RAD51,PCNA
POLR2B,PCNA
RUVBL2,PCNA
TCEA1,PCNA
E2F4,PCNA
MYBBP1A,PCNA
E2F5,PCNA
BRCA2,PCNA
CDKN1A,PCNA
TIMELESS,PCNA
POLR2F,PCNA
GTF2H3,PCNA
BRCA1,PCNA
RFC1,PCNA
HMGN1,PCNA
MCM3,PCNA
UHRF1,PCNA
RBBP7,PCNA
DNAJC2,SSB
SSB,DNAJC2
E2F4,CDK1
E2F4,TOP2A
E2F4,HDAC2
HDAC2,E2F4
E2F4,MYC
MYC,E2F4
E2F4,E2F5
E2F5,E2F4
E2F4,CDKN1A
CDKN1A,E2F4
E2F4,TFDP2
TFDP2,E2F4
E2F4,CEBPA
CEBPA,E2F4
IRF9,ISG15
IRF3,ISG15
RFC1,ISG15
CREB1,ASPH
FOXO1,CDK1
FOXO1,MYC
MYC,FOXO1
FOXO1,EWSR1
EWSR1,FOXO1
FOXO1,IL6ST
FOXO1,FHL2
FHL2,FOXO1
FOXO1,CREB1
CREB1,FOXO1
FOXO1,CDKN1A
CDKN1A,FOXO1
FOXO1,ETS1
ETS1,FOXO1
FOXO1,CEBPA
CEBPA,FOXO1
POLR1B,PAK1IP1
AATF,PAK1IP1
PWP1,PAK1IP1
ZFP36,EXOSC9
TRIM22,IRF9
IRF9,TRIM22
TRIM22,IRF3
IRF3,TRIM22
RBBP7,CENPN
RBBP7,HDAC2
HDAC2,RBBP7
RBBP7,PBX1
PBX1,RBBP7
RBBP7,PAX6
PAX6,RBBP7
RBBP7,AEBP2
AEBP2,RBBP7
RBBP7,RFC4
RBBP7,POLR2B
POLR2B,RBBP7
RBBP7,RARG
RARG,RBBP7
RBBP7,CENPK
CENPK,RBBP7
RBBP7,SKIL
SKIL,RBBP7
RBBP7,POLR2F
POLR2F,RBBP7
BRCA2,CDK1
BRCA2,RAD51
RAD51,BRCA2
BRCA2,FANCB
BRCA2,FANCL
BRCA2,CHEK2
BRCA2,CHEK1
BRCA2,RFC4
BRCA2,BRCA1
BRCA1,BRCA2
BRCA2,RFC1
RFC1,BRCA2
SNRPB,GEMIN8
PSIP1,CDCA7L
CDCA7L,PSIP1
HMGN1,POLR2F
POLR2F,HMGN1
HMGN1,GTF2H3
GTF2H3,HMGN1
HMGN1,RFC4
HMGN1,RFC1
RFC1,HMGN1
HMGN1,POLR2B
POLR2B,HMGN1
HMGN1,TCEA1
TCEA1,HMGN1
NFIB,POLR3D
POLR3D,NFIB
NFIB,POLR2F
POLR2F,NFIB
NME2,DUT
PPARA,DUT
MCM3,DUT
CDX2,EOMES
EOMES,CDX2
CDX2,SMARCA4
SMARCA4,CDX2
CDX2,FOXA2
FOXA2,CDX2
POLR2B,POLR1B
POLR1B,POLR2B
POLR2B,NME2
NME2,POLR2B
POLR2B,RNPS1
RNPS1,POLR2B
POLR2B,PBX1
PBX1,POLR2B
POLR2B,ZNF143
ZNF143,POLR2B
POLR2B,ELAVL2
ELAVL2,POLR2B
POLR2B,TCEB1
TCEB1,POLR2B
POLR2B,PAX6
PAX6,POLR2B
POLR2B,SNRPB
SNRPB,POLR2B
POLR2B,TCEB3
TCEB3,POLR2B
POLR2B,EFTUD2
POLR2B,PLRG1
PLRG1,POLR2B
POLR2B,CHEK1
POLR2B,RFC4
POLR2B,HNRNPUL1
HNRNPUL1,POLR2B
POLR2B,TCEA1
TCEA1,POLR2B
POLR2B,RARG
RARG,POLR2B
POLR2B,TAF6
TAF6,POLR2B
POLR2B,GPN3
POLR2B,SRSF10
SRSF10,POLR2B
POLR2B,SRSF2
SRSF2,POLR2B
POLR2B,POLR2F
POLR2F,POLR2B
POLR2B,GTF2H3
GTF2H3,POLR2B
POLR2B,BRCA1
BRCA1,POLR2B
POLR2B,RFC1
RFC1,POLR2B
PIAS3,IL6ST
KDM4C,JMJD1C
JMJD1C,KDM4C
MYBBP1A,POLR1B
POLR1B,MYBBP1A
MYBBP1A,DEK
DEK,MYBBP1A
MYBBP1A,AATF
AATF,MYBBP1A
MYBBP1A,POLR2F
POLR2F,MYBBP1A
MYBBP1A,WDR43
MYBBP1A,PWP1
PWP1,MYBBP1A
MYBBP1A,NOL10
POLR1B,NOL10
AATF,NOL10
PWP1,NOL10
RFC1,XRCC5
XRCC5,RFC1
RFC1,RAD51
RAD51,RFC1
RFC1,POLR2F
POLR2F,RFC1
RFC1,GTF2H3
GTF2H3,RFC1
RFC1,RFC4
RFC1,BRCA1
BRCA1,RFC1
RFC1,TCEA1
TCEA1,RFC1
XRCC5,CHEK2
RAD51,CHEK2
CDKN1A,CHEK2
TIMELESS,CHEK2
BRCA1,CHEK2
MCM3,CHEK2
RAD51,CDK1
RAD51,TOP2A
RAD51,XRCC5
XRCC5,RAD51
RAD51,CHEK1
RAD51,RFC4
RAD51,BRCA1
BRCA1,RAD51
RAD51,SMARCA4
SMARCA4,RAD51
RAD51,MCM3
MCM3,RAD51
RAD51,HELLS
HNRNPUL1,RNPS1
RNPS1,HNRNPUL1
HNRNPUL1,ELAVL2
ELAVL2,HNRNPUL1
HNRNPUL1,SRSF10
SRSF10,HNRNPUL1
HNRNPUL1,SNRPB
SNRPB,HNRNPUL1
HNRNPUL1,EFTUD2
HNRNPUL1,PLRG1
PLRG1,HNRNPUL1
HNRNPUL1,SRSF2
SRSF2,HNRNPUL1
HNRNPUL1,POLR2F
POLR2F,HNRNPUL1
XRCC5,PMS1
PMS1,XRCC5
XRCC5,IRF3
IRF3,XRCC5
XRCC5,CHEK1
XRCC5,BRCA1
BRCA1,XRCC5
PTTG1,RFC4
TCEA1,RFC4
TIMELESS,RFC4
POLR2F,RFC4
GTF2H3,RFC4
BRCA1,RFC4
MCM3,RFC4
SRSF2,NUP37
SRSF2,RNPS1
RNPS1,SRSF2
SRSF2,NUP88
SRSF2,ELAVL2
ELAVL2,SRSF2
SRSF2,SRSF10
SRSF10,SRSF2
SRSF2,SNRPB
SNRPB,SRSF2
SRSF2,EFTUD2
SRSF2,PLRG1
PLRG1,SRSF2
SRSF2,POLR2F
POLR2F,SRSF2
ETS1,CEBPA
CEBPA,ETS1
PTTG1,ECT2
PIAS3,NRIP1
NRIP1,PIAS3
PIAS3,GTF2H3
GTF2H3,PIAS3
NME2,POLR1B
POLR1B,NME2
NME2,MYC
MYC,NME2
NME2,POLR2F
POLR2F,NME2
CENPK,CENPN
PTTG1,CENPN
UHRF1,CENPN
PTTG1,HMMR
BRCA1,HMMR
PTTG1,CDK1
PTTG1,CDCA3
PTTG1,TOP2A
PTTG1,ANAPC4
PTTG1,ANAPC7
PTTG1,KPNA2
PTTG1,NUSAP1
PTTG1,PRC1
PTTG1,CHEK1
MCM3,HELLS
UHRF1,HELLS
NR2F2,BRCA1
BRCA1,NR2F2
BRCA1,PRC1
MCM3,PRC1
UHRF1,PRC1
E2F8,CDK1
TOP2B,CDK1
MYC,CDK1
CENPK,CDK1
E2F5,CDK1
CDKN1A,CDK1
BRCA1,CDK1
MCM3,CDK1
UHRF1,CDK1
MYC,AFP
FOXA2,AFP
NFATC2,KPNA2
ADNP,CHD8
CHD8,ADNP
ADNP,EBNA1BP2
ADNP,SMARCA4
SMARCA4,ADNP
ZNF143,POLR3D
POLR3D,ZNF143
ZNF143,TAF6
TAF6,ZNF143
ZNF143,POLR2F
POLR2F,ZNF143
THRB,HDAC2
HDAC2,THRB
THRB,NCOA1
NCOA1,THRB
THRB,RARG
RARG,THRB
THRB,ZNHIT3
ZNHIT3,THRB
CENPK,DSN1
CENPK,NUP37
IRF9,IFITM1
IRF9,IRF3
IRF3,IRF9
IRF9,IFITM2
IRF9,IFITM3
DEK,POLR1B
POLR1B,DEK
DEK,RNPS1
RNPS1,DEK
DEK,HDAC2
HDAC2,DEK
DEK,POLR2F
POLR2F,DEK
ELAVL2,RNPS1
RNPS1,ELAVL2
ELAVL2,SNRPB
SNRPB,ELAVL2
ELAVL2,EFTUD2
ELAVL2,PLRG1
PLRG1,ELAVL2
ELAVL2,POLR2F
POLR2F,ELAVL2
MYCBP,MYC
MYC,MYCBP
POLR3D,POLR1B
POLR1B,POLR3D
POLR3D,SSB
SSB,POLR3D
POLR3D,GPN3
POLR3D,POLR2F
POLR2F,POLR3D
SEC14L2,RNASE1
BRCA1,FANCB
TCF4,RUNX1T1
RUNX1T1,TCF4
AEBP2,HDAC2
HDAC2,AEBP2
IRF3,IFITM3
CHD8,RUVBL2
RUVBL2,CHD8
CHD8,TAF6
TAF6,CHD8
NRIP1,RARG
RARG,NRIP1
NRIP1,NCOA1
NCOA1,NRIP1
NRIP1,HDAC2
HDAC2,NRIP1
NRIP1,NR1H3
NR1H3,NRIP1
NRIP1,PPARA
PPARA,NRIP1
CDCA7L,MYC
MYC,CDCA7L
POLR1B,WDR43
AATF,WDR43
PWP1,WDR43
CDKN1A,CHEK1
CDKN1A,MYC
MYC,CDKN1A
CDKN1A,E2F5
E2F5,CDKN1A
CDKN1A,CREB1
CREB1,CDKN1A
CDKN1A,ANAPC4
CDKN1A,ANAPC7
BRCA1,FANCL
NCOA1,RARG
RARG,NCOA1
NCOA1,NR1H3
NR1H3,NCOA1
NCOA1,PPARA
PPARA,NCOA1
NCOA1,CEBPA
CEBPA,NCOA1
NCOA1,CEBPD
CEBPD,NCOA1
NCOA1,FHL2
FHL2,NCOA1
PPARA,NR1H3
NR1H3,PPARA
PPARA,MYC
MYC,PPARA
PPARA,FHL2
FHL2,PPARA
HIPK2,RNF4
RNF4,HIPK2
HIPK2,HMGA1
HMGA1,HIPK2
CEBPD,CEBPA
CEBPA,CEBPD
IRF3,IFITM1
SSB,U2AF1
U2AF1,SSB
SSB,POLR2F
POLR2F,SSB
SSB,ILF3
ILF3,SSB
FHL2,TAGLN
PWP1,POLR1B
POLR1B,PWP1
PWP1,EBNA1BP2
PWP1,AATF
AATF,PWP1
PWP1,WDR74
PWP1,GMPS
CREB1,HDAC2
HDAC2,CREB1
CREB1,GSTA2
RARG,PBX1
PBX1,RARG
RARG,CRABP2
CRABP2,RARG
RARG,POLR2F
POLR2F,RARG
EOMES,PAX6
PAX6,EOMES
TCEB1,CHEK1
TCEB3,CHEK1
TCEA1,CHEK1
TIMELESS,CHEK1
POLR2F,CHEK1
GTF2H3,CHEK1
BRCA1,CHEK1
MCM3,CHEK1
GLI2,FOXA2
FOXA2,GLI2
RNPS1,EFTUD2
SNRPB,EFTUD2
PLRG1,EFTUD2
POLR2F,EFTUD2
SMARCD2,ACTL6A
SMARCD2,TOP2B
TOP2B,SMARCD2
SMARCD2,DPF2
DPF2,SMARCD2
SMARCD2,SMARCA4
SMARCA4,SMARCD2
TCEB1,ANAPC7
RNF4,ANAPC7
EHMT1,ANAPC7
BRCA1,ANAPC7
RNF19A,ANAPC7
TCEB3,TCEB1
TCEB1,TCEB3
TCEB3,POLR2F
POLR2F,TCEB3
TCEB3,GTF2H3
GTF2H3,TCEB3
TCEB3,BRCA1
BRCA1,TCEB3
TCEB3,TCEA1
TCEA1,TCEB3
SMARCA4,HDAC2
HDAC2,SMARCA4
SMARCA4,ACTL6A
SMARCA4,TOP2B
TOP2B,SMARCA4
SMARCA4,PAX6
PAX6,SMARCA4
SMARCA4,IRF3
IRF3,SMARCA4
SMARCA4,DPF2
DPF2,SMARCA4
SMARCA4,MYC
MYC,SMARCA4
SMARCA4,BRCA1
BRCA1,SMARCA4
TOP2B,TOP2A
TOP2B,ACTL6A
TOP2B,MCM3
MCM3,TOP2B
DPF2,ACTL6A
MYC,ACTL6A
RUVBL2,ACTL6A
E2F5,TOP2A
E2F5,MYC
MYC,E2F5
E2F5,TFDP2
TFDP2,E2F5
HMGA1,HMGA2
HMGA2,HMGA1
TAF6,POLR2F
POLR2F,TAF6
TAF6,GTF2H3
GTF2H3,TAF6
TAF6,RUVBL2
RUVBL2,TAF6
TAF6,TCEA1
TCEA1,TAF6
EWSR1,ETV1
ETV1,EWSR1
EWSR1,BRCA1
BRCA1,EWSR1
FOXA2,LHX1
LHX1,FOXA2
FOXA2,PAX6
PAX6,FOXA2
RUNX1T1,CEBPA
CEBPA,RUNX1T1
POLR2F,POLR1B
POLR1B,POLR2F
POLR2F,RNPS1
RNPS1,POLR2F
POLR2F,PBX1
PBX1,POLR2F
POLR2F,GPN3
POLR2F,SRSF10
SRSF10,POLR2F
POLR2F,TCEB1
TCEB1,POLR2F
POLR2F,PAX6
PAX6,POLR2F
POLR2F,SNRPB
SNRPB,POLR2F
POLR2F,PLRG1
PLRG1,POLR2F
POLR2F,GTF2H3
GTF2H3,POLR2F
POLR2F,BRCA1
BRCA1,POLR2F
POLR2F,TCEA1
TCEA1,POLR2F
PAX6,ETV1
ETV1,PAX6
ILF3,U2AF1
U2AF1,ILF3
POLR1B,EBNA1BP2
AATF,EBNA1BP2
E2F8,TOP2A
TIMELESS,TOP2A
BRCA1,TOP2A
MCM3,TOP2A
UHRF1,TOP2A
SNRPB,RNPS1
RNPS1,SNRPB
SNRPB,PLRG1
PLRG1,SNRPB
SNRPB,NUP37
SNRPB,NUP88
SNRPB,SRSF10
SRSF10,SNRPB
MMS19,GTF2H3
GTF2H3,MMS19
SKIL,HDAC2
HDAC2,SKIL
EHMT1,ANAPC4
BRCA1,RNF4
RNF4,BRCA1
BRCA1,TCEB1
TCEB1,BRCA1
BRCA1,MYC
MYC,BRCA1
BRCA1,TCEA1
TCEA1,BRCA1
BRCA1,TIMELESS
TIMELESS,BRCA1
BRCA1,ANAPC4
BRCA1,GTF2H3
GTF2H3,BRCA1
POLR1B,GMPS
SRSF10,RNPS1
RNPS1,SRSF10
PLRG1,RNPS1
RNPS1,PLRG1
MYC,DROSHA
AATF,DROSHA
SMAD5,DROSHA
RNF4,ANAPC4
RNF4,RNF19A
RNF19A,RNF4
RNF4,TCEB1
TCEB1,RNF4
RNF4,LMO7
RNF19A,ANAPC4
TCEB1,ANAPC4
CEBPA,MYC
MYC,CEBPA
CEBPA,DDIT3
DDIT3,CEBPA
TCEA1,TCEB1
TCEB1,TCEA1
TCEA1,GTF2H3
GTF2H3,TCEA1
RNF19A,TCEB1
TCEB1,RNF19A
RNF19A,LMO7
HDAC2,TRERF1
TRERF1,HDAC2
POLR1B,WDR74
AATF,WDR74
TCEB1,LMO7
HMGA2,SMAD5
SMAD5,HMGA2
MCM3,ORC4
UHRF1,CDCA3
POLR1B,GPN3
POLR1B,AATF
AATF,POLR1B
POLR1B,GTF2H3
GTF2H3,POLR1B
GTF2H3,TCEB1
TCEB1,GTF2H3
RNPS1,NUP37
TIMELESS,MCM3
MCM3,TIMELESS
UHRF1,NUSAP1
RNPS1,NUP88
MCM3,NUP88
GTF2I,MYC
MYC,GTF2I
RUVBL2,ANP32E
IRF3,IFITM2
RUVBL2,MYC
MYC,RUVBL2
UHRF1,MCM3
MCM3,UHRF1
