Gene1,Gene2
NFE2L3,MAFF
MAFF,NFE2L3
NFE2L3,MAFG
MAFG,NFE2L3
NFE2L3,HCFC1
HCFC1,NFE2L3
MCM5,KIF22
MCM2,KIF22
TRIP13,TOP2A
TRIP13,NDC80
TRIP13,DTL
TRIP13,CDCA8
TRIP13,RAD51
RAD51,TRIP13
TRIP13,NCAPG
TRIP13,DLGAP5
TRIP13,CDC20
TRIP13,NUSAP1
TRIP13,CCNA2
TRIP13,EXO1
TRIP13,RFC4
TRIP13,CCNB2
TRIP13,MCM10
TRIP13,BUB1B
TRIP13,ZWILCH
TRIP13,CDC7
TRIP13,CDKN3
TRIP13,OIP5
TRIP13,AURKB
TRIP13,TTK
TRIP13,MAD2L1
TRIP13,KIF23
TRIP13,MCM2
MCM2,TRIP13
TRIP13,RAD51AP1
TRIP13,PLK1
TRIP13,CEP55
TRIP13,KIF11
TRIP13,KIF2C
TRIP13,ZWINT
TRIP13,GINS2
TRIP13,VRK1
TRIP13,RAD54L
TRIP13,MCM4
MCM4,TRIP13
TRIP13,RFC3
UBTF,RRN3
POLR1B,RRN3
POLR1A,RRN3
GTF2H2,RRN3
POLR2H,RRN3
POLR2F,RRN3
POLR2K,RRN3
POLR1C,RRN3
TRIP6,NR3C1
NR3C1,TRIP6
TRIP6,SRC
SRC,TRIP6
TRIP6,SVIL
TRIP6,NEDD9
TRIP6,OIP5
MCM5,CDC6
MCM6,CDC6
MYBL2,CDC6
E2F7,CDC6
RAD51,CDC6
RBBP4,CDC6
E2F4,CDC6
KAT7,CDC6
MCM7,CDC6
TFDP1,CDC6
PSMD9,CDC6
MCM2,CDC6
ESPL1,CDC6
MCM3,CDC6
MCM4,CDC6
UHRF1,CDC6
SIRT1,XRCC5
XRCC5,SIRT1
SIRT1,MMP2
SIRT1,MFN2
SIRT1,MEF2D
MEF2D,SIRT1
SIRT1,RBBP4
RBBP4,SIRT1
SIRT1,DNMT3B
DNMT3B,SIRT1
SIRT1,CTNNB1
CTNNB1,SIRT1
SIRT1,APEX1
APEX1,SIRT1
SIRT1,MCM10
SIRT1,MYCN
MYCN,SIRT1
SIRT1,POLR2G
POLR2G,SIRT1
SIRT1,SETD7
SIRT1,XRCC6
XRCC6,SIRT1
SIRT1,TP53
TP53,SIRT1
SIRT1,PARP1
PARP1,SIRT1
SIRT1,PPARA
PPARA,SIRT1
SIRT1,GATAD2A
GATAD2A,SIRT1
SIRT1,EHMT2
EHMT2,SIRT1
SIRT1,CHEK2
SIRT1,STAT3
STAT3,SIRT1
SIRT1,DNMT1
DNMT1,SIRT1
SIRT1,CDK6
SIRT1,HDAC9
HDAC9,SIRT1
SIRT1,AR
AR,SIRT1
SIRT1,ZEB1
ZEB1,SIRT1
SIRT1,EZH2
EZH2,SIRT1
SIRT1,HIF1A
HIF1A,SIRT1
SIRT1,HCFC1
HCFC1,SIRT1
TGFB1,TGFBR3
MIF,TP53
TP53,MIF
MCM5,CCNE2
MCM5,UNG
MCM5,MCM6
MCM6,MCM5
MCM5,TOP2A
MCM5,NDC80
MCM5,DBF4
MCM5,CDCA7
MCM5,DTL
MCM5,DNAJC9
MCM5,WDHD1
MCM5,CDCA8
MCM5,RAD51
RAD51,MCM5
MCM5,NCAPG
MCM5,TK1
MCM5,CDC20
MCM5,CCNA2
MCM5,RFC5
MCM5,ESCO2
MCM5,EXO1
MCM5,RFC4
MCM5,CCNB2
MCM5,RPA2
MCM5,CDCA5
MCM5,MCM10
MCM5,BUB1B
MCM5,DSCC1
MCM5,CDC7
MCM5,MCM7
MCM7,MCM5
MCM5,AURKB
MCM5,TTK
MCM5,MAD2L1
MCM5,POLA1
MCM5,KIF23
MCM5,MCM2
MCM2,MCM5
MCM5,PLK1
MCM5,PCNA
MCM5,KIF11
MCM5,TIPIN
MCM5,CHEK2
MCM5,GINS2
MCM5,CHAF1A
CHAF1A,MCM5
MCM5,DNMT1
DNMT1,MCM5
MCM5,PRIM1
MCM5,ESPL1
ESPL1,MCM5
MCM5,MCM3
MCM3,MCM5
MCM5,MCM4
MCM4,MCM5
MCM5,UHRF1
UHRF1,MCM5
MCM5,RFC3
SUPT16H,POLR2G
POLR2G,SUPT16H
SUPT16H,XRCC6
XRCC6,SUPT16H
SUPT16H,AFF4
AFF4,SUPT16H
SUPT16H,TP53
TP53,SUPT16H
SUPT16H,MLLT3
MLLT3,SUPT16H
SUPT16H,POLR2D
POLR2D,SUPT16H
SUPT16H,POLA1
SUPT16H,GTF2H2
GTF2H2,SUPT16H
SUPT16H,WDHD1
SUPT16H,SMARCC1
SMARCC1,SUPT16H
SUPT16H,ACTL6A
SUPT16H,POLR2H
POLR2H,SUPT16H
SUPT16H,SMARCD1
SMARCD1,SUPT16H
SUPT16H,RUVBL1
RUVBL1,SUPT16H
SUPT16H,POLR2I
POLR2I,SUPT16H
SUPT16H,CHAF1A
CHAF1A,SUPT16H
SUPT16H,POLR2F
POLR2F,SUPT16H
SUPT16H,POLR2K
POLR2K,SUPT16H
SUPT16H,RPA2
SUPT16H,MCM3
MCM3,SUPT16H
SUPT16H,MCM4
MCM4,SUPT16H
SUPT16H,TCEA1
TCEA1,SUPT16H
SUPT16H,POLR2A
POLR2A,SUPT16H
SOS2,RASGRP3
SOS2,RRAS2
SOS2,PAK1
TP53,VRK1
APEX1,YBX1
YBX1,APEX1
APEX1,UNG
APEX1,XRCC5
XRCC5,APEX1
APEX1,LIG4
APEX1,RFC5
APEX1,EXO1
APEX1,RFC4
APEX1,RPA2
APEX1,XRCC6
XRCC6,APEX1
APEX1,TP53
TP53,APEX1
APEX1,PARP1
PARP1,APEX1
APEX1,ILF2
ILF2,APEX1
APEX1,PCNA
APEX1,POLB
APEX1,DECR1
APEX1,NPM1
NPM1,APEX1
APEX1,HIF1A
HIF1A,APEX1
APEX1,RFC3
ENO1,PCK2
NFKBIA,SRC
SRC,NFKBIA
NFKBIA,TRAF6
TRAF6,NFKBIA
NFKBIA,FAT1
NFKBIA,NFKBIB
NFKBIB,NFKBIA
NFKBIA,KLF6
KLF6,NFKBIA
NFKBIA,REL
REL,NFKBIA
NFKBIA,TP53
TP53,NFKBIA
NFKBIA,PSMD9
PSMD9,NFKBIA
NFKBIA,MALT1
NFKBIA,TDP2
NFKBIA,CUL1
NFKBIA,PPARA
PPARA,NFKBIA
NFKBIA,PRKACB
NFKBIA,TRIM25
TRIM25,NFKBIA
NFKBIA,PAWR
PAWR,NFKBIA
MYBL2,TOP2A
MYBL2,CDCA8
MYBL2,NCAPG
MYBL2,RBBP4
RBBP4,MYBL2
MYBL2,CDC20
MYBL2,CCNA2
MYBL2,CCNB2
MYBL2,BUB1B
MYBL2,E2F4
E2F4,MYBL2
MYBL2,AURKB
MYBL2,TFDP1
TFDP1,MYBL2
MYBL2,PLK1
MYBL2,CCND1
CCND1,MYBL2
MYBL2,E2F3
E2F3,MYBL2
MYBL2,TFAP2A
TFAP2A,MYBL2
MYBL2,ESPL1
ESPL1,MYBL2
MYBL2,RAD54L
MYBL2,NPM1
NPM1,MYBL2
TGFB1,MMP2
SRC,MMP2
TP53,MMP2
SMAD2,MMP2
EGF,MMP2
CCND1,MMP2
STAT3,MMP2
ZEB1,MMP2
SNAI2,MMP2
HIF1A,MMP2
BMP4,SCG3
RUVBL1,OIP5
CENPK,OIP5
RBBP4,OIP5
NPM1,OIP5
MCM4,OIP5
MCM2,OIP5
RAD51,OIP5
TLR4,DECR1
STAT3,DECR1
CCND1,SFRP1
CTNNB1,SFRP1
AES,TLE1
TLE1,AES
AES,TLE3
TLE3,AES
AES,TLE2
TLE2,AES
AES,HLX
HLX,AES
AES,LEF1
LEF1,AES
AES,RIPPLY1
AES,CTNNB1
CTNNB1,AES
AES,CTBP1
CTBP1,AES
POLR2I,SNAPC3
SNAPC3,POLR2I
POLR2I,MEIS1
MEIS1,POLR2I
POLR2I,RARG
RARG,POLR2I
POLR2I,YBX1
YBX1,POLR2I
POLR2I,POLR2G
POLR2G,POLR2I
POLR2I,POLR1B
POLR1B,POLR2I
POLR2I,SRSF3
SRSF3,POLR2I
POLR2I,POU2F1
POU2F1,POLR2I
POLR2I,WDR5
WDR5,POLR2I
POLR2I,AFF4
AFF4,POLR2I
POLR2I,RNPS1
RNPS1,POLR2I
POLR2I,UPF3B
POLR2I,HOXB3
HOXB3,POLR2I
POLR2I,ESRP1
POLR2I,HNRNPK
HNRNPK,POLR2I
POLR2I,MLLT3
MLLT3,POLR2I
POLR2I,HNRNPD
HNRNPD,POLR2I
POLR2I,FGF2
POLR2I,PPIL1
POLR2I,POLR2D
POLR2D,POLR2I
POLR2I,CPSF3
POLR2I,NANOG
NANOG,POLR2I
POLR2I,TWISTNB
POLR2I,GTF2H2
GTF2H2,POLR2I
POLR2I,PBX1
PBX1,POLR2I
POLR2I,TAF1L
TAF1L,POLR2I
POLR2I,MED14
MED14,POLR2I
POLR2I,ALYREF
ALYREF,POLR2I
POLR2I,SF1
SF1,POLR2I
POLR2I,KDM6A
POLR2I,PCNA
POLR2I,ASH2L
ASH2L,POLR2I
POLR2I,ELAVL2
ELAVL2,POLR2I
POLR2I,POLR2H
POLR2H,POLR2I
POLR2I,SRSF10
SRSF10,POLR2I
POLR2I,POLR2M
POLR2I,SNRPB
SNRPB,POLR2I
POLR2I,SOX2
SOX2,POLR2I
POLR2I,BCAS2
POLR2I,RBBP4
RBBP4,POLR2I
POLR2I,COPS3
POLR2I,SRSF2
SRSF2,POLR2I
POLR2I,RFC5
POLR2I,HOXB4
HOXB4,POLR2I
POLR2I,POLR2F
POLR2F,POLR2I
POLR2I,POLR2K
POLR2K,POLR2I
POLR2I,RFC4
POLR2I,HOXB2
HOXB2,POLR2I
POLR2I,ELL2
ELL2,POLR2I
POLR2I,POLK
POLR2I,RPA2
POLR2I,FUS
FUS,POLR2I
POLR2I,POLR1C
POLR1C,POLR2I
POLR2I,NCOA6
NCOA6,POLR2I
POLR2I,POU2F2
POU2F2,POLR2I
POLR2I,SNRPD1
SNRPD1,POLR2I
POLR2I,RBFOX2
RBFOX2,POLR2I
POLR2I,TCEA1
TCEA1,POLR2I
POLR2I,EZH2
EZH2,POLR2I
POLR2I,RBMX
RBMX,POLR2I
POLR2I,RFC3
POLR2I,SRSF6
SRSF6,POLR2I
POLR2I,SRSF1
SRSF1,POLR2I
POLR2I,SNAPC4
SNAPC4,POLR2I
POLR2I,POLR2A
POLR2A,POLR2I
TGFB1,ZFHX3
ZFHX3,TGFB1
TGFB1,WWP1
WWP1,TGFB1
TGFB1,FGF2
TGFB1,DAXX
DAXX,TGFB1
TGFB1,SMAD2
SMAD2,TGFB1
TGFB1,BAMBI
TGFB1,TGFBR1
TGFB1,CLU
TGFB1,COL1A1
TGFB1,SMAD6
SMAD6,TGFB1
TGFB1,CTNNB1
CTNNB1,TGFB1
TGFB1,VIM
TGFB1,FN1
TGFB1,ZFYVE16
TGFB1,LUM
TGFB1,DAB2
DAB2,TGFB1
TGFB1,ITGAV
TGFB1,EGF
EGF,TGFB1
TGFB1,SDC2
TGFB1,FBN1
TGFB1,STAT3
STAT3,TGFB1
TGFB1,SMAD5
SMAD5,TGFB1
TGFB1,LTBP1
CRX,RAX2
RAX2,CRX
SRC,LAMB1
BMP4,LAMB1
EGF,LAMB1
UBTF,TWISTNB
POLR1B,TWISTNB
POLR1A,TWISTNB
DEK,TWISTNB
PDCD11,TWISTNB
POLR2D,TWISTNB
GTF2H2,TWISTNB
DDX54,TWISTNB
POLR2H,TWISTNB
POLR2F,TWISTNB
POLR2K,TWISTNB
POLR1C,TWISTNB
MYBBP1A,TWISTNB
CRABP2,CYP26A1
POLR1B,UTP18
PA2G4,UTP18
POLR1A,UTP18
PDCD11,UTP18
DDX54,UTP18
CEBPZ,UTP18
MYBBP1A,UTP18
BMP2,COL1A1
ILF2,ALDOC
ENO1,ALDOC
CCND1,APC
APC,CCND1
CCND1,YBX1
YBX1,CCND1
CCND1,SRC
SRC,CCND1
CCND1,POU2F1
POU2F1,CCND1
CCND1,RUNX1
RUNX1,CCND1
CCND1,FGF2
CCND1,ACTL6A
CCND1,GATA3
GATA3,CCND1
CCND1,SMARCD3
SMARCD3,CCND1
CCND1,MAML3
MAML3,CCND1
CCND1,MAMLD1
CCND1,CCNA2
CCND1,WNT5A
CCND1,CTNNB1
CTNNB1,CCND1
CCND1,EGR1
EGR1,CCND1
CCND1,MCM10
CCND1,E2F4
E2F4,CCND1
CCND1,CTBP1
CTBP1,CCND1
CCND1,MCM7
MCM7,CCND1
CCND1,CDKN3
CCND1,BTG2
BTG2,CCND1
CCND1,ID1
ID1,CCND1
CCND1,TP53
TP53,CCND1
CCND1,TLE1
TLE1,CCND1
CCND1,TFDP1
TFDP1,CCND1
CCND1,PSMD9
PSMD9,CCND1
CCND1,CUL1
CCND1,SMARCC1
SMARCC1,CCND1
CCND1,EGF
EGF,CCND1
CCND1,POU5F1
POU5F1,CCND1
CCND1,PCNA
CCND1,SMARCD1
SMARCD1,CCND1
CCND1,E2F3
E2F3,CCND1
CCND1,SOX2
SOX2,CCND1
CCND1,LEF1
LEF1,CCND1
CCND1,DNMT3A
DNMT3A,CCND1
CCND1,CHEK2
CCND1,STAT3
STAT3,CCND1
CCND1,CDK6
CCND1,PGR
PGR,CCND1
CCND1,AR
AR,CCND1
CCND1,SNAI2
SNAI2,CCND1
CCND1,EZH2
EZH2,CCND1
CCND1,RBPJ
RBPJ,CCND1
AR,SART3
SNRPD1,SART3
ILF2,LTA4H
MCM6,RAD51AP1
MCM2,RAD51AP1
RAD51,RAD51AP1
NANOG,ZIC3
ZIC3,NANOG
NANOG,FOXD3
FOXD3,NANOG
NANOG,KDR
NANOG,FGF2
NANOG,SNAI1
SNAI1,NANOG
NANOG,SMAD2
SMAD2,NANOG
NANOG,PBX1
PBX1,NANOG
NANOG,EPHA1
NANOG,THY1
NANOG,POLR2H
POLR2H,NANOG
NANOG,OTX2
OTX2,NANOG
NANOG,SOX3
SOX3,NANOG
NANOG,PROM1
NANOG,TBX3
TBX3,NANOG
NANOG,NR0B1
NR0B1,NANOG
NANOG,DNMT3B
DNMT3B,NANOG
NANOG,CTNNB1
CTNNB1,NANOG
NANOG,GATA4
GATA4,NANOG
NANOG,POLR2G
POLR2G,NANOG
NANOG,ZFP42
ZFP42,NANOG
NANOG,BMP4
BMP4,NANOG
NANOG,TP53
TP53,NANOG
NANOG,CDH2
NANOG,GATA6
GATA6,NANOG
NANOG,POLR2D
POLR2D,NANOG
NANOG,POU5F1
POU5F1,NANOG
NANOG,LIN28A
LIN28A,NANOG
NANOG,KLF5
KLF5,NANOG
NANOG,SOX17
SOX17,NANOG
NANOG,SOX2
SOX2,NANOG
NANOG,TCF4
TCF4,NANOG
NANOG,EOMES
EOMES,NANOG
NANOG,COMMD3-BMI1
NANOG,POLR2F
POLR2F,NANOG
NANOG,STAT3
STAT3,NANOG
NANOG,DNMT1
DNMT1,NANOG
NANOG,POLR2K
POLR2K,NANOG
NANOG,SNAI2
SNAI2,NANOG
NANOG,PRDM14
PRDM14,NANOG
NANOG,POLR2A
POLR2A,NANOG
TFDP1,FBXO5
PSMD9,FBXO5
ISL1,TBX20
TBX20,ISL1
ISL1,OTX2
OTX2,ISL1
ISL1,GATA4
GATA4,ISL1
ISL1,SHOX2
SHOX2,ISL1
ISL1,GATA6
GATA6,ISL1
ISL1,SOX2
SOX2,ISL1
HAND1,HAND2
HAND2,HAND1
HAND1,NFATC1
NFATC1,HAND1
HAND1,ADSS
NR3C1,NRIP1
NRIP1,NR3C1
NR3C1,WWP1
WWP1,NR3C1
NR3C1,IRF1
IRF1,NR3C1
NR3C1,DYNC1I1
NR3C1,TP53
TP53,NR3C1
NR3C1,PPARGC1B
PPARGC1B,NR3C1
NR3C1,SMARCC1
SMARCC1,NR3C1
NR3C1,TWIST1
TWIST1,NR3C1
NR3C1,GTF3C4
GTF3C4,NR3C1
NR3C1,SMARCD1
SMARCD1,NR3C1
NR3C1,PRKACB
NR3C1,MAPK10
MAPK10,NR3C1
NR3C1,PGR
PGR,NR3C1
NR3C1,AR
AR,NR3C1
NR3C1,HIF1A
HIF1A,NR3C1
NR3C1,POLR2A
POLR2A,NR3C1
PSMD9,ODC1
EGF,ODC1
CEBPZ,UTP15
CEBPZ,POLR1B
POLR1B,CEBPZ
CEBPZ,PA2G4
PA2G4,CEBPZ
CEBPZ,MAK16
CEBPZ,POLR1A
POLR1A,CEBPZ
CEBPZ,WDR12
CEBPZ,TRUB1
CEBPZ,CIRH1A
CEBPZ,IMP4
CEBPZ,WDR75
CEBPZ,WDR3
CEBPZ,RPF2
CEBPZ,PDCD11
PDCD11,CEBPZ
CEBPZ,TSR1
CEBPZ,DDX54
DDX54,CEBPZ
CEBPZ,NIP7
CEBPZ,TEX10
CEBPZ,HEATR1
CEBPZ,NOC3L
CEBPZ,LDOC1L
CEBPZ,UTP14A
CEBPZ,LTV1
CEBPZ,FTSJ3
CEBPZ,NAT10
CEBPZ,NOP2
CEBPZ,MYBBP1A
MYBBP1A,CEBPZ
ENO1,PGM1
ENO1,ENO2
ENO1,HLA-DRB1
ELL2,SNAPC3
SNAPC3,ELL2
ELL2,POLR2G
POLR2G,ELL2
ELL2,POU2F1
POU2F1,ELL2
ELL2,AFF4
AFF4,ELL2
ELL2,MLLT3
MLLT3,ELL2
ELL2,POLR2D
POLR2D,ELL2
ELL2,POLR2H
POLR2H,ELL2
ELL2,AFF1
AFF1,ELL2
ELL2,POLR2F
POLR2F,ELL2
ELL2,POLR2K
POLR2K,ELL2
ELL2,POU2F2
POU2F2,ELL2
ELL2,SNAPC4
SNAPC4,ELL2
ELL2,POLR2A
POLR2A,ELL2
YBX1,CPSF3
RNPS1,CPSF3
HNRNPK,CPSF3
ELAVL2,CPSF3
POLR2H,CPSF3
SNRPB,CPSF3
RBMX,CPSF3
SRSF6,CPSF3
SRSF1,CPSF3
POLR2G,CPSF3
SRSF3,CPSF3
HNRNPD,CPSF3
POLR2D,CPSF3
ALYREF,CPSF3
SRSF2,CPSF3
POLR2F,CPSF3
POLR2K,CPSF3
FUS,CPSF3
SNRPD1,CPSF3
POLR2A,CPSF3
GSC,TFDP1
TFDP1,GSC
GSC,E2F3
E2F3,GSC
HOXB7,MEIS1
MEIS1,HOXB7
HOXB7,HOXB6
HOXB6,HOXB7
HOXB7,HOXB3
HOXB3,HOXB7
HOXB7,PBX1
PBX1,HOXB7
HOXB7,HOXB4
HOXB4,HOXB7
HOXB7,MEIS2
MEIS2,HOXB7
EGR1,JUND
JUND,EGR1
EGR1,STAT2
STAT2,EGR1
EGR1,OAS1
EGR1,FGF2
EGR1,SNAI1
SNAI1,EGR1
EGR1,IRF1
IRF1,EGR1
EGR1,RBBP4
RBBP4,EGR1
EGR1,CTNNB1
CTNNB1,EGR1
EGR1,BTG2
BTG2,EGR1
EGR1,TP53
TP53,EGR1
EGR1,MECOM
MECOM,EGR1
EGR1,EGF
EGF,EGR1
EGR1,NFATC1
NFATC1,EGR1
EGR1,GATAD2A
GATAD2A,EGR1
EGR1,NFATC3
NFATC3,EGR1
EGR1,STAT3
STAT3,EGR1
EGR1,SNAI2
SNAI2,EGR1
EGR1,EZH2
EZH2,EGR1
EGR1,PHC1
NFYB,TP53
TP53,NFYB
NFYB,CIITA
CIITA,NFYB
MAPK10,DUSP4
RAD51,MND1
POLR2G,POLK
TP53,POLK
POLR2D,POLK
GTF2H2,POLK
PARP1,POLK
RAD51,POLK
POLR2H,POLK
POLR2F,POLK
POLR2K,POLK
TRIM25,POLK
TCEA1,POLK
POLR2A,POLK
SRSF3,FYTTD1
RNPS1,FYTTD1
ALYREF,FYTTD1
SRSF2,FYTTD1
SRSF6,FYTTD1
SRSF1,FYTTD1
TWIST1,WWP1
WWP1,TWIST1
TWIST1,SNAI1
SNAI1,TWIST1
TWIST1,ZEB2
ZEB2,TWIST1
TWIST1,VIM
TWIST1,FN1
TWIST1,TP53
TP53,TWIST1
TWIST1,CDH2
TWIST1,PPARGC1B
PPARGC1B,TWIST1
TWIST1,POU5F1
POU5F1,TWIST1
TWIST1,SOX2
SOX2,TWIST1
TWIST1,TCF4
TCF4,TWIST1
TWIST1,STAT3
STAT3,TWIST1
TWIST1,ZEB1
ZEB1,TWIST1
TWIST1,SNAI2
SNAI2,TWIST1
MCM4,UNG
SRSF6,YBX1
YBX1,SRSF6
SRSF6,NUP35
SRSF6,RNPS1
RNPS1,SRSF6
SRSF6,UPF3B
SRSF6,HNRNPK
HNRNPK,SRSF6
SRSF6,RAE1
SRSF6,SF1
SF1,SRSF6
SRSF6,ELAVL2
ELAVL2,SRSF6
SRSF6,POLR2H
POLR2H,SRSF6
SRSF6,SFPQ
SFPQ,SRSF6
SRSF6,SNRPB
SNRPB,SRSF6
SRSF6,BCAS2
SRSF6,RBMX
RBMX,SRSF6
SRSF6,SRSF1
SRSF1,SRSF6
SRSF6,POLR2G
POLR2G,SRSF6
SRSF6,SRSF3
SRSF3,SRSF6
SRSF6,NUP54
SRSF6,NXF1
SRSF6,HNRNPD
HNRNPD,SRSF6
SRSF6,PPIL1
SRSF6,POLR2D
POLR2D,SRSF6
SRSF6,ALYREF
ALYREF,SRSF6
SRSF6,SRSF10
SRSF10,SRSF6
SRSF6,SRSF2
SRSF2,SRSF6
SRSF6,POLR2F
POLR2F,SRSF6
SRSF6,POLR2K
POLR2K,SRSF6
SRSF6,FUS
FUS,SRSF6
SRSF6,SNRPD1
SNRPD1,SRSF6
SRSF6,POLR2A
POLR2A,SRSF6
SRSF6,POLDIP3
SNAI1,TP53
TP53,SNAI1
SNAI1,MECOM
MECOM,SNAI1
SNAI1,CDH2
SNAI1,SMAD2
SMAD2,SNAI1
SNAI1,PARP1
PARP1,SNAI1
SNAI1,EGF
EGF,SNAI1
SNAI1,POU5F1
POU5F1,SNAI1
SNAI1,GATAD2A
GATAD2A,SNAI1
SNAI1,RCOR3
SNAI1,EHMT2
EHMT2,SNAI1
SNAI1,SOX2
SOX2,SNAI1
SNAI1,RBBP4
RBBP4,SNAI1
SNAI1,LEF1
LEF1,SNAI1
SNAI1,STAT3
STAT3,SNAI1
SNAI1,DNMT1
DNMT1,SNAI1
SNAI1,SNAI2
SNAI2,SNAI1
SNAI1,CTNNB1
CTNNB1,SNAI1
SNAI1,VIM
SNAI1,EZH2
EZH2,SNAI1
SNAI1,PHC1
SNAI1,FN1
SNAI1,CTBP1
CTBP1,SNAI1
SOX4,TP53
TP53,SOX4
SOX4,LEF1
LEF1,SOX4
SOX4,CTNNB1
CTNNB1,SOX4
SOX4,TCF7L1
TCF7L1,SOX4
IRF1,NCAM1
IRF1,STAT2
STAT2,IRF1
IRF1,OAS1
IRF1,TP53
TP53,IRF1
IRF1,SMARCC1
SMARCC1,IRF1
IRF1,HLA-DRB5
IRF1,TRIM22
TRIM22,IRF1
IRF1,CIITA
CIITA,IRF1
IRF1,TLR4
TLR4,IRF1
IRF1,SMARCD1
SMARCD1,IRF1
IRF1,TRIM2
IRF1,TRIM35
IRF1,SP100
SP100,IRF1
IRF1,STAT3
STAT3,IRF1
IRF1,TRIM25
TRIM25,IRF1
IRF1,HLA-DRB1
IRF1,POLR2A
POLR2A,IRF1
IRF1,HLA-DQB1
BMP4,HAND2
HAND2,BMP4
BMP4,NOG
BMP4,SPP1
BMP4,GPC3
BMP4,MATN3
BMP4,FGF2
BMP4,FOXF1
FOXF1,BMP4
BMP4,SMAD2
SMAD2,BMP4
BMP4,RGMB
BMP4,BAMBI
BMP4,TGFBR1
BMP4,SMAD6
SMAD6,BMP4
BMP4,MEPE
BMP4,OTX2
OTX2,BMP4
BMP4,MSX1
MSX1,BMP4
BMP4,FAM20A
BMP4,WNT5A
BMP4,TBX3
TBX3,BMP4
BMP4,CTNNB1
CTNNB1,BMP4
BMP4,GATA4
GATA4,BMP4
BMP4,BMPR1A
BMPR1A,BMP4
BMP4,FN1
BMP4,BMPER
BMP4,ZFYVE16
BMP4,TNC
BMP4,ID1
ID1,BMP4
BMP4,SHOX2
SHOX2,BMP4
BMP4,FST
BMP4,MIA3
BMP4,CDH2
BMP4,POU5F1
POU5F1,BMP4
BMP4,BMP2
BMP2,BMP4
BMP4,SOX17
SOX17,BMP4
BMP4,SOX2
SOX2,BMP4
BMP4,SDC2
BMP4,LEF1
LEF1,BMP4
BMP4,FBN1
BMP4,EOMES
EOMES,BMP4
BMP4,PRSS23
BMP4,STAT3
STAT3,BMP4
BMP4,SMAD5
SMAD5,BMP4
BMP4,DKK1
BMP4,CER1
BMP4,PENK
BMP4,LTBP1
BMP4,GATA2
GATA2,BMP4
RAD51,DLGAP5
MAML3,DLGAP5
ESPL1,DLGAP5
MCM4,DLGAP5
RBPJ,DLGAP5
TRIM28,ZNF317
CNTRL,TUBA4A
MCM6,NCAPG
RAD51,NCAPG
MCM7,NCAPG
CENPK,NCAPG
MCM2,NCAPG
ESPL1,NCAPG
MCM3,NCAPG
MCM4,NCAPG
EZH2,NCAPG
UHRF1,NCAPG
GRHL2,ESRP1
GRHL2,GRHL1
GRHL1,GRHL2
GRHL2,EPCAM
GRHL2,ZEB1
ZEB1,GRHL2
ZNF764,TRIM28
TRIM28,ZNF764
JUND,MAPK10
MAPK10,JUND
TRIM28,ATRX
ATRX,TRIM28
TRIM28,ZNF398
ZNF398,TRIM28
TRIM28,RAD50
TRIM28,ZFP90
TRIM28,ZNF30
TRIM28,CBX3
CBX3,TRIM28
TRIM28,ZNF585B
ZNF585B,TRIM28
TRIM28,ZNF3
TRIM28,ZNF589
ZNF589,TRIM28
TRIM28,ZKSCAN1
ZKSCAN1,TRIM28
TRIM28,TP53
TP53,TRIM28
TRIM28,TFDP1
TFDP1,TRIM28
TRIM28,ZNF471
ZNF471,TRIM28
TRIM28,POU5F1
POU5F1,TRIM28
TRIM28,ZNF691
TRIM28,ZNF124
TRIM28,ZNF202
ZNF202,TRIM28
TRIM28,ZWINT
TRIM28,ZNF160
ZNF160,TRIM28
TRIM28,CHAF1A
CHAF1A,TRIM28
TRIM28,ZNF92
TRIM28,ZNF587
ZNF587,TRIM28
PDCD11,NOL11
MCM7,GINS2
MCM6,GINS2
MCM2,GINS2
RAD51,GINS2
MCM3,GINS2
MCM4,GINS2
UHRF1,GINS2
FUS,YBX1
YBX1,FUS
FUS,POLR2G
POLR2G,FUS
FUS,SRSF3
SRSF3,FUS
FUS,NONO
NONO,FUS
FUS,RNPS1
RNPS1,FUS
FUS,UPF3B
FUS,HNRNPK
HNRNPK,FUS
FUS,HNRNPD
HNRNPD,FUS
FUS,PPIL1
FUS,POLR2D
POLR2D,FUS
FUS,ALYREF
ALYREF,FUS
FUS,SF1
SF1,FUS
FUS,OPTN
FUS,ELAVL2
ELAVL2,FUS
FUS,POLR2H
POLR2H,FUS
FUS,SRSF10
SRSF10,FUS
FUS,SFPQ
SFPQ,FUS
FUS,SNRPB
SNRPB,FUS
FUS,BCAS2
FUS,SRSF2
SRSF2,FUS
FUS,POLR2F
POLR2F,FUS
FUS,POLR2K
POLR2K,FUS
FUS,ILF3
ILF3,FUS
FUS,SNRPD1
SNRPD1,FUS
FUS,RBMX
RBMX,FUS
FUS,SRSF1
SRSF1,FUS
FUS,POLR2A
POLR2A,FUS
SMARCC1,RUNX1
RUNX1,SMARCC1
SMARCC1,ACTL6A
SMARCC1,SMARCD3
SMARCD3,SMARCC1
SMARCC1,DPF2
DPF2,SMARCC1
SMARCC1,SMARCD1
SMARCD1,SMARCC1
SMARCC1,DNMT3A
DNMT3A,SMARCC1
SMARCC1,CHAF1A
CHAF1A,SMARCC1
SMARCC1,POLR2A
POLR2A,SMARCC1
POLR1B,NIP7
PA2G4,NIP7
POLR1A,NIP7
PDCD11,NIP7
DDX54,NIP7
POLR2H,NIP7
POLR2F,NIP7
POLR1C,NIP7
VHL,ASB9
ASB9,VHL
VHL,WWP1
WWP1,VHL
VHL,CDC20
VHL,COPS3
VHL,HIF3A
HIF3A,VHL
VHL,HECW2
VHL,EGLN1
VHL,ITCH
VHL,RNF138
VHL,PSMD9
PSMD9,VHL
VHL,LIMD1
LIMD1,VHL
VHL,PJA2
VHL,MEX3C
VHL,SH3RF1
VHL,NEDD4
VHL,CUL1
VHL,LRR1
VHL,COMMD10
VHL,TRIM37
VHL,HIF1A
HIF1A,VHL
VHL,COMMD3
VHL,ASB4
ASB4,VHL
VHL,GLMN
VHL,RCHY1
VHL,RNF14
RNF14,VHL
VHL,RNF19A
RNF19A,VHL
VHL,POLR2A
POLR2A,VHL
BHLHE40,RORB
RORB,BHLHE40
BHLHE40,PER3
PER3,BHLHE40
BHLHE40,STAT3
STAT3,BHLHE40
BHLHE40,RMI1
BHLHE40,BLM
TRAF6,SORT1
NFIC,SORT1
TP53,SORT1
MAPK10,SORT1
BMP2,FST
BMPR1A,FST
LIN28A,ZCCHC11
SRC,PDGFRA
TP53,PDGFRA
EGF,PDGFRA
PDGFA,PDGFRA
STAT3,PDGFRA
TRIM33,SEMA6A
APC,TLE1
TLE1,APC
APC,CDH2
APC,PSMD9
PSMD9,APC
APC,TLE3
TLE3,APC
APC,CUL1
APC,TLE2
TLE2,APC
APC,ASH2L
ASH2L,APC
APC,FZD5
APC,LEF1
LEF1,APC
APC,CTNNB1
CTNNB1,APC
APC,TCF7L1
TCF7L1,APC
APC,CTBP1
CTBP1,APC
TBX3,GATA3
GATA3,TBX3
TBX3,MEIS2
MEIS2,TBX3
TBX3,SHOX2
SHOX2,TBX3
TBX3,GATA6
GATA6,TBX3
TBX3,POU5F1
POU5F1,TBX3
TBX3,SOX2
SOX2,TBX3
LMO2,NHLH2
NHLH2,LMO2
LMO2,RUNX1
RUNX1,LMO2
LMO2,KDR
LMO2,GATA3
GATA3,LMO2
LMO2,POLR2G
POLR2G,LMO2
LMO2,LDB2
LDB2,LMO2
LMO2,BEX2
LMO2,GATA2
GATA2,LMO2
POLR1B,NAT10
PA2G4,NAT10
POLR1A,NAT10
PDCD11,NAT10
SMG6,NAT10
DDX54,NAT10
SNRPB,NAT10
MYBBP1A,NAT10
ESPL1,ZWILCH
ESPL1,MCM7
MCM7,ESPL1
ESPL1,CENPK
CENPK,ESPL1
ESPL1,MCM6
MCM6,ESPL1
ESPL1,AURKB
ESPL1,TOP2A
ESPL1,KIF15
ESPL1,NDC80
ESPL1,DBF4
ESPL1,TTK
ESPL1,MAD2L1
ESPL1,POLA1
ESPL1,WDHD1
ESPL1,CDCA8
ESPL1,KIF23
ESPL1,PLK1
ESPL1,CEP55
ESPL1,KIF11
ESPL1,DYNC1I1
ESPL1,KIF2C
ESPL1,ZWINT
ESPL1,CDC20
ESPL1,NUSAP1
ESPL1,CCNA2
ESPL1,ESCO2
ESPL1,PLK2
ESPL1,ERCC6L
ESPL1,ITGB3BP
ESPL1,CCNB2
ESPL1,CDCA5
ESPL1,CDC25C
ESPL1,MCM3
MCM3,ESPL1
ESPL1,MCM4
MCM4,ESPL1
ESPL1,BUB1B
ESPL1,DSCC1
PDCD11,MPHOSPH6
TMF1,STX6
PDCD11,MRPS9
POLR2F,MRPS9
POLR1C,MRPS9
SRSF1,U2AF1
U2AF1,SRSF1
SRSF1,YBX1
YBX1,SRSF1
SRSF1,SSB
SSB,SRSF1
SRSF1,NUP35
SRSF1,NONO
NONO,SRSF1
SRSF1,RNPS1
RNPS1,SRSF1
SRSF1,UPF3B
SRSF1,HNRNPK
HNRNPK,SRSF1
SRSF1,RAE1
SRSF1,PSIP1
PSIP1,SRSF1
SRSF1,SF1
SF1,SRSF1
SRSF1,ELAVL2
ELAVL2,SRSF1
SRSF1,POLR2H
POLR2H,SRSF1
SRSF1,SFPQ
SFPQ,SRSF1
SRSF1,SNRPB
SNRPB,SRSF1
SRSF1,HNRNPAB
HNRNPAB,SRSF1
SRSF1,BCAS2
SRSF1,ILF3
ILF3,SRSF1
SRSF1,RBMX
RBMX,SRSF1
SRSF1,POLR2G
POLR2G,SRSF1
SRSF1,SRSF3
SRSF3,SRSF1
SRSF1,NUP54
SRSF1,NXF1
SRSF1,HNRNPD
HNRNPD,SRSF1
SRSF1,KHSRP
KHSRP,SRSF1
SRSF1,PPIL1
SRSF1,POLR2D
POLR2D,SRSF1
SRSF1,ALYREF
ALYREF,SRSF1
SRSF1,ILF2
ILF2,SRSF1
SRSF1,SRSF10
SRSF10,SRSF1
SRSF1,SRSF2
SRSF2,SRSF1
SRSF1,POLR2F
POLR2F,SRSF1
SRSF1,POLR2K
POLR2K,SRSF1
SRSF1,RBM14
RBM14,SRSF1
SRSF1,SNRPD1
SNRPD1,SRSF1
SRSF1,SAP18
SAP18,SRSF1
SRSF1,POLR2A
POLR2A,SRSF1
SRSF1,POLDIP3
KAT7,MCM2
MCM2,KAT7
KAT7,PLK1
KAT7,AR
AR,KAT7
POLR1B,IMP4
PDCD11,IMP4
DDX54,IMP4
POLR1C,IMP4
MYBBP1A,IMP4
POU5F1,ZIC3
ZIC3,POU5F1
POU5F1,FOXD3
FOXD3,POU5F1
POU5F1,FGF2
POU5F1,SMAD2
SMAD2,POU5F1
POU5F1,PBX1
PBX1,POU5F1
POU5F1,EPHA1
POU5F1,THY1
POU5F1,EPCAM
POU5F1,OTX2
OTX2,POU5F1
POU5F1,SOX3
SOX3,POU5F1
POU5F1,ZEB2
ZEB2,POU5F1
POU5F1,PROM1
POU5F1,NR0B1
NR0B1,POU5F1
POU5F1,DNMT3B
DNMT3B,POU5F1
POU5F1,CTNNB1
CTNNB1,POU5F1
POU5F1,GATA4
GATA4,POU5F1
POU5F1,EWSR1
EWSR1,POU5F1
POU5F1,MYCN
MYCN,POU5F1
POU5F1,ZFP42
ZFP42,POU5F1
POU5F1,WDR5
WDR5,POU5F1
POU5F1,TP53
TP53,POU5F1
POU5F1,GATA6
GATA6,POU5F1
POU5F1,LIN28A
LIN28A,POU5F1
POU5F1,EHMT2
EHMT2,POU5F1
POU5F1,SOX17
SOX17,POU5F1
POU5F1,SOX2
SOX2,POU5F1
POU5F1,TCF4
TCF4,POU5F1
POU5F1,COMMD3-BMI1
POU5F1,STAT3
STAT3,POU5F1
POU5F1,DNMT1
DNMT1,POU5F1
POU5F1,ZEB1
ZEB1,POU5F1
POU5F1,EZH2
EZH2,POU5F1
POU5F1,PRDM14
PRDM14,POU5F1
MCM6,KIF23
RAD51,KIF23
MCM7,KIF23
MCM2,KIF23
MCM3,KIF23
MCM4,KIF23
MCM6,KIF11
RAD51,KIF11
MCM7,KIF11
MCM2,KIF11
MCM3,KIF11
MCM4,KIF11
UHRF1,KIF11
ASB9,HECW2
WWP1,HECW2
ASB4,HECW2
RNF14,HECW2
RNF19A,HECW2
POLR1B,WDR12
PA2G4,WDR12
POLR1A,WDR12
PDCD11,WDR12
DDX54,WDR12
POLR1C,WDR12
MYBBP1A,WDR12
SRC,ITGAV
DAB2,SYT1
EGF,SYT1
ZNF24,MAPRE2
ZNF24,SSX2IP
TP53,NUAK1
TRAF6,TRAF5
CUX1,MAN2A1
TP53,PALB2
RAD51,PALB2
ASB9,RNF138
WWP1,RNF138
ASB4,RNF138
RNF14,RNF138
RNF19A,RNF138
MCM7,NDC80
CENPK,NDC80
MCM6,NDC80
MCM2,NDC80
CHAF1A,NDC80
MCM3,NDC80
MCM4,NDC80
UHRF1,NDC80
NAA15,NAA25
MCM7,TIPIN
MCM6,TIPIN
MCM2,TIPIN
RAD51,TIPIN
MCM3,TIPIN
MCM4,TIPIN
MCM4,CCNE2
MCM4,MCM6
MCM6,MCM4
MCM4,TOP2A
MCM4,DBF4
MCM4,CDCA7
MCM4,MAPRE2
MCM4,DTL
MCM4,WDHD1
MCM4,CDCA8
MCM4,RAD51
RAD51,MCM4
MCM4,CDC20
MCM4,NUSAP1
MCM4,CCNA2
MCM4,RFC5
MCM4,ESCO2
MCM4,EXO1
MCM4,RFC4
MCM4,CCNB2
MCM4,RPA2
MCM4,MCM10
MCM4,BUB1B
MCM4,DSCC1
MCM4,CDC7
MCM4,MCM7
MCM7,MCM4
MCM4,CDKN3
MCM4,AURKB
MCM4,TTK
MCM4,MAD2L1
MCM4,POLA1
MCM4,MCM2
MCM2,MCM4
MCM4,PLK1
MCM4,CEP55
MCM4,PCNA
MCM4,KIF2C
MCM4,ZWINT
MCM4,CHEK2
MCM4,CHAF1A
CHAF1A,MCM4
MCM4,PRIM1
MCM4,RAD54L
MCM4,MCM3
MCM3,MCM4
MCM4,UHRF1
UHRF1,MCM4
MCM4,RFC3
SMAD2,ERBB2IP
SMAD2,WWP1
WWP1,SMAD2
SMAD2,FOXH1
FOXH1,SMAD2
SMAD2,FGF2
SMAD2,PBX1
PBX1,SMAD2
SMAD2,TGFBR1
SMAD2,SMAD6
SMAD6,SMAD2
SMAD2,RBBP4
RBBP4,SMAD2
SMAD2,WWTR1
WWTR1,SMAD2
SMAD2,ZEB2
ZEB2,SMAD2
SMAD2,CTNNB1
CTNNB1,SMAD2
SMAD2,BMPR1A
BMPR1A,SMAD2
SMAD2,E2F4
E2F4,SMAD2
SMAD2,FN1
SMAD2,CTBP1
CTBP1,SMAD2
SMAD2,ZFYVE16
SMAD2,DAB2
DAB2,SMAD2
SMAD2,TP53
TP53,SMAD2
SMAD2,TFDP1
TFDP1,SMAD2
SMAD2,CUL1
SMAD2,PARP1
PARP1,SMAD2
SMAD2,LIN28A
LIN28A,SMAD2
SMAD2,TRIM33
TRIM33,SMAD2
SMAD2,BMP2
BMP2,SMAD2
SMAD2,MYOCD
MYOCD,SMAD2
SMAD2,SOX2
SOX2,SMAD2
SMAD2,SKIL
SKIL,SMAD2
SMAD2,EOMES
EOMES,SMAD2
SMAD2,STAT3
STAT3,SMAD2
SMAD2,SMAD5
SMAD5,SMAD2
SMAD2,ZEB1
ZEB1,SMAD2
SMAD2,NEDD4
SMAD2,SNAI2
SNAI2,SMAD2
SMAD2,NCOA6
NCOA6,SMAD2
SMAD2,SAP18
SAP18,SMAD2
SMAD2,PRDM14
PRDM14,SMAD2
SMARCD3,CHD9
SMARCD3,RUNX1
RUNX1,SMARCD3
SMARCD3,ACTL6A
SMARCD3,GATA4
GATA4,SMARCD3
SMARCD3,DPF2
DPF2,SMARCD3
SMARCD3,ABCA1
SMARCD3,GRHL1
GRHL1,SMARCD3
SMARCD3,PPARA
PPARA,SMARCD3
SMARCD3,SMARCD1
SMARCD1,SMARCD3
SMARCD3,DNMT3A
DNMT3A,SMARCD3
SMARCD3,TNFRSF21
SMARCD3,NCOA6
NCOA6,SMARCD3
SMARCD3,ANKRD1
ANKRD1,SMARCD3
ASB9,TRIM37
WWP1,TRIM37
HOXB6,TRIM37
ASB4,TRIM37
RNF14,TRIM37
RNF19A,TRIM37
DAB2,VAMP7
EGF,VAMP7
CBFA2T2,TCF4
TCF4,CBFA2T2
CBFA2T2,PRDM14
PRDM14,CBFA2T2
SLA2,ZAP70
SLA2,HLA-DRB1
E2F3,CCNE2
E2F3,MAML3
MAML3,E2F3
E2F3,MAMLD1
E2F3,RBBP4
RBBP4,E2F3
E2F3,CCNA2
E2F3,TFDP1
TFDP1,E2F3
E2F3,TFE3
TFE3,E2F3
E2F3,DNMT1
DNMT1,E2F3
E2F3,CDK6
E2F3,EZH2
EZH2,E2F3
E2F3,RBPJ
RBPJ,E2F3
SMG6,RNPS1
RNPS1,SMG6
SMG6,UPF3B
SMG6,UPF2
UPF2,SMG6
SMG6,UPF1
UPF1,SMG6
SMG6,SNRPB
SNRPB,SMG6
SMG6,XRN1
SETBP1,CCDC6
TRIP11,ARFGAP3
RUNX1,LIFR
EGF,LIFR
STAT3,LIFR
ARID3A,TP53
TP53,ARID3A
TP53,EPCAM
EGF,EPCAM
ZEB1,EPCAM
POLR1A,POLR1B
POLR1B,POLR1A
POLR1A,TRUB1
POLR1A,CIRH1A
POLR1A,WDR75
POLR1A,WDR3
POLR1A,RPF2
POLR1A,TTC27
POLR1A,IPO4
POLR1A,TFB2M
POLR1A,DDX54
DDX54,POLR1A
POLR1A,POLR2H
POLR2H,POLR1A
POLR1A,NOC3L
POLR1A,UTP14A
POLR1A,FTSJ3
POLR1A,MYBBP1A
MYBBP1A,POLR1A
POLR1A,UBTF
UBTF,POLR1A
POLR1A,UTP15
POLR1A,POLR2G
POLR2G,POLR1A
POLR1A,PA2G4
PA2G4,POLR1A
POLR1A,DEK
DEK,POLR1A
POLR1A,PDCD11
PDCD11,POLR1A
POLR1A,POLR2D
POLR2D,POLR1A
POLR1A,GTF2H2
GTF2H2,POLR1A
POLR1A,TSR1
POLR1A,HEATR1
POLR1A,POLR2F
POLR2F,POLR1A
POLR1A,POLR2K
POLR2K,POLR1A
POLR1A,POLR1C
POLR1C,POLR1A
POLR1A,NOP2
SRC,KDR
CTNNB1,KDR
TP53,KDR
EGF,KDR
SOX17,KDR
PDGFA,KDR
STAT3,KDR
GATA2,KDR
MCM6,CCNE2
MCM6,TOP2A
MCM6,DBF4
MCM6,CDCA7
MCM6,MAPRE2
MCM6,DTL
MCM6,DNAJC9
MCM6,WDHD1
MCM6,RAD51
RAD51,MCM6
MCM6,NOC3L
MCM6,CDC20
MCM6,CCNA2
MCM6,RFC5
MCM6,EXO1
MCM6,RFC4
MCM6,CCNB2
MCM6,RPA2
MCM6,MCM10
MCM6,BUB1B
MCM6,CDC7
MCM6,MCM7
MCM7,MCM6
MCM6,AURKB
MCM6,TTK
MCM6,MAD2L1
MCM6,POLA1
MCM6,MCM2
MCM2,MCM6
MCM6,PLK1
MCM6,PCNA
MCM6,ZWINT
MCM6,CHEK2
MCM6,CHAF1A
CHAF1A,MCM6
MCM6,DNMT1
DNMT1,MCM6
MCM6,PRIM1
MCM6,MCM3
MCM3,MCM6
MCM6,RFC3
ARID4B,ATRX
ATRX,ARID4B
ARID4B,ACTL6A
ARID4B,RBBP4
RBBP4,ARID4B
ARID4B,DNMT3B
DNMT3B,ARID4B
ARID4B,DNMT1
DNMT1,ARID4B
ARID4B,SAP18
SAP18,ARID4B
PARP1,POLQ
RAD51,POLQ
POLR2H,FGF2
OTX2,FGF2
POLR2G,FGF2
TP53,FGF2
POLR2D,FGF2
CUX1,FGF2
EGF,FGF2
BMP2,FGF2
SOX2,FGF2
POLR2F,FGF2
STAT3,FGF2
POLR2K,FGF2
HIF1A,FGF2
POLR2A,FGF2
CTNNB1,WNT5A
DAB2,WNT5A
EGF,WNT5A
MAPK10,WNT5A
LEF1,WNT5A
STAT3,WNT5A
SNAI2,WNT5A
STAT3,STAT2
STAT2,STAT3
STAT3,SRC
SRC,STAT3
STAT3,TRAF6
TRAF6,STAT3
STAT3,POU2F1
POU2F1,STAT3
STAT3,DAXX
DAXX,STAT3
STAT3,GATA3
GATA3,STAT3
STAT3,PROM1
STAT3,CTNNB1
CTNNB1,STAT3
STAT3,VIM
STAT3,IL6ST
STAT3,PRDM1
PRDM1,STAT3
STAT3,IL13RA1
STAT3,TP53
TP53,STAT3
STAT3,CDH2
STAT3,CUX1
CUX1,STAT3
STAT3,EGF
EGF,STAT3
STAT3,LIN28A
LIN28A,STAT3
STAT3,TLR4
TLR4,STAT3
STAT3,SOX2
SOX2,STAT3
STAT3,SDC2
STAT3,DNMT1
DNMT1,STAT3
STAT3,AR
AR,STAT3
STAT3,ZEB1
ZEB1,STAT3
STAT3,EZH2
EZH2,STAT3
STAT3,HIF1A
HIF1A,STAT3
MECOM,RUNX1
RUNX1,MECOM
MECOM,RBBP4
RBBP4,MECOM
MECOM,CTBP1
CTBP1,MECOM
MECOM,TP53
TP53,MECOM
MECOM,GATAD2A
GATAD2A,MECOM
MECOM,MAPK10
MAPK10,MECOM
MECOM,SNAI2
SNAI2,MECOM
MECOM,EZH2
EZH2,MECOM
MECOM,PHC1
DNMT3A,TP53
TP53,DNMT3A
DNMT3A,ASXL1
ASXL1,DNMT3A
DNMT3A,ACTL6A
DNMT3A,EHMT2
EHMT2,DNMT3A
DNMT3A,SMARCD1
SMARCD1,DNMT3A
DNMT3A,RBBP4
RBBP4,DNMT3A
DNMT3A,MAT2B
DNMT3A,DNMT1
DNMT1,DNMT3A
DNMT3A,SALL3
SALL3,DNMT3A
DNMT3A,DNMT3B
DNMT3B,DNMT3A
DNMT3A,NPM1
NPM1,DNMT3A
DNMT3A,EZH2
EZH2,DNMT3A
DNMT3A,UHRF1
UHRF1,DNMT3A
DNMT3A,PHC1
SRSF3,NUP54
RNPS1,NUP54
ALYREF,NUP54
SNRPB,NUP54
SP100,NUP54
SRSF2,NUP54
NPM1,NUP54
SNRPD1,NUP54
UPF2,XRN1
ALYREF,XRN1
UPF1,XRN1
PARN,XRN1
SRC,ZAP70
MCM2,CCNE2
MCM2,TOP2A
MCM2,KIF15
MCM2,DBF4
MCM2,CDCA7
MCM2,DTL
MCM2,DNAJC9
MCM2,WDHD1
MCM2,CDCA8
MCM2,RAD51
RAD51,MCM2
MCM2,CDC20
MCM2,NUSAP1
MCM2,CCNA2
MCM2,RFC5
MCM2,ESCO2
MCM2,EXO1
MCM2,RFC4
MCM2,CCNB2
MCM2,RPA2
MCM2,MCM10
MCM2,BUB1B
MCM2,DSCC1
MCM2,CDC7
MCM2,MCM7
MCM7,MCM2
MCM2,AURKB
MCM2,TTK
MCM2,MAD2L1
MCM2,POLA1
MCM2,PLK1
MCM2,TEX10
MCM2,PCNA
MCM2,KIF2C
MCM2,ZWINT
MCM2,CHEK2
MCM2,CHAF1A
CHAF1A,MCM2
MCM2,DNMT1
DNMT1,MCM2
MCM2,CDK6
MCM2,PRIM1
MCM2,RAD54L
MCM2,MCM3
MCM3,MCM2
MCM2,UHRF1
UHRF1,MCM2
MCM2,RFC3
SRC,TNC
LEF1,TLE2
TLE2,LEF1
LEF1,PITX2
PITX2,LEF1
LEF1,CTNNB1
CTNNB1,LEF1
LEF1,TCF7L1
TCF7L1,LEF1
LEF1,CTBP1
CTBP1,LEF1
LEF1,SOX13
SOX13,LEF1
LEF1,MITF
MITF,LEF1
LEF1,TLE1
TLE1,LEF1
LEF1,TLE3
TLE3,LEF1
LEF1,ASH2L
ASH2L,LEF1
LEF1,TEAD4
TEAD4,LEF1
LEF1,SOX17
SOX17,LEF1
LEF1,RUVBL1
RUVBL1,LEF1
LEF1,TCF4
TCF4,LEF1
LEF1,TEAD1
TEAD1,LEF1
LEF1,DKK1
LEF1,SNAI2
SNAI2,LEF1
EGF,ERBB2IP
EGF,SRC
SRC,EGF
EGF,SPRY2
EGF,CLU
EGF,ITGA6
EGF,PROM1
EGF,CTNNB1
CTNNB1,EGF
EGF,LGR5
EGF,NECAP2
EGF,FN1
EGF,PLAU
EGF,DAB2
DAB2,EGF
EGF,SNX18
EGF,TP53
TP53,EGF
EGF,CDH2
EGF,BMP2
BMP2,EGF
EGF,PDGFA
PDGFA,EGF
EGF,ERBB4
EGF,PGR
PGR,EGF
EGF,AR
AR,EGF
EGF,ZEB1
ZEB1,EGF
EGF,SNAI2
SNAI2,EGF
EGF,EPHA2
EGF,ARRB1
AFF4,POLR2G
POLR2G,AFF4
AFF4,MLLT3
MLLT3,AFF4
AFF4,POLR2D
POLR2D,AFF4
AFF4,GTF2H2
GTF2H2,AFF4
AFF4,POLR2H
POLR2H,AFF4
AFF4,POLR2F
POLR2F,AFF4
AFF4,POLR2K
POLR2K,AFF4
AFF4,TCEA1
TCEA1,AFF4
AFF4,POLR2A
POLR2A,AFF4
ILF3,XPO5
MYBBP1A,XPO5
PARP1,POLB
FXR1,MCCC1
MCM7,DBF4
MCM3,DBF4
RUNX1,CDK6
E2F7,CDK6
CTNNB1,CDK6
E2F4,CDK6
TP53,CDK6
TFDP1,CDK6
AR,CDK6
TP53,TIMP3
PATZ1,TP53
TP53,PATZ1
CTNNB1,LGR5
TRAF6,PELI2
ZFHX3,PITX2
PITX2,ZFHX3
CTNNB1,CDH11
POLR2G,COPS3
ASB9,COPS3
WDR5,COPS3
POLR2D,COPS3
GTF2H2,COPS3
POLR2H,COPS3
RUVBL1,COPS3
POLR2F,COPS3
POLR2K,COPS3
ASB4,COPS3
POLR2A,COPS3
PDCD11,NOB1
DDX54,NOB1
MEF2D,CDH2
ZEB2,CDH2
CTNNB1,CDH2
SOX2,CDH2
ZEB1,CDH2
SNAI2,CDH2
GATA6,TBX20
TBX20,GATA6
GATA6,GATA3
GATA3,GATA6
GATA6,SOX7
SOX7,GATA6
GATA6,GATA4
GATA4,GATA6
GATA6,ZFPM2
ZFPM2,GATA6
GATA6,SOX17
SOX17,GATA6
GATA6,SOX2
SOX2,GATA6
GATA6,GATA2
GATA2,GATA6
TP53,DNA2
TP53,CCNE2
TP53,IFI16
IFI16,TP53
TP53,YBX1
YBX1,TP53
TP53,SMYD2
TP53,SRC
SRC,TP53
TP53,TRAF6
TRAF6,TP53
TP53,TP53INP1
TP53,TOP2A
TP53,RBBP8
TP53,PDCD4
TP53,XRCC5
XRCC5,TP53
TP53,ATRX
ATRX,TP53
TP53,SPP1
TP53,E2F7
E2F7,TP53
TP53,HNRNPK
HNRNPK,TP53
TP53,DAXX
DAXX,TP53
TP53,H1F0
H1F0,TP53
TP53,PMAIP1
TP53,ACTL6A
TP53,HMGA1
HMGA1,TP53
TP53,RAD51
RAD51,TP53
TP53,NFKBIB
NFKBIB,TP53
TP53,RAD50
TP53,SP100
SP100,TP53
TP53,RBBP4
RBBP4,TP53
TP53,CDC20
TP53,CCNA2
TP53,RFC5
TP53,EXO1
TP53,NUMB
TP53,TRIAP1
TP53,ZEB2
ZEB2,TP53
TP53,RFC4
TP53,PROM1
TP53,RPA2
TP53,CTNNB1
CTNNB1,TP53
TP53,BUB1B
TP53,EWSR1
EWSR1,TP53
TP53,PRDM1
PRDM1,TP53
TP53,BLM
TP53,E2F4
E2F4,TP53
TP53,MYBBP1A
MYBBP1A,TP53
TP53,WEE1
TP53,CDKN3
TP53,MYCN
MYCN,TP53
TP53,CITED2
CITED2,TP53
TP53,BTG2
BTG2,TP53
TP53,SETD7
TP53,AURKB
TP53,XRCC6
XRCC6,TP53
TP53,HIST1H1B
HIST1H1B,TP53
TP53,CCNG2
TP53,MDM4
MDM4,TP53
TP53,TFDP1
TFDP1,TP53
TP53,PSMD9
PSMD9,TP53
TP53,TTK
TP53,PARP1
PARP1,TP53
TP53,KAT6A
KAT6A,TP53
TP53,TAF1L
TAF1L,TP53
TP53,KDM6A
TP53,PLK1
TP53,GATAD2A
GATAD2A,TP53
TP53,PCNA
TP53,KLF5
KLF5,TP53
TP53,EHMT2
EHMT2,TP53
TP53,SMARCD1
SMARCD1,TP53
TP53,SOX2
SOX2,TP53
TP53,MAPK10
MAPK10,TP53
TP53,PLAGL1
PLAGL1,TP53
TP53,CHEK2
TP53,ETS1
ETS1,TP53
TP53,SLC2A1
TP53,DNMT1
DNMT1,TP53
TP53,PLK2
TP53,ERBB4
TP53,PGR
PGR,TP53
TP53,AR
AR,TP53
TP53,RMI1
TP53,CDC25C
TP53,DACH1
DACH1,TP53
TP53,SNAI2
SNAI2,TP53
TP53,NPM1
NPM1,TP53
TP53,EZH2
EZH2,TP53
TP53,HIF1A
HIF1A,TP53
TP53,EPHA2
TP53,RCHY1
TP53,BNIP3
TP53,PHC1
TP53,RFC3
TP53,RBPJ
RBPJ,TP53
MEF2D,CTNNB1
CTNNB1,MEF2D
MEF2D,NFATC1
NFATC1,MEF2D
MEF2D,TCF4
TCF4,MEF2D
MEF2D,PPP3CA
MEF2D,HDAC9
HDAC9,MEF2D
MEF2D,CAMK2D
RUNX1,CTSK
TLR7,CTSK
NFATC1,CTSK
TMF1,VPS54
MEIS1,RARG
RARG,MEIS1
MEIS1,POLR2G
POLR2G,MEIS1
MEIS1,LMX1B
LMX1B,MEIS1
MEIS1,WDR5
WDR5,MEIS1
MEIS1,MLLT3
MLLT3,MEIS1
MEIS1,POLR2D
POLR2D,MEIS1
MEIS1,PBX1
PBX1,MEIS1
MEIS1,KDM6A
MEIS1,ASH2L
ASH2L,MEIS1
MEIS1,POLR2H
POLR2H,MEIS1
MEIS1,RBBP4
RBBP4,MEIS1
MEIS1,HOXB4
HOXB4,MEIS1
MEIS1,POLR2F
POLR2F,MEIS1
MEIS1,POLR2K
POLR2K,MEIS1
MEIS1,HOXB2
HOXB2,MEIS1
MEIS1,NCOA6
NCOA6,MEIS1
MEIS1,MEIS2
MEIS2,MEIS1
MEIS1,EZH2
EZH2,MEIS1
MEIS1,POLR2A
POLR2A,MEIS1
MAPK10,RALB
POLR2D,SNAPC3
SNAPC3,POLR2D
POLR2D,RARG
RARG,POLR2D
POLR2D,YBX1
YBX1,POLR2D
POLR2D,POLR2G
POLR2G,POLR2D
POLR2D,POLR1B
POLR1B,POLR2D
POLR2D,SRSF3
SRSF3,POLR2D
POLR2D,POU2F1
POU2F1,POLR2D
POLR2D,WDR5
WDR5,POLR2D
POLR2D,RNPS1
RNPS1,POLR2D
POLR2D,UPF3B
POLR2D,HOXB3
HOXB3,POLR2D
POLR2D,ESRP1
POLR2D,HNRNPK
HNRNPK,POLR2D
POLR2D,MLLT3
MLLT3,POLR2D
POLR2D,HNRNPD
HNRNPD,POLR2D
POLR2D,PPIL1
POLR2D,GTF2H2
GTF2H2,POLR2D
POLR2D,PBX1
PBX1,POLR2D
POLR2D,TAF1L
TAF1L,POLR2D
POLR2D,MED14
MED14,POLR2D
POLR2D,ALYREF
ALYREF,POLR2D
POLR2D,SF1
SF1,POLR2D
POLR2D,KDM6A
POLR2D,PCNA
POLR2D,ASH2L
ASH2L,POLR2D
POLR2D,ELAVL2
ELAVL2,POLR2D
POLR2D,POLR2H
POLR2H,POLR2D
POLR2D,SRSF10
SRSF10,POLR2D
POLR2D,POLR2M
POLR2D,SNRPB
SNRPB,POLR2D
POLR2D,SOX2
SOX2,POLR2D
POLR2D,BCAS2
POLR2D,RBBP4
RBBP4,POLR2D
POLR2D,SRSF2
SRSF2,POLR2D
POLR2D,RFC5
POLR2D,HOXB4
HOXB4,POLR2D
POLR2D,POLR2F
POLR2F,POLR2D
POLR2D,POLR2K
POLR2K,POLR2D
POLR2D,RFC4
POLR2D,HOXB2
HOXB2,POLR2D
POLR2D,RPA2
POLR2D,POLR1C
POLR1C,POLR2D
POLR2D,NCOA6
NCOA6,POLR2D
POLR2D,POU2F2
POU2F2,POLR2D
POLR2D,SNRPD1
SNRPD1,POLR2D
POLR2D,RBFOX2
RBFOX2,POLR2D
POLR2D,TCEA1
TCEA1,POLR2D
POLR2D,EZH2
EZH2,POLR2D
POLR2D,RBMX
RBMX,POLR2D
POLR2D,RFC3
POLR2D,SNAPC4
SNAPC4,POLR2D
POLR2D,POLR2A
POLR2A,POLR2D
LIMD1,HIF3A
HIF3A,LIMD1
LIMD1,EGLN1
LIMD1,PSMD9
PSMD9,LIMD1
LIMD1,RHOBTB3
LIMD1,HIF1A
HIF1A,LIMD1
E2F7,CCNA2
RAD51,CCNA2
RBBP4,CCNA2
E2F4,CCNA2
MCM7,CCNA2
TFDP1,CCNA2
PSMD9,CCNA2
TCF19,CCNA2
TRIM33,CCNA2
RUVBL1,CCNA2
MCM3,CCNA2
EZH2,CCNA2
UHRF1,CCNA2
EHMT2,SETD7
SOX2,SETD7
DNMT1,SETD7
AR,SETD7
MCM7,PLK2
NPM1,PLK2
CTNNB1,IQGAP2
ASB9,COMMD10
HIF3A,COMMD10
WDR5,COMMD10
HIF1A,COMMD10
ASB4,COMMD10
CENPK,CDCA5
CHAF1A,CDCA5
UHRF1,CDCA5
SRC,EPHA1
SOX2,EPHA1
NONO,YBX1
YBX1,NONO
NONO,HNRNPK
HNRNPK,NONO
NONO,ILF2
ILF2,NONO
NONO,SFPQ
SFPQ,NONO
NONO,RBBP4
RBBP4,NONO
NONO,ILF3
ILF3,NONO
NONO,RBM14
RBM14,NONO
NONO,RBMX
RBMX,NONO
YBX1,UPF3B
POLR2G,UPF3B
SRSF3,UPF3B
RNPS1,UPF3B
UPF2,UPF3B
HNRNPK,UPF3B
HNRNPD,UPF3B
ALYREF,UPF3B
UPF1,UPF3B
ELAVL2,UPF3B
POLR2H,UPF3B
SNRPB,UPF3B
SRSF2,UPF3B
POLR2F,UPF3B
POLR2K,UPF3B
SNRPD1,UPF3B
RBMX,UPF3B
POLR2A,UPF3B
PRDM14,PBX1
PBX1,PRDM14
PRDM14,DNMT3B
DNMT3B,PRDM14
PRDM14,LIN28A
LIN28A,PRDM14
PRDM14,SOX2
SOX2,PRDM14
SRC,ABLIM1
SRC,PAK1
CTNNB1,PAK1
SMAD5,PDCD4
SRC,DOCK1
MYCN,PMAIP1
MYCN,SOX2
SOX2,MYCN
MYCN,EZH2
EZH2,MYCN
CTNNB1,FER
KHDRBS2,RBMX
RBMX,KHDRBS2
SRC,EPHA4
SNRPB,GEMIN6
SNRPD1,GEMIN6
SETBP1,U2AF1
U2AF1,SETBP1
SETBP1,ASXL1
ASXL1,SETBP1
TCF7L1,SOX13
SOX13,TCF7L1
TCF7L1,TLE1
TLE1,TCF7L1
TCF7L1,TLE3
TLE3,TCF7L1
TCF7L1,TLE2
TLE2,TCF7L1
TCF7L1,ASH2L
ASH2L,TCF7L1
TCF7L1,TEAD4
TEAD4,TCF7L1
TCF7L1,SOX17
SOX17,TCF7L1
TCF7L1,RUVBL1
RUVBL1,TCF7L1
TCF7L1,TEAD1
TEAD1,TCF7L1
TCF7L1,CTNNB1
CTNNB1,TCF7L1
TCF7L1,CTBP1
CTBP1,TCF7L1
ASB9,SH3RF1
WWP1,SH3RF1
RNF19A,SH3RF1
ASB4,SH3RF1
RNF14,SH3RF1
CTNNB1,CA2
CTNNB1,FZD7
SRC,TIAM1
ZIC3,SOX2
SOX2,ZIC3
RAD51,BUB1B
MCM7,BUB1B
CENPK,BUB1B
PSMD9,BUB1B
TCF19,BUB1B
TRIM33,BUB1B
MCM3,BUB1B
EZH2,BUB1B
UHRF1,BUB1B
RAD51,CCNB2
RBBP4,CCNB2
MCM7,CCNB2
CENPK,CCNB2
TCF19,CCNB2
MCM3,CCNB2
EZH2,CCNB2
UHRF1,CCNB2
SMAD6,WWP1
WWP1,SMAD6
SMAD6,ITCH
SMAD6,BAMBI
SMAD6,TGFBR1
SMAD6,GATA4
GATA4,SMAD6
SMAD6,BMPR1A
BMPR1A,SMAD6
SMAD6,CTBP1
CTBP1,SMAD6
SMAD6,ZFYVE16
SMAD6,BMP2
BMP2,SMAD6
SMAD6,SKIL
SKIL,SMAD6
SMAD6,SMAD5
SMAD5,SMAD6
SMAD6,NEDD4
MYOCD,ACTC1
BTG2,CHAF1A
CHAF1A,BTG2
BTG2,KLF6
KLF6,BTG2
CTBP1,RUNX1
RUNX1,CTBP1
CTBP1,RBBP8
CTBP1,ZNF516
CTBP1,TLE2
TLE2,CTBP1
CTBP1,RAD50
CTBP1,RBBP4
RBBP4,CTBP1
CTBP1,ZEB2
ZEB2,CTBP1
CTBP1,CTNNB1
CTNNB1,CTBP1
CTBP1,E2F4
E2F4,CTBP1
CTBP1,TLE1
TLE1,CTBP1
CTBP1,TFDP1
TFDP1,CTBP1
CTBP1,TLE3
TLE3,CTBP1
CTBP1,ZBTB38
ZBTB38,CTBP1
CTBP1,ASH2L
ASH2L,CTBP1
CTBP1,SATB1
SATB1,CTBP1
CTBP1,ZEB1
ZEB1,CTBP1
CTBP1,SAP18
SAP18,CTBP1
CTBP1,PHC1
CTBP1,RBPJ
RBPJ,CTBP1
U2AF1,SRSF3
SRSF3,U2AF1
U2AF1,DEK
DEK,U2AF1
U2AF1,ASXL1
ASXL1,U2AF1
U2AF1,SF1
SF1,U2AF1
U2AF1,SRSF2
SRSF2,U2AF1
SRC,ITGA5
SRC,CAPN2
REL,NFKBIB
NFKBIB,REL
REL,PSMD9
PSMD9,REL
REL,MALT1
REL,CUL1
SRSF3,NUP35
RNPS1,NUP35
ALYREF,NUP35
SNRPB,NUP35
SP100,NUP35
SRSF2,NUP35
NPM1,NUP35
SNRPD1,NUP35
MITF,FOXD3
FOXD3,MITF
MITF,TFE3
TFE3,MITF
MITF,OTX2
OTX2,MITF
MITF,CTNNB1
CTNNB1,MITF
MITF,IL6ST
HESX1,SOX3
SOX3,HESX1
RAD51,MAD2L1
MCM7,MAD2L1
CENPK,MAD2L1
PSMD9,MAD2L1
MCM3,MAD2L1
UHRF1,MAD2L1
NAA15,SSB
SSB,NAA15
POLR1B,UTP15
PDCD11,UTP15
DDX54,UTP15
POLR1C,UTP15
MYBBP1A,UTP15
NCOA6,TNFRSF21
PPARA,TNFRSF21
NPM1,RAE1
NPM1,RBBP4
RBBP4,NPM1
NPM1,ITGB3BP
NPM1,CENPK
CENPK,NPM1
NPM1,AURKB
NPM1,ASXL1
ASXL1,NPM1
NPM1,RUVBL1
RUVBL1,NPM1
NPM1,TFAP2A
TFAP2A,NPM1
NPM1,NOP2
BMP2,BMPER
BMP2,COL1A2
SOX17,CTNNB1
CTNNB1,SOX17
SOX17,GATA4
GATA4,SOX17
ASB9,LRR1
WWP1,LRR1
ASB4,LRR1
RNF14,LRR1
RNF19A,LRR1
SNAPC4,POU2F1
POU2F1,SNAPC4
SNAPC4,POLR3G
SNAPC4,POLR2H
POLR2H,SNAPC4
SNAPC4,SNAPC3
SNAPC3,SNAPC4
SNAPC4,POLR2G
POLR2G,SNAPC4
SNAPC4,POLR2F
POLR2F,SNAPC4
SNAPC4,POLR2K
POLR2K,SNAPC4
SNAPC4,POLR1C
POLR1C,SNAPC4
SNAPC4,POU2F2
POU2F2,SNAPC4
SNAPC4,POLR3E
POLR3E,SNAPC4
SNAPC4,POLR2A
POLR2A,SNAPC4
POLR1B,TRUB1
SSB,TRUB1
PDCD11,TRUB1
POLR1C,TRUB1
POLR2G,POLR2M
POLR2F,POLR2M
POLR2A,POLR2M
POLR3E,SNAPC3
SNAPC3,POLR3E
POLR3E,POLR2G
POLR2G,POLR3E
POLR3E,POLR1B
POLR1B,POLR3E
POLR3E,SSB
SSB,POLR3E
POLR3E,POU2F1
POU2F1,POLR3E
POLR3E,POLR3G
POLR3E,NFIB
NFIB,POLR3E
POLR3E,NFIA
NFIA,POLR3E
POLR3E,POLR2H
POLR2H,POLR3E
POLR3E,GTF3C4
GTF3C4,POLR3E
POLR3E,POLR2F
POLR2F,POLR3E
POLR3E,NFIC
NFIC,POLR3E
POLR3E,POLR2K
POLR2K,POLR3E
POLR3E,POLR1C
POLR1C,POLR3E
RAD51,PLK1
RBBP4,PLK1
CNTRL,PLK1
MCM7,PLK1
CENPK,PLK1
PSMD9,PLK1
MCM3,PLK1
UHRF1,PLK1
MCM7,MAPRE2
RUNX1,SRC
SRC,RUNX1
RUNX1,WDR5
WDR5,RUNX1
RUNX1,ITCH
RUNX1,ACTL6A
RUNX1,RSPO3
RUNX1,GATA3
GATA3,RUNX1
RUNX1,ASH2L
ASH2L,RUNX1
RUNX1,SMARCD1
SMARCD1,RUNX1
RUNX1,YAF2
YAF2,RUNX1
RUNX1,ETS1
ETS1,RUNX1
RUNX1,PHC1
RUNX1,GATA2
GATA2,RUNX1
RUNX1,PRMT6
SNRPD1,YBX1
YBX1,SNRPD1
SNRPD1,POLR2G
POLR2G,SNRPD1
SNRPD1,SRSF3
SRSF3,SNRPD1
SNRPD1,SSB
SSB,SNRPD1
SNRPD1,RNPS1
RNPS1,SNRPD1
SNRPD1,HNRNPK
HNRNPK,SNRPD1
SNRPD1,HNRNPD
HNRNPD,SNRPD1
SNRPD1,RAE1
SNRPD1,PPIL1
SNRPD1,EXOSC3
SNRPD1,ALYREF
ALYREF,SNRPD1
SNRPD1,SF1
SF1,SNRPD1
SNRPD1,SNUPN
SNRPD1,ILF2
ILF2,SNRPD1
SNRPD1,ELAVL2
ELAVL2,SNRPD1
SNRPD1,POLR2H
POLR2H,SNRPD1
SNRPD1,SRSF10
SRSF10,SNRPD1
SNRPD1,GEMIN4
SNRPD1,RUVBL1
RUVBL1,SNRPD1
SNRPD1,SNRPB
SNRPB,SNRPD1
SNRPD1,BCAS2
SNRPD1,SRSF2
SRSF2,SNRPD1
SNRPD1,POLR2F
POLR2F,SNRPD1
SNRPD1,POLR2K
POLR2K,SNRPD1
SNRPD1,RBMX
RBMX,SNRPD1
SNRPD1,POLR2A
POLR2A,SNRPD1
NFATC3,NFATC1
NFATC1,NFATC3
NFATC3,MAPK10
MAPK10,NFATC3
NFATC3,PPP3CA
NFATC3,GATA4
GATA4,NFATC3
CHAF1A,MCM7
MCM7,CHAF1A
CHAF1A,POLA1
CHAF1A,ACTL6A
CHAF1A,PCNA
CHAF1A,SMARCD1
SMARCD1,CHAF1A
CHAF1A,RBBP4
RBBP4,CHAF1A
CHAF1A,EXO1
CHAF1A,MCM3
MCM3,CHAF1A
CHAF1A,BLM
MCM7,TSR1
POLR1B,TSR1
PA2G4,TSR1
PDCD11,TSR1
DDX54,TSR1
PARN,TSR1
POLR2A,TSR1
MYBBP1A,TSR1
RAD51,TK1
TFDP1,TK1
POLR2G,SNAPC3
SNAPC3,POLR2G
POLR2G,RARG
RARG,POLR2G
POLR2G,YBX1
YBX1,POLR2G
POLR2G,POLR1B
POLR1B,POLR2G
POLR2G,SRSF3
SRSF3,POLR2G
POLR2G,POU2F1
POU2F1,POLR2G
POLR2G,WDR5
WDR5,POLR2G
POLR2G,RNPS1
RNPS1,POLR2G
POLR2G,HOXB3
HOXB3,POLR2G
POLR2G,ESRP1
POLR2G,HNRNPK
HNRNPK,POLR2G
POLR2G,MLLT3
MLLT3,POLR2G
POLR2G,HNRNPD
HNRNPD,POLR2G
POLR2G,PPIL1
POLR2G,GTF2H2
GTF2H2,POLR2G
POLR2G,PBX1
PBX1,POLR2G
POLR2G,TAF1L
TAF1L,POLR2G
POLR2G,MED14
MED14,POLR2G
POLR2G,ALYREF
ALYREF,POLR2G
POLR2G,SF1
SF1,POLR2G
POLR2G,KDM6A
POLR2G,PCNA
POLR2G,ASH2L
ASH2L,POLR2G
POLR2G,ELAVL2
ELAVL2,POLR2G
POLR2G,POLR2H
POLR2H,POLR2G
POLR2G,SRSF10
SRSF10,POLR2G
POLR2G,SNRPB
SNRPB,POLR2G
POLR2G,SOX2
SOX2,POLR2G
POLR2G,BCAS2
POLR2G,RBBP4
RBBP4,POLR2G
POLR2G,SRSF2
SRSF2,POLR2G
POLR2G,RFC5
POLR2G,HOXB4
HOXB4,POLR2G
POLR2G,POLR2F
POLR2F,POLR2G
POLR2G,POLR2K
POLR2K,POLR2G
POLR2G,RFC4
POLR2G,HOXB2
HOXB2,POLR2G
POLR2G,RPA2
POLR2G,POLR1C
POLR1C,POLR2G
POLR2G,NCOA6
NCOA6,POLR2G
POLR2G,POU2F2
POU2F2,POLR2G
POLR2G,RBFOX2
RBFOX2,POLR2G
POLR2G,TCEA1
TCEA1,POLR2G
POLR2G,EZH2
EZH2,POLR2G
POLR2G,EWSR1
EWSR1,POLR2G
POLR2G,RBMX
RBMX,POLR2G
POLR2G,RFC3
POLR2G,POLR2A
POLR2A,POLR2G
SOX7,GATA4
GATA4,SOX7
SP100,TRIM35
CIITA,TRIM35
UBTF,POLR1B
POLR1B,UBTF
UBTF,POLR2H
POLR2H,UBTF
UBTF,RBBP4
RBBP4,UBTF
UBTF,GTF2H2
GTF2H2,UBTF
UBTF,GATAD2A
GATAD2A,UBTF
UBTF,EHMT2
EHMT2,UBTF
UBTF,POLR2F
POLR2F,UBTF
UBTF,POLR2K
POLR2K,UBTF
UBTF,POLR1C
POLR1C,UBTF
PA2G4,POLR1B
POLR1B,PA2G4
PA2G4,CIRH1A
PA2G4,WDR75
PA2G4,RPF2
PA2G4,DDX54
DDX54,PA2G4
PA2G4,FTSJ3
PA2G4,GCA
PA2G4,MAK16
PA2G4,PDCD11
PDCD11,PA2G4
PA2G4,HEATR1
PA2G4,AR
AR,PA2G4
PA2G4,POLR1C
POLR1C,PA2G4
PA2G4,NOP2
PITX2,CITED2
CITED2,PITX2
PITX2,TFAP2A
TFAP2A,PITX2
PITX2,CTNNB1
CTNNB1,PITX2
CTNNB1,MAGI3
RFXANK,CIITA
CIITA,RFXANK
RFXANK,HDAC9
HDAC9,RFXANK
LDB2,NHLH2
NHLH2,LDB2
LDB2,BEX2
LDB2,LMO3
LMO3,LDB2
LDB2,GATA2
GATA2,LDB2
MCM7,CDCA7
MCM3,CDCA7
UHRF1,CDCA7
UHRF1,ESCO2
SRC,SDC2
MCM7,CCNE2
MCM7,TOP2A
MCM7,DTL
MCM7,DNAJC9
MCM7,WDHD1
MCM7,RAD51
RAD51,MCM7
MCM7,RBBP4
RBBP4,MCM7
MCM7,CDC20
MCM7,RFC5
MCM7,RFC4
MCM7,RPA2
MCM7,MCM10
MCM7,DSCC1
MCM7,CDC7
MCM7,AURKB
MCM7,TTK
MCM7,POLA1
MCM7,PCNA
MCM7,CHEK2
MCM7,DNMT1
DNMT1,MCM7
MCM7,PRIM1
MCM7,MCM3
MCM3,MCM7
MCM7,RFC3
MCM7,POLR2A
POLR2A,MCM7
ARNT2,HIF1A
HIF1A,ARNT2
POLR1B,WDR3
PDCD11,WDR3
DDX54,WDR3
MYBBP1A,WDR3
SMAD5,RGMB
BMPR1A,RGMB
BMP2,RGMB
HCFC1,WDR5
WDR5,HCFC1
HCFC1,ASXL1
ASXL1,HCFC1
HCFC1,TFB2M
HCFC1,TEX10
HCFC1,CXXC1
CXXC1,HCFC1
HCFC1,ASH2L
ASH2L,HCFC1
HCFC1,RUVBL1
RUVBL1,HCFC1
HCFC1,FOXK1
FOXK1,HCFC1
HCFC1,RUVBL2
RUVBL2,HCFC1
CENPK,ZWILCH
RBM14,SRSF3
SRSF3,RBM14
RBM14,SSB
SSB,RBM14
RBM14,MED16
MED16,RBM14
RBM14,XRCC5
XRCC5,RBM14
RBM14,HNRNPK
HNRNPK,RBM14
RBM14,PPARGC1B
PPARGC1B,RBM14
RBM14,MED14
MED14,RBM14
RBM14,ALYREF
ALYREF,RBM14
RBM14,ILF2
ILF2,RBM14
RBM14,SFPQ
SFPQ,RBM14
RBM14,U2AF1
U2AF1,RBM14
RBM14,ILF3
ILF3,RBM14
RBM14,RBMX
RBMX,RBM14
SRC,ELMO1
PPARGC1B,WWP1
WWP1,PPARGC1B
PPARGC1B,MED16
MED16,PPARGC1B
PPARGC1B,ESRRG
ESRRG,PPARGC1B
PPARGC1B,MED14
MED14,PPARGC1B
NFKBIB,TRAF6
TRAF6,NFKBIB
NFKBIB,PSMD9
PSMD9,NFKBIB
NFKBIB,MALT1
NFKBIB,CUL1
NFKBIB,TRIM25
TRIM25,NFKBIB
HNRNPD,YBX1
YBX1,HNRNPD
HNRNPD,CSDE1
CSDE1,HNRNPD
HNRNPD,RNPS1
RNPS1,HNRNPD
HNRNPD,HNRNPK
HNRNPK,HNRNPD
HNRNPD,SF1
SF1,HNRNPD
HNRNPD,ELAVL2
ELAVL2,HNRNPD
HNRNPD,POLR2H
POLR2H,HNRNPD
HNRNPD,SFPQ
SFPQ,HNRNPD
HNRNPD,SNRPB
SNRPB,HNRNPD
HNRNPD,HNRNPAB
HNRNPAB,HNRNPD
HNRNPD,BCAS2
HNRNPD,RBMX
RBMX,HNRNPD
HNRNPD,SRSF3
SRSF3,HNRNPD
HNRNPD,KHSRP
KHSRP,HNRNPD
HNRNPD,PPIL1
HNRNPD,ALYREF
ALYREF,HNRNPD
HNRNPD,SRSF10
SRSF10,HNRNPD
HNRNPD,SRSF2
SRSF2,HNRNPD
HNRNPD,POLR2F
POLR2F,HNRNPD
HNRNPD,POLR2K
POLR2K,HNRNPD
HNRNPD,POLR2A
POLR2A,HNRNPD
DAB2,SNX18
DAB2,TGFBR1
DAB2,ARRB1
DAB2,NECAP2
RAD51,AURKB
CBX3,AURKB
CENPK,AURKB
PSMD9,AURKB
TCF19,AURKB
MCM3,AURKB
UHRF1,AURKB
POLR1B,TTC27
DDX54,TTC27
TFE3,TFDP1
TFDP1,TFE3
POLR1B,WDR75
PDCD11,WDR75
DDX54,WDR75
POLR1C,WDR75
MYBBP1A,WDR75
POLR2F,METTL1
POLR2K,METTL1
PDCD11,MRPL1
XRCC6,CLU
STAT2,OAS1
STAT2,TLR7
TLR7,STAT2
STAT2,IL6ST
RAD51,RMI1
ZFP42,SOX2
SOX2,ZFP42
RUVBL1,MBIP
RUVBL1,TLE2
TLE2,RUVBL1
RUVBL1,ACTL6A
RUVBL1,RBBP4
RBBP4,RUVBL1
RUVBL1,ITGB3BP
RUVBL1,CTNNB1
CTNNB1,RUVBL1
RUVBL1,RUVBL2
RUVBL2,RUVBL1
RUVBL1,EEF1A1
EEF1A1,RUVBL1
RUVBL1,CENPK
CENPK,RUVBL1
RUVBL1,INO80D
RUVBL1,WDR5
WDR5,RUVBL1
RUVBL1,TLE1
TLE1,RUVBL1
RUVBL1,NUFIP1
RUVBL1,TLE3
TLE3,RUVBL1
RUVBL1,TEX10
RUVBL1,UPF1
UPF1,RUVBL1
TRAF6,MALT1
CENPK,DYNC1I1
PGR,DYNC1I1
AR,DYNC1I1
EZH2,TOP2A
EZH2,KIF15
EZH2,ATRX
ATRX,EZH2
EZH2,DTL
EZH2,PBX1
PBX1,EZH2
EZH2,POLR2H
POLR2H,EZH2
EZH2,RBBP4
RBBP4,EZH2
EZH2,DNMT3B
DNMT3B,EZH2
EZH2,CTNNB1
CTNNB1,EZH2
EZH2,GATA4
GATA4,EZH2
EZH2,RARG
RARG,EZH2
EZH2,WDR5
WDR5,EZH2
EZH2,HOXB3
HOXB3,EZH2
EZH2,TFDP1
TFDP1,EZH2
EZH2,ASXL1
ASXL1,EZH2
EZH2,TTK
EZH2,PARP1
PARP1,EZH2
EZH2,KDM6A
EZH2,GATAD2A
GATAD2A,EZH2
EZH2,ASH2L
ASH2L,EZH2
EZH2,SRSF2
SRSF2,EZH2
EZH2,COMMD3-BMI1
EZH2,POLR2F
POLR2F,EZH2
EZH2,DNMT1
DNMT1,EZH2
EZH2,POLR2K
POLR2K,EZH2
EZH2,AR
AR,EZH2
EZH2,SNAI2
SNAI2,EZH2
EZH2,NCOA6
NCOA6,EZH2
EZH2,UHRF1
UHRF1,EZH2
EZH2,PHC1
EZH2,POLR2A
POLR2A,EZH2
FXR1,ATP11B
ASB9,RCHY1
WWP1,RCHY1
HOXB2,RCHY1
ASB4,RCHY1
RNF14,RCHY1
RNF19A,RCHY1
AR,RCHY1
ASB4,ASB9
ASB9,ASB4
ASB4,WWP1
WWP1,ASB4
ASB4,ITCH
ASB4,PJA2
ASB4,COMMD3
ASB4,GLMN
ASB4,CDC20
ASB4,RNF14
RNF14,ASB4
ASB4,MEX3C
ASB4,CUL1
ASB4,RNF19A
RNF19A,ASB4
ASB4,NEDD4
LZTS1,CDC25C
E2F4,CDC25C
TFDP1,CDC25C
SNRPB,GEMIN4
ETV4,EWSR1
EWSR1,ETV4
MCM3,DSCC1
KHSRP,EXOSC3
PDCD11,EXOSC3
PARN,EXOSC3
E2F7,CDCA8
SOX2,POU2F1
POU2F1,SOX2
SOX2,FOXD3
FOXD3,SOX2
SOX2,PBX1
PBX1,SOX2
SOX2,LCMT1
SOX2,POLR2H
POLR2H,SOX2
SOX2,OTX2
OTX2,SOX2
SOX2,MSX1
MSX1,SOX2
SOX2,PROM1
SOX2,NR0B1
NR0B1,SOX2
SOX2,CTNNB1
CTNNB1,SOX2
SOX2,GATA4
GATA4,SOX2
SOX2,FN1
SOX2,LIN28A
LIN28A,SOX2
SOX2,KLF5
KLF5,SOX2
SOX2,TCF4
TCF4,SOX2
SOX2,EOMES
EOMES,SOX2
SOX2,COMMD3-BMI1
SOX2,POLR2F
POLR2F,SOX2
SOX2,SALL2
SALL2,SOX2
SOX2,DNMT1
DNMT1,SOX2
SOX2,POLR2K
POLR2K,SOX2
SOX2,POU3F1
POU3F1,SOX2
SOX2,ZEB1
ZEB1,SOX2
SOX2,SNAI2
SNAI2,SOX2
SOX2,POLR2A
POLR2A,SOX2
MED14,MED16
MED16,MED14
MED14,POLR2H
POLR2H,MED14
MED14,MED12L
MED14,POLR2F
POLR2F,MED14
MED14,POLR2K
POLR2K,MED14
MED14,POLR2A
POLR2A,MED14
DDX54,POLR1B
POLR1B,DDX54
DDX54,TSR2
DDX54,CIRH1A
DDX54,RPF2
DDX54,TFB2M
DDX54,NOC3L
DDX54,UTP14A
DDX54,FTSJ3
DDX54,MYBBP1A
MYBBP1A,DDX54
DDX54,PAK1IP1
DDX54,MAK16
DDX54,GPATCH4
DDX54,PDCD11
PDCD11,DDX54
DDX54,TEX10
DDX54,HEATR1
DDX54,LTV1
DDX54,NOP2
TRIM25,OAS1
TRIM25,TRAF6
TRAF6,TRIM25
TRIM25,ITCH
TRIM25,HLA-DRB5
TRIM25,SP100
SP100,TRIM25
TRIM25,RFC5
TRIM25,RFC4
TRIM25,RPA2
TRIM25,NCAM1
TRIM25,PCNA
TRIM25,CIITA
CIITA,TRIM25
TRIM25,KLF5
KLF5,TRIM25
TRIM25,HLA-DRB1
TRIM25,RFC3
TRIM25,HLA-DQB1
GRHL1,CHD9
GRHL1,PPARA
PPARA,GRHL1
GRHL1,NCOA6
NCOA6,GRHL1
PGR,NRIP1
NRIP1,PGR
PGR,SRC
SRC,PGR
PGR,GATA3
GATA3,PGR
PGR,TLE3
TLE3,PGR
PGR,PRKACB
PGR,MAPK10
MAPK10,PGR
PGR,ERBB4
PGR,AR
AR,PGR
DNMT3B,MAT2B
DNMT1,MAT2B
MED16,MED12L
MED16,SUPT7L
SUPT7L,MED16
TFDP1,PMAIP1
ASB9,CUL1
WWP1,CUL1
MAML3,CUL1
CTNNB1,CUL1
RNF14,CUL1
E2F4,CUL1
TFDP1,CUL1
PSMD9,CUL1
RNF19A,CUL1
RBPJ,CUL1
POLR1B,CIRH1A
PDCD11,CIRH1A
POLR1C,CIRH1A
MYBBP1A,CIRH1A
YAF2,EHMT2
EHMT2,YAF2
YAF2,CBX3
CBX3,YAF2
YAF2,TFDP1
TFDP1,YAF2
BMP2,NOG
GATA4,NOG
BMPR1A,NOG
DNMT3B,EHMT2
EHMT2,DNMT3B
DNMT3B,RBBP4
RBBP4,DNMT3B
DNMT3B,DNMT1
DNMT1,DNMT3B
DNMT3B,SAP18
SAP18,DNMT3B
DNMT3B,UHRF1
UHRF1,DNMT3B
SIX6,FZD5
SIX6,OTX2
OTX2,SIX6
SIX6,DACH1
DACH1,SIX6
FOXK1,ASXL1
ASXL1,FOXK1
GTF2H2,POLR1B
POLR1B,GTF2H2
GTF2H2,MLLT3
MLLT3,GTF2H2
GTF2H2,PARP1
PARP1,GTF2H2
GTF2H2,TAF1L
TAF1L,GTF2H2
GTF2H2,PCNA
GTF2H2,POLR2H
POLR2H,GTF2H2
GTF2H2,RFC5
GTF2H2,POLR2F
POLR2F,GTF2H2
GTF2H2,POLR2K
POLR2K,GTF2H2
GTF2H2,RFC4
GTF2H2,RPA2
GTF2H2,POLR1C
POLR1C,GTF2H2
GTF2H2,TCEA1
TCEA1,GTF2H2
GTF2H2,RFC3
GTF2H2,POLR2A
POLR2A,GTF2H2
HOXB4,HOXB6
HOXB6,HOXB4
HOXB4,WDR5
WDR5,HOXB4
HOXB4,HOXB3
HOXB3,HOXB4
HOXB4,KDM6A
HOXB4,ASH2L
ASH2L,HOXB4
HOXB4,POLR2H
POLR2H,HOXB4
HOXB4,POLR2F
POLR2F,HOXB4
HOXB4,POLR2K
POLR2K,HOXB4
HOXB4,NCOA6
NCOA6,HOXB4
HOXB4,POLR2A
POLR2A,HOXB4
HOXB4,GATA2
GATA2,HOXB4
CREB3L2,CREB3L4
CREB3L4,CREB3L2
CREB3L2,PRKACB
HIST1H1B,H1F0
H1F0,HIST1H1B
HIST1H1B,KAT6A
KAT6A,HIST1H1B
HIST1H1B,HMGA1
HMGA1,HIST1H1B
HIST1H1B,TRIM33
TRIM33,HIST1H1B
HIST1H1B,CBX3
CBX3,HIST1H1B
HIST1H1B,DNMT1
DNMT1,HIST1H1B
BRWD1,ATRX
ATRX,BRWD1
HOXB2,WDR5
WDR5,HOXB2
HOXB2,PBX1
PBX1,HOXB2
HOXB2,KDM6A
HOXB2,ASH2L
ASH2L,HOXB2
HOXB2,POLR2H
POLR2H,HOXB2
HOXB2,POLR2F
POLR2F,HOXB2
HOXB2,POLR2K
POLR2K,HOXB2
HOXB2,NCOA6
NCOA6,HOXB2
HOXB2,POLR2A
POLR2A,HOXB2
PURA,POLA1
PURA,RAD51
RAD51,PURA
PURA,PCNA
PURA,RPA2
PURA,MCM3
MCM3,PURA
PURA,RFC3
SOX3,ATP11C
NR2C1,NRIP1
NRIP1,NR2C1
GATA4,HAND2
HAND2,GATA4
GATA4,TBX20
TBX20,GATA4
GATA4,GATA3
GATA3,GATA4
GATA4,HOPX
HOPX,GATA4
GATA4,BMPR1A
BMPR1A,GATA4
GATA4,ZFPM2
ZFPM2,GATA4
GATA4,NFATC1
NFATC1,GATA4
GATA4,BMP2
BMP2,GATA4
GATA4,MYOCD
MYOCD,GATA4
GATA4,SMAD5
SMAD5,GATA4
GATA4,GATA2
GATA2,GATA4
CENPK,ERCC6L
CBX3,RBBP4
RBBP4,CBX3
CBX3,CDC7
CBX3,TFDP1
TFDP1,CBX3
CBX3,GATAD2A
GATAD2A,CBX3
CBX3,EHMT2
EHMT2,CBX3
SUPT7L,TADA1
SMAD5,ZFYVE16
BMPR1A,ZFYVE16
BMP2,ZFYVE16
MXD4,NIF3L1
BCL11A,RBBP4
RBBP4,BCL11A
EEF1A1,POLR2A
POLR2A,EEF1A1
SP100,TRIM2
CIITA,TRIM2
TLE1,CAMK2D
PARP1,CAMK2D
ASH2L,RARG
RARG,ASH2L
ASH2L,WDR5
WDR5,ASH2L
ASH2L,TLE1
TLE1,ASH2L
ASH2L,SPP1
ASH2L,HOXB3
HOXB3,ASH2L
ASH2L,TLE3
TLE3,ASH2L
ASH2L,TLE2
TLE2,ASH2L
ASH2L,PBX1
PBX1,ASH2L
ASH2L,KDM6A
ASH2L,CXXC1
CXXC1,ASH2L
ASH2L,POLR2H
POLR2H,ASH2L
ASH2L,RBBP4
RBBP4,ASH2L
ASH2L,POLR2F
POLR2F,ASH2L
ASH2L,POLR2K
POLR2K,ASH2L
ASH2L,CTNNB1
CTNNB1,ASH2L
ASH2L,NCOA6
NCOA6,ASH2L
ASH2L,POLR2A
POLR2A,ASH2L
ASH2L,PRMT6
WDR5,DCAF5
WWP1,ERBB4
PDGFA,ERBB4
POLR2K,SNAPC3
SNAPC3,POLR2K
POLR2K,RARG
RARG,POLR2K
POLR2K,YBX1
YBX1,POLR2K
POLR2K,POLR1B
POLR1B,POLR2K
POLR2K,SRSF3
SRSF3,POLR2K
POLR2K,SSB
SSB,POLR2K
POLR2K,POU2F1
POU2F1,POLR2K
POLR2K,WDR5
WDR5,POLR2K
POLR2K,POLR3G
POLR2K,DEK
DEK,POLR2K
POLR2K,RNPS1
RNPS1,POLR2K
POLR2K,HOXB3
HOXB3,POLR2K
POLR2K,ESRP1
POLR2K,HNRNPK
HNRNPK,POLR2K
POLR2K,MLLT3
MLLT3,POLR2K
POLR2K,PPIL1
POLR2K,NFIB
NFIB,POLR2K
POLR2K,PBX1
PBX1,POLR2K
POLR2K,TAF1L
TAF1L,POLR2K
POLR2K,ALYREF
ALYREF,POLR2K
POLR2K,NFIA
NFIA,POLR2K
POLR2K,SF1
SF1,POLR2K
POLR2K,KDM6A
POLR2K,PCNA
POLR2K,ELAVL2
ELAVL2,POLR2K
POLR2K,POLR2H
POLR2H,POLR2K
POLR2K,GTF3C4
GTF3C4,POLR2K
POLR2K,SRSF10
SRSF10,POLR2K
POLR2K,SNRPB
SNRPB,POLR2K
POLR2K,BCAS2
POLR2K,RBBP4
RBBP4,POLR2K
POLR2K,SRSF2
SRSF2,POLR2K
POLR2K,RFC5
POLR2K,POLR2F
POLR2F,POLR2K
POLR2K,NFIC
NFIC,POLR2K
POLR2K,RFC4
POLR2K,RPA2
POLR2K,POLR1C
POLR1C,POLR2K
POLR2K,NCOA6
NCOA6,POLR2K
POLR2K,POU2F2
POU2F2,POLR2K
POLR2K,RBFOX2
RBFOX2,POLR2K
POLR2K,TCEA1
TCEA1,POLR2K
POLR2K,RBMX
RBMX,POLR2K
POLR2K,RFC3
POLR2K,POLR2A
POLR2A,POLR2K
POLR2K,MYBBP1A
MYBBP1A,POLR2K
SP100,OAS1
SP100,RAE1
SP100,DAXX
DAXX,SP100
SP100,HLA-DRB5
SP100,TRIM22
TRIM22,SP100
SP100,NCAM1
SP100,CIITA
CIITA,SP100
SP100,ETS1
ETS1,SP100
SP100,HLA-DRB1
SP100,HLA-DQB1
WDR5,USP1
OTX2,SOX3
SOX3,OTX2
OTX2,DKK1
OTX2,MEIS2
MEIS2,OTX2
CTNNB1,SRC
SRC,CTNNB1
CTNNB1,TLE2
TLE2,CTNNB1
CTNNB1,TGFBR1
CTNNB1,FZD5
CTNNB1,NUMB
CTNNB1,SOX3
SOX3,CTNNB1
CTNNB1,RUVBL2
RUVBL2,CTNNB1
CTNNB1,FN1
CTNNB1,SOX13
SOX13,CTNNB1
CTNNB1,TLE1
TLE1,CTNNB1
CTNNB1,PSMD9
PSMD9,CTNNB1
CTNNB1,TLE3
TLE3,CTNNB1
CTNNB1,TJP2
CTNNB1,PTPRM
CTNNB1,PRKACB
CTNNB1,TCF4
TCF4,CTNNB1
CTNNB1,DKK1
CTNNB1,AR
AR,CTNNB1
CTNNB1,SNAI2
SNAI2,CTNNB1
CTNNB1,HIF1A
HIF1A,CTNNB1
CTNNB1,EPHA2
H1F0,HMGA1
HMGA1,H1F0
H1F0,LIN28A
LIN28A,H1F0
PTMA,SRSF2
SRSF2,PTMA
ILF2,QPCT
PSMD9,PRICKLE1
RBPJ,RBBP8
RBPJ,TLE2
TLE2,RBPJ
RBPJ,PBX1
PBX1,RBPJ
RBPJ,MAML3
MAML3,RBPJ
RBPJ,MAMLD1
RBPJ,NUMB
RBPJ,TLE1
TLE1,RBPJ
RBPJ,TFDP1
TFDP1,RBPJ
RBPJ,NFATC1
NFATC1,RBPJ
RBPJ,HDAC9
HDAC9,RBPJ
MAFF,MAFG
MAFG,MAFF
GATA2,GATA3
GATA3,GATA2
GATA2,ZFPM2
ZFPM2,GATA2
POLR1B,LYAR
PDCD11,LYAR
POLR1B,IPO4
PDCD11,IPO4
SRC,FN1
FXR1,FN1
ZEB1,FN1
SNAI2,FN1
XRCC5,BLM
ATRX,BLM
RAD51,BLM
XRCC6,BLM
ANKRD6,VANGL1
LMX1B,PBX1
PBX1,LMX1B
LMX1B,MEIS2
MEIS2,LMX1B
SRC,SH3PXD2A
UPF2,RNPS1
RNPS1,UPF2
UPF2,UPF1
UPF1,UPF2
POLR1B,PUS7
PSMD9,SPRED2
BCL11B,GATA3
GATA3,BCL11B
BCL11B,SATB2
SATB2,BCL11B
BCL11B,RBBP4
RBBP4,BCL11B
BCL11B,CUX1
CUX1,BCL11B
BCL11B,EOMES
EOMES,BCL11B
SFPQ,SRSF3
SRSF3,SFPQ
SFPQ,SSB
SSB,SFPQ
SFPQ,HNRNPK
HNRNPK,SFPQ
SFPQ,KHSRP
KHSRP,SFPQ
SFPQ,ALYREF
ALYREF,SFPQ
SFPQ,SF1
SF1,SFPQ
SFPQ,ILF2
ILF2,SFPQ
SFPQ,U2AF1
U2AF1,SFPQ
SFPQ,ILF3
ILF3,SFPQ
SFPQ,FUBP1
FUBP1,SFPQ
FXR1,SRC
SRC,FXR1
FXR1,ESRP1
FXR1,NUFIP1
FXR1,ARRB1
RAD51,PRIM1
MCM3,PRIM1
HNRNPAB,ALYREF
ALYREF,HNRNPAB
XRCC5,DNA2
RAD51,DNA2
XRCC6,DNA2
SRC,EPHA2
TRIM33,CDC20
WDR5,MBIP
WDR5,DTL
WDR5,PBX1
PBX1,WDR5
WDR5,ACTL6A
WDR5,COMMD3
WDR5,CXXC1
CXXC1,WDR5
WDR5,POLR2H
POLR2H,WDR5
WDR5,RBBP4
RBBP4,WDR5
WDR5,DCAF6
WDR5,RUVBL2
RUVBL2,WDR5
WDR5,PRMT6
WDR5,RARG
RARG,WDR5
WDR5,HOXB3
HOXB3,WDR5
WDR5,KDM6A
WDR5,TEX10
WDR5,EHMT2
EHMT2,WDR5
WDR5,POLR2F
POLR2F,WDR5
WDR5,NCOA6
NCOA6,WDR5
WDR5,POLR2A
POLR2A,WDR5
RAD51,REV3L
XRCC6,REV3L
MAPK10,DUSP10
MAPK10,TRAF6
TRAF6,MAPK10
MAPK10,ITCH
MAPK10,ROR2
MAPK10,MAPKAPK3
MAPK10,NFATC1
NFATC1,MAPK10
MAPK10,ARRB1
XRCC6,RBBP8
XRCC6,XRCC5
XRCC5,XRCC6
XRCC6,ATRX
ATRX,XRCC6
XRCC6,TDP2
XRCC6,PARP1
PARP1,XRCC6
XRCC6,RAD51
RAD51,XRCC6
XRCC6,LIG4
XRCC6,RAD50
XRCC6,PCNA
XRCC6,CHEK2
XRCC6,EXO1
XRCC6,PHF21A
PHF21A,XRCC6
XRCC6,AR
AR,XRCC6
XRCC6,RAD54L
XRCC6,RPA2
DNMT1,CXXC1
CXXC1,DNMT1
DNMT1,RBBP4
RBBP4,DNMT1
DNMT1,TFDP1
TFDP1,DNMT1
DNMT1,PARP1
PARP1,DNMT1
DNMT1,PCNA
DNMT1,EHMT2
EHMT2,DNMT1
DNMT1,COMMD3-BMI1
DNMT1,ZEB1
ZEB1,DNMT1
DNMT1,MCM3
MCM3,DNMT1
DNMT1,SAP18
SAP18,DNMT1
DNMT1,UHRF1
UHRF1,DNMT1
HAND2,TBX20
TBX20,HAND2
HAND2,NFATC1
NFATC1,HAND2
HAND2,ADSS
RXRG,NRIP1
NRIP1,RXRG
RXRG,CRABP2
CRABP2,RXRG
RXRG,RARG
RARG,RXRG
RXRG,PPARA
PPARA,RXRG
TEAD4,TEAD1
TEAD1,TEAD4
TEAD4,WWTR1
WWTR1,TEAD4
TRIM22,HLA-DRB1
CIITA,HLA-DRB1
POLR1B,MAK16
PDCD11,MAK16
CUX1,SATB2
SATB2,CUX1
CUX1,MAN1A1
CUX1,SATB1
SATB1,CUX1
CUX1,EOMES
EOMES,CUX1
CUX1,COG6
GATAD2A,ZNF219
ZNF219,GATAD2A
GATAD2A,KAT6A
KAT6A,GATAD2A
GATAD2A,EHMT2
EHMT2,GATAD2A
GATAD2A,RBBP4
RBBP4,GATAD2A
GATAD2A,PHF21A
PHF21A,GATAD2A
GATAD2A,HDAC9
HDAC9,GATAD2A
GATAD2A,SNAI2
SNAI2,GATAD2A
GATAD2A,SAP18
SAP18,GATAD2A
GATAD2A,PHC1
RAD51,WDHD1
MCM3,WDHD1
ZNF219,RBBP4
RBBP4,ZNF219
ZNF219,ZNF521
PHB2,MICU1
ZEB1,ESRP1
ZEB1,ETS1
ETS1,ZEB1
ZEB1,ZEB2
ZEB2,ZEB1
ZEB1,AR
AR,ZEB1
ZEB1,VIM
FOXD3,GPX7
ASB9,PJA2
WWP1,PJA2
RNF14,PJA2
RNF19A,PJA2
WWTR1,ZNF521
AR,ZNF521
ILF2,SRSF3
SRSF3,ILF2
ILF2,SSB
SSB,ILF2
ILF2,XRCC5
XRCC5,ILF2
ILF2,RNPS1
RNPS1,ILF2
ILF2,PGM1
ILF2,HNRNPK
HNRNPK,ILF2
ILF2,KHSRP
KHSRP,ILF2
ILF2,ALYREF
ALYREF,ILF2
ILF2,YPEL5
ILF2,U2AF1
U2AF1,ILF2
ILF2,ILF3
ILF3,ILF2
ILF2,RBMX
RBMX,ILF2
ILF2,CEP290
RBMX,APOBEC3C
POLR1B,TFB2M
PDCD11,TFB2M
POLR1C,TFB2M
NFATC1,ADSS
CNTRL,SDCCAG8
XRCC5,EXO1
RAD51,EXO1
POLR1B,HEATR1
PDCD11,HEATR1
MYBBP1A,HEATR1
HIF3A,EGLN1
PSMD9,EGLN1
HIF1A,EGLN1
PARP1,RBBP8
PARP1,TLE1
TLE1,PARP1
PARP1,XRCC5
XRCC5,PARP1
PARP1,RAD51
RAD51,PARP1
PARP1,LIG4
PARP1,RAD50
PARP1,PCNA
PARP1,RFC5
PARP1,RFC4
PARP1,RPA2
PARP1,RFC3
HLX,ESRRG
ESRRG,HLX
ESRRG,NRIP1
NRIP1,ESRRG
ESRRG,TLE1
TLE1,ESRRG
EHMT2,SMYD2
RAD51,DTL
MCM3,DTL
MDM4,DAXX
DAXX,MDM4
MDM4,CHEK2
SOX13,SOX5
SOX5,SOX13
PSMD9,KLHL12
PDCD11,LTV1
AR,DCAF6
POU2F1,SNAPC3
SNAPC3,POU2F1
POU2F1,POLR3G
POU2F1,GATA3
GATA3,POU2F1
POU2F1,POLR2H
POLR2H,POU2F1
POU2F1,POU2AF1
POU2AF1,POU2F1
POU2F1,POLR2F
POLR2F,POU2F1
POU2F1,POLR1C
POLR1C,POU2F1
POU2F1,POU2F2
POU2F2,POU2F1
POU2F1,POLR2A
POLR2A,POU2F1
ETV3,E2F4
E2F4,ETV3
HIF1A,BNIP3
PRDM1,CIITA
CIITA,PRDM1
PRDM1,EHMT2
EHMT2,PRDM1
NHLH2,BEX2
YBX1,BCAS2
SRSF3,BCAS2
RNPS1,BCAS2
HNRNPK,BCAS2
ALYREF,BCAS2
SF1,BCAS2
ELAVL2,BCAS2
POLR2H,BCAS2
SNRPB,BCAS2
SRSF2,BCAS2
POLR2F,BCAS2
RBMX,BCAS2
POLR2A,BCAS2
PDCD11,POLR1B
POLR1B,PDCD11
PDCD11,PAK1IP1
PDCD11,RPF2
PDCD11,TEX10
PDCD11,RIOK1
PDCD11,NOC3L
PDCD11,UTP14A
PDCD11,FTSJ3
PDCD11,RPP40
PDCD11,NOP2
PDCD11,MYBBP1A
MYBBP1A,PDCD11
RAD51,TTK
CENPK,TTK
MCM3,TTK
ASB9,GLMN
WWP1,GLMN
RNF14,GLMN
RNF19A,GLMN
SOX3,ARSE
RBMX,YBX1
YBX1,RBMX
RBMX,SRSF3
SRSF3,RBMX
RBMX,RNPS1
RNPS1,RBMX
RBMX,HNRNPK
HNRNPK,RBMX
RBMX,PPIL1
RBMX,ALYREF
ALYREF,RBMX
RBMX,SF1
SF1,RBMX
RBMX,UPF1
UPF1,RBMX
RBMX,ELAVL2
ELAVL2,RBMX
RBMX,POLR2H
POLR2H,RBMX
RBMX,SRSF10
SRSF10,RBMX
RBMX,SNRPB
SNRPB,RBMX
RBMX,SRSF2
SRSF2,RBMX
RBMX,POLR2F
POLR2F,RBMX
RBMX,ILF3
ILF3,RBMX
RBMX,POLR2A
POLR2A,RBMX
PBX1,PRKACB
PPARA,PRKACB
NFATC1,PRKACB
AR,PRKACB
FUBP1,SRSF3
SRSF3,FUBP1
FUBP1,KHSRP
KHSRP,FUBP1
FUBP1,SF1
SF1,FUBP1
FUBP1,U2AF1
U2AF1,FUBP1
ZRANB2,UBL7
ZRANB2,UCHL3
CENPK,ITGB3BP
RBBP4,ITGB3BP
TRAF6,ITGB3BP
FOXD3,MSX1
MSX1,FOXD3
FOXD3,TFAP2A
TFAP2A,FOXD3
FOXD3,SNAI2
SNAI2,FOXD3
NFIA,POLR3G
NFIA,NFIB
NFIB,NFIA
NFIA,POLR2H
POLR2H,NFIA
NFIA,POLR2F
POLR2F,NFIA
NFIA,FTSJ3
NFIA,POLR1C
POLR1C,NFIA
UPF1,TTC4
POLR1B,NOC3L
MYBBP1A,NOC3L
CNTRL,CEP55
ANKRD1,CHD9
ANKRD1,TTN
ANKRD1,PPARA
PPARA,ANKRD1
ANKRD1,NCOA6
NCOA6,ANKRD1
RAD51,RAD54L
BMPR1A,BAMBI
BMPR1A,BMP2
BMP2,BMPR1A
BMPR1A,SMAD5
SMAD5,BMPR1A
BMPR1A,CER1
GTF3C4,POLR3G
GTF3C4,POLR2F
POLR2F,GTF3C4
GTF3C4,POLR1C
POLR1C,GTF3C4
GTF3C4,POLR2H
POLR2H,GTF3C4
CENPK,KIF2C
TCF19,KIF2C
UHRF1,KIF2C
POLR1C,POLR1B
POLR1B,POLR1C
POLR1C,SSB
SSB,POLR1C
POLR1C,POLR3G
POLR1C,RPF2
POLR1C,POLR2H
POLR2H,POLR1C
POLR1C,NFIC
NFIC,POLR1C
POLR1C,MYBBP1A
MYBBP1A,POLR1C
POLR1C,SNAPC3
SNAPC3,POLR1C
POLR1C,DEK
DEK,POLR1C
POLR1C,NFIB
NFIB,POLR1C
POLR1C,POLR2F
POLR2F,POLR1C
POLR1C,NOP2
POLR1C,POLR2A
POLR2A,POLR1C
ASB9,CDC20
WWP1,CDC20
RAD51,CDC20
RNF14,CDC20
CENPK,CDC20
ID1,CDC20
PSMD9,CDC20
TCF19,CDC20
RNF19A,CDC20
MCM3,CDC20
UHRF1,CDC20
YBX1,CSDE1
CSDE1,YBX1
YBX1,RNPS1
RNPS1,YBX1
YBX1,HNRNPK
HNRNPK,YBX1
YBX1,SF1
SF1,YBX1
YBX1,ELAVL2
ELAVL2,YBX1
YBX1,POLR2H
POLR2H,YBX1
YBX1,SNRPB
SNRPB,YBX1
YBX1,EWSR1
EWSR1,YBX1
YBX1,SRSF3
SRSF3,YBX1
YBX1,PPIL1
YBX1,ALYREF
ALYREF,YBX1
YBX1,SRSF10
SRSF10,YBX1
YBX1,SRSF2
SRSF2,YBX1
YBX1,POLR2F
POLR2F,YBX1
YBX1,POLR2A
POLR2A,YBX1
SRC,PLAU
CENPK,CDCA8
TCF19,CDCA8
RAD51,CDCA8
MCM3,CDCA8
UHRF1,CDCA8
ATRX,XRCC5
XRCC5,ATRX
ATRX,DAXX
DAXX,ATRX
ATRX,RAD51
RAD51,ATRX
RBBP4,CCNE2
RBBP4,TOP2A
RBBP4,PBX1
PBX1,RBBP4
RBBP4,POLR2H
POLR2H,RBBP4
RBBP4,PHF21A
PHF21A,RBBP4
RBBP4,E2F4
E2F4,RBBP4
RBBP4,RARG
RARG,RBBP4
RBBP4,CENPK
CENPK,RBBP4
RBBP4,HOXB3
HOXB3,RBBP4
RBBP4,TFDP1
TFDP1,RBBP4
RBBP4,ASXL1
ASXL1,RBBP4
RBBP4,KAT6A
KAT6A,RBBP4
RBBP4,KDM6A
RBBP4,PCNA
RBBP4,EHMT2
EHMT2,RBBP4
RBBP4,SKIL
SKIL,RBBP4
RBBP4,COMMD3-BMI1
RBBP4,POLR2F
POLR2F,RBBP4
RBBP4,HDAC9
HDAC9,RBBP4
RBBP4,SNAI2
SNAI2,RBBP4
RBBP4,NCOA6
NCOA6,RBBP4
RBBP4,SAP18
SAP18,RBBP4
RBBP4,PHC1
RBBP4,POLR2A
POLR2A,RBBP4
SRC,TGFB1I1
TGFB1I1,SRC
SRC,MAP3K2
SRC,ITGA4
SRC,UNC5D
SRC,TRAF6
TRAF6,SRC
SRC,SPRY2
SRC,ESRP1
SRC,HNRNPK
HNRNPK,SRC
SRC,UNC5C
SRC,NEDD9
SRC,ITGA6
SRC,NUMB
SRC,PROM1
SRC,S1PR3
SRC,PALLD
SRC,DOK6
SRC,TLR4
TLR4,SRC
SRC,EPHB2
SRC,AR
AR,SRC
SRC,SNAI2
SNAI2,SRC
SRC,ARRB1
RNPS1,PPIL1
HNRNPK,PPIL1
SF1,PPIL1
ELAVL2,PPIL1
POLR2H,PPIL1
SNRPB,PPIL1
SRSF3,PPIL1
ALYREF,PPIL1
SRSF2,PPIL1
POLR2F,PPIL1
POLR2A,PPIL1
SRSF3,SSB
SSB,SRSF3
SRSF3,NXF1
SRSF3,RNPS1
RNPS1,SRSF3
SRSF3,HNRNPK
HNRNPK,SRSF3
SRSF3,KHSRP
KHSRP,SRSF3
SRSF3,RAE1
SRSF3,ALYREF
ALYREF,SRSF3
SRSF3,SF1
SF1,SRSF3
SRSF3,ELAVL2
ELAVL2,SRSF3
SRSF3,POLR2H
POLR2H,SRSF3
SRSF3,SRSF10
SRSF10,SRSF3
SRSF3,SNRPB
SNRPB,SRSF3
SRSF3,SRSF2
SRSF2,SRSF3
SRSF3,POLR2F
POLR2F,SRSF3
SRSF3,ILF3
ILF3,SRSF3
SRSF3,SAP18
SAP18,SRSF3
SRSF3,POLR2A
POLR2A,SRSF3
SRSF3,POLDIP3
CNTRL,OPTN
CNTRL,CEP290
CNTRL,NIN
CNTRL,ODF2
CNTRL,CEP192
XRCC5,RPA2
RAD51,RPA2
POLR2H,RPA2
POLR2F,RPA2
MCM3,RPA2
TCEA1,RPA2
POLR2A,RPA2
CENPK,ZWINT
CNBP,ZWINT
TLR4,TRAF6
TRAF6,TLR4
TLR4,TLR7
TLR7,TLR4
LIN28A,PBX1
PBX1,LIN28A
LIN28A,SNRPB
SNRPB,LIN28A
LIN28A,UPF1
UPF1,LIN28A
DAXX,TGFBR1
DAXX,ETS1
ETS1,DAXX
AR,NRIP1
NRIP1,AR
AR,TGFB1I1
TGFB1I1,AR
AR,WWTR1
WWTR1,AR
AR,NR0B1
NR0B1,AR
AR,RNF14
RNF14,AR
AR,ETV1
ETV1,AR
AR,NKX3-1
NKX3-1,AR
AR,TPD52
PPARA,ABCA1
NCOA6,ABCA1
NCOA6,RARG
RARG,NCOA6
NCOA6,CHD9
NCOA6,POLR2F
POLR2F,NCOA6
NCOA6,HOXB3
HOXB3,NCOA6
NCOA6,PBX1
PBX1,NCOA6
NCOA6,PPARA
PPARA,NCOA6
NCOA6,KDM6A
NCOA6,POLR2A
POLR2A,NCOA6
NCOA6,POLR2H
POLR2H,NCOA6
RUVBL2,TEX10
MYBBP1A,TEX10
TRIM22,HLA-DQB1
CIITA,HLA-DQB1
TRIM22,HLA-DRB5
CIITA,HLA-DRB5
WWP1,TGFBR1
BMP2,TGFBR1
SMAD5,TGFBR1
POLR1B,TSR2
TFDP1,CCNE2
TFDP1,TOP2A
TFDP1,RBBP8
TFDP1,POLA1
TFDP1,RAD51
RAD51,TFDP1
TFDP1,PCNA
TFDP1,EHMT2
EHMT2,TFDP1
TFDP1,MAML3
MAML3,TFDP1
TFDP1,MAMLD1
TFDP1,E2F4
E2F4,TFDP1
TFDP1,PHC1
EHMT2,RUVBL2
RUVBL2,EHMT2
EHMT2,UHRF1
UHRF1,EHMT2
BMP2,BAMBI
ASXL1,SRSF2
SRSF2,ASXL1
ASXL1,COMMD3-BMI1
ASXL1,PHC1
ID1,BMP2
BMP2,ID1
ID1,TCF4
TCF4,ID1
ID1,ETS1
ETS1,ID1
TCF19,TOP2A
TCF19,MCM3
MCM3,TCF19
TCF19,UHRF1
UHRF1,TCF19
HNRNPK,CNBP
CNBP,HNRNPK
HNRNPK,SSB
SSB,HNRNPK
HNRNPK,RNPS1
RNPS1,HNRNPK
HNRNPK,KHSRP
KHSRP,HNRNPK
HNRNPK,ALYREF
ALYREF,HNRNPK
HNRNPK,SF1
SF1,HNRNPK
HNRNPK,ELAVL2
ELAVL2,HNRNPK
HNRNPK,POLR2H
POLR2H,HNRNPK
HNRNPK,SRSF10
SRSF10,HNRNPK
HNRNPK,SNRPB
SNRPB,HNRNPK
HNRNPK,SRSF2
SRSF2,HNRNPK
HNRNPK,U2AF1
U2AF1,HNRNPK
HNRNPK,POLR2F
POLR2F,HNRNPK
HNRNPK,ILF3
ILF3,HNRNPK
HNRNPK,EWSR1
EWSR1,HNRNPK
HNRNPK,PHC1
HNRNPK,POLR2A
POLR2A,HNRNPK
TLE1,TLE3
TLE3,TLE1
TLE1,TLE2
TLE2,TLE1
TLE1,MAML3
MAML3,TLE1
TLE1,MAMLD1
TLE1,TCF4
TCF4,TLE1
ASB9,COMMD3
HIF3A,COMMD3
HIF1A,COMMD3
RORB,PER3
PER3,RORB
SF1,RNPS1
RNPS1,SF1
SF1,KHSRP
KHSRP,SF1
SF1,ALYREF
ALYREF,SF1
SF1,AHNAK
SF1,ELAVL2
ELAVL2,SF1
SF1,POLR2H
POLR2H,SF1
SF1,SRSF10
SRSF10,SF1
SF1,SNRPB
SNRPB,SF1
SF1,SRSF2
SRSF2,SF1
SF1,POLR2F
POLR2F,SF1
SF1,ILF3
ILF3,SF1
SF1,EWSR1
EWSR1,SF1
SF1,POLR2A
POLR2A,SF1
HIF3A,CITED2
CITED2,HIF3A
HIF3A,PSMD9
PSMD9,HIF3A
HIF3A,HIF1A
HIF1A,HIF3A
TCOF1,PCNA
PBX1,KDM6A
POLR2H,KDM6A
RARG,KDM6A
HOXB3,KDM6A
POLR2F,KDM6A
POLR2A,KDM6A
XRCC5,TDP2
ETS1,TDP2
SSB,HSPA14
DNAJC2,HSPA14
XRCC5,RAD50
RAD51,RAD50
APBB1,RAD50
BMP2,SPP1
BMP2,MSX1
MSX1,BMP2
BMP2,SMAD5
SMAD5,BMP2
BMP2,CER1
NR0B1,NRIP1
NRIP1,NR0B1
NR0B1,EWSR1
EWSR1,NR0B1
RBFOX2,RBM24
RAD51,POLA1
MCM3,POLA1
XRCC5,PCNA
RAD51,PCNA
POLR2H,PCNA
RUVBL2,PCNA
TCEA1,PCNA
E2F4,PCNA
MYBBP1A,PCNA
POLR2F,PCNA
MCM3,PCNA
UHRF1,PCNA
POLR2A,PCNA
RUVBL2,NUFIP1
DNAJC2,SSB
SSB,DNAJC2
GATA3,NRIP1
NRIP1,GATA3
GATA3,ZFPM2
ZFPM2,GATA3
GATA3,TLE3
TLE3,GATA3
GATA3,NFATC1
NFATC1,GATA3
GATA3,SATB1
SATB1,GATA3
GATA3,EOMES
EOMES,GATA3
GATA3,ETS1
ETS1,GATA3
E2F4,CCNE2
E2F4,TOP2A
TGFB1I1,NEDD9
POLR1B,PAK1IP1
TFAP2A,CITED2
CITED2,TFAP2A
TFAP2A,DEK
DEK,TFAP2A
TFAP2A,NOP2
TRIM22,OAS1
TRIM22,NCAM1
TRIM22,CIITA
CIITA,TRIM22
RAD51,RFC3
POLR2H,RFC3
TCEA1,RFC3
POLR2F,RFC3
MCM3,RFC3
POLR2A,RFC3
MLLT3,DEK
DEK,MLLT3
MLLT3,MLLT6
MLLT6,MLLT3
MLLT3,POLR2H
POLR2H,MLLT3
MLLT3,AFF1
AFF1,MLLT3
MLLT3,POLR2F
POLR2F,MLLT3
MLLT3,TCEA1
TCEA1,MLLT3
MLLT3,POLR2A
POLR2A,MLLT3
ASB9,WWP1
WWP1,ASB9
ASB9,ITCH
ASB9,RNF14
RNF14,ASB9
ASB9,MEX3C
ASB9,RNF19A
RNF19A,ASB9
ASB9,NEDD4
TLR7,TRAF6
TRAF6,TLR7
TLR7,CIITA
CIITA,TLR7
PSIP1,RBBP8
PSIP1,CDCA7L
CDCA7L,PSIP1
SNAPC3,POLR3G
SNAPC3,POLR2H
POLR2H,SNAPC3
SNAPC3,POLR2F
POLR2F,SNAPC3
SNAPC3,POU2F2
POU2F2,SNAPC3
SNAPC3,POLR2A
POLR2A,SNAPC3
NFIB,POLR3G
NFIB,POLR2H
POLR2H,NFIB
NFIB,POLR2F
POLR2F,NFIB
MYBBP1A,POLR1B
POLR1B,MYBBP1A
MYBBP1A,DEK
DEK,MYBBP1A
MYBBP1A,POLR2H
POLR2H,MYBBP1A
MYBBP1A,UTP14A
MYBBP1A,POLR2F
POLR2F,MYBBP1A
MYBBP1A,FTSJ3
MYBBP1A,NOP2
SHOX,ARSE
POLR1B,NOP2
XRCC5,CHEK2
RAD51,CHEK2
MCM3,CHEK2
RAD51,TOP2A
RAD51,RBBP8
RAD51,XRCC5
XRCC5,RAD51
RAD51,PSMC3IP
RAD51,LIG4
RAD51,RFC5
RAD51,RFC4
RAD51,MCM10
RAD51,MCM3
MCM3,RAD51
MSX1,SNAI2
SNAI2,MSX1
XRCC5,RBBP8
XRCC5,LIG4
XRCC5,PHF21A
PHF21A,XRCC5
POLR2H,RFC4
TCEA1,RFC4
POLR2F,RFC4
MCM3,RFC4
POLR2A,RFC4
SRSF2,NXF1
SRSF2,RNPS1
RNPS1,SRSF2
SRSF2,RAE1
SRSF2,ALYREF
ALYREF,SRSF2
SRSF2,ELAVL2
ELAVL2,SRSF2
SRSF2,POLR2H
POLR2H,SRSF2
SRSF2,SRSF10
SRSF10,SRSF2
SRSF2,SNRPB
SNRPB,SRSF2
SRSF2,POLR2F
POLR2F,SRSF2
SRSF2,POLR2A
POLR2A,SRSF2
SRSF2,POLDIP3
POU2AF1,POU2F2
POU2F2,POU2AF1
POU2AF1,SPIB
SPIB,POU2AF1
POLR1B,UTP14A
RNF14,WWP1
WWP1,RNF14
RNF14,ITCH
RNF14,MEX3C
RNF14,RNF19A
RNF19A,RNF14
RNF14,NEDD4
NFATC1,PPP3CA
SMARCD1,ACTL6A
SMARCD1,DPF2
DPF2,SMARCD1
SMARCD1,POLR2A
POLR2A,SMARCD1
AFF1,PBX1
PBX1,AFF1
RNPS1,RAE1
ALYREF,RAE1
SNRPB,RAE1
SNAI2,VIM
SNAI2,PHC1
DEK,POLR1B
POLR1B,DEK
DEK,RNPS1
RNPS1,DEK
DEK,UPF1
UPF1,DEK
DEK,POLR2H
POLR2H,DEK
DEK,POLR2F
POLR2F,DEK
ELAVL2,RNPS1
RNPS1,ELAVL2
ELAVL2,POLR2H
POLR2H,ELAVL2
ELAVL2,SNRPB
SNRPB,ELAVL2
ELAVL2,ALYREF
ALYREF,ELAVL2
ELAVL2,POLR2F
POLR2F,ELAVL2
ELAVL2,POLR2A
POLR2A,ELAVL2
KHSRP,PARN
PARN,KHSRP
KHSRP,U2AF1
U2AF1,KHSRP
KHSRP,ILF3
ILF3,KHSRP
TCF4,TLE3
TLE3,TCF4
TMF1,COG6
SSB,POLR3G
POLR2F,POLR3G
NFIC,POLR3G
POLR2H,POLR3G
NRIP1,RARG
RARG,NRIP1
NRIP1,CITED2
CITED2,NRIP1
NRIP1,TLE3
TLE3,NRIP1
NRIP1,PPARA
PPARA,NRIP1
RUVBL2,INO80D
PPARA,CHD9
PPARA,FAT1
PPARA,CITED2
CITED2,PPARA
WWP1,MEX3C
RNF19A,MEX3C
SSB,ALYREF
ALYREF,SSB
SSB,POLR2H
POLR2H,SSB
SSB,U2AF1
U2AF1,SSB
SSB,POLR2F
POLR2F,SSB
SSB,ILF3
ILF3,SSB
CIITA,OAS1
RARG,PBX1
PBX1,RARG
RARG,POLR2H
POLR2H,RARG
RARG,CRABP2
CRABP2,RARG
RARG,HOXB3
HOXB3,RARG
RARG,POLR2F
POLR2F,RARG
RARG,POLR2A
POLR2A,RARG
MCM3,CDC7
POLR1B,FTSJ3
NFIC,TRAF6
TRAF6,NFIC
NFIC,POLR2H
POLR2H,NFIC
NFIC,POLR2F
POLR2F,NFIC
DPF2,ACTL6A
RUVBL2,ACTL6A
RNPS1,POLDIP3
ALYREF,POLDIP3
PHF21A,LIG4
PHF21A,RCOR3
PHF21A,HDAC9
HDAC9,PHF21A
PHF21A,SAP18
SAP18,PHF21A
RUVBL2,MBIP
EWSR1,FLI1
FLI1,EWSR1
EWSR1,ETV1
ETV1,EWSR1
POLR1B,RPF2
POLR2F,POLR1B
POLR1B,POLR2F
POLR2F,RNPS1
RNPS1,POLR2F
POLR2F,HOXB3
HOXB3,POLR2F
POLR2F,ESRP1
POLR2F,PBX1
PBX1,POLR2F
POLR2F,TAF1L
TAF1L,POLR2F
POLR2F,ALYREF
ALYREF,POLR2F
POLR2F,POLR2H
POLR2H,POLR2F
POLR2F,SRSF10
SRSF10,POLR2F
POLR2F,SNRPB
SNRPB,POLR2F
POLR2F,RFC5
POLR2F,POU2F2
POU2F2,POLR2F
POLR2F,RBFOX2
RBFOX2,POLR2F
POLR2F,TCEA1
TCEA1,POLR2F
POLR2F,POLR2A
POLR2A,POLR2F
ILF3,ALYREF
ALYREF,ILF3
ILF3,U2AF1
U2AF1,ILF3
POLR2H,ESRP1
RBFOX2,ESRP1
POLR2A,ESRP1
PBX1,POLR2H
POLR2H,PBX1
PBX1,MAML3
MAML3,PBX1
PBX1,MAMLD1
PBX1,MEIS2
MEIS2,PBX1
PBX1,POLR2A
POLR2A,PBX1
POLR2H,RFC5
TCEA1,RFC5
MCM3,RFC5
POLR2A,RFC5
HDAC9,MAML3
MAML3,HDAC9
HDAC9,MAMLD1
HDAC9,SAP18
SAP18,HDAC9
MCM3,TOP2A
UHRF1,TOP2A
SNRPB,RNPS1
RNPS1,SNRPB
SNRPB,SNUPN
SNRPB,POLR2H
POLR2H,SNRPB
SNRPB,ALYREF
ALYREF,SNRPB
SNRPB,SRSF10
SRSF10,SNRPB
SNRPB,POLR2A
POLR2A,SNRPB
RBFOX2,POLR2H
POLR2H,RBFOX2
RBFOX2,POLR2A
POLR2A,RBFOX2
MAML3,MAMLD1
TLE2,MAMLD1
SKIL,SAP18
SAP18,SKIL
POLR2H,POLR1B
POLR1B,POLR2H
POLR2H,RNPS1
RNPS1,POLR2H
POLR2H,HOXB3
HOXB3,POLR2H
POLR2H,TAF1L
TAF1L,POLR2H
POLR2H,ALYREF
ALYREF,POLR2H
POLR2H,SRSF10
SRSF10,POLR2H
POLR2H,POU2F2
POU2F2,POLR2H
POLR2H,TCEA1
TCEA1,POLR2H
POLR2H,POLR2A
POLR2A,POLR2H
HIF1A,SLC2A1
HOXB3,HOXB6
HOXB6,HOXB3
HOXB3,POLR2A
POLR2A,HOXB3
MCM3,MCM10
TAF1L,POLR2A
POLR2A,TAF1L
WWTR1,STK3
WWTR1,TJP2
WWTR1,TEAD1
TEAD1,WWTR1
SRSF10,RNPS1
RNPS1,SRSF10
SRSF10,ALYREF
ALYREF,SRSF10
SRSF10,SAP18
SAP18,SRSF10
SRSF10,POLR2A
POLR2A,SRSF10
MAML3,TLE2
TLE2,MAML3
ALYREF,BCLAF1
BCLAF1,ALYREF
ALYREF,NXF1
ALYREF,RNPS1
RNPS1,ALYREF
ALYREF,UPF1
UPF1,ALYREF
ALYREF,U2AF1
U2AF1,ALYREF
ALYREF,SAP18
SAP18,ALYREF
ALYREF,POLR2A
POLR2A,ALYREF
WWP1,NEDD4
RNF19A,NEDD4
SMAD5,NEDD4
APBB2,APBB1
APBB1,APBB2
WWP1,ITCH
WWP1,PSMD9
PSMD9,WWP1
WWP1,RNF19A
RNF19A,WWP1
TCEA1,POLR2A
POLR2A,TCEA1
RNF19A,ITCH
PSMD9,CCNE2
MCM3,CCNE2
POU2F2,POLR2A
POLR2A,POU2F2
RNPS1,NXF1
UPF1,NXF1
HIF1A,CITED2
CITED2,HIF1A
HIF1A,PSMD9
PSMD9,HIF1A
PSMD9,ITCH
PSMD9,NUMB
SMAD5,ZEB2
ZEB2,SMAD5
POLR1B,POLR2A
POLR2A,POLR1B
CITED2,COMMD3-BMI1
ZEB2,VIM
TLE3,TLE2
TLE2,TLE3
UHRF1,NUSAP1
RNPS1,UPF1
UPF1,RNPS1
RNPS1,SAP18
SAP18,RNPS1
RNPS1,POLR2A
POLR2A,RNPS1
RUVBL2,MBTD1
UHRF1,MCM3
MCM3,UHRF1
CIITA,NCAM1
