Gene1,Gene2
KLF6,JUN
JUN,KLF6
KLF6,ATF3
ATF3,KLF6
KLF6,BTG2
BTG2,KLF6
LHX2,LDB1
LDB1,LHX2
MCM7,RIF1
MCM7,TIMELESS
TIMELESS,MCM7
MCM7,RBL1
RBL1,MCM7
MCM7,CDC20
MCM7,UHRF1
MCM7,MCM5
MCM5,MCM7
MCM7,POLR2B
POLR2B,MCM7
MCM7,CCND1
CCND1,MCM7
MCM7,ESPL1
ESPL1,MCM7
MCM7,RAD51
RAD51,MCM7
MCM7,MCM2
MCM2,MCM7
MCM7,MCM4
MCM4,MCM7
MCM7,CCNB1
MCM7,RRM2
MCM7,MSH6
MCM7,TOP2A
MCM7,KNTC1
KNTC1,MCM7
MCM7,DNMT1
DNMT1,MCM7
MCM7,ORC2
ORC2,MCM7
MCM7,MCM3
MCM3,MCM7
MCM7,MCM6
MCM6,MCM7
KAT2B,GATA3
GATA3,KAT2B
KAT2B,MAML3
MAML3,KAT2B
KAT2B,HDAC2
HDAC2,KAT2B
KAT2B,SIN3A
SIN3A,KAT2B
KAT2B,TAF6
TAF6,KAT2B
KAT2B,HIST1H2BK
KAT2B,POLR1A
POLR1A,KAT2B
KAT2B,USF1
USF1,KAT2B
KAT2B,RUVBL2
RUVBL2,KAT2B
KAT2B,MYC
MYC,KAT2B
KAT2B,DEK
DEK,KAT2B
KAT2B,NOTCH4
NOTCH4,KAT2B
KAT2B,POLR1E
POLR1E,KAT2B
KAT2B,TAF1A
TAF1A,KAT2B
KAT2B,MYBBP1A
MYBBP1A,KAT2B
KAT2B,TADA3
TADA3,KAT2B
KAT2B,EP300
EP300,KAT2B
KAT2B,HDAC5
HDAC5,KAT2B
KAT2B,RUNX1
RUNX1,KAT2B
KAT2B,NCOA3
NCOA3,KAT2B
KAT2B,TRP53
TRP53,KAT2B
KAT2B,NOTCH2
NOTCH2,KAT2B
KAT2B,ING3
ING3,KAT2B
KAT2B,RUVBL1
RUVBL1,KAT2B
KAT2B,HEY2
HEY2,KAT2B
KAT2B,SMARCA4
SMARCA4,KAT2B
KAT2B,TRRAP
TRRAP,KAT2B
KAT2B,POLR2E
POLR2E,KAT2B
KAT2B,HIST1H4K
KAT2B,POLR2K
POLR2K,KAT2B
KAT2B,ZFPM1
ZFPM1,KAT2B
KAT2B,YEATS2
YEATS2,KAT2B
KAT2B,YEATS4
YEATS4,KAT2B
KAT2B,DDX5
DDX5,KAT2B
KAT2B,HDAC1
HDAC1,KAT2B
KAT2B,HIST1H2BB
HIST1H2BB,KAT2B
KAT2B,POLR1C
POLR1C,KAT2B
KAT2B,POLR1B
POLR1B,KAT2B
KAT2B,RUNX3
RUNX3,KAT2B
KAT2B,EP400
EP400,KAT2B
KAT2B,ASH2L
ASH2L,KAT2B
KAT2B,NOTCH1
NOTCH1,KAT2B
KAT2B,SMARCA5
SMARCA5,KAT2B
KAT2B,RBPJ
RBPJ,KAT2B
KAT2B,DR1
DR1,KAT2B
KAT2B,MAML1
MAML1,KAT2B
KAT2B,WWTR1
WWTR1,KAT2B
KAT2B,POLR2H
POLR2H,KAT2B
KAT2B,SIRT1
SIRT1,KAT2B
POLR3D,POLR3F
POLR3F,POLR3D
POLR3D,GTF3C5
GTF3C5,POLR3D
POLR3D,POLR2B
POLR2B,POLR3D
POLR3D,POLR1A
POLR1A,POLR3D
POLR3D,POLR1C
POLR1C,POLR3D
POLR3D,POLR1B
POLR1B,POLR3D
POLR3D,GTF3C1
GTF3C1,POLR3D
POLR3D,SNAPC3
SNAPC3,POLR3D
POLR3D,POLR2J
POLR2J,POLR3D
POLR3D,POLR2E
POLR2E,POLR3D
POLR3D,POLR2H
POLR2H,POLR3D
POLR3D,POLR2K
POLR2K,POLR3D
POLR3D,POLR3B
POLR3B,POLR3D
SMARCB1,GLI1
GLI1,SMARCB1
SMARCB1,HDAC2
HDAC2,SMARCB1
SMARCB1,BRD7
BRD7,SMARCB1
SMARCB1,CDC5L
CDC5L,SMARCB1
SMARCB1,TBL1X
TBL1X,SMARCB1
SMARCB1,RUNX1
RUNX1,SMARCB1
SMARCB1,SMARCC2
SMARCC2,SMARCB1
SMARCB1,TRP53
TRP53,SMARCB1
SMARCB1,SMARCD1
SMARCD1,SMARCB1
SMARCB1,CCND1
CCND1,SMARCB1
SMARCB1,YEATS4
YEATS4,SMARCB1
SMARCB1,SMARCA2
SMARCA2,SMARCB1
SMARCB1,KDM3A
SMARCB1,SMARCA4
SMARCA4,SMARCB1
SMARCB1,DNMT3A
DNMT3A,SMARCB1
SMARCB1,SMARCC1
SMARCC1,SMARCB1
SMARCB1,ARID1A
ARID1A,SMARCB1
ILF2,HNRNPK
HNRNPK,ILF2
ILF2,CDC5L
CDC5L,ILF2
ILF2,ILF3
ILF3,ILF2
ILF2,MATR3
MATR3,ILF2
ILF2,CTSZ
ILF2,B2M
ILF2,CST3
ILF2,SSB
SSB,ILF2
ILF2,TIMP2
ILF2,CTSD
ILF2,SRSF3
SRSF3,ILF2
MCM6,UHRF1
MCM3,UHRF1
DNMT1,UHRF1
KNTC1,UHRF1
HIST1H2BB,UHRF1
MCM5,UHRF1
MCM4,UHRF1
EZH2,UHRF1
BRCA1,UHRF1
MCM2,UHRF1
EHMT2,UHRF1
DNMT3A,UHRF1
RAD51,UHRF1
ESPL1,UHRF1
SP1,TAF6
TAF6,SP1
SP1,USF1
USF1,SP1
SP1,SMAD4
SMAD4,SP1
SP1,EP300
EP300,SP1
SP1,INTS12
INTS12,SP1
SP1,TAF9
TAF9,SP1
SP1,NCOA3
NCOA3,SP1
SP1,TRP53
TRP53,SP1
SP1,SNAPC3
SNAPC3,SP1
SP1,ELL2
ELL2,SP1
SP1,POLR2E
POLR2E,SP1
SP1,ELL3
ELL3,SP1
SP1,POLR2K
POLR2K,SP1
SP1,JUN
JUN,SP1
SP1,POLR2B
POLR2B,SP1
SP1,SMAD3
SMAD3,SP1
SP1,HDAC1
HDAC1,SP1
SP1,MDM2
MDM2,SP1
SP1,MAPK8
MAPK8,SP1
SP1,SMAD2
SMAD2,SP1
SP1,POLR2J
POLR2J,SP1
SP1,TAF5
TAF5,SP1
SP1,POLR2H
POLR2H,SP1
SP1,SRRT
SRRT,SP1
SP1,POLR2I
POLR2I,SP1
MEF2D,NFATC4
NFATC4,MEF2D
MEF2D,EP300
EP300,MEF2D
MEF2D,HDAC5
HDAC5,MEF2D
MEF2D,TCF12
TCF12,MEF2D
MEF2D,MEF2A
MEF2A,MEF2D
MEF2D,CTNNB1
CTNNB1,MEF2D
MEF2D,NFATC1
NFATC1,MEF2D
MEF2D,MEF2C
MEF2C,MEF2D
MEF2D,NFATC3
NFATC3,MEF2D
MEF2D,HDAC4
HDAC4,MEF2D
MEF2D,TCF4
TCF4,MEF2D
MEF2D,MAPK11
MAPK11,MEF2D
TULP3,GLI2
GLI2,TULP3
GTF2H4,DDB1
DDB1,GTF2H4
GTF2H4,GTF2A1L
GTF2A1L,GTF2H4
GTF2H4,TAF10
TAF10,GTF2H4
GTF2H4,TAF6
TAF6,GTF2H4
GTF2H4,POLR2B
POLR2B,GTF2H4
GTF2H4,POLR1A
POLR1A,GTF2H4
GTF2H4,ERCC3
ERCC3,GTF2H4
GTF2H4,POLR1C
POLR1C,GTF2H4
GTF2H4,COPS2
COPS2,GTF2H4
GTF2H4,POLR1B
POLR1B,GTF2H4
GTF2H4,POLR1E
POLR1E,GTF2H4
GTF2H4,UBTF
UBTF,GTF2H4
GTF2H4,TCEA1
TCEA1,GTF2H4
GTF2H4,TAF1A
TAF1A,GTF2H4
GTF2H4,POLR2A
POLR2A,GTF2H4
GTF2H4,ERCC8
ERCC8,GTF2H4
GTF2H4,EP300
EP300,GTF2H4
GTF2H4,TAF9
TAF9,GTF2H4
GTF2H4,XAB2
XAB2,GTF2H4
GTF2H4,TAF1
TAF1,GTF2H4
GTF2H4,GTF2H3
GTF2H3,GTF2H4
GTF2H4,MED21
MED21,GTF2H4
GTF2H4,PIAS1
PIAS1,GTF2H4
GTF2H4,DDB2
DDB2,GTF2H4
GTF2H4,PARP1
PARP1,GTF2H4
GTF2H4,MLLT1
MLLT1,GTF2H4
GTF2H4,POLR2J
POLR2J,GTF2H4
GTF2H4,TAF5
TAF5,GTF2H4
GTF2H4,POLR2E
POLR2E,GTF2H4
GTF2H4,POLR2H
POLR2H,GTF2H4
GTF2H4,POLR2K
POLR2K,GTF2H4
GTF2H4,POLR2I
POLR2I,GTF2H4
GTF2H4,PIAS3
PIAS3,GTF2H4
ELL2,TAF6
TAF6,ELL2
ELL2,POLR2B
POLR2B,ELL2
ELL2,INTS12
INTS12,ELL2
ELL2,TAF9
TAF9,ELL2
ELL2,SNAPC3
SNAPC3,ELL2
ELL2,MLLT1
MLLT1,ELL2
ELL2,POLR2J
POLR2J,ELL2
ELL2,TAF5
TAF5,ELL2
ELL2,POLR2E
POLR2E,ELL2
ELL2,ELL3
ELL3,ELL2
ELL2,POLR2H
POLR2H,ELL2
ELL2,POLR2K
POLR2K,ELL2
ELL2,SRRT
SRRT,ELL2
ELL2,POLR2I
POLR2I,ELL2
FXR1,FXR2
FXR2,FXR1
AKT1,GATA3
GATA3,AKT1
AKT1,DNMT1
DNMT1,AKT1
AKT1,MKRN1
AKT1,SOX2
SOX2,AKT1
AKT1,NDRG1
AKT1,SMAD4
SMAD4,AKT1
AKT1,CCNB1
AKT1,NFE2L2
NFE2L2,AKT1
AKT1,SNAI1
SNAI1,AKT1
AKT1,MYC
MYC,AKT1
AKT1,EZH2
EZH2,AKT1
AKT1,HSPA5
AKT1,IGFBP2
AKT1,ATF4
ATF4,AKT1
AKT1,NOTCH4
NOTCH4,AKT1
AKT1,ZFP36L1
ZFP36L1,AKT1
AKT1,PHF20
PHF20,AKT1
AKT1,GJA1
AKT1,FOXO3
FOXO3,AKT1
AKT1,LRP2
AKT1,KIT
AKT1,TRP53
TRP53,AKT1
AKT1,VIM
AKT1,KLF4
KLF4,AKT1
AKT1,ID2
ID2,AKT1
AKT1,IGF2
AKT1,POU5F1
POU5F1,AKT1
AKT1,TWIST1
TWIST1,AKT1
AKT1,PDCD4
AKT1,ZEB1
ZEB1,AKT1
AKT1,STAT5B
STAT5B,AKT1
AKT1,TRIB3
TRIB3,AKT1
AKT1,SREBF1
SREBF1,AKT1
AKT1,HSP90AA1
AKT1,STAT5A
STAT5A,AKT1
AKT1,HSP90B1
AKT1,CTNNB1
CTNNB1,AKT1
AKT1,JUN
JUN,AKT1
AKT1,HTT
HTT,AKT1
AKT1,RELA
RELA,AKT1
AKT1,IKBKB
IKBKB,AKT1
AKT1,ATF2
ATF2,AKT1
AKT1,CCND1
CCND1,AKT1
AKT1,TCL1
AKT1,NR4A1
NR4A1,AKT1
AKT1,BMI1
BMI1,AKT1
AKT1,VEGFA
AKT1,SMAD3
SMAD3,AKT1
AKT1,ANXA5
AKT1,FN1
AKT1,RAPGEF3
RAPGEF3,AKT1
AKT1,BRCA1
BRCA1,AKT1
AKT1,YBX1
YBX1,AKT1
AKT1,FOXO1
FOXO1,AKT1
AKT1,NOTCH1
NOTCH1,AKT1
AKT1,FOXA2
FOXA2,AKT1
AKT1,ATM
ATM,AKT1
AKT1,TGFB1
TGFB1,AKT1
AKT1,CDKN1A
AKT1,HIF1A
HIF1A,AKT1
AKT1,EGR1
EGR1,AKT1
AKT1,MDM2
MDM2,AKT1
AKT1,HSPB1
HSPB1,AKT1
AKT1,BRPF1
BRPF1,AKT1
AKT1,PDK1
AKT1,SMAD2
SMAD2,AKT1
AKT1,PARP1
PARP1,AKT1
AKT1,NRG1
AKT1,MAPK11
MAPK11,AKT1
AKT1,ILK
ILK,AKT1
AKT1,MAPK13
MAPK13,AKT1
AKT1,MAPK3
MAPK3,AKT1
AKT1,PML
PML,AKT1
AKT1,TXNIP
AKT1,SIRT1
SIRT1,AKT1
AKT1,NCOR1
NCOR1,AKT1
HOXD13,MEIS1
MEIS1,HOXD13
NACC1,CDC5L
CDC5L,NACC1
NACC1,ZFP281
ZFP281,NACC1
NACC1,NANOG
NANOG,NACC1
TGFB1,SMAD4
SMAD4,TGFB1
TGFB1,SNAI1
SNAI1,TGFB1
TGFB1,SRGN
TGFB1,EP300
EP300,TGFB1
TGFB1,SPARC
TGFB1,TRP53
TRP53,TGFB1
TGFB1,VIM
TGFB1,IGF2
TGFB1,SMAD7
SMAD7,TGFB1
TGFB1,SDC4
TGFB1,APP
TGFB1,CTNNB1
CTNNB1,TGFB1
TGFB1,LEFTY2
TGFB1,VEGFA
TGFB1,SMAD3
SMAD3,TGFB1
TGFB1,ZFHX3
ZFHX3,TGFB1
TGFB1,SERPINE2
TGFB1,SMURF1
SMURF1,TGFB1
TGFB1,FN1
TGFB1,RUNX3
RUNX3,TGFB1
TGFB1,GAS6
TGFB1,LTBP4
TGFB1,LEFTY1
TGFB1,SMAD2
SMAD2,TGFB1
BMP4,LAMB1
MEN1,LAMB1
CSF1,LAMB1
IRF3,DDX58
DDX58,IRF3
IRF3,TRIM25
TRIM25,IRF3
IRF3,EP300
EP300,IRF3
IRF3,MYD88
MYD88,IRF3
IRF3,CTNNB1
CTNNB1,IRF3
IRF3,JUN
JUN,IRF3
PLAG1,HMGA2
HMGA2,PLAG1
MAPK8,TPM4
XBP1,CALR
ATF6,CALR
CUX1,EOMES
EOMES,CUX1
CUX1,MAN1A2
CUX1,SATB2
SATB2,CUX1
STAT5A,GATA3
GATA3,STAT5A
STAT5A,PDGFRA
STAT5A,BRWD1
BRWD1,STAT5A
STAT5A,MYC
MYC,STAT5A
STAT5A,EBF1
EBF1,STAT5A
STAT5A,EP300
EP300,STAT5A
STAT5A,KIT
STAT5A,TRP53
TRP53,STAT5A
STAT5A,PIAS1
PIAS1,STAT5A
STAT5A,STAT5B
STAT5B,STAT5A
STAT5A,PIAS3
PIAS3,STAT5A
STAT5A,CCND1
CCND1,STAT5A
STAT5A,STAT4
STAT4,STAT5A
STAT5A,HDAC1
HDAC1,STAT5A
STAT5A,SOCS2
STAT5A,PIAS2
PIAS2,STAT5A
STAT5A,MAPK3
MAPK3,STAT5A
DNMT1,RB1
RB1,DNMT1
DNMT1,HDAC2
HDAC2,DNMT1
DNMT1,SOX2
SOX2,DNMT1
DNMT1,SIN3A
SIN3A,DNMT1
DNMT1,RBBP4
RBBP4,DNMT1
DNMT1,HIST1H2BK
DNMT1,EZH2
EZH2,DNMT1
DNMT1,PHF1
PHF1,DNMT1
DNMT1,MCM2
MCM2,DNMT1
DNMT1,EED
EED,DNMT1
DNMT1,TRP53
TRP53,DNMT1
DNMT1,CTCF
CTCF,DNMT1
DNMT1,ZEB1
ZEB1,DNMT1
DNMT1,HIST1H4K
DNMT1,SAP30
SAP30,DNMT1
DNMT1,JARID2
JARID2,DNMT1
DNMT1,MTF2
MTF2,DNMT1
DNMT1,BMI1
BMI1,DNMT1
DNMT1,RBBP7
RBBP7,DNMT1
DNMT1,HDAC1
HDAC1,DNMT1
DNMT1,TET1
DNMT1,HIST1H2BB
HIST1H2BB,DNMT1
DNMT1,TET2
DNMT1,MCM5
MCM5,DNMT1
DNMT1,RBL1
RBL1,DNMT1
DNMT1,ATM
ATM,DNMT1
DNMT1,SMARCA5
SMARCA5,DNMT1
DNMT1,HIST1H3H
DNMT1,NANOG
NANOG,DNMT1
DNMT1,HIST1H2AF
DNMT1,SUZ12
SUZ12,DNMT1
DNMT1,EHMT2
EHMT2,DNMT1
DNMT1,PARP1
PARP1,DNMT1
DNMT1,DNMT3A
DNMT3A,DNMT1
DNMT1,MBD2
MBD2,DNMT1
DNMT1,HIST1H2AK
DNMT1,SIRT1
SIRT1,DNMT1
PHB2,HDAC1
HDAC1,PHB2
SIN3B,HDAC2
HDAC2,SIN3B
SIN3B,SIN3A
SIN3A,SIN3B
SIN3B,RBBP4
RBBP4,SIN3B
SIN3B,HIST1H2BK
SIN3B,CHD4
CHD4,SIN3B
SIN3B,HDAC5
HDAC5,SIN3B
SIN3B,RUNX1
RUNX1,SIN3B
SIN3B,ING1
ING1,SIN3B
SIN3B,NCOA6
NCOA6,SIN3B
SIN3B,PHF12
PHF12,SIN3B
SIN3B,SAP30
SAP30,SIN3B
SIN3B,HDAC10
HDAC10,SIN3B
SIN3B,RBBP7
RBBP7,SIN3B
SIN3B,HDAC1
HDAC1,SIN3B
SIN3B,HIST1H2BB
HIST1H2BB,SIN3B
SIN3B,REST
REST,SIN3B
SIN3B,TBL1X
TBL1X,SIN3B
SIN3B,HDAC3
HDAC3,SIN3B
SIN3B,HDAC7
HDAC7,SIN3B
SIN3B,HDAC4
HDAC4,SIN3B
SIN3B,HDAC11
HDAC11,SIN3B
SIN3B,NCOR1
NCOR1,SIN3B
POLR2E,POLR3F
POLR3F,POLR2E
POLR2E,HNRNPK
HNRNPK,POLR2E
POLR2E,DDB1
DDB1,POLR2E
POLR2E,SRSF6
SRSF6,POLR2E
POLR2E,TCEA3
TCEA3,POLR2E
POLR2E,GTF3C5
GTF3C5,POLR2E
POLR2E,PAPOLA
PAPOLA,POLR2E
POLR2E,DDX5
DDX5,POLR2E
POLR2E,TAF10
TAF10,POLR2E
POLR2E,RBBP4
RBBP4,POLR2E
POLR2E,TAF6
TAF6,POLR2E
POLR2E,RBBP7
RBBP7,POLR2E
POLR2E,CDC5L
CDC5L,POLR2E
POLR2E,POLR2B
POLR2B,POLR2E
POLR2E,HIST1H2BK
POLR2E,POLR1A
POLR1A,POLR2E
POLR2E,NME2
NME2,POLR2E
POLR2E,HIST1H2BB
HIST1H2BB,POLR2E
POLR2E,RBFOX2
RBFOX2,POLR2E
POLR2E,ERCC3
ERCC3,POLR2E
POLR2E,MED31
MED31,POLR2E
POLR2E,POLR1C
POLR1C,POLR2E
POLR2E,RUVBL2
RUVBL2,POLR2E
POLR2E,DEK
DEK,POLR2E
POLR2E,COPS2
COPS2,POLR2E
POLR2E,MEIS1
MEIS1,POLR2E
POLR2E,POLR1B
POLR1B,POLR2E
POLR2E,EZH2
EZH2,POLR2E
POLR2E,HNRNPD
HNRNPD,POLR2E
POLR2E,SRSF3
SRSF3,POLR2E
POLR2E,RARA
RARA,POLR2E
POLR2E,RBMX
RBMX,POLR2E
POLR2E,POLR1E
POLR1E,POLR2E
POLR2E,UBTF
UBTF,POLR2E
POLR2E,TCEA1
TCEA1,POLR2E
POLR2E,GTF3C1
GTF3C1,POLR2E
POLR2E,TAF1A
TAF1A,POLR2E
POLR2E,MYBBP1A
MYBBP1A,POLR2E
POLR2E,HDAC3
HDAC3,POLR2E
POLR2E,TBPL1
TBPL1,POLR2E
POLR2E,YBX1
YBX1,POLR2E
POLR2E,POLR2A
POLR2A,POLR2E
POLR2E,ERCC8
ERCC8,POLR2E
POLR2E,ASH2L
ASH2L,POLR2E
POLR2E,EP300
EP300,POLR2E
POLR2E,MED12
MED12,POLR2E
POLR2E,RARG
RARG,POLR2E
POLR2E,INTS12
INTS12,POLR2E
POLR2E,TAF9
TAF9,POLR2E
POLR2E,SMARCA5
SMARCA5,POLR2E
POLR2E,XAB2
XAB2,POLR2E
POLR2E,TAF1
TAF1,POLR2E
POLR2E,ELAVL2
ELAVL2,POLR2E
POLR2E,GTF2H3
GTF2H3,POLR2E
POLR2E,NCOA3
NCOA3,POLR2E
POLR2E,EED
EED,POLR2E
POLR2E,PAX6
PAX6,POLR2E
POLR2E,HIST1H2AF
POLR2E,WBP11
WBP11,POLR2E
POLR2E,SUZ12
SUZ12,POLR2E
POLR2E,SNAPC3
SNAPC3,POLR2E
POLR2E,MED21
MED21,POLR2E
POLR2E,NCOA6
NCOA6,POLR2E
POLR2E,RUVBL1
RUVBL1,POLR2E
POLR2E,PLRG1
PLRG1,POLR2E
POLR2E,MLLT1
MLLT1,POLR2E
POLR2E,SNURF
POLR2E,POLR2J
POLR2J,POLR2E
POLR2E,TAF5
TAF5,POLR2E
POLR2E,ELL3
ELL3,POLR2E
POLR2E,POLR2H
POLR2H,POLR2E
POLR2E,CTNNBL1
CTNNBL1,POLR2E
POLR2E,POLR2K
POLR2K,POLR2E
POLR2E,JUN
JUN,POLR2E
POLR2E,SRRT
SRRT,POLR2E
POLR2E,HIST1H2AK
POLR2E,POLR2I
POLR2I,POLR2E
POLR2E,FUS
FUS,POLR2E
POLR2E,POLR3B
POLR3B,POLR2E
POLR2E,NCOR1
NCOR1,POLR2E
EHMT2,PLOD3
MAPK13,DUSP9
MAPK13,TRP53
TRP53,MAPK13
MAPK13,JUN
JUN,MAPK13
MAPK13,ATF2
ATF2,MAPK13
MAPK13,MEF2C
MEF2C,MAPK13
MAPK13,VEGFA
MAPK13,ELK1
ELK1,MAPK13
MAPK13,RAPGEF3
RAPGEF3,MAPK13
MAPK13,FOSL2
FOSL2,MAPK13
MAPK13,DDIT3
DDIT3,MAPK13
MAPK13,MAPK11
MAPK11,MAPK13
MAPK13,MAPK3
MAPK3,MAPK13
MAPK13,ELK4
ELK4,MAPK13
CRABP2,RARA
RARA,CRABP2
CRABP2,RARG
RARG,CRABP2
HSPB1,DAXX
DAXX,HSPB1
HSPB1,CDC5L
CDC5L,HSPB1
HSPB1,HNRNPD
HNRNPD,HSPB1
HSPB1,HSPA5
HSPB1,TRP53
TRP53,HSPB1
HSPB1,HSP90AA1
HSPB1,MAPK11
MAPK11,HSPB1
MYCN,NDRG1
BMP4,APP
MEN1,APP
NFKB2,APP
HTT,APP
RELA,APP
APBB1,APP
GRIN1,APP
NOTCH1,APP
GNRH1,APP
MAPK8,APP
CSF1,APP
MCM6,MSH6
MCM3,MSH6
CDC5L,MSH6
MCM4,MSH6
BARD1,MSH6
MCM2,MSH6
TRP53BP1,MSH6
APEX1,MSH6
XRCC5,MSH6
RAD51,MSH6
ESPL1,MSH6
PMS1,MSH6
MCM5,MSH6
XRCC6,MSH6
BRCA1,MSH6
ERCC8,MSH6
BRCA2,MSH6
ATM,MSH6
TIMELESS,MSH6
MLXIPL,SREBF1
SREBF1,MLXIPL
MLXIPL,MLXIP
MLXIP,MLXIPL
MLXIPL,TXNIP
TRIM28,CDC5L
CDC5L,TRIM28
TRIM28,ZFP446
ZFP446,TRIM28
TRIM28,POU5F1
POU5F1,TRIM28
TRIM28,SMARCA4
SMARCA4,TRIM28
TRIM28,ZFP398
ZFP398,TRIM28
TRIM28,ZFP57
TRIM28,KRBA1
KRBA1,TRIM28
TRIM28,ATM
ATM,TRIM28
TRIM28,SMARCC1
SMARCC1,TRIM28
TRP53,KIT
BMP4,KIT
POU5F1,KIT
STAT5B,KIT
CSF1,KIT
CTCF,MYC
MYC,CTCF
CTCF,IGF2
CTCF,POU5F1
POU5F1,CTCF
CTCF,UBTF
UBTF,CTCF
CTCF,PAX6
PAX6,CTCF
CTCF,SUZ12
SUZ12,CTCF
TFAP4,CDKN1A
GNRH1,TRH
TEAD4,SOX2
SOX2,TEAD4
TEAD4,TEAD1
TEAD1,TEAD4
TEAD4,RUNX3
RUNX3,TEAD4
TEAD4,TCF7L2
TCF7L2,TEAD4
TEAD4,WWTR1
WWTR1,TEAD4
TEAD4,TCF7
TCF7,TEAD4
MCM6,CDC20
MCM3,CDC20
KEAP1,CDC20
KNTC1,CDC20
MYBL2,CDC20
MCM4,CDC20
MCM2,CDC20
TRP53,CDC20
SMURF2,CDC20
RNF14,CDC20
RAD51,CDC20
ESPL1,CDC20
TRIM24,CDC20
MEF2C,CDC20
RNF19A,CDC20
RNF6,CDC20
HMGB2,CDC20
RLIM,CDC20
MCM5,CDC20
SMURF1,CDC20
BRCA1,CDC20
TRIM32,CDC20
KPNA2,CDC20
MIS18BP1,CDC20
TRP53,EPHA2
ILK,NPHS1
CTNNB1,SOX2
SOX2,CTNNB1
CTNNB1,HIST1H2BK
CTNNB1,SMAD4
SMAD4,CTNNB1
CTNNB1,SNAI1
SNAI1,CTNNB1
CTNNB1,MYC
MYC,CTNNB1
CTNNB1,EP300
EP300,CTNNB1
CTNNB1,FOXO3
FOXO3,CTNNB1
CTNNB1,SOX4
SOX4,CTNNB1
CTNNB1,PITX2
PITX2,CTNNB1
CTNNB1,TRP53
TRP53,CTNNB1
CTNNB1,BMP4
BMP4,CTNNB1
CTNNB1,KLF4
KLF4,CTNNB1
CTNNB1,RUVBL1
RUVBL1,CTNNB1
CTNNB1,HNF4A
HNF4A,CTNNB1
CTNNB1,SMAD7
SMAD7,CTNNB1
CTNNB1,POU5F1
POU5F1,CTNNB1
CTNNB1,MEN1
MEN1,CTNNB1
CTNNB1,CTBP1
CTBP1,CTNNB1
CTNNB1,SMARCA4
SMARCA4,CTNNB1
CTNNB1,TRRAP
TRRAP,CTNNB1
CTNNB1,MEF2A
MEF2A,CTNNB1
CTNNB1,CTNNBIP1
CTNNBIP1,CTNNB1
CTNNB1,JUN
JUN,CTNNB1
CTNNB1,GLI2
GLI2,CTNNB1
CTNNB1,DKK1
CTNNB1,TCF7
TCF7,CTNNB1
CTNNB1,SOX7
SOX7,CTNNB1
CTNNB1,CCND1
CCND1,CTNNB1
CTNNB1,MEF2C
MEF2C,CTNNB1
CTNNB1,VEGFA
CTNNB1,HDAC1
HDAC1,CTNNB1
CTNNB1,HIST1H2BB
HIST1H2BB,CTNNB1
CTNNB1,TBL1X
TBL1X,CTNNB1
CTNNB1,SOX17
SOX17,CTNNB1
CTNNB1,FN1
CTNNB1,RUNX3
RUNX3,CTNNB1
CTNNB1,LDB1
LDB1,CTNNB1
CTNNB1,ASH2L
ASH2L,CTNNB1
CTNNB1,FOXO1
FOXO1,CTNNB1
CTNNB1,NOTCH1
NOTCH1,CTNNB1
CTNNB1,GLUL
CTNNB1,NANOG
NANOG,CTNNB1
CTNNB1,MAPK8
MAPK8,CTNNB1
CTNNB1,TLE1
TLE1,CTNNB1
CTNNB1,TCF7L2
TCF7L2,CTNNB1
CTNNB1,TCF4
TCF4,CTNNB1
CTNNB1,MAPK11
MAPK11,CTNNB1
ELK1,SRF
SRF,ELK1
ELK1,MAPK8
MAPK8,ELK1
ELK1,MAPK11
MAPK11,ELK1
ELK1,MAPK3
MAPK3,ELK1
ELK1,ELK4
ELK4,ELK1
MED15,THRAP3
THRAP3,MED15
MED15,MED31
MED31,MED15
MED15,HDAC3
HDAC3,MED15
MED15,EP300
EP300,MED15
MED15,MED12
MED12,MED15
MED15,NCOA3
NCOA3,MED15
MED15,MED21
MED21,MED15
MED15,MED4
MED4,MED15
MED15,NCOR1
NCOR1,MED15
NANOG,SOX2
SOX2,NANOG
NANOG,ALPL
NANOG,NR5A2
NR5A2,NANOG
NANOG,SNAI1
SNAI1,NANOG
NANOG,MYC
MYC,NANOG
NANOG,EZH2
EZH2,NANOG
NANOG,ESRRB
ESRRB,NANOG
NANOG,EOMES
EOMES,NANOG
NANOG,DPPA4
NANOG,TRP53
TRP53,NANOG
NANOG,BMP4
BMP4,NANOG
NANOG,ZFP42
ZFP42,NANOG
NANOG,KLF4
KLF4,NANOG
NANOG,POU5F1
POU5F1,NANOG
NANOG,JARID2
JARID2,NANOG
NANOG,SALL1
SALL1,NANOG
NANOG,TDGF1
NANOG,SALL4
SALL4,NANOG
NANOG,NR0B1
NR0B1,NANOG
NANOG,DPPA2
NANOG,GATA4
GATA4,NANOG
NANOG,FOXD3
FOXD3,NANOG
NANOG,BMI1
BMI1,NANOG
NANOG,DDX5
DDX5,NANOG
NANOG,TET1
NANOG,ZFP281
ZFP281,NANOG
NANOG,TET2
NANOG,UTF1
UTF1,NANOG
NANOG,SOX17
SOX17,NANOG
NANOG,PRDM14
PRDM14,NANOG
NANOG,GATA6
GATA6,NANOG
NANOG,FOXA2
FOXA2,NANOG
NANOG,PRDM1
PRDM1,NANOG
NANOG,TBX3
TBX3,NANOG
NANOG,PAX6
PAX6,NANOG
NANOG,KLF2
KLF2,NANOG
NANOG,LEFTY1
NANOG,TCF4
TCF4,NANOG
NANOG,FGF4
NANOG,TFCP2L1
TFCP2L1,NANOG
NANOG,MAPK3
MAPK3,NANOG
NANOG,ZIC3
ZIC3,NANOG
EHMT2,HDAC2
HDAC2,EHMT2
EHMT2,RBBP4
RBBP4,EHMT2
EHMT2,HIST1H2BK
EHMT2,SNAI1
SNAI1,EHMT2
EHMT2,MYC
MYC,EHMT2
EHMT2,RCOR2
RCOR2,EHMT2
EHMT2,UBE2C
EHMT2,YAF2
YAF2,EHMT2
EHMT2,TAF1A
TAF1A,EHMT2
EHMT2,CHD4
CHD4,EHMT2
EHMT2,RNF2
RNF2,EHMT2
EHMT2,PLOD1
EHMT2,HDAC5
HDAC5,EHMT2
EHMT2,TRP53
TRP53,EHMT2
EHMT2,PLOD2
EHMT2,POU5F1
POU5F1,EHMT2
EHMT2,JARID2
JARID2,EHMT2
EHMT2,MTA3
MTA3,EHMT2
EHMT2,RBBP7
RBBP7,EHMT2
EHMT2,HDAC1
HDAC1,EHMT2
EHMT2,HIST1H2BB
HIST1H2BB,EHMT2
EHMT2,GATAD2B
GATAD2B,EHMT2
EHMT2,UBTF
UBTF,EHMT2
EHMT2,PRDM1
PRDM1,EHMT2
EHMT2,L3MBTL2
L3MBTL2,EHMT2
EHMT2,SUZ12
SUZ12,EHMT2
EHMT2,DNMT3A
DNMT3A,EHMT2
EHMT2,E2F6
E2F6,EHMT2
EHMT2,SIRT1
SIRT1,EHMT2
GLIS2,CTBP1
CTBP1,GLIS2
TSG101,CDC5L
CDC5L,TSG101
TSG101,NEDD4
TSG101,CD63
CSF1,SPP1
CSF1,VEGFA
CSF1,PDGFRA
CSF1,FN1
CSF1,APOE
CSF1,GAS6
CSF1,CKAP4
CSF1,PDIA6
CSF1,LAMC1
CSF1,BMP4
BMP4,CSF1
CSF1,LAMB2
CSF1,CALU
CSF1,MEN1
MEN1,CSF1
CSF1,NOTUM
CSF1,CST3
CSF1,HSP90B1
CSF1,NFATC1
NFATC1,CSF1
CSF1,P4HB
E2F4,RB1
RB1,E2F4
E2F4,RBBP4
RBBP4,E2F4
E2F4,MYBL2
MYBL2,E2F4
E2F4,SMAD4
SMAD4,E2F4
E2F4,TAF1
TAF1,E2F4
E2F4,TRP53
TRP53,E2F4
E2F4,CCND1
CCND1,E2F4
E2F4,SMAD3
SMAD3,E2F4
E2F4,HDAC1
HDAC1,E2F4
E2F4,RBL1
RBL1,E2F4
E2F4,CDKN1A
E2F4,SMAD2
SMAD2,E2F4
E2F4,E2F1
E2F1,E2F4
NOTCH4,MAML3
MAML3,NOTCH4
NOTCH4,CDC5L
CDC5L,NOTCH4
NOTCH4,NOTCH2
NOTCH2,NOTCH4
NOTCH4,HEY2
HEY2,NOTCH4
NOTCH4,DTX1
DTX1,NOTCH4
NOTCH4,TMED2
NOTCH4,SMAD3
SMAD3,NOTCH4
NOTCH4,NOTCH1
NOTCH1,NOTCH4
NOTCH4,RBPJ
RBPJ,NOTCH4
NOTCH4,MAML1
MAML1,NOTCH4
SRF,NFATC4
NFATC4,SRF
SRF,NFATC1
NFATC1,SRF
SRF,GATA4
GATA4,SRF
SRF,HOPX
HOPX,SRF
SRF,NFATC3
NFATC3,SRF
SRF,HDAC4
HDAC4,SRF
SRF,ETS1
ETS1,SRF
SRF,ELK4
ELK4,SRF
PREB,CTSZ
CDC5L,MYH9
TRIM32,MYH9
BRCA1,HIST1H2BK
BRCA1,TOP2A
BRCA1,CCNB1
BRCA1,MYC
MYC,BRCA1
BRCA1,EZH2
EZH2,BRCA1
BRCA1,UBE2C
BRCA1,RNF2
RNF2,BRCA1
BRCA1,POLR2A
POLR2A,BRCA1
BRCA1,BARD1
BARD1,BRCA1
BRCA1,TRP53
TRP53,BRCA1
BRCA1,TRP53BP1
TRP53BP1,BRCA1
BRCA1,PIAS1
PIAS1,BRCA1
BRCA1,XRCC5
XRCC5,BRCA1
BRCA1,JUN
JUN,BRCA1
BRCA1,RAD51
RAD51,BRCA1
BRCA1,CBX7
CBX7,BRCA1
BRCA1,CCND1
CCND1,BRCA1
BRCA1,HIST1H2BB
HIST1H2BB,BRCA1
BRCA1,XRCC6
XRCC6,BRCA1
BRCA1,BRCA2
BRCA2,BRCA1
BRCA1,ATM
ATM,BRCA1
BRCA1,PHC1
PHC1,BRCA1
BRCA1,CBX8
CBX8,BRCA1
BRCA1,TIMELESS
TIMELESS,BRCA1
BRCA1,SUZ12
SUZ12,BRCA1
BRCA1,RIF1
BRCA1,CBX4
CBX4,BRCA1
BRCA1,PARP1
PARP1,BRCA1
TOP2B,MCM3
MCM3,TOP2B
TOP2B,TOP2A
TOP2B,MCM4
MCM4,TOP2B
TOP2B,SMARCC2
SMARCC2,TOP2B
TOP2B,SMARCA2
SMARCA2,TOP2B
TOP2B,SMARCA4
SMARCA4,TOP2B
TOP2B,ESPL1
ESPL1,TOP2B
TOP2B,SMARCC1
SMARCC1,TOP2B
SUZ12,MTF2
MTF2,SUZ12
SUZ12,HDAC2
HDAC2,SUZ12
SUZ12,BMI1
BMI1,SUZ12
SUZ12,RBBP4
RBBP4,SUZ12
SUZ12,RBBP7
RBBP7,SUZ12
SUZ12,POLR2B
POLR2B,SUZ12
SUZ12,HIST1H2BK
SUZ12,HDAC1
HDAC1,SUZ12
SUZ12,HIST1H2BB
HIST1H2BB,SUZ12
SUZ12,POLR1C
POLR1C,SUZ12
SUZ12,EZH2
EZH2,SUZ12
SUZ12,RARA
RARA,SUZ12
SUZ12,PHF1
PHF1,SUZ12
SUZ12,RNF2
RNF2,SUZ12
SUZ12,HDAC3
HDAC3,SUZ12
SUZ12,POLR2A
POLR2A,SUZ12
SUZ12,EZH1
EZH1,SUZ12
SUZ12,CBX6
CBX6,SUZ12
SUZ12,ASH2L
ASH2L,SUZ12
SUZ12,EP300
EP300,SUZ12
SUZ12,PHC1
PHC1,SUZ12
SUZ12,CBX8
CBX8,SUZ12
SUZ12,RARG
RARG,SUZ12
SUZ12,NCOA3
NCOA3,SUZ12
SUZ12,EED
EED,SUZ12
SUZ12,PAX6
PAX6,SUZ12
SUZ12,HIST1H2AF
SUZ12,PIAS2
PIAS2,SUZ12
SUZ12,RYBP
RYBP,SUZ12
SUZ12,NCOA6
NCOA6,SUZ12
SUZ12,CBX4
CBX4,SUZ12
SUZ12,DNMT3A
DNMT3A,SUZ12
SUZ12,POLR2J
POLR2J,SUZ12
SUZ12,POLR2H
POLR2H,SUZ12
SUZ12,POLR2K
POLR2K,SUZ12
SUZ12,JARID2
JARID2,SUZ12
SUZ12,CBX7
CBX7,SUZ12
SUZ12,E2F6
E2F6,SUZ12
SUZ12,HIST1H2AK
SUZ12,ASXL1
ASXL1,SUZ12
SUZ12,POLR2I
POLR2I,SUZ12
SUZ12,NCOR1
NCOR1,SUZ12
ETV4,FGF3
ETV4,FGF10
ETV4,NCOA3
NCOA3,ETV4
MYBL2,MCM3
MCM3,MYBL2
MYBL2,RBBP4
RBBP4,MYBL2
MYBL2,CCNB1
MYBL2,UBE2C
MYBL2,ESPL1
ESPL1,MYBL2
MYBL2,CCND1
CCND1,MYBL2
MYBL2,HDAC1
HDAC1,MYBL2
MYBL2,RBL1
RBL1,MYBL2
MYBL2,E2F1
E2F1,MYBL2
HNF4A,HNF1B
HNF1B,HNF4A
HNF4A,SREBF1
SREBF1,HNF4A
HNF4A,CCND1
CCND1,HNF4A
HNF4A,GATA4
GATA4,HNF4A
HNF4A,FOXO1
FOXO1,HNF4A
HNF4A,FOXA2
FOXA2,HNF4A
HNF4A,TCF7L2
TCF7L2,HNF4A
HNF4A,SIRT1
SIRT1,HNF4A
MAFK,NFE2L2
NFE2L2,MAFK
MAFK,BACH2
BACH2,MAFK
MAFK,NFE2L1
NFE2L1,MAFK
KPNA2,CDC5L
CDC5L,KPNA2
KPNA2,RRM2
KPNA2,CCNB1
KPNA2,UBE2C
KPNA2,MCM5
MCM5,KPNA2
TBX3,SOX2
SOX2,TBX3
TBX3,ESRRB
ESRRB,TBX3
TBX3,BMP4
BMP4,TBX3
TBX3,KLF4
KLF4,TBX3
TBX3,POU5F1
POU5F1,TBX3
TBX3,GATA6
GATA6,TBX3
TBX3,MAPK3
MAPK3,TBX3
AATF,PA2G4
PA2G4,AATF
AATF,POLR1A
POLR1A,AATF
AATF,POLR1B
POLR1B,AATF
AATF,DDX54
DDX54,AATF
AATF,POLR1E
POLR1E,AATF
AATF,MYBBP1A
MYBBP1A,AATF
AATF,DKC1
AATF,ABT1
ABT1,AATF
AATF,CEBPZ
CEBPZ,AATF
AATF,PDCD11
PDCD11,AATF
AATF,POLR2J
POLR2J,AATF
AATF,MAGED1
PELP1,TAF1
TAF1,PELP1
PELP1,TAF6
TAF6,PELP1
PELP1,RUVBL1
RUVBL1,PELP1
PELP1,RUVBL2
RUVBL2,PELP1
PELP1,PHF20
PHF20,PELP1
PELP1,RNF2
RNF2,PELP1
PELP1,ASH2L
ASH2L,PELP1
PELP1,E2F6
E2F6,PELP1
PELP1,HCFC1
HCFC1,PELP1
PELP1,TAF9
TAF9,PELP1
NSD1,PLOD1
XAB2,HNRNPK
HNRNPK,XAB2
XAB2,DDB1
DDB1,XAB2
XAB2,SRSF6
SRSF6,XAB2
XAB2,PAPOLA
PAPOLA,XAB2
XAB2,DDX5
DDX5,XAB2
XAB2,TCERG1
TCERG1,XAB2
XAB2,CDC5L
CDC5L,XAB2
XAB2,POLR2B
POLR2B,XAB2
XAB2,STXBP2
XAB2,ERCC3
ERCC3,XAB2
XAB2,HNRNPD
HNRNPD,XAB2
XAB2,SRSF3
SRSF3,XAB2
XAB2,RBMX
RBMX,XAB2
XAB2,TCEA1
TCEA1,XAB2
XAB2,YBX1
YBX1,XAB2
XAB2,ERCC8
ERCC8,XAB2
XAB2,EP300
EP300,XAB2
XAB2,ELAVL2
ELAVL2,XAB2
XAB2,GTF2H3
GTF2H3,XAB2
XAB2,WBP11
WBP11,XAB2
XAB2,PLRG1
PLRG1,XAB2
XAB2,SNURF
XAB2,POLR2J
POLR2J,XAB2
XAB2,POLR2H
POLR2H,XAB2
XAB2,CTNNBL1
CTNNBL1,XAB2
XAB2,POLR2K
POLR2K,XAB2
XAB2,SRRT
SRRT,XAB2
XAB2,POLR2I
POLR2I,XAB2
XAB2,FUS
FUS,XAB2
MAPK8,DUSP9
MAPK11,DUSP9
MAPK3,DUSP9
POLR2I,POLR3F
POLR3F,POLR2I
POLR2I,HNRNPK
HNRNPK,POLR2I
POLR2I,DDB1
DDB1,POLR2I
POLR2I,SRSF6
SRSF6,POLR2I
POLR2I,TCEA3
TCEA3,POLR2I
POLR2I,GTF2A1L
GTF2A1L,POLR2I
POLR2I,PAPOLA
PAPOLA,POLR2I
POLR2I,DDX5
DDX5,POLR2I
POLR2I,TAF10
TAF10,POLR2I
POLR2I,RBBP4
RBBP4,POLR2I
POLR2I,TAF6
TAF6,POLR2I
POLR2I,RBBP7
RBBP7,POLR2I
POLR2I,CDC5L
CDC5L,POLR2I
POLR2I,POLR2B
POLR2B,POLR2I
POLR2I,HIST1H2BK
POLR2I,NME2
NME2,POLR2I
POLR2I,HIST1H2BB
HIST1H2BB,POLR2I
POLR2I,RBFOX2
RBFOX2,POLR2I
POLR2I,ERCC3
ERCC3,POLR2I
POLR2I,MED31
MED31,POLR2I
POLR2I,POLR1C
POLR1C,POLR2I
POLR2I,COPS2
COPS2,POLR2I
POLR2I,MEIS1
MEIS1,POLR2I
POLR2I,POLR1B
POLR1B,POLR2I
POLR2I,EZH2
EZH2,POLR2I
POLR2I,HNRNPD
HNRNPD,POLR2I
POLR2I,SRSF3
SRSF3,POLR2I
POLR2I,RARA
RARA,POLR2I
POLR2I,RBMX
RBMX,POLR2I
POLR2I,TCEA1
TCEA1,POLR2I
POLR2I,HDAC3
HDAC3,POLR2I
POLR2I,TBPL1
TBPL1,POLR2I
POLR2I,YBX1
YBX1,POLR2I
POLR2I,POLR2A
POLR2A,POLR2I
POLR2I,ERCC8
ERCC8,POLR2I
POLR2I,ASH2L
ASH2L,POLR2I
POLR2I,EP300
EP300,POLR2I
POLR2I,RARG
RARG,POLR2I
POLR2I,INTS12
INTS12,POLR2I
POLR2I,TAF9
TAF9,POLR2I
POLR2I,TAF1
TAF1,POLR2I
POLR2I,ELAVL2
ELAVL2,POLR2I
POLR2I,GTF2H3
GTF2H3,POLR2I
POLR2I,NCOA3
NCOA3,POLR2I
POLR2I,EED
EED,POLR2I
POLR2I,PAX6
PAX6,POLR2I
POLR2I,HIST1H2AF
POLR2I,WBP11
WBP11,POLR2I
POLR2I,SNAPC3
SNAPC3,POLR2I
POLR2I,MED21
MED21,POLR2I
POLR2I,NCOA6
NCOA6,POLR2I
POLR2I,PLRG1
PLRG1,POLR2I
POLR2I,MLLT1
MLLT1,POLR2I
POLR2I,SNURF
POLR2I,POLR2J
POLR2J,POLR2I
POLR2I,TAF5
TAF5,POLR2I
POLR2I,ELL3
ELL3,POLR2I
POLR2I,POLR2H
POLR2H,POLR2I
POLR2I,CTNNBL1
CTNNBL1,POLR2I
POLR2I,POLR2K
POLR2K,POLR2I
POLR2I,JUN
JUN,POLR2I
POLR2I,SRRT
SRRT,POLR2I
POLR2I,HIST1H2AK
POLR2I,FUS
FUS,POLR2I
POLR2I,POLR3B
POLR3B,POLR2I
POLR2I,NCOR1
NCOR1,POLR2I
HDAC2,RB1
RB1,HDAC2
HDAC2,NRIP1
NRIP1,HDAC2
HDAC2,SOX2
SOX2,HDAC2
HDAC2,SIN3A
SIN3A,HDAC2
HDAC2,RBBP4
RBBP4,HDAC2
HDAC2,ETV3
ETV3,HDAC2
HDAC2,CDC5L
CDC5L,HDAC2
HDAC2,HIST1H2BK
HDAC2,CTBP2
HDAC2,RCOR2
RCOR2,HDAC2
HDAC2,EZH2
EZH2,HDAC2
HDAC2,TAF1A
TAF1A,HDAC2
HDAC2,CHD4
CHD4,HDAC2
HDAC2,RNF2
RNF2,HDAC2
HDAC2,EZH1
EZH1,HDAC2
HDAC2,CBX6
CBX6,HDAC2
HDAC2,EP300
EP300,HDAC2
HDAC2,HDAC5
HDAC5,HDAC2
HDAC2,RUNX1
RUNX1,HDAC2
HDAC2,EED
EED,HDAC2
HDAC2,TRP53
TRP53,HDAC2
HDAC2,SMARCA2
SMARCA2,HDAC2
HDAC2,ING1
ING1,HDAC2
HDAC2,CTBP1
CTBP1,HDAC2
HDAC2,SMARCA4
SMARCA4,HDAC2
HDAC2,PHF12
PHF12,HDAC2
HDAC2,HIST1H4K
HDAC2,SAP30
SAP30,HDAC2
HDAC2,HDAC10
HDAC10,HDAC2
HDAC2,JARID2
JARID2,HDAC2
HDAC2,CBX7
CBX7,HDAC2
HDAC2,SALL1
SALL1,HDAC2
HDAC2,MTA3
MTA3,HDAC2
HDAC2,SALL4
SALL4,HDAC2
HDAC2,ASXL1
ASXL1,HDAC2
HDAC2,BMI1
BMI1,HDAC2
HDAC2,BRD7
BRD7,HDAC2
HDAC2,RBBP7
RBBP7,HDAC2
HDAC2,HDAC1
HDAC1,HDAC2
HDAC2,TET1
HDAC2,HIST1H2BB
HIST1H2BB,HDAC2
HDAC2,REST
REST,HDAC2
HDAC2,GATAD2B
GATAD2B,HDAC2
HDAC2,TBL1X
TBL1X,HDAC2
HDAC2,UBTF
UBTF,HDAC2
HDAC2,HOPX
HOPX,HDAC2
HDAC2,HDAC3
HDAC3,HDAC2
HDAC2,PHC1
PHC1,HDAC2
HDAC2,CBX8
CBX8,HDAC2
HDAC2,SMARCA5
SMARCA5,HDAC2
HDAC2,HIST1H2AF
HDAC2,RBPJ
RBPJ,HDAC2
HDAC2,BRPF1
BRPF1,HDAC2
HDAC2,HDAC7
HDAC7,HDAC2
HDAC2,SATB2
SATB2,HDAC2
HDAC2,HDAC4
HDAC4,HDAC2
HDAC2,TCF7L2
TCF7L2,HDAC2
HDAC2,CBX4
CBX4,HDAC2
HDAC2,RERE
RERE,HDAC2
HDAC2,SMARCC1
SMARCC1,HDAC2
HDAC2,MBD2
MBD2,HDAC2
HDAC2,CHD5
CHD5,HDAC2
HDAC2,HDAC11
HDAC11,HDAC2
HDAC2,HIST1H2AK
HDAC2,PML
PML,HDAC2
HDAC2,SIRT1
SIRT1,HDAC2
HDAC2,DDX20
DDX20,HDAC2
HDAC2,NCOR1
NCOR1,HDAC2
HEY2,GATA4
GATA4,HEY2
HEY2,NOTCH1
NOTCH1,HEY2
HEY2,EP300
EP300,HEY2
HEY2,NR2F2
NR2F2,HEY2
HEY2,NOTCH2
NOTCH2,HEY2
HEY2,RBPJ
RBPJ,HEY2
HEY2,MAML1
MAML1,HEY2
TNFAIP3,NFKB2
NFKB2,TNFAIP3
TNFAIP3,NFKBIA
NFKBIA,TNFAIP3
TNFAIP3,IKBKB
IKBKB,TNFAIP3
ARID5B,PHF2
PHF2,ARID5B
KEAP1,SOCS2
COPS2,SOCS2
STAT5B,SOCS2
CRY1,IFITM1
CRY1,NR3C1
NR3C1,CRY1
CRY1,ARNTL
ARNTL,CRY1
CRY1,NFIL3
NFIL3,CRY1
CRY1,PER1
PER1,CRY1
CRY1,NR1D2
NR1D2,CRY1
CRY1,NR1D1
NR1D1,CRY1
CRY1,TIMELESS
TIMELESS,CRY1
CRY1,NPAS2
NPAS2,CRY1
TRP53,TIMP3
CDC5L,HSP90B1
XBP1,HSP90B1
ATF4,HSP90B1
BMP4,HSP90B1
MEN1,HSP90B1
DDIT3,HSP90B1
ATF6,HSP90B1
PCBD1,HNF1B
HNF1B,PCBD1
YEATS4,TFAP2C
TFAP2C,YEATS4
YEATS4,RUVBL2
RUVBL2,YEATS4
YEATS4,EP400
EP400,YEATS4
YEATS4,TADA3
TADA3,YEATS4
YEATS4,DR1
DR1,YEATS4
YEATS4,ING3
ING3,YEATS4
YEATS4,RUVBL1
RUVBL1,YEATS4
YEATS4,TRRAP
TRRAP,YEATS4
YEATS4,MORF4L2
YEATS4,YEATS2
YEATS2,YEATS4
MDM2,RB1
RB1,MDM2
MDM2,DAXX
DAXX,MDM2
MDM2,PDGFRA
MDM2,MYC
MYC,MDM2
MDM2,EZH2
EZH2,MDM2
MDM2,PHF20
PHF20,MDM2
MDM2,FOXO3
FOXO3,MDM2
MDM2,TRP53
TRP53,MDM2
MDM2,PIAS1
PIAS1,MDM2
MDM2,SGK1
MDM2,CCND1
CCND1,MDM2
MDM2,RUNX3
RUNX3,MDM2
MDM2,NUP210
MDM2,MYO6
MDM2,ATM
ATM,MDM2
MDM2,CDKN1A
MDM2,PIAS2
PIAS2,MDM2
MDM2,CCNG1
MDM2,FGFR3
MDM2,PML
PML,MDM2
NFIC,CDC5L
CDC5L,NFIC
TRP53,CCNG1
BTG2,CNOT3
CNOT3,BTG2
BTG2,CNOT8
CNOT8,BTG2
BTG2,CNOT6
CNOT6,BTG2
BTG2,CNOT7
CNOT7,BTG2
BTG2,EGR1
EGR1,BTG2
BTG2,CNOT2
CNOT2,BTG2
BTG2,TRP53
TRP53,BTG2
BTG2,CNOT6L
CNOT6L,BTG2
BTG2,ATF3
ATF3,BTG2
BTG2,JUN
JUN,BTG2
BTG2,NR4A1
NR4A1,BTG2
SREBF1,NR1H2
NR1H2,SREBF1
SREBF1,EP300
EP300,SREBF1
SREBF1,TRP53
TRP53,SREBF1
SREBF1,FOXO1
FOXO1,SREBF1
SREBF1,INSIG1
SREBF1,MAPK8
MAPK8,SREBF1
SREBF1,SIRT1
SIRT1,SREBF1
E2F6,RB1
RB1,E2F6
E2F6,RBBP4
RBBP4,E2F6
E2F6,TAF6
TAF6,E2F6
E2F6,RUVBL2
RUVBL2,E2F6
E2F6,EZH2
EZH2,E2F6
E2F6,YAF2
YAF2,E2F6
E2F6,PHF20
PHF20,E2F6
E2F6,RNF2
RNF2,E2F6
E2F6,TAF9
TAF9,E2F6
E2F6,TAF1
TAF1,E2F6
E2F6,EED
EED,E2F6
E2F6,RYBP
RYBP,E2F6
E2F6,RUVBL1
RUVBL1,E2F6
E2F6,BMI1
BMI1,E2F6
E2F6,RBBP7
RBBP7,E2F6
E2F6,RBL1
RBL1,E2F6
E2F6,ASH2L
ASH2L,E2F6
E2F6,PHC1
PHC1,E2F6
E2F6,L3MBTL2
L3MBTL2,E2F6
E2F6,HCFC1
HCFC1,E2F6
E2F6,PURA
PURA,E2F6
ID2,BMP4
BMP4,ID2
ID2,TCF12
TCF12,ID2
ID2,NFIL3
NFIL3,ID2
ID2,TCF4
TCF4,ID2
ID2,ETS1
ETS1,ID2
MCM6,RRM2
MCM3,RRM2
KNTC1,RRM2
NME2,RRM2
MCM4,RRM2
MCM2,RRM2
TRP53,RRM2
RAD51,RRM2
ESPL1,RRM2
HMGB2,RRM2
MCM5,RRM2
E2F1,RRM2
MIS18BP1,RRM2
DNMT3A,MTF2
MTF2,DNMT3A
DNMT3A,RBBP4
RBBP4,DNMT3A
DNMT3A,RBBP7
RBBP7,DNMT3A
DNMT3A,HIST1H2BK
DNMT3A,HDAC1
HDAC1,DNMT3A
DNMT3A,TET1
DNMT3A,HIST1H2BB
HIST1H2BB,DNMT3A
DNMT3A,TET2
DNMT3A,MYC
MYC,DNMT3A
DNMT3A,EZH2
EZH2,DNMT3A
DNMT3A,PHF1
PHF1,DNMT3A
DNMT3A,SMARCC2
SMARCC2,DNMT3A
DNMT3A,EED
EED,DNMT3A
DNMT3A,TRP53
TRP53,DNMT3A
DNMT3A,HIST1H2AF
DNMT3A,SMARCA2
SMARCA2,DNMT3A
DNMT3A,CBX4
CBX4,DNMT3A
DNMT3A,SMARCA4
SMARCA4,DNMT3A
DNMT3A,SMARCC1
SMARCC1,DNMT3A
DNMT3A,HIST1H4K
DNMT3A,ARID1A
ARID1A,DNMT3A
DNMT3A,JARID2
JARID2,DNMT3A
DNMT3A,HIST1H2AK
DNMT3A,ASXL1
ASXL1,DNMT3A
DNMT3A,SMARCD1
SMARCD1,DNMT3A
DNMT3A,CCND1
CCND1,DNMT3A
DDX5,HNRNPK
HNRNPK,DDX5
DDX5,GATA3
GATA3,DDX5
DDX5,PA2G4
PA2G4,DDX5
DDX5,SRSF6
SRSF6,DDX5
DDX5,PAPOLA
PAPOLA,DDX5
DDX5,CDC5L
CDC5L,DDX5
DDX5,POLR1A
POLR1A,DDX5
DDX5,HNRNPD
HNRNPD,DDX5
DDX5,EP300
EP300,DDX5
DDX5,ELAVL2
ELAVL2,DDX5
DDX5,NCOA3
NCOA3,DDX5
DDX5,TRP53
TRP53,DDX5
DDX5,WBP11
WBP11,DDX5
DDX5,PLRG1
PLRG1,DDX5
DDX5,SNURF
DDX5,PDCD11
PDCD11,DDX5
DDX5,POLR2K
POLR2K,DDX5
DDX5,CITED1
CITED1,DDX5
DDX5,POLR2B
POLR2B,DDX5
DDX5,POLR1B
POLR1B,DDX5
DDX5,SRSF3
SRSF3,DDX5
DDX5,RBMX
RBMX,DDX5
DDX5,YBX1
YBX1,DDX5
DDX5,KHDRBS1
KHDRBS1,DDX5
DDX5,POLR2J
POLR2J,DDX5
DDX5,POLR2H
POLR2H,DDX5
DDX5,CTNNBL1
CTNNBL1,DDX5
DDX5,SRRT
SRRT,DDX5
DDX5,FUS
FUS,DDX5
MED31,THRAP3
THRAP3,MED31
MED31,POLR2B
POLR2B,MED31
MED31,HDAC3
HDAC3,MED31
MED31,POLR2A
POLR2A,MED31
MED31,EP300
EP300,MED31
MED31,MED12
MED12,MED31
MED31,GTF2H3
GTF2H3,MED31
MED31,NCOA3
NCOA3,MED31
MED31,MED21
MED21,MED31
MED31,POLR2J
POLR2J,MED31
MED31,POLR2H
POLR2H,MED31
MED31,POLR2K
POLR2K,MED31
MED31,MED4
MED4,MED31
MED31,NCOR1
NCOR1,MED31
NME2,TAF9
TAF9,NME2
NME2,POLR2B
POLR2B,NME2
NME2,POLR1C
POLR1C,NME2
NME2,POLR1B
POLR1B,NME2
NME2,POLR2H
POLR2H,NME2
NME2,POLR3B
POLR3B,NME2
PER1,NR1D2
NR1D2,PER1
PER1,NR1D1
NR1D1,PER1
PER1,ARNTL
ARNTL,PER1
PER1,TIMELESS
TIMELESS,PER1
PER1,NPAS2
NPAS2,PER1
PER1,NFIL3
NFIL3,PER1
POLR2H,POLR3F
POLR3F,POLR2H
POLR2H,HNRNPK
HNRNPK,POLR2H
POLR2H,DDB1
DDB1,POLR2H
POLR2H,SRSF6
SRSF6,POLR2H
POLR2H,TCEA3
TCEA3,POLR2H
POLR2H,GTF3C5
GTF3C5,POLR2H
POLR2H,GTF2A1L
GTF2A1L,POLR2H
POLR2H,PAPOLA
PAPOLA,POLR2H
POLR2H,TAF10
TAF10,POLR2H
POLR2H,RBBP4
RBBP4,POLR2H
POLR2H,TAF6
TAF6,POLR2H
POLR2H,RBBP7
RBBP7,POLR2H
POLR2H,CDC5L
CDC5L,POLR2H
POLR2H,POLR2B
POLR2B,POLR2H
POLR2H,HIST1H2BK
POLR2H,POLR1A
POLR1A,POLR2H
POLR2H,HIST1H2BB
HIST1H2BB,POLR2H
POLR2H,RBFOX2
RBFOX2,POLR2H
POLR2H,ERCC3
ERCC3,POLR2H
POLR2H,POLR1C
POLR1C,POLR2H
POLR2H,DEK
DEK,POLR2H
POLR2H,COPS2
COPS2,POLR2H
POLR2H,MEIS1
MEIS1,POLR2H
POLR2H,POLR1B
POLR1B,POLR2H
POLR2H,EZH2
EZH2,POLR2H
POLR2H,HNRNPD
HNRNPD,POLR2H
POLR2H,SRSF3
SRSF3,POLR2H
POLR2H,RARA
RARA,POLR2H
POLR2H,RBMX
RBMX,POLR2H
POLR2H,POLR1E
POLR1E,POLR2H
POLR2H,UBTF
UBTF,POLR2H
POLR2H,TCEA1
TCEA1,POLR2H
POLR2H,GTF3C1
GTF3C1,POLR2H
POLR2H,TAF1A
TAF1A,POLR2H
POLR2H,MYBBP1A
MYBBP1A,POLR2H
POLR2H,HDAC3
HDAC3,POLR2H
POLR2H,TBPL1
TBPL1,POLR2H
POLR2H,YBX1
YBX1,POLR2H
POLR2H,POLR2A
POLR2A,POLR2H
POLR2H,ERCC8
ERCC8,POLR2H
POLR2H,ASH2L
ASH2L,POLR2H
POLR2H,EP300
EP300,POLR2H
POLR2H,RARG
RARG,POLR2H
POLR2H,INTS12
INTS12,POLR2H
POLR2H,TAF9
TAF9,POLR2H
POLR2H,SMARCA5
SMARCA5,POLR2H
POLR2H,TAF1
TAF1,POLR2H
POLR2H,ELAVL2
ELAVL2,POLR2H
POLR2H,GTF2H3
GTF2H3,POLR2H
POLR2H,NCOA3
NCOA3,POLR2H
POLR2H,EED
EED,POLR2H
POLR2H,PAX6
PAX6,POLR2H
POLR2H,HIST1H2AF
POLR2H,WBP11
WBP11,POLR2H
POLR2H,SNAPC3
SNAPC3,POLR2H
POLR2H,MED21
MED21,POLR2H
POLR2H,NCOA6
NCOA6,POLR2H
POLR2H,PLRG1
PLRG1,POLR2H
POLR2H,MLLT1
MLLT1,POLR2H
POLR2H,SNURF
POLR2H,POLR2J
POLR2J,POLR2H
POLR2H,TAF5
TAF5,POLR2H
POLR2H,ELL3
ELL3,POLR2H
POLR2H,CTNNBL1
CTNNBL1,POLR2H
POLR2H,POLR2K
POLR2K,POLR2H
POLR2H,JUN
JUN,POLR2H
POLR2H,SRRT
SRRT,POLR2H
POLR2H,HIST1H2AK
POLR2H,FUS
FUS,POLR2H
POLR2H,POLR3B
POLR3B,POLR2H
POLR2H,NCOR1
NCOR1,POLR2H
NFKBIA,TRP53
TRP53,NFKBIA
NFKBIA,NFKB2
NFKB2,NFKBIA
NFKBIA,RELA
RELA,NFKBIA
NFKBIA,IKBKB
IKBKB,NFKBIA
NFKBIA,MAPK8
MAPK8,NFKBIA
NFKBIA,MYD88
MYD88,NFKBIA
HIF1A,CITED2
CITED2,HIF1A
HIF1A,MYC
MYC,HIF1A
HIF1A,EP300
EP300,HIF1A
HIF1A,FOXO3
FOXO3,HIF1A
HIF1A,ARNTL
ARNTL,HIF1A
HIF1A,TRP53
TRP53,HIF1A
HIF1A,ARNT2
ARNT2,HIF1A
HIF1A,HSP90AA1
HIF1A,VEGFA
HIF1A,EPAS1
EPAS1,HIF1A
HIF1A,COMMD3
HIF1A,HIF3A
HIF3A,HIF1A
HIF1A,MAPK3
MAPK3,HIF1A
ZFP36L1,HNRNPD
HNRNPD,ZFP36L1
ZFP36L1,DCP1A
DCP1A,ZFP36L1
IRF4,GATA3
GATA3,IRF4
IRF4,EOMES
EOMES,IRF4
IRF4,FOXO1
FOXO1,IRF4
IRF4,PRDM1
PRDM1,IRF4
IRF4,HIST1H3H
IRF4,MPHOSPH8
MPHOSPH8,IRF4
IRF4,MYD88
MYD88,IRF4
IRF4,HIST1H4K
DEK,HIST1H2BK
DEK,POLR1A
POLR1A,DEK
DEK,HIST1H2BB
HIST1H2BB,DEK
DEK,POLR1C
POLR1C,DEK
DEK,POLR1B
POLR1B,DEK
DEK,POLR1E
POLR1E,DEK
DEK,TAF1A
TAF1A,DEK
DEK,MYBBP1A
MYBBP1A,DEK
DEK,EP300
EP300,DEK
DEK,SMARCA5
SMARCA5,DEK
DEK,KAT6B
DEK,POLR2K
POLR2K,DEK
ID4,TRP53
TRP53,ID4
ID4,TCF4
TCF4,ID4
BARX1,BMP4
BMP4,BARX1
MSX2,SPEN
SPEN,MSX2
MSX2,BMP4
BMP4,MSX2
PITX1,EGR1
EGR1,PITX1
TAF9,TAF6L
TAF6L,TAF9
TAF9,TAF10
TAF10,TAF9
TAF9,TAF6
TAF6,TAF9
TAF9,POLR2B
POLR2B,TAF9
TAF9,AMPD2
TAF9,ERCC3
ERCC3,TAF9
TAF9,RUVBL2
RUVBL2,TAF9
TAF9,TCEA1
TCEA1,TAF9
TAF9,PHF20
PHF20,TAF9
TAF9,RNF2
RNF2,TAF9
TAF9,TADA3
TADA3,TAF9
TAF9,ASH2L
ASH2L,TAF9
TAF9,INTS12
INTS12,TAF9
TAF9,TAF1
TAF1,TAF9
TAF9,GTF2H3
GTF2H3,TAF9
TAF9,TRP53
TRP53,TAF9
TAF9,SNAPC3
SNAPC3,TAF9
TAF9,RUVBL1
RUVBL1,TAF9
TAF9,TRRAP
TRRAP,TAF9
TAF9,POLR2J
POLR2J,TAF9
TAF9,TAF5
TAF5,TAF9
TAF9,ELL3
ELL3,TAF9
TAF9,POLR2K
POLR2K,TAF9
TAF9,SRRT
SRRT,TAF9
TAF9,HCFC1
HCFC1,TAF9
SOX2,FGF10
PITX2,FGF10
BMP4,FGF10
MAPK3,FGF10
BMP4,FST
GNRH1,FST
DCP1A,CNOT8
CNOT8,DCP1A
DCP1A,CNOT7
CNOT7,DCP1A
DCP1A,RPL22L1
RB1,RBBP4
RBBP4,RB1
RB1,HIST1H2BK
RB1,HIST1H1D
HIST1H1D,RB1
RB1,H1F0
H1F0,RB1
RB1,HIST1H1B
HIST1H1B,RB1
RB1,HMGA2
HMGA2,RB1
RB1,HIST1H1A
RB1,TRP53
TRP53,RB1
RB1,TRP53BP1
TRP53BP1,RB1
RB1,CCND1
CCND1,RB1
RB1,E2F2
E2F2,RB1
RB1,RBBP7
RBBP7,RB1
RB1,HDAC1
HDAC1,RB1
RB1,HIST1H2BB
HIST1H2BB,RB1
RB1,RBL1
RBL1,RB1
RB1,CDKN1A
RB1,E2F1
E2F1,RB1
MED4,THRAP3
THRAP3,MED4
MED4,CDC5L
CDC5L,MED4
MED4,HDAC3
HDAC3,MED4
MED4,EP300
EP300,MED4
MED4,MED12
MED12,MED4
MED4,NCOA3
NCOA3,MED4
MED4,MED21
MED21,MED4
MED4,NCOR1
NCOR1,MED4
MAPK3,SPRY2
RNF19A,KEAP1
KEAP1,RNF19A
RNF19A,MKRN1
RNF19A,NEDD4
RNF19A,UBE2C
RNF19A,SMURF2
SMURF2,RNF19A
RNF19A,RNF14
RNF14,RNF19A
RNF19A,RNF6
RNF6,RNF19A
RNF19A,RLIM
RLIM,RNF19A
RNF19A,SMURF1
SMURF1,RNF19A
RNF19A,TRIM32
TRIM32,RNF19A
MYC,HNRNPK
HNRNPK,MYC
MYC,GATA3
GATA3,MYC
MYC,SOX2
SOX2,MYC
MYC,SIN3A
SIN3A,MYC
MYC,HIST1H2BK
MYC,SMAD4
SMAD4,MYC
MYC,CCNB1
MYC,SNAI1
SNAI1,MYC
MYC,EZH2
EZH2,MYC
MYC,KDM5B
KDM5B,MYC
MYC,ODC1
MYC,EP300
EP300,MYC
MYC,FOXO3
FOXO3,MYC
MYC,TRP53
TRP53,MYC
MYC,BMP4
BMP4,MYC
MYC,KLF4
KLF4,MYC
MYC,POU5F1
POU5F1,MYC
MYC,SMARCA4
SMARCA4,MYC
MYC,TRRAP
TRRAP,MYC
MYC,GLS
MYC,JUN
JUN,MYC
MYC,CCND1
CCND1,MYC
MYC,BMI1
BMI1,MYC
MYC,VEGFA
MYC,ANXA5
MYC,HIST1H2BB
HIST1H2BB,MYC
MYC,TFAP2C
TFAP2C,MYC
MYC,BIN1
BIN1,MYC
MYC,TRIM32
TRIM32,MYC
MYC,FOXO1
FOXO1,MYC
MYC,NOTCH1
NOTCH1,MYC
MYC,ATM
ATM,MYC
MYC,CDKN1A
MYC,PRDM1
PRDM1,MYC
MYC,MAPK8
MAPK8,MYC
MYC,TCF7L2
TCF7L2,MYC
MYC,E2F1
E2F1,MYC
MYC,PARP1
PARP1,MYC
MYC,MAPK3
MAPK3,MYC
MYC,SIRT1
SIRT1,MYC
L3MBTL2,YAF2
YAF2,L3MBTL2
L3MBTL2,RNF2
RNF2,L3MBTL2
L3MBTL2,RYBP
RYBP,L3MBTL2
CDC5L,PARVB
TGFB1I1,PARVB
ILK,PARVB
HES1,NOTCH1
NOTCH1,HES1
HES1,NOTCH2
NOTCH2,HES1
HES1,RBPJ
RBPJ,HES1
HES1,SIRT1
SIRT1,HES1
MCM4,MCM6
MCM6,MCM4
MCM4,MCM3
MCM3,MCM4
MCM4,ORC2
ORC2,MCM4
MCM4,CDC5L
CDC5L,MCM4
MCM4,TOP2A
MCM4,CCNB1
MCM4,MCM2
MCM2,MCM4
MCM4,TRP53
TRP53,MCM4
MCM4,RAD51
RAD51,MCM4
MCM4,ESPL1
ESPL1,MCM4
MCM4,MCM5
MCM5,MCM4
MCM4,TIMELESS
TIMELESS,MCM4
MCM4,RIF1
MCM4,ECT2
MCM4,UNG
DAB2,TFRC
BIN1,TFRC
CDC5L,EIF4A2
BRWD1,SMARCA4
SMARCA4,BRWD1
BRWD1,STAT5B
STAT5B,BRWD1
RUNX1,GATA3
GATA3,RUNX1
RUNX1,BMI1
BMI1,RUNX1
RUNX1,SIN3A
SIN3A,RUNX1
RUNX1,ELF1
ELF1,RUNX1
RUNX1,HIST1H2BK
RUNX1,HDAC1
HDAC1,RUNX1
RUNX1,HIST1H2BB
HIST1H2BB,RUNX1
RUNX1,CTBP2
RUNX1,ELF2
ELF2,RUNX1
RUNX1,RUNX3
RUNX3,RUNX1
RUNX1,LDB1
LDB1,RUNX1
RUNX1,YAF2
YAF2,RUNX1
RUNX1,RNF2
RNF2,RUNX1
RUNX1,CBX6
CBX6,RUNX1
RUNX1,ASH2L
ASH2L,RUNX1
RUNX1,EP300
EP300,RUNX1
RUNX1,PHC1
PHC1,RUNX1
RUNX1,CBX8
CBX8,RUNX1
RUNX1,SMARCC2
SMARCC2,RUNX1
RUNX1,SMARCA2
SMARCA2,RUNX1
RUNX1,RYBP
RYBP,RUNX1
RUNX1,TCF12
TCF12,RUNX1
RUNX1,CBX4
CBX4,RUNX1
RUNX1,CTBP1
CTBP1,RUNX1
RUNX1,SMARCA4
SMARCA4,RUNX1
RUNX1,SMARCC1
SMARCC1,RUNX1
RUNX1,SCMH1
SCMH1,RUNX1
RUNX1,ETS1
ETS1,RUNX1
RUNX1,ARID1A
ARID1A,RUNX1
RUNX1,ZFPM1
ZFPM1,RUNX1
RUNX1,PML
PML,RUNX1
RUNX1,SMARCD1
SMARCD1,RUNX1
RUNX1,CCND1
CCND1,RUNX1
SMARCD1,BRD7
BRD7,SMARCD1
SMARCD1,CDC5L
CDC5L,SMARCD1
SMARCD1,TBL1X
TBL1X,SMARCD1
SMARCD1,SMARCA5
SMARCA5,SMARCD1
SMARCD1,SMARCC2
SMARCC2,SMARCD1
SMARCD1,SMARCA2
SMARCA2,SMARCD1
SMARCD1,SMARCA4
SMARCA4,SMARCD1
SMARCD1,SMARCC1
SMARCC1,SMARCD1
SMARCD1,ARID1A
ARID1A,SMARCD1
SMARCD1,CCND1
CCND1,SMARCD1
SMARCD1,NCOR1
NCOR1,SMARCD1
ATF1,CREB3
CREB3,ATF1
ATF1,CREB3L2
CREB3L2,ATF1
ATF1,XBP1
XBP1,ATF1
ATF1,ATF4
ATF4,ATF1
ATF1,CREB5
CREB5,ATF1
ATF1,ATF3
ATF3,ATF1
ATF1,ATF2
ATF2,ATF1
NR4A1,EGR1
EGR1,NR4A1
NR4A1,NR0B1
NR0B1,NR4A1
NR4A1,MAPK3
MAPK3,NR4A1
SMAD4,CDKN1A
EZH2,CDKN1A
TRP53,CDKN1A
TRP53BP1,CDKN1A
KLF4,CDKN1A
CCND1,CDKN1A
E2F2,CDKN1A
BMI1,CDKN1A
SMAD3,CDKN1A
HDAC1,CDKN1A
RBL1,CDKN1A
FOXO1,CDKN1A
ATM,CDKN1A
E2F1,CDKN1A
NFATC4,GATA4
GATA4,NFATC4
NFATC4,NFATC3
NFATC3,NFATC4
NFATC4,MEF2A
MEF2A,NFATC4
NFATC4,MEF2C
MEF2C,NFATC4
CDC5L,HNRNPK
HNRNPK,CDC5L
CDC5L,ORC2
ORC2,CDC5L
CDC5L,FAM129B
CDC5L,SRSF6
SRSF6,CDC5L
CDC5L,PAPOLA
PAPOLA,CDC5L
CDC5L,SFPQ
SFPQ,CDC5L
CDC5L,TCERG1
TCERG1,CDC5L
CDC5L,RBBP4
RBBP4,CDC5L
CDC5L,SHROOM3
CDC5L,CCNB1
CDC5L,RUVBL2
RUVBL2,CDC5L
CDC5L,HSPA5
CDC5L,HNRNPD
HNRNPD,CDC5L
CDC5L,POLR1E
POLR1E,CDC5L
CDC5L,NONO
NONO,CDC5L
CDC5L,RNF2
RNF2,CDC5L
CDC5L,BAZ1A
BAZ1A,CDC5L
CDC5L,PCBP2
PCBP2,CDC5L
CDC5L,DIDO1
DIDO1,CDC5L
CDC5L,ELAVL2
ELAVL2,CDC5L
CDC5L,SMARCC2
SMARCC2,CDC5L
CDC5L,SLC25A4
CDC5L,WBP11
WBP11,CDC5L
CDC5L,SMARCA2
SMARCA2,CDC5L
CDC5L,VIM
CDC5L,RUVBL1
RUVBL1,CDC5L
CDC5L,PLRG1
PLRG1,CDC5L
CDC5L,SMARCA4
SMARCA4,CDC5L
CDC5L,SNURF
CDC5L,HSP90AA1
CDC5L,POLR2K
POLR2K,CDC5L
CDC5L,ARID1A
ARID1A,CDC5L
CDC5L,PHLDA3
CDC5L,ETV6
ETV6,CDC5L
CDC5L,YEATS2
YEATS2,CDC5L
CDC5L,THRAP3
THRAP3,CDC5L
CDC5L,SPEN
SPEN,CDC5L
CDC5L,RBBP7
RBBP7,CDC5L
CDC5L,POLR2B
POLR2B,CDC5L
CDC5L,HDAC1
HDAC1,CDC5L
CDC5L,TBL1X
TBL1X,CDC5L
CDC5L,POLR1C
POLR1C,CDC5L
CDC5L,MCM5
MCM5,CDC5L
CDC5L,BCLAF1
BCLAF1,CDC5L
CDC5L,SRSF3
SRSF3,CDC5L
CDC5L,RBMX
RBMX,CDC5L
CDC5L,YBX1
YBX1,CDC5L
CDC5L,SMARCAD1
SMARCAD1,CDC5L
CDC5L,GTF2I
GTF2I,CDC5L
CDC5L,SMARCA5
SMARCA5,CDC5L
CDC5L,TUBA4A
CDC5L,TUBB2B
CDC5L,KHDRBS1
KHDRBS1,CDC5L
CDC5L,RIF1
CDC5L,ILF3
ILF3,CDC5L
CDC5L,HDLBP
CDC5L,MATR3
MATR3,CDC5L
CDC5L,BTAF1
BTAF1,CDC5L
CDC5L,PFKP
CDC5L,SMARCC1
SMARCC1,CDC5L
CDC5L,POLR2J
POLR2J,CDC5L
CDC5L,CTNNBL1
CTNNBL1,CDC5L
CDC5L,SRRT
SRRT,CDC5L
CDC5L,MAPK11
MAPK11,CDC5L
CDC5L,FUS
FUS,CDC5L
CDC5L,NCOR1
NCOR1,CDC5L
TFEB,CTSD
TFEB,FOXO1
FOXO1,TFEB
TFEB,TFE3
TFE3,TFEB
TFEB,MITF
MITF,TFEB
CEBPZ,PA2G4
PA2G4,CEBPZ
CEBPZ,POLR1A
POLR1A,CEBPZ
CEBPZ,POLR1B
POLR1B,CEBPZ
CEBPZ,DDX54
DDX54,CEBPZ
CEBPZ,POLR1E
POLR1E,CEBPZ
CEBPZ,MYBBP1A
MYBBP1A,CEBPZ
CEBPZ,DKC1
CEBPZ,PDCD11
PDCD11,CEBPZ
EPAS1,CITED2
CITED2,EPAS1
EPAS1,EP300
EP300,EPAS1
EPAS1,ARNTL
ARNTL,EPAS1
EPAS1,ARNT2
ARNT2,EPAS1
EPAS1,COMMD3
EPAS1,HIF3A
HIF3A,EPAS1
GTF2A1L,POLR2B
POLR2B,GTF2A1L
GTF2A1L,ERCC3
ERCC3,GTF2A1L
GTF2A1L,TBPL1
TBPL1,GTF2A1L
GTF2A1L,POLR2A
POLR2A,GTF2A1L
GTF2A1L,POLR2K
POLR2K,GTF2A1L
MLLT1,POLR2B
POLR2B,MLLT1
MLLT1,ERCC3
ERCC3,MLLT1
MLLT1,MEIS1
MEIS1,MLLT1
MLLT1,TCEA1
TCEA1,MLLT1
MLLT1,CBX8
CBX8,MLLT1
MLLT1,GTF2H3
GTF2H3,MLLT1
MLLT1,POLR2J
POLR2J,MLLT1
MLLT1,ELL3
ELL3,MLLT1
MLLT1,POLR2K
POLR2K,MLLT1
ZEB1,SOX2
SOX2,ZEB1
ZEB1,SMAD3
SMAD3,ZEB1
ZEB1,CTBP2
ZEB1,FN1
ZEB1,ZEB2
ZEB2,ZEB1
ZEB1,TRP53BP1
TRP53BP1,ZEB1
ZEB1,VIM
ZEB1,SMAD2
SMAD2,ZEB1
ZEB1,POU5F1
POU5F1,ZEB1
ZEB1,TWIST1
TWIST1,ZEB1
ZEB1,CTBP1
CTBP1,ZEB1
ZEB1,ETS1
ETS1,ZEB1
ZEB1,SIRT1
SIRT1,ZEB1
BIN1,HIP1
BIN1,LDLRAP1
BIN1,APOE
BIN1,LRP2
BIN1,DAB2
DAB2,BIN1
ERCC3,DDB1
DDB1,ERCC3
ERCC3,TAF10
TAF10,ERCC3
ERCC3,TAF6
TAF6,ERCC3
ERCC3,POLR2B
POLR2B,ERCC3
ERCC3,POLR1A
POLR1A,ERCC3
ERCC3,POLR1C
POLR1C,ERCC3
ERCC3,COPS2
COPS2,ERCC3
ERCC3,POLR1B
POLR1B,ERCC3
ERCC3,POLR1E
POLR1E,ERCC3
ERCC3,UBTF
UBTF,ERCC3
ERCC3,TCEA1
TCEA1,ERCC3
ERCC3,TAF1A
TAF1A,ERCC3
ERCC3,TBPL1
TBPL1,ERCC3
ERCC3,POLR2A
POLR2A,ERCC3
ERCC3,ERCC8
ERCC8,ERCC3
ERCC3,EP300
EP300,ERCC3
ERCC3,TAF1
TAF1,ERCC3
ERCC3,GTF2H3
GTF2H3,ERCC3
ERCC3,PIAS1
PIAS1,ERCC3
ERCC3,DDB2
DDB2,ERCC3
ERCC3,PARP1
PARP1,ERCC3
ERCC3,POLR2J
POLR2J,ERCC3
ERCC3,TAF5
TAF5,ERCC3
ERCC3,POLR2K
POLR2K,ERCC3
ERCC3,PIAS3
PIAS3,ERCC3
POU5F1,MYCN
MYCN,POU5F1
POU5F1,SOX2
SOX2,POU5F1
POU5F1,NR5A2
NR5A2,POU5F1
POU5F1,SNAI1
SNAI1,POU5F1
POU5F1,ESRRB
ESRRB,POU5F1
POU5F1,EOMES
EOMES,POU5F1
POU5F1,ZEB2
ZEB2,POU5F1
POU5F1,DPPA4
POU5F1,TRP53
TRP53,POU5F1
POU5F1,NR2F2
NR2F2,POU5F1
POU5F1,BMP4
BMP4,POU5F1
POU5F1,ZFP42
ZFP42,POU5F1
POU5F1,KLF4
KLF4,POU5F1
POU5F1,EWSR1
EWSR1,POU5F1
POU5F1,SMARCA4
SMARCA4,POU5F1
POU5F1,OTX2
OTX2,POU5F1
POU5F1,TDGF1
POU5F1,SALL4
SALL4,POU5F1
POU5F1,NR0B1
NR0B1,POU5F1
POU5F1,CCND1
CCND1,POU5F1
POU5F1,TCL1
POU5F1,GATA4
GATA4,POU5F1
POU5F1,FOXD3
FOXD3,POU5F1
POU5F1,BMI1
BMI1,POU5F1
POU5F1,TET1
POU5F1,TFAP2C
TFAP2C,POU5F1
POU5F1,ZFP281
ZFP281,POU5F1
POU5F1,TET2
POU5F1,UTF1
UTF1,POU5F1
POU5F1,SOX17
SOX17,POU5F1
POU5F1,PRDM14
PRDM14,POU5F1
POU5F1,GATA6
GATA6,POU5F1
POU5F1,FOXA2
FOXA2,POU5F1
POU5F1,PAX6
PAX6,POU5F1
POU5F1,KLF2
KLF2,POU5F1
POU5F1,LEFTY1
POU5F1,TCF4
TCF4,POU5F1
POU5F1,FGF4
POU5F1,SOX15
SOX15,POU5F1
POU5F1,TFCP2L1
TFCP2L1,POU5F1
TCERG1,NAA15
NAA15,TCERG1
TCERG1,PLRG1
PLRG1,TCERG1
TCERG1,SNURF
TCERG1,HTT
HTT,TCERG1
SMAD4,SNAI1
SNAI1,SMAD4
SMAD4,HMGA2
HMGA2,SMAD4
SMAD4,BMP6
BMP6,SMAD4
SMAD4,FOXO3
FOXO3,SMAD4
SMAD4,TRP53
TRP53,SMAD4
SMAD4,TGIF1
TGIF1,SMAD4
SMAD4,BMP4
BMP4,SMAD4
SMAD4,SMURF2
SMURF2,SMAD4
SMAD4,MEN1
MEN1,SMAD4
SMAD4,TCF7
TCF7,SMAD4
SMAD4,CCND1
CCND1,SMAD4
SMAD4,GATA4
GATA4,SMAD4
SMAD4,VEGFA
SMAD4,SMAD3
SMAD3,SMAD4
SMAD4,HDAC1
HDAC1,SMAD4
SMAD4,RBL1
RBL1,SMAD4
SMAD4,SMURF1
SMURF1,SMAD4
SMAD4,RUNX3
RUNX3,SMAD4
SMAD4,HOPX
HOPX,SMAD4
SMAD4,SKIL
SKIL,SMAD4
SMAD4,MAPK8
MAPK8,SMAD4
SMAD4,FOXH1
FOXH1,SMAD4
SMAD4,SMAD2
SMAD2,SMAD4
SMAD4,TCF7L2
TCF7L2,SMAD4
SMAD4,WWTR1
WWTR1,SMAD4
SMAD4,PARP1
PARP1,SMAD4
SMAD4,MAPK3
MAPK3,SMAD4
SMAD4,NCOR1
NCOR1,SMAD4
DDB1,TCEA1
TCEA1,DDB1
DDB1,EP300
EP300,DDB1
DDB1,GTF2H3
GTF2H3,DDB1
DDB1,TRP53
TRP53,DDB1
DDB1,PIAS1
PIAS1,DDB1
DDB1,RUVBL1
RUVBL1,DDB1
DDB1,PLRG1
PLRG1,DDB1
DDB1,POLR2K
POLR2K,DDB1
DDB1,PIAS3
PIAS3,DDB1
DDB1,RBBP7
RBBP7,DDB1
DDB1,POLR2B
POLR2B,DDB1
DDB1,COPS2
COPS2,DDB1
DDB1,XRCC6
XRCC6,DDB1
DDB1,ERCC8
ERCC8,DDB1
DDB1,ATM
ATM,DDB1
DDB1,COMMD3
DDB1,DDB2
DDB2,DDB1
DDB1,PARP1
PARP1,DDB1
DDB1,POLR2J
POLR2J,DDB1
DDB1,UNG
GATA3,IL33
MYD88,IL33
DMRT1,GATA4
GATA4,DMRT1
DMRT1,NR0B1
NR0B1,DMRT1
BMP4,DKK1
OTX2,DKK1
SMARCA2,SMARCC2
SMARCC2,SMARCA2
SMARCA2,SMARCA4
SMARCA4,SMARCA2
SMARCA2,ARID1A
ARID1A,SMARCA2
SMARCA2,CCND1
CCND1,SMARCA2
SMARCA2,BRD7
BRD7,SMARCA2
SMARCA2,SMARCC1
SMARCC1,SMARCA2
SMARCA2,NCOR1
NCOR1,SMARCA2
RELA,EP300
EP300,RELA
RELA,BCL3
BCL3,RELA
RELA,TRP53
TRP53,RELA
RELA,NFKB2
NFKB2,RELA
RELA,JUN
JUN,RELA
RELA,IKBKB
IKBKB,RELA
RELA,PIAS3
PIAS3,RELA
RELA,HDAC1
HDAC1,RELA
RELA,KLF2
KLF2,RELA
RELA,MAPK8
MAPK8,RELA
RELA,IRF1
IRF1,RELA
RELA,MYD88
MYD88,RELA
RELA,SIRT1
SIRT1,RELA
ESRRA,NRIP1
NRIP1,ESRRA
ESRRA,NCOR1
NCOR1,ESRRA
TAF5,TAF10
TAF10,TAF5
TAF5,TAF6
TAF6,TAF5
TAF5,TCEA1
TCEA1,TAF5
TAF5,TBPL1
TBPL1,TAF5
TAF5,TADA3
TADA3,TAF5
TAF5,INTS12
INTS12,TAF5
TAF5,TAF1
TAF1,TAF5
TAF5,GTF2H3
GTF2H3,TAF5
TAF5,TRP53
TRP53,TAF5
TAF5,SNAPC3
SNAPC3,TAF5
TAF5,TRRAP
TRRAP,TAF5
TAF5,ELL3
ELL3,TAF5
TAF5,POLR2K
POLR2K,TAF5
TAF5,TAF6L
TAF6L,TAF5
TAF5,POLR2B
POLR2B,TAF5
TAF5,POLR2J
POLR2J,TAF5
TAF5,SRRT
SRRT,TAF5
NR0B1,NR5A2
NR5A2,NR0B1
NR0B1,ESRRB
ESRRB,NR0B1
NR0B1,ZFP42
ZFP42,NR0B1
NR0B1,SALL4
SALL4,NR0B1
NR0B1,ZFP281
ZFP281,NR0B1
XBP1,P4HB
BMP4,P4HB
MEN1,P4HB
ATF6,P4HB
PA2G4,POLR1A
POLR1A,PA2G4
PA2G4,IMPDH1
PA2G4,DDX54
DDX54,PA2G4
PA2G4,POLR1E
POLR1E,PA2G4
PA2G4,ANXA2
PA2G4,RPL22L1
PA2G4,PDCD11
PDCD11,PA2G4
PA2G4,POLR1C
POLR1C,PA2G4
PA2G4,POLR1B
POLR1B,PA2G4
PA2G4,DKC1
PA2G4,TXNDC5
PA2G4,CTSA
GLI1,GLI2
GLI2,GLI1
GLI1,CCND1
CCND1,GLI1
GLI1,BMI1
BMI1,GLI1
GLI1,FOXA2
FOXA2,GLI1
DDIT3,NFE2L2
NFE2L2,DDIT3
DDIT3,XBP1
XBP1,DDIT3
DDIT3,HSPA5
DDIT3,ATF4
ATF4,DDIT3
DDIT3,TRIB3
TRIB3,DDIT3
DDIT3,JUN
JUN,DDIT3
DDIT3,ATF6
ATF6,DDIT3
DDIT3,MAPK8
MAPK8,DDIT3
DDIT3,ATF3
ATF3,DDIT3
DDIT3,MAPK11
MAPK11,DDIT3
SIRT3,FOXO3
FOXO3,SIRT3
SIRT3,TRP53
TRP53,SIRT3
SIRT3,XRCC6
XRCC6,SIRT3
SIRT3,FOXO1
FOXO1,SIRT3
SIRT3,HDAC11
HDAC11,SIRT3
CBX8,BMI1
BMI1,CBX8
CBX8,RBBP4
RBBP4,CBX8
CBX8,RBBP7
RBBP7,CBX8
CBX8,HIST1H2BK
CBX8,HIST1H2BB
HIST1H2BB,CBX8
CBX8,EZH2
EZH2,CBX8
CBX8,UBE2C
CBX8,YAF2
YAF2,CBX8
CBX8,RNF2
RNF2,CBX8
CBX8,EZH1
EZH1,CBX8
CBX8,CBX6
CBX6,CBX8
CBX8,PHC1
PHC1,CBX8
CBX8,BARD1
BARD1,CBX8
CBX8,EED
EED,CBX8
CBX8,RYBP
RYBP,CBX8
CBX8,CBX4
CBX4,CBX8
CBX8,CTBP1
CTBP1,CBX8
CBX8,SCMH1
SCMH1,CBX8
CBX8,MAPK11
MAPK11,CBX8
CBX8,JARID2
JARID2,CBX8
CBX8,CBX7
CBX7,CBX8
CBX8,ASXL1
ASXL1,CBX8
CBX4,BMI1
BMI1,CBX4
CBX4,RBBP4
RBBP4,CBX4
CBX4,RBBP7
RBBP7,CBX4
CBX4,HIST1H2BK
CBX4,HIST1H2BB
HIST1H2BB,CBX4
CBX4,EZH2
EZH2,CBX4
CBX4,UBE2C
CBX4,RNF2
RNF2,CBX4
CBX4,EZH1
EZH1,CBX4
CBX4,CBX6
CBX6,CBX4
CBX4,PHC1
PHC1,CBX4
CBX4,BARD1
BARD1,CBX4
CBX4,EED
EED,CBX4
CBX4,RYBP
RYBP,CBX4
CBX4,CTBP1
CTBP1,CBX4
CBX4,SCMH1
SCMH1,CBX4
CBX4,MAPK11
MAPK11,CBX4
CBX4,CBX7
CBX7,CBX4
CBX4,ASXL1
ASXL1,CBX4
SMAD7,KEAP1
KEAP1,SMAD7
SMAD7,NEDD4
SMAD7,BMP4
BMP4,SMAD7
SMAD7,SMURF2
SMURF2,SMAD7
SMAD7,SMAD3
SMAD3,SMAD7
SMAD7,SMURF1
SMURF1,SMAD7
SMAD7,SKIL
SKIL,SMAD7
SMAD7,MAPK8
MAPK8,SMAD7
SMAD7,SMAD2
SMAD2,SMAD7
SOX17,GATA4
GATA4,SOX17
SOX17,SOX2
SOX2,SOX17
SOX17,GATA6
GATA6,SOX17
SOX17,EOMES
EOMES,SOX17
SOX17,FOXA2
FOXA2,SOX17
SOX17,SOX4
SOX4,SOX17
SOX17,PAX6
PAX6,SOX17
SOX17,BMP4
BMP4,SOX17
SOX17,KLF4
KLF4,SOX17
SOX17,TCF7L2
TCF7L2,SOX17
SOX17,TCF7
TCF7,SOX17
SOX17,SOX7
SOX7,SOX17
ORC2,MCM6
MCM6,ORC2
ORC2,MCM3
MCM3,ORC2
ORC2,MCM5
MCM5,ORC2
ORC2,MCM2
MCM2,ORC2
STAT4,EP300
EP300,STAT4
STAT4,PIAS1
PIAS1,STAT4
STAT4,STAT5B
STAT5B,STAT4
STAT4,PIAS3
PIAS3,STAT4
STAT4,PIAS2
PIAS2,STAT4
XRCC5,HIST1H2BK
XRCC5,HIST1H2BB
HIST1H2BB,XRCC5
XRCC5,XRCC6
XRCC6,XRCC5
XRCC5,ERCC8
ERCC8,XRCC5
XRCC5,BRCA2
BRCA2,XRCC5
XRCC5,ATM
ATM,XRCC5
XRCC5,RIF1
XRCC5,TRP53BP1
TRP53BP1,XRCC5
XRCC5,PARP1
PARP1,XRCC5
XRCC5,RAD51
RAD51,XRCC5
BARD1,HIST1H2BK
BARD1,UBE2C
BARD1,RNF2
RNF2,BARD1
BARD1,POLR2A
POLR2A,BARD1
BARD1,TRP53
TRP53,BARD1
BARD1,TRP53BP1
TRP53BP1,BARD1
BARD1,RAD51
RAD51,BARD1
BARD1,CBX7
CBX7,BARD1
BARD1,HIST1H2BB
HIST1H2BB,BARD1
BARD1,BRCA2
BRCA2,BARD1
BARD1,ATM
ATM,BARD1
BARD1,PHC1
PHC1,BARD1
BARD1,TIMELESS
TIMELESS,BARD1
BARD1,RIF1
TRP53,SERPINE2
MCM6,MCM3
MCM3,MCM6
MCM6,KNTC1
KNTC1,MCM6
MCM6,TOP2A
MCM6,CCNB1
MCM6,MCM2
MCM2,MCM6
MCM6,RAD51
RAD51,MCM6
MCM6,ESPL1
ESPL1,MCM6
MCM6,MCM5
MCM5,MCM6
MCM6,TIMELESS
TIMELESS,MCM6
MCM6,SMARCA5
SMARCA5,MCM6
MCM6,RIF1
TFCP2L1,ESRRB
ESRRB,TFCP2L1
TFCP2L1,KLF4
KLF4,TFCP2L1
NR5A2,HIST1H2BK
NR5A2,HIST1H2BB
HIST1H2BB,NR5A2
NR5A2,NCOA3
NCOA3,NR5A2
NR5A2,PIAS2
PIAS2,NR5A2
NR5A2,PIAS1
PIAS1,NR5A2
BMP4,LAMC1
MEN1,LAMC1
PARP1,GTF2H3
GTF2H3,PARP1
PARP1,TRP53
TRP53,PARP1
PARP1,PIAS1
PIAS1,PARP1
PARP1,SMARCA4
SMARCA4,PARP1
PARP1,APEX1
APEX1,PARP1
PARP1,HSP90AA1
PARP1,PIAS3
PIAS3,PARP1
PARP1,SMAD3
SMAD3,PARP1
PARP1,ANXA5
PARP1,XRCC6
XRCC6,PARP1
PARP1,BRCA2
BRCA2,PARP1
PARP1,ATM
ATM,PARP1
PARP1,TIMELESS
TIMELESS,PARP1
PARP1,DDB2
DDB2,PARP1
PARP1,SMAD2
SMAD2,PARP1
PARP1,E2F1
E2F1,PARP1
PARP1,MAPK3
MAPK3,PARP1
PARP1,SIRT1
SIRT1,PARP1
ATF3,XBP1
XBP1,ATF3
ATF3,ATF4
ATF4,ATF3
ATF3,TRP53
TRP53,ATF3
ATF3,JUN
JUN,ATF3
ATF3,ATF2
ATF2,ATF3
ATF3,CCND1
CCND1,ATF3
ATF3,SMAD3
SMAD3,ATF3
ATF3,EGR1
EGR1,ATF3
ATF3,ATF6
ATF6,ATF3
ATF3,MAPK8
MAPK8,ATF3
ATF6,EDEM1
ATF6,XBP1
XBP1,ATF6
ATF6,HSPA5
ATF6,ATF4
ATF4,ATF6
ATF6,MAPK8
MAPK8,ATF6
SNAI1,VIM
ZEB2,VIM
TWIST1,VIM
BMI1,SOX2
SOX2,BMI1
BMI1,RBBP4
RBBP4,BMI1
BMI1,HIST1H2BK
BMI1,EZH2
EZH2,BMI1
BMI1,YAF2
YAF2,BMI1
BMI1,RNF2
RNF2,BMI1
BMI1,EZH1
EZH1,BMI1
BMI1,CBX6
CBX6,BMI1
BMI1,EED
EED,BMI1
BMI1,TRP53
TRP53,BMI1
BMI1,RYBP
RYBP,BMI1
BMI1,CTBP1
CTBP1,BMI1
BMI1,SCMH1
SCMH1,BMI1
BMI1,HIST1H4K
BMI1,CBX7
CBX7,BMI1
BMI1,SALL4
SALL4,BMI1
BMI1,ASXL1
ASXL1,BMI1
BMI1,RBBP7
RBBP7,BMI1
BMI1,HIST1H2BB
HIST1H2BB,BMI1
BMI1,ATM
ATM,BMI1
BMI1,PHC1
PHC1,BMI1
BMI1,HIST1H3H
BMI1,MAPK11
MAPK11,BMI1
GTF3C5,POLR3F
POLR3F,GTF3C5
GTF3C5,BRD7
BRD7,GTF3C5
GTF3C5,POLR1C
POLR1C,GTF3C5
GTF3C5,GTF3C1
GTF3C1,GTF3C5
GTF3C5,POLR2K
POLR2K,GTF3C5
GTF3C5,POLR3B
POLR3B,GTF3C5
NOTCH1,GATA3
GATA3,NOTCH1
NOTCH1,MAML3
MAML3,NOTCH1
NOTCH1,SNAI1
SNAI1,NOTCH1
NOTCH1,EZH2
EZH2,NOTCH1
NOTCH1,EP300
EP300,NOTCH1
NOTCH1,TRP53
TRP53,NOTCH1
NOTCH1,NOTCH2
NOTCH2,NOTCH1
NOTCH1,KLF4
KLF4,NOTCH1
NOTCH1,DTX1
DTX1,NOTCH1
NOTCH1,TMED2
NOTCH1,CCND1
CCND1,NOTCH1
NOTCH1,VEGFA
NOTCH1,RUNX3
RUNX3,NOTCH1
NOTCH1,RBPJ
RBPJ,NOTCH1
NOTCH1,MAML1
MAML1,NOTCH1
GRIN1,HTT
HTT,GRIN1
GRIN1,EPS8
GRIN1,MAPK3
MAPK3,GRIN1
PAX8,EYA1
EYA1,PAX8
ELL3,SNAPC3
SNAPC3,ELL3
ELL3,TAF6
TAF6,ELL3
ELL3,POLR2B
POLR2B,ELL3
ELL3,POLR2J
POLR2J,ELL3
ELL3,POLR2K
POLR2K,ELL3
ELL3,SRRT
SRRT,ELL3
ELL3,INTS12
INTS12,ELL3
DDB2,RBBP7
RBBP7,DDB2
DDB2,COPS2
COPS2,DDB2
DDB2,ERCC8
ERCC8,DDB2
DDB2,GTF2H3
GTF2H3,DDB2
DDB2,TRP53
TRP53,DDB2
DDB2,COMMD3
DDB2,PIAS1
PIAS1,DDB2
DDB2,RUVBL1
RUVBL1,DDB2
DDB2,PIAS3
PIAS3,DDB2
RAD51,MCM3
MCM3,RAD51
RAD51,KNTC1
KNTC1,RAD51
RAD51,TOP2A
RAD51,CCNB1
RAD51,UBE2C
RAD51,MCM2
MCM2,RAD51
RAD51,TRP53
TRP53,RAD51
RAD51,TRP53BP1
TRP53BP1,RAD51
RAD51,MCM5
MCM5,RAD51
RAD51,XRCC6
XRCC6,RAD51
RAD51,BRCA2
BRCA2,RAD51
RAD51,ATM
ATM,RAD51
RAD51,RAD54B
RAD54B,RAD51
RAD51,ECT2
POLR3F,SNAPC3
SNAPC3,POLR3F
POLR3F,POLR2B
POLR2B,POLR3F
POLR3F,POLR1A
POLR1A,POLR3F
POLR3F,POLR1C
POLR1C,POLR3F
POLR3F,POLR1B
POLR1B,POLR3F
POLR3F,POLR1E
POLR1E,POLR3F
POLR3F,POLR2J
POLR2J,POLR3F
POLR3F,GTF3C1
GTF3C1,POLR3F
POLR3F,POLR2K
POLR2K,POLR3F
POLR3F,POLR2A
POLR2A,POLR3F
POLR3F,POLR3B
POLR3B,POLR3F
BMP4,CST3
MEN1,CST3
SALL4,SOX2
SOX2,SALL4
SALL4,RBBP4
RBBP4,SALL4
SALL4,RBBP7
RBBP7,SALL4
SALL4,HDAC1
HDAC1,SALL4
SALL4,GATAD2B
GATAD2B,SALL4
SALL4,UTF1
UTF1,SALL4
SALL4,CHD4
CHD4,SALL4
SALL4,ESRRB
ESRRB,SALL4
SALL4,DPPA4
SALL4,SMARCA4
SMARCA4,SALL4
SALL4,MTA3
MTA3,SALL4
RBL1,MCM3
MCM3,RBL1
RBL1,RBBP4
RBBP4,RBL1
RBL1,CCNB1
RBL1,TRP53
TRP53,RBL1
RBL1,TRP53BP1
TRP53BP1,RBL1
RBL1,CCND1
CCND1,RBL1
RBL1,E2F2
E2F2,RBL1
RBL1,SMAD3
SMAD3,RBL1
RBL1,HDAC1
HDAC1,RBL1
RBL1,SMAD2
SMAD2,RBL1
RBL1,E2F1
E2F1,RBL1
CTNNBL1,HNRNPK
HNRNPK,CTNNBL1
CTNNBL1,SRSF6
SRSF6,CTNNBL1
CTNNBL1,PAPOLA
PAPOLA,CTNNBL1
CTNNBL1,SFPQ
SFPQ,CTNNBL1
CTNNBL1,POLR2B
POLR2B,CTNNBL1
CTNNBL1,HNRNPD
HNRNPD,CTNNBL1
CTNNBL1,SRSF3
SRSF3,CTNNBL1
CTNNBL1,RBMX
RBMX,CTNNBL1
CTNNBL1,YBX1
YBX1,CTNNBL1
CTNNBL1,ELAVL2
ELAVL2,CTNNBL1
CTNNBL1,KHDRBS1
KHDRBS1,CTNNBL1
CTNNBL1,WBP11
WBP11,CTNNBL1
CTNNBL1,MATR3
MATR3,CTNNBL1
CTNNBL1,PLRG1
PLRG1,CTNNBL1
CTNNBL1,SNURF
CTNNBL1,POLR2J
POLR2J,CTNNBL1
CTNNBL1,POLR2K
POLR2K,CTNNBL1
CTNNBL1,SRRT
SRRT,CTNNBL1
CTNNBL1,FUS
FUS,CTNNBL1
TRP53,ANXA5
CCND1,ANXA5
MAPK8,ANXA5
MAPK3,ANXA5
NAA15,SSB
SSB,NAA15
INTS12,TAF6
TAF6,INTS12
INTS12,POLR2B
POLR2B,INTS12
INTS12,SNAPC3
SNAPC3,INTS12
INTS12,POLR2J
POLR2J,INTS12
INTS12,POLR2K
POLR2K,INTS12
INTS12,SRRT
SRRT,INTS12
SNAPC3,TAF6
TAF6,SNAPC3
SNAPC3,POLR2B
POLR2B,SNAPC3
SNAPC3,POLR1C
POLR1C,SNAPC3
SNAPC3,POLR2J
POLR2J,SNAPC3
SNAPC3,POLR2K
POLR2K,SNAPC3
SNAPC3,SRRT
SRRT,SNAPC3
SNAPC3,POLR3B
POLR3B,SNAPC3
PSIP1,MEN1
MEN1,PSIP1
TFAP2C,CITED2
CITED2,TFAP2C
TFAP2C,KDM5B
KDM5B,TFAP2C
TFAP2C,PRDM14
PRDM14,TFAP2C
TFAP2C,EP300
EP300,TFAP2C
TFAP2C,CITED1
CITED1,TFAP2C
SFPQ,HNRNPK
HNRNPK,SFPQ
SFPQ,NUP210
SFPQ,NONO
NONO,SFPQ
SFPQ,WBP11
WBP11,SFPQ
SFPQ,MATR3
MATR3,SFPQ
SFPQ,FUS
FUS,SFPQ
DNAJC2,HSPA5
DNAJC2,SSB
SSB,DNAJC2
CHD5,NRIP1
NRIP1,CHD5
CHD5,SIN3A
SIN3A,CHD5
CHD5,RBBP4
RBBP4,CHD5
CHD5,ETV3
ETV3,CHD5
CHD5,CHD4
CHD4,CHD5
CHD5,HDAC5
HDAC5,CHD5
CHD5,PHF12
PHF12,CHD5
CHD5,ZFP219
ZFP219,CHD5
CHD5,SAP30
SAP30,CHD5
CHD5,HDAC10
HDAC10,CHD5
CHD5,SALL1
SALL1,CHD5
CHD5,MTA3
MTA3,CHD5
CHD5,RBBP7
RBBP7,CHD5
CHD5,HDAC1
HDAC1,CHD5
CHD5,GATAD2B
GATAD2B,CHD5
CHD5,HDAC3
HDAC3,CHD5
CHD5,SMARCA5
SMARCA5,CHD5
CHD5,HDAC7
HDAC7,CHD5
CHD5,SATB2
SATB2,CHD5
CHD5,HDAC4
HDAC4,CHD5
CHD5,RERE
RERE,CHD5
CHD5,MBD2
MBD2,CHD5
CHD5,HDAC11
HDAC11,CHD5
CHD5,SIRT1
SIRT1,CHD5
CHD5,DDX20
DDX20,CHD5
FOSL2,JUN
JUN,FOSL2
FOSL2,JUND
JUND,FOSL2
FOSL2,MAPK8
MAPK8,FOSL2
FOSL2,MAPK11
MAPK11,FOSL2
POLR2B,HNRNPK
HNRNPK,POLR2B
POLR2B,SRSF6
SRSF6,POLR2B
POLR2B,PAPOLA
PAPOLA,POLR2B
POLR2B,TAF10
TAF10,POLR2B
POLR2B,RBBP4
RBBP4,POLR2B
POLR2B,TAF6
TAF6,POLR2B
POLR2B,HIST1H2BK
POLR2B,POLR1A
POLR1A,POLR2B
POLR2B,RBFOX2
RBFOX2,POLR2B
POLR2B,MEIS1
MEIS1,POLR2B
POLR2B,EZH2
EZH2,POLR2B
POLR2B,HNRNPD
HNRNPD,POLR2B
POLR2B,RARA
RARA,POLR2B
POLR2B,TCEA1
TCEA1,POLR2B
POLR2B,TBPL1
TBPL1,POLR2B
POLR2B,POLR2A
POLR2A,POLR2B
POLR2B,EP300
EP300,POLR2B
POLR2B,RARG
RARG,POLR2B
POLR2B,TAF1
TAF1,POLR2B
POLR2B,ELAVL2
ELAVL2,POLR2B
POLR2B,GTF2H3
GTF2H3,POLR2B
POLR2B,NCOA3
NCOA3,POLR2B
POLR2B,EED
EED,POLR2B
POLR2B,WBP11
WBP11,POLR2B
POLR2B,NCOA6
NCOA6,POLR2B
POLR2B,PLRG1
PLRG1,POLR2B
POLR2B,SNURF
POLR2B,POLR2K
POLR2K,POLR2B
POLR2B,JUN
JUN,POLR2B
POLR2B,TCEA3
TCEA3,POLR2B
POLR2B,RBBP7
RBBP7,POLR2B
POLR2B,HIST1H2BB
HIST1H2BB,POLR2B
POLR2B,POLR1C
POLR1C,POLR2B
POLR2B,COPS2
COPS2,POLR2B
POLR2B,POLR1B
POLR1B,POLR2B
POLR2B,SRSF3
SRSF3,POLR2B
POLR2B,RBMX
RBMX,POLR2B
POLR2B,HDAC3
HDAC3,POLR2B
POLR2B,YBX1
YBX1,POLR2B
POLR2B,ERCC8
ERCC8,POLR2B
POLR2B,ASH2L
ASH2L,POLR2B
POLR2B,PAX6
PAX6,POLR2B
POLR2B,HIST1H2AF
POLR2B,MED21
MED21,POLR2B
POLR2B,POLR2J
POLR2J,POLR2B
POLR2B,SRRT
SRRT,POLR2B
POLR2B,HIST1H2AK
POLR2B,FUS
FUS,POLR2B
POLR2B,NCOR1
NCOR1,POLR2B
DR1,RUVBL2
RUVBL2,DR1
DR1,EP400
EP400,DR1
DR1,TADA3
TADA3,DR1
DR1,BTAF1
BTAF1,DR1
DR1,ING3
ING3,DR1
DR1,RUVBL1
RUVBL1,DR1
DR1,TRRAP
TRRAP,DR1
DR1,YEATS2
YEATS2,DR1
GTF2H3,TAF10
TAF10,GTF2H3
GTF2H3,TAF6
TAF6,GTF2H3
GTF2H3,POLR1A
POLR1A,GTF2H3
GTF2H3,POLR1C
POLR1C,GTF2H3
GTF2H3,COPS2
COPS2,GTF2H3
GTF2H3,POLR1B
POLR1B,GTF2H3
GTF2H3,POLR1E
POLR1E,GTF2H3
GTF2H3,UBTF
UBTF,GTF2H3
GTF2H3,TCEA1
TCEA1,GTF2H3
GTF2H3,TAF1A
TAF1A,GTF2H3
GTF2H3,TBPL1
TBPL1,GTF2H3
GTF2H3,POLR2A
POLR2A,GTF2H3
GTF2H3,ERCC8
ERCC8,GTF2H3
GTF2H3,EP300
EP300,GTF2H3
GTF2H3,TAF1
TAF1,GTF2H3
GTF2H3,PIAS1
PIAS1,GTF2H3
GTF2H3,POLR2J
POLR2J,GTF2H3
GTF2H3,POLR2K
POLR2K,GTF2H3
GTF2H3,PIAS3
PIAS3,GTF2H3
KNTC1,MCM3
MCM3,KNTC1
KNTC1,RCC2
KNTC1,TOP2A
KNTC1,CCNB1
KNTC1,MCM5
MCM5,KNTC1
KNTC1,UBE2C
KNTC1,MCM2
MCM2,KNTC1
KNTC1,ECT2
KNTC1,ESPL1
ESPL1,KNTC1
KNTC1,MIS18BP1
MIS18BP1,KNTC1
MCM3,UNG
APEX1,UNG
MCM5,UNG
DDX54,POLR1A
POLR1A,DDX54
DDX54,POLR1E
POLR1E,DDX54
DDX54,MYBBP1A
MYBBP1A,DDX54
DDX54,ABT1
ABT1,DDX54
DDX54,PDCD11
PDCD11,DDX54
DDX54,POLR1B
POLR1B,DDX54
DDX54,DKC1
DTX1,NOTCH2
NOTCH2,DTX1
DTX1,RBPJ
RBPJ,DTX1
ING3,RUVBL2
RUVBL2,ING3
ING3,EP400
EP400,ING3
ING3,TADA3
TADA3,ING3
ING3,RUVBL1
RUVBL1,ING3
ING3,TRRAP
TRRAP,ING3
ING3,MORF4L2
ING3,YEATS2
YEATS2,ING3
ATF4,ASNS
TRIB3,ASNS
BMP4,CALU
MEN1,CALU
TRIM24,TRP53
TRP53,TRIM24
TRIM24,HIST1H4K
TRIM24,HIST1H3H
KEAP1,MKRN1
RNF6,MKRN1
RLIM,MKRN1
SMURF1,MKRN1
TRIM32,MKRN1
SMURF2,MKRN1
RNF14,MKRN1
RUVBL1,RBBP4
RBBP4,RUVBL1
RUVBL1,TAF6
TAF6,RUVBL1
RUVBL1,HIST1H2BK
RUVBL1,RUVBL2
RUVBL2,RUVBL1
RUVBL1,PHF20
PHF20,RUVBL1
RUVBL1,RNF2
RNF2,RUVBL1
RUVBL1,TADA3
TADA3,RUVBL1
RUVBL1,TAF1
TAF1,RUVBL1
RUVBL1,TRRAP
TRRAP,RUVBL1
RUVBL1,HIST1H4K
RUVBL1,MORF4L2
RUVBL1,TCF7
TCF7,RUVBL1
RUVBL1,YEATS2
YEATS2,RUVBL1
RUVBL1,RBBP7
RBBP7,RUVBL1
RUVBL1,HDAC1
HDAC1,RUVBL1
RUVBL1,HIST1H2BB
HIST1H2BB,RUVBL1
RUVBL1,COPS2
COPS2,RUVBL1
RUVBL1,EP400
EP400,RUVBL1
RUVBL1,ASH2L
ASH2L,RUVBL1
RUVBL1,DKC1
RUVBL1,SMARCA5
SMARCA5,RUVBL1
RUVBL1,HIST1H3H
RUVBL1,TLE1
TLE1,RUVBL1
RUVBL1,TCF7L2
TCF7L2,RUVBL1
RUVBL1,HCFC1
HCFC1,RUVBL1
RUVBL1,MIS18BP1
MIS18BP1,RUVBL1
NONO,NUP210
HDAC4,NUP210
PML,NUP210
TADA3,TAF6L
TAF6L,TADA3
TADA3,TAF10
TAF10,TADA3
TADA3,TAF6
TAF6,TADA3
TADA3,RUVBL2
RUVBL2,TADA3
TADA3,EP400
EP400,TADA3
TADA3,TRP53
TRP53,TADA3
TADA3,TRRAP
TRRAP,TADA3
TADA3,YEATS2
YEATS2,TADA3
MED21,THRAP3
THRAP3,MED21
MED21,HDAC3
HDAC3,MED21
MED21,POLR2A
POLR2A,MED21
MED21,EP300
EP300,MED21
MED21,MED12
MED12,MED21
MED21,NCOA3
NCOA3,MED21
MED21,POLR2J
POLR2J,MED21
MED21,POLR2K
POLR2K,MED21
MED21,NCOR1
NCOR1,MED21
NR2F2,RERE
RERE,NR2F2
ILK,TMSB4X
ILK,SNAI1
SNAI1,ILK
ILK,TGFB1I1
TGFB1I1,ILK
ILK,CCND1
CCND1,ILK
NONO,HNRNPK
HNRNPK,NONO
RBBP7,HNRNPK
HNRNPK,RBBP7
RBBP7,NRIP1
NRIP1,RBBP7
RBBP7,SIN3A
SIN3A,RBBP7
RBBP7,RBBP4
RBBP4,RBBP7
RBBP7,ETV3
ETV3,RBBP7
RBBP7,HIST1H2BK
RBBP7,EZH2
EZH2,RBBP7
RBBP7,RARA
RARA,RBBP7
RBBP7,TAF1A
TAF1A,RBBP7
RBBP7,PHF1
PHF1,RBBP7
RBBP7,CHD4
CHD4,RBBP7
RBBP7,RNF2
RNF2,RBBP7
RBBP7,POLR2A
POLR2A,RBBP7
RBBP7,EZH1
EZH1,RBBP7
RBBP7,CBX6
CBX6,RBBP7
RBBP7,EP300
EP300,RBBP7
RBBP7,HDAC5
HDAC5,RBBP7
RBBP7,RARG
RARG,RBBP7
RBBP7,NCOA3
NCOA3,RBBP7
RBBP7,EED
EED,RBBP7
RBBP7,TRP53
TRP53,RBBP7
RBBP7,NCOA6
NCOA6,RBBP7
RBBP7,PHF12
PHF12,RBBP7
RBBP7,HIST1H4K
RBBP7,SAP30
SAP30,RBBP7
RBBP7,POLR2K
POLR2K,RBBP7
RBBP7,HDAC10
HDAC10,RBBP7
RBBP7,JARID2
JARID2,RBBP7
RBBP7,CBX7
CBX7,RBBP7
RBBP7,SALL1
SALL1,RBBP7
RBBP7,MTA3
MTA3,RBBP7
RBBP7,ASXL1
ASXL1,RBBP7
RBBP7,MTF2
MTF2,RBBP7
RBBP7,BRD7
BRD7,RBBP7
RBBP7,HDAC1
HDAC1,RBBP7
RBBP7,HIST1H2BB
HIST1H2BB,RBBP7
RBBP7,GATAD2B
GATAD2B,RBBP7
RBBP7,POLR1C
POLR1C,RBBP7
RBBP7,COPS2
COPS2,RBBP7
RBBP7,UBTF
UBTF,RBBP7
RBBP7,HDAC3
HDAC3,RBBP7
RBBP7,ERCC8
ERCC8,RBBP7
RBBP7,ASH2L
ASH2L,RBBP7
RBBP7,PHC1
PHC1,RBBP7
RBBP7,SMARCA5
SMARCA5,RBBP7
RBBP7,PAX6
PAX6,RBBP7
RBBP7,HIST1H2AF
RBBP7,COMMD3
RBBP7,BRPF1
BRPF1,RBBP7
RBBP7,HDAC7
HDAC7,RBBP7
RBBP7,SATB2
SATB2,RBBP7
RBBP7,HDAC4
HDAC4,RBBP7
RBBP7,RERE
RERE,RBBP7
RBBP7,POLR2J
POLR2J,RBBP7
RBBP7,MBD2
MBD2,RBBP7
RBBP7,HDAC11
HDAC11,RBBP7
RBBP7,HIST1H2AK
RBBP7,PML
PML,RBBP7
RBBP7,MIS18BP1
MIS18BP1,RBBP7
RBBP7,SIRT1
SIRT1,RBBP7
RBBP7,DDX20
DDX20,RBBP7
RBBP7,NCOR1
NCOR1,RBBP7
HCFC1,SIN3A
SIN3A,HCFC1
HCFC1,TAF6
TAF6,HCFC1
HCFC1,CREB3
CREB3,HCFC1
HCFC1,RUVBL2
RUVBL2,HCFC1
HCFC1,PHF20
PHF20,HCFC1
HCFC1,RNF2
RNF2,HCFC1
HCFC1,ASH2L
ASH2L,HCFC1
HCFC1,TAF1
TAF1,HCFC1
HCFC1,ARID1A
ARID1A,HCFC1
HCFC1,ASXL1
ASXL1,HCFC1
POLR1A,DKC1
RUVBL2,DKC1
POLR1E,DKC1
MYBBP1A,DKC1
PDCD11,DKC1
SSB,DKC1
POLR1C,DKC1
POLR1B,DKC1
RUVBL2,MORF4L2
EP400,MORF4L2
TRRAP,MORF4L2
PHF12,MORF4L2
YEATS2,MORF4L2
BMP4,GAS6
MEN1,GAS6
IKBKB,FOXO3
FOXO3,IKBKB
IKBKB,TRP53
TRP53,IKBKB
IKBKB,NFKB2
NFKB2,IKBKB
IKBKB,FOXO1
FOXO1,IKBKB
IKBKB,MYD88
MYD88,IKBKB
NFE2L2,GSR
SAP30,NRIP1
NRIP1,SAP30
SAP30,SIN3A
SIN3A,SAP30
SAP30,RBBP4
RBBP4,SAP30
SAP30,HIST1H2BK
SAP30,HDAC1
HDAC1,SAP30
SAP30,HIST1H2BB
HIST1H2BB,SAP30
SAP30,CHD4
CHD4,SAP30
SAP30,HDAC3
HDAC3,SAP30
SAP30,HDAC5
HDAC5,SAP30
SAP30,SMARCA5
SMARCA5,SAP30
SAP30,HIST1H2AF
SAP30,HDAC7
HDAC7,SAP30
SAP30,SATB2
SATB2,SAP30
SAP30,HDAC4
HDAC4,SAP30
SAP30,PHF12
PHF12,SAP30
SAP30,RERE
RERE,SAP30
SAP30,HDAC10
HDAC10,SAP30
SAP30,MBD2
MBD2,SAP30
SAP30,SALL1
SALL1,SAP30
SAP30,HDAC11
HDAC11,SAP30
SAP30,HIST1H2AK
SAP30,NCOR1
NCOR1,SAP30
BRD7,RBBP4
RBBP4,BRD7
BRD7,HDAC1
HDAC1,BRD7
BRD7,GATAD2B
GATAD2B,BRD7
BRD7,CHD4
CHD4,BRD7
BRD7,EP300
EP300,BRD7
BRD7,SMARCC2
SMARCC2,BRD7
BRD7,TRP53
TRP53,BRD7
BRD7,BRPF1
BRPF1,BRD7
BRD7,SMARCA4
SMARCA4,BRD7
BRD7,SMARCC1
SMARCC1,BRD7
BRD7,ARID1A
ARID1A,BRD7
BRD7,PML
PML,BRD7
SALL1,NRIP1
NRIP1,SALL1
SALL1,SOX2
SOX2,SALL1
SALL1,SIN3A
SIN3A,SALL1
SALL1,RBBP4
RBBP4,SALL1
SALL1,ETV3
ETV3,SALL1
SALL1,HDAC1
HDAC1,SALL1
SALL1,EYA1
EYA1,SALL1
SALL1,CHD4
CHD4,SALL1
SALL1,HDAC3
HDAC3,SALL1
SALL1,HDAC5
HDAC5,SALL1
SALL1,SMARCA5
SMARCA5,SALL1
SALL1,HDAC7
HDAC7,SALL1
SALL1,SATB2
SATB2,SALL1
SALL1,HDAC4
HDAC4,SALL1
SALL1,SIX1
SIX1,SALL1
SALL1,PHF12
PHF12,SALL1
SALL1,RERE
RERE,SALL1
SALL1,HDAC10
HDAC10,SALL1
SALL1,MBD2
MBD2,SALL1
SALL1,HDAC11
HDAC11,SALL1
SALL1,SIRT1
SIRT1,SALL1
SALL1,DDX20
DDX20,SALL1
POU4F2,TRP53
TRP53,POU4F2
POU4F2,PAX6
PAX6,POU4F2
PAX1,D230025D16RIK
ANKRD49,HIST1H1A
ETS1,TRP53
TRP53,ETS1
ETS1,JUN
JUN,ETS1
ETS1,RUNX3
RUNX3,ETS1
ETS1,FOXO1
FOXO1,ETS1
ETS1,PRDM1
PRDM1,ETS1
ETS1,MAPK3
MAPK3,ETS1
SMARCA4,SIN3A
SIN3A,SMARCA4
SMARCA4,EZH2
EZH2,SMARCA4
SMARCA4,POLR2A
POLR2A,SMARCA4
SMARCA4,SMARCC2
SMARCC2,SMARCA4
SMARCA4,TRP53
TRP53,SMARCA4
SMARCA4,KLF4
KLF4,SMARCA4
SMARCA4,TRRAP
TRRAP,SMARCA4
SMARCA4,ARID1A
ARID1A,SMARCA4
SMARCA4,TCF7
TCF7,SMARCA4
SMARCA4,CCND1
CCND1,SMARCA4
SMARCA4,GATA4
GATA4,SMARCA4
SMARCA4,HDAC1
HDAC1,SMARCA4
SMARCA4,EP400
EP400,SMARCA4
SMARCA4,PAX6
PAX6,SMARCA4
SMARCA4,TLE1
TLE1,SMARCA4
SMARCA4,KDM3A
SMARCA4,TCF7L2
TCF7L2,SMARCA4
SMARCA4,SMARCC1
SMARCC1,SMARCA4
KEAP1,NEDD4
SMURF2,NEDD4
RNF14,NEDD4
RNF6,NEDD4
SMAD3,NEDD4
RLIM,NEDD4
SMURF1,NEDD4
TRIM32,NEDD4
SMAD2,NEDD4
TRP53,ANXA2
SMAD3,KEAP1
KEAP1,SMAD3
SMAD3,SNAI1
SNAI1,SMAD3
SMAD3,HMGA2
HMGA2,SMAD3
SMAD3,EP300
EP300,SMAD3
SMAD3,ZEB2
ZEB2,SMAD3
SMAD3,FOXO3
FOXO3,SMAD3
SMAD3,TRP53
TRP53,SMAD3
SMAD3,TGIF1
TGIF1,SMAD3
SMAD3,SMURF2
SMURF2,SMAD3
SMAD3,MEN1
MEN1,SMAD3
SMAD3,JUN
JUN,SMAD3
SMAD3,GATA4
GATA4,SMAD3
SMAD3,HDAC1
HDAC1,SMAD3
SMAD3,SMURF1
SMURF1,SMAD3
SMAD3,FN1
SMAD3,RUNX3
RUNX3,SMAD3
SMAD3,FOXO1
FOXO1,SMAD3
SMAD3,SKIL
SKIL,SMAD3
SMAD3,MAPK8
MAPK8,SMAD3
SMAD3,FOXH1
FOXH1,SMAD3
SMAD3,SMAD2
SMAD2,SMAD3
SMAD3,WWTR1
WWTR1,SMAD3
SMAD3,MAPK3
MAPK3,SMAD3
SMAD3,NCOR1
NCOR1,SMAD3
TBX18,GATA4
GATA4,TBX18
EOMES,GATA3
GATA3,EOMES
EOMES,SOX2
SOX2,EOMES
EOMES,BMP4
BMP4,EOMES
EOMES,NFIL3
NFIL3,EOMES
EOMES,TCF7
TCF7,EOMES
EOMES,RUNX3
RUNX3,EOMES
EOMES,PRDM1
PRDM1,EOMES
EOMES,PAX6
PAX6,EOMES
EOMES,SMAD2
SMAD2,EOMES
SOS2,MRAS
ZFP42,TDGF1
UTF1,TDGF1
FOXH1,TDGF1
SMAD2,TDGF1
MYD88,DDX58
DDX58,MYD88
MYD88,MAPK8
MAPK8,MYD88
MYD88,IRF1
IRF1,MYD88
MYD88,NFKB2
NFKB2,MYD88
WWTR1,AMOTL2
PREB,SEC24D
CREB3L2,SEC24D
KLF4,TCL1
ESRRB,TCL1
DAB2,MYO6
FOXH1,LEFTY1
FOXH1,SMAD2
SMAD2,FOXH1
DAB2,LDLRAP1
HDAC3,NRIP1
NRIP1,HDAC3
HDAC3,SIN3A
SIN3A,HDAC3
HDAC3,RBBP4
RBBP4,HDAC3
HDAC3,HIST1H2BK
HDAC3,EZH2
EZH2,HDAC3
HDAC3,RARA
RARA,HDAC3
HDAC3,CHD4
CHD4,HDAC3
HDAC3,POLR2A
POLR2A,HDAC3
HDAC3,EP300
EP300,HDAC3
HDAC3,HDAC5
HDAC5,HDAC3
HDAC3,ARNTL
ARNTL,HDAC3
HDAC3,RARG
RARG,HDAC3
HDAC3,NCOA3
NCOA3,HDAC3
HDAC3,EED
EED,HDAC3
HDAC3,NCOA6
NCOA6,HDAC3
HDAC3,PHF12
PHF12,HDAC3
HDAC3,POLR2K
POLR2K,HDAC3
HDAC3,HDAC10
HDAC10,HDAC3
HDAC3,THRAP3
THRAP3,HDAC3
HDAC3,JDP2
JDP2,HDAC3
HDAC3,HDAC1
HDAC1,HDAC3
HDAC3,HIST1H2BB
HIST1H2BB,HDAC3
HDAC3,TBL1X
TBL1X,HDAC3
HDAC3,POLR1C
POLR1C,HDAC3
HDAC3,ASH2L
ASH2L,HDAC3
HDAC3,NR1D1
NR1D1,HDAC3
HDAC3,MED12
MED12,HDAC3
HDAC3,HIST1H2AF
HDAC3,NPAS2
NPAS2,HDAC3
HDAC3,HDAC7
HDAC7,HDAC3
HDAC3,SATB2
SATB2,HDAC3
HDAC3,HDAC4
HDAC4,HDAC3
HDAC3,RERE
RERE,HDAC3
HDAC3,POLR2J
POLR2J,HDAC3
HDAC3,MBD2
MBD2,HDAC3
HDAC3,HDAC11
HDAC11,HDAC3
HDAC3,HIST1H2AK
HDAC3,SIRT1
SIRT1,HDAC3
HDAC3,NCOR1
NCOR1,HDAC3
KDM5B,SIN3A
SIN3A,KDM5B
KDM5B,HDAC1
HDAC1,KDM5B
CITED2,EP300
EP300,CITED2
CITED2,FOXO3
FOXO3,CITED2
CITED2,TRP53
TRP53,CITED2
CITED2,HIF3A
HIF3A,CITED2
POLR2J,HNRNPK
HNRNPK,POLR2J
POLR2J,SRSF6
SRSF6,POLR2J
POLR2J,TCEA3
TCEA3,POLR2J
POLR2J,PAPOLA
PAPOLA,POLR2J
POLR2J,TAF10
TAF10,POLR2J
POLR2J,RBBP4
RBBP4,POLR2J
POLR2J,TAF6
TAF6,POLR2J
POLR2J,HIST1H2BK
POLR2J,POLR1A
POLR1A,POLR2J
POLR2J,HIST1H2BB
HIST1H2BB,POLR2J
POLR2J,RBFOX2
RBFOX2,POLR2J
POLR2J,POLR1C
POLR1C,POLR2J
POLR2J,COPS2
COPS2,POLR2J
POLR2J,MEIS1
MEIS1,POLR2J
POLR2J,POLR1B
POLR1B,POLR2J
POLR2J,EZH2
EZH2,POLR2J
POLR2J,HNRNPD
HNRNPD,POLR2J
POLR2J,SRSF3
SRSF3,POLR2J
POLR2J,RARA
RARA,POLR2J
POLR2J,RBMX
RBMX,POLR2J
POLR2J,TCEA1
TCEA1,POLR2J
POLR2J,YBX1
YBX1,POLR2J
POLR2J,POLR2A
POLR2A,POLR2J
POLR2J,ERCC8
ERCC8,POLR2J
POLR2J,ASH2L
ASH2L,POLR2J
POLR2J,EP300
EP300,POLR2J
POLR2J,RARG
RARG,POLR2J
POLR2J,TAF1
TAF1,POLR2J
POLR2J,ELAVL2
ELAVL2,POLR2J
POLR2J,NCOA3
NCOA3,POLR2J
POLR2J,EED
EED,POLR2J
POLR2J,PAX6
PAX6,POLR2J
POLR2J,HIST1H2AF
POLR2J,WBP11
WBP11,POLR2J
POLR2J,NCOA6
NCOA6,POLR2J
POLR2J,PLRG1
PLRG1,POLR2J
POLR2J,SNURF
POLR2J,POLR2K
POLR2K,POLR2J
POLR2J,JUN
JUN,POLR2J
POLR2J,SRRT
SRRT,POLR2J
POLR2J,HIST1H2AK
POLR2J,FUS
FUS,POLR2J
POLR2J,NCOR1
NCOR1,POLR2J
CREB5,CREB3
CREB3,CREB5
CREB5,CREB3L2
CREB3L2,CREB5
CREB5,ATF4
ATF4,CREB5
CREB5,EP300
EP300,CREB5
CREB5,ATF7
ATF7,CREB5
CREB5,JUND
JUND,CREB5
CREB5,JUN
JUN,CREB5
CREB5,MAPK3
MAPK3,CREB5
CREB5,ATF2
ATF2,CREB5
BRCA2,TRP53
TRP53,BRCA2
BRCA2,TRP53BP1
TRP53BP1,BRCA2
BRCA2,XRCC6
XRCC6,BRCA2
BRCA2,ATM
ATM,BRCA2
BRCA2,RAD54B
RAD54B,BRCA2
BTG1,CNOT8
CNOT8,BTG1
BTG1,CNOT7
CNOT7,BTG1
MXD4,SIN3A
SIN3A,MXD4
CNOT3,CNOT8
CNOT8,CNOT3
CNOT3,CNOT6
CNOT6,CNOT3
CNOT3,CNOT7
CNOT7,CNOT3
CNOT3,CNOT2
CNOT2,CNOT3
CNOT3,CNOT6L
CNOT6L,CNOT3
HNRNPK,SRSF6
SRSF6,HNRNPK
HNRNPK,PAPOLA
PAPOLA,HNRNPK
HNRNPK,HNRNPD
HNRNPD,HNRNPK
HNRNPK,SRSF3
SRSF3,HNRNPK
HNRNPK,RBMX
RBMX,HNRNPK
HNRNPK,YBX1
YBX1,HNRNPK
HNRNPK,ELAVL2
ELAVL2,HNRNPK
HNRNPK,TRP53
TRP53,HNRNPK
HNRNPK,KHDRBS1
KHDRBS1,HNRNPK
HNRNPK,WBP11
WBP11,HNRNPK
HNRNPK,MAPK8
MAPK8,HNRNPK
HNRNPK,ILF3
ILF3,HNRNPK
HNRNPK,MATR3
MATR3,HNRNPK
HNRNPK,PLRG1
PLRG1,HNRNPK
HNRNPK,SNURF
HNRNPK,POLR2K
POLR2K,HNRNPK
HNRNPK,SRRT
SRRT,HNRNPK
HNRNPK,SSB
SSB,HNRNPK
HNRNPK,RBMXL2
RBMXL2,HNRNPK
HNRNPK,FUS
FUS,HNRNPK
BAZ1A,RBBP4
RBBP4,BAZ1A
BAZ1A,SMARCA5
SMARCA5,BAZ1A
TWIST1,SOX2
SOX2,TWIST1
TWIST1,SNAI1
SNAI1,TWIST1
TWIST1,ZEB2
ZEB2,TWIST1
TWIST1,TRP53
TRP53,TWIST1
TWIST1,FN1
CREB3L2,CREB3
CREB3,CREB3L2
CREB3L2,ATF4
ATF4,CREB3L2
CREB3L2,EP300
EP300,CREB3L2
CREB3L2,ATF5
ATF5,CREB3L2
CREB3L2,ATF2
ATF2,CREB3L2
RBPJ,MAML3
MAML3,RBPJ
RBPJ,SPEN
SPEN,RBPJ
RBPJ,HDAC1
HDAC1,RBPJ
RBPJ,CTBP2
RBPJ,RUNX3
RUNX3,RBPJ
RBPJ,EP300
EP300,RBPJ
RBPJ,TRP53
TRP53,RBPJ
RBPJ,NOTCH2
NOTCH2,RBPJ
RBPJ,MAML1
MAML1,RBPJ
RBPJ,CTBP1
CTBP1,RBPJ
RBPJ,NFATC1
NFATC1,RBPJ
RFXAP,RFX5
RFX5,RFXAP
GATAD2B,TRP53
TRP53,GATAD2B
GATAD2B,RBBP4
RBBP4,GATAD2B
GATAD2B,HIST1H2BK
GATAD2B,BRPF1
BRPF1,GATAD2B
GATAD2B,HDAC1
HDAC1,GATAD2B
GATAD2B,HIST1H2BB
HIST1H2BB,GATAD2B
GATAD2B,UBTF
UBTF,GATAD2B
GATAD2B,TAF1A
TAF1A,GATAD2B
GATAD2B,CHD4
CHD4,GATAD2B
GATAD2B,MBD2
MBD2,GATAD2B
GATAD2B,MTA3
MTA3,GATAD2B
GATAD2B,EP300
EP300,GATAD2B
GATAD2B,PML
PML,GATAD2B
SOX2,LEFTY1
PITX2,LEFTY1
KLF4,LEFTY1
OTX2,LEFTY1
TRIB3,ATF4
ATF4,TRIB3
GATA6,SOX2
SOX2,GATA6
GATA6,KLF4
KLF4,GATA6
GATA6,ZFPM1
ZFPM1,GATA6
GATA6,SOX7
SOX7,GATA6
GATA6,FOXA2
FOXA2,GATA6
DDX58,TRIM25
TRIM25,DDX58
DDX58,IRF1
IRF1,DDX58
DDX58,MAPK3
MAPK3,DDX58
APEX1,TRP53
TRP53,APEX1
SRRT,SRSF6
SRSF6,SRRT
SRRT,PAPOLA
PAPOLA,SRRT
SRRT,TAF6
TAF6,SRRT
SRRT,HNRNPD
HNRNPD,SRRT
SRRT,SRSF3
SRSF3,SRRT
SRRT,RBMX
RBMX,SRRT
SRRT,YBX1
YBX1,SRRT
SRRT,ELAVL2
ELAVL2,SRRT
SRRT,WBP11
WBP11,SRRT
SRRT,PLRG1
PLRG1,SRRT
SRRT,SNURF
SRRT,POLR2K
POLR2K,SRRT
SRRT,FUS
FUS,SRRT
PHF20,TAF6
TAF6,PHF20
PHF20,RUVBL2
RUVBL2,PHF20
PHF20,RNF2
RNF2,PHF20
PHF20,ASH2L
ASH2L,PHF20
PHF20,TAF1
TAF1,PHF20
PHF20,TRP53
TRP53,PHF20
HDAC11,NRIP1
NRIP1,HDAC11
HDAC11,SIN3A
SIN3A,HDAC11
HDAC11,RBBP4
RBBP4,HDAC11
HDAC11,CHD4
CHD4,HDAC11
HDAC11,HDAC5
HDAC5,HDAC11
HDAC11,PHF12
PHF12,HDAC11
HDAC11,HDAC10
HDAC10,HDAC11
HDAC11,HDAC1
HDAC1,HDAC11
HDAC11,HDAC7
HDAC7,HDAC11
HDAC11,SATB2
SATB2,HDAC11
HDAC11,HDAC4
HDAC4,HDAC11
HDAC11,RERE
RERE,HDAC11
HDAC11,SIRT2
SIRT2,HDAC11
HDAC11,MBD2
MBD2,HDAC11
HDAC11,SIRT1
SIRT1,HDAC11
HDAC11,NCOR1
NCOR1,HDAC11
NFYA,NFYB
NFYB,NFYA
PRDM14,SOX2
SOX2,PRDM14
PRDM14,ESRRB
ESRRB,PRDM14
PRDM14,JARID2
JARID2,PRDM14
SMARCA5,MCM3
MCM3,SMARCA5
SMARCA5,SIN3A
SIN3A,SMARCA5
SMARCA5,RBBP4
RBBP4,SMARCA5
SMARCA5,ETV3
ETV3,SMARCA5
SMARCA5,HIST1H2BK
SMARCA5,POLR1A
POLR1A,SMARCA5
SMARCA5,POLR1E
POLR1E,SMARCA5
SMARCA5,TAF1A
TAF1A,SMARCA5
SMARCA5,CHD4
CHD4,SMARCA5
SMARCA5,MYBBP1A
MYBBP1A,SMARCA5
SMARCA5,EP300
EP300,SMARCA5
SMARCA5,HDAC5
HDAC5,SMARCA5
SMARCA5,SMARCC2
SMARCC2,SMARCA5
SMARCA5,TRP53BP1
TRP53BP1,SMARCA5
SMARCA5,POLR2K
POLR2K,SMARCA5
SMARCA5,HDAC1
HDAC1,SMARCA5
SMARCA5,HIST1H2BB
HIST1H2BB,SMARCA5
SMARCA5,POLR1C
POLR1C,SMARCA5
SMARCA5,POLR1B
POLR1B,SMARCA5
SMARCA5,HIST1H2AF
SMARCA5,SMARCC1
SMARCC1,SMARCA5
SMARCA5,HIST1H2AK
SMARCA5,MIS18BP1
MIS18BP1,SMARCA5
SMARCA5,SIRT1
SIRT1,SMARCA5
SMARCA5,DDX20
DDX20,SMARCA5
SMARCA5,POLR3B
POLR3B,SMARCA5
HIST1H1D,HMGB2
HMGB2,HIST1H1D
HIST1H1D,H1F0
H1F0,HIST1H1D
HIST1H1D,HIST1H1B
HIST1H1B,HIST1H1D
HIST1H1D,EP400
EP400,HIST1H1D
HIST1H1D,HMGA2
HMGA2,HIST1H1D
HIST1H1D,HIST1H1A
HIST1H1D,TRP53
TRP53,HIST1H1D
HIST1H1D,HIST1H4K
ZFHX3,RUNX3
RUNX3,ZFHX3
ZFHX3,PITX2
PITX2,ZFHX3
ZFHX3,PIAS3
PIAS3,ZFHX3
MYBBP1A,HIST1H2BK
MYBBP1A,POLR1A
POLR1A,MYBBP1A
MYBBP1A,HIST1H2BB
HIST1H2BB,MYBBP1A
MYBBP1A,POLR1C
POLR1C,MYBBP1A
MYBBP1A,POLR1B
POLR1B,MYBBP1A
MYBBP1A,POLR1E
POLR1E,MYBBP1A
MYBBP1A,TAF1A
TAF1A,MYBBP1A
MYBBP1A,EP300
EP300,MYBBP1A
MYBBP1A,PDCD11
PDCD11,MYBBP1A
MYBBP1A,POLR2K
POLR2K,MYBBP1A
MITF,FOXD3
FOXD3,MITF
MITF,TFE3
TFE3,MITF
MITF,PAX6
PAX6,MITF
MITF,MAPK3
MAPK3,MITF
MITF,PIAS3
PIAS3,MITF
PHF12,NRIP1
NRIP1,PHF12
PHF12,SIN3A
SIN3A,PHF12
PHF12,RBBP4
RBBP4,PHF12
PHF12,CHD4
CHD4,PHF12
PHF12,HDAC5
HDAC5,PHF12
PHF12,HDAC10
HDAC10,PHF12
PHF12,HDAC1
HDAC1,PHF12
PHF12,HDAC7
HDAC7,PHF12
PHF12,SATB2
SATB2,PHF12
PHF12,HDAC4
HDAC4,PHF12
PHF12,RERE
RERE,PHF12
PHF12,MBD2
MBD2,PHF12
HMGXB4,NCOR1
NCOR1,HMGXB4
NDN,TRP53
TRP53,NDN
NDN,SNURF
NDN,FOXO1
FOXO1,NDN
NDN,GNRH1
GNRH1,NDN
ABT1,POLR1E
POLR1E,ABT1
ABT1,PDCD11
PDCD11,ABT1
FOXA2,SOX2
SOX2,FOXA2
FOXA2,BMP4
BMP4,FOXA2
FOXA2,OTX2
OTX2,FOXA2
FOXA2,GLI2
GLI2,FOXA2
FOXA2,GATA4
GATA4,FOXA2
FOXA2,PAX6
PAX6,FOXA2
FOXA2,HES6
HES6,FOXA2
FOXA2,SIRT1
SIRT1,FOXA2
SIX5,EYA1
EYA1,SIX5
MYCN,SOX2
SOX2,MYCN
MYCN,EZH2
EZH2,MYCN
MYCN,TRP53
TRP53,MYCN
MYCN,KLF4
KLF4,MYCN
MYCN,CCND1
CCND1,MYCN
MYCN,SIRT1
SIRT1,MYCN
ARNTL,NR1D2
NR1D2,ARNTL
ARNTL,EP300
EP300,ARNTL
ARNTL,NR1D1
NR1D1,ARNTL
ARNTL,TIMELESS
TIMELESS,ARNTL
ARNTL,NPAS2
NPAS2,ARNTL
ARNTL,NFIL3
NFIL3,ARNTL
ARNTL,SIRT1
SIRT1,ARNTL
ARNTL,NCOR1
NCOR1,ARNTL
TOPORS,SIN3A
SIN3A,TOPORS
TOPORS,TRP53
TRP53,TOPORS
PITX2,LEFTY2
TAX1BP3,STXBP2
TAF6,TAF6L
TAF6L,TAF6
TAF6,TAF10
TAF10,TAF6
TAF6,RUVBL2
RUVBL2,TAF6
TAF6,TCEA1
TCEA1,TAF6
TAF6,RNF2
RNF2,TAF6
TAF6,TBPL1
TBPL1,TAF6
TAF6,ASH2L
ASH2L,TAF6
TAF6,TAF1
TAF1,TAF6
TAF6,TRP53
TRP53,TAF6
TAF6,BTAF1
BTAF1,TAF6
TAF6,TRRAP
TRRAP,TAF6
TAF6,POLR2K
POLR2K,TAF6
RARG,RBBP4
RBBP4,RARG
RARG,HIST1H2BK
RARG,MEIS1
MEIS1,RARG
RARG,EZH2
EZH2,RARG
RARG,RARA
RARA,RARG
RARG,POLR2A
POLR2A,RARG
RARG,EP300
EP300,RARG
RARG,NCOA3
NCOA3,RARG
RARG,EED
EED,RARG
RARG,NCOA6
NCOA6,RARG
RARG,POLR2K
POLR2K,RARG
RARG,HIST1H2BB
HIST1H2BB,RARG
RARG,POLR1C
POLR1C,RARG
RARG,ASH2L
ASH2L,RARG
RARG,HIST1H2AF
RARG,HIST1H2AK
RARG,NCOR1
NCOR1,RARG
EP400,RUVBL2
RUVBL2,EP400
EP400,H1F0
H1F0,EP400
EP400,HIST1H1B
HIST1H1B,EP400
EP400,HMGA2
HMGA2,EP400
EP400,HIST1H1A
EP400,EP300
EP300,EP400
EP400,TRP53
TRP53,EP400
EP400,TRRAP
TRRAP,EP400
EP400,ARID1A
ARID1A,EP400
EP400,YEATS2
YEATS2,EP400
GTF2I,PIAS2
PIAS2,GTF2I
KEAP1,COMMD3
COPS2,COMMD3
HIF3A,COMMD3
ERCC8,COMMD3
E2F2,CCND1
CCND1,E2F2
E2F2,E2F1
E2F1,E2F2
BMP4,CKAP4
MEN1,CKAP4
RUNX3,GATA3
GATA3,RUNX3
RUNX3,MAML3
MAML3,RUNX3
RUNX3,TEAD1
TEAD1,RUNX3
RUNX3,SMURF1
SMURF1,RUNX3
RUNX3,TEAD3
TEAD3,RUNX3
RUNX3,EP300
EP300,RUNX3
RUNX3,TRP53
TRP53,RUNX3
RUNX3,SMURF2
SMURF2,RUNX3
RUNX3,HDAC4
HDAC4,RUNX3
RUNX3,MAML1
MAML1,RUNX3
RUNX3,TCF7L2
TCF7L2,RUNX3
RUNX3,TCF7
TCF7,RUNX3
RUNX3,CCND1
CCND1,RUNX3
SNAI1,SOX2
SOX2,SNAI1
SNAI1,RCOR2
RCOR2,SNAI1
SNAI1,EZH2
EZH2,SNAI1
SNAI1,TRP53
TRP53,SNAI1
SNAI1,JUN
JUN,SNAI1
SNAI1,FN1
SNAI1,SMAD2
SMAD2,SNAI1
FOXO3,EP300
EP300,FOXO3
FOXO3,TRP53
TRP53,FOXO3
FOXO3,SGK1
FOXO3,HSP90AA1
FOXO3,JUN
JUN,FOXO3
FOXO3,FOXO1
FOXO1,FOXO3
FOXO3,ATM
ATM,FOXO3
FOXO3,BNIP3
FOXO3,MAPK8
MAPK8,FOXO3
FOXO3,SMAD2
SMAD2,FOXO3
FOXO3,SIRT2
SIRT2,FOXO3
FOXO3,MAPK11
MAPK11,FOXO3
FOXO3,MAPK3
MAPK3,FOXO3
FOXO3,SIRT1
SIRT1,FOXO3
PATZ1,NCOR1
NCOR1,PATZ1
POLR2A,RBBP4
RBBP4,POLR2A
POLR2A,HIST1H2BK
POLR2A,MEIS1
MEIS1,POLR2A
POLR2A,EZH2
EZH2,POLR2A
POLR2A,RARA
RARA,POLR2A
POLR2A,TCEA1
TCEA1,POLR2A
POLR2A,TBPL1
TBPL1,POLR2A
POLR2A,EP300
EP300,POLR2A
POLR2A,DIDO1
DIDO1,POLR2A
POLR2A,NCOA3
NCOA3,POLR2A
POLR2A,EED
EED,POLR2A
POLR2A,NCOA6
NCOA6,POLR2A
POLR2A,POLR2K
POLR2K,POLR2A
POLR2A,JUN
JUN,POLR2A
POLR2A,HIST1H2BB
HIST1H2BB,POLR2A
POLR2A,POLR1C
POLR1C,POLR2A
POLR2A,POLR1B
POLR1B,POLR2A
POLR2A,ASH2L
ASH2L,POLR2A
POLR2A,PAX6
PAX6,POLR2A
POLR2A,HIST1H2AF
POLR2A,HIST1H2AK
POLR2A,POLR3B
POLR3B,POLR2A
POLR2A,NCOR1
NCOR1,POLR2A
MAPK3,FGF3
MAPK3,ATF4
ATF4,MAPK3
MAPK3,TRIM25
TRIM25,MAPK3
MAPK3,GJA1
MAPK3,TRP53
TRP53,MAPK3
MAPK3,KLF4
KLF4,MAPK3
MAPK3,HSP90AA1
MAPK3,JUN
JUN,MAPK3
MAPK3,ATF2
ATF2,MAPK3
MAPK3,CCND1
CCND1,MAPK3
MAPK3,VEGFA
MAPK3,CALD1
MAPK3,FN1
MAPK3,UBTF
UBTF,MAPK3
MAPK3,FOXO1
FOXO1,MAPK3
MAPK3,EGR1
EGR1,MAPK3
MAPK3,SMAD2
SMAD2,MAPK3
MAPK3,FGF4
MAPK3,MAPK11
MAPK11,MAPK3
MAPK3,FGFR3
MAPK3,ELK4
ELK4,MAPK3
NRIP1,GATA3
GATA3,NRIP1
NRIP1,SIN3A
SIN3A,NRIP1
NRIP1,RBBP4
RBBP4,NRIP1
NRIP1,HDAC1
HDAC1,NRIP1
NRIP1,RARA
RARA,NRIP1
NRIP1,CHD4
CHD4,NRIP1
NRIP1,ESRRB
ESRRB,NRIP1
NRIP1,EP300
EP300,NRIP1
NRIP1,HDAC5
HDAC5,NRIP1
NRIP1,NR2C1
NR2C1,NRIP1
NRIP1,NCOA3
NCOA3,NRIP1
NRIP1,PIAS1
PIAS1,NRIP1
NRIP1,HDAC7
HDAC7,NRIP1
NRIP1,SATB2
SATB2,NRIP1
NRIP1,HDAC4
HDAC4,NRIP1
NRIP1,RERE
RERE,NRIP1
NRIP1,HSP90AA1
NRIP1,HDAC10
HDAC10,NRIP1
NRIP1,MBD2
MBD2,NRIP1
NRIP1,PIAS3
PIAS3,NRIP1
NRIP1,NCOR1
NCOR1,NRIP1
POLR2K,SRSF6
SRSF6,POLR2K
POLR2K,TCEA3
TCEA3,POLR2K
POLR2K,PAPOLA
PAPOLA,POLR2K
POLR2K,TAF10
TAF10,POLR2K
POLR2K,RBBP4
RBBP4,POLR2K
POLR2K,HIST1H2BK
POLR2K,POLR1A
POLR1A,POLR2K
POLR2K,HIST1H2BB
HIST1H2BB,POLR2K
POLR2K,RBFOX2
RBFOX2,POLR2K
POLR2K,POLR1C
POLR1C,POLR2K
POLR2K,COPS2
COPS2,POLR2K
POLR2K,MEIS1
MEIS1,POLR2K
POLR2K,POLR1B
POLR1B,POLR2K
POLR2K,EZH2
EZH2,POLR2K
POLR2K,HNRNPD
HNRNPD,POLR2K
POLR2K,SRSF3
SRSF3,POLR2K
POLR2K,RARA
RARA,POLR2K
POLR2K,RBMX
RBMX,POLR2K
POLR2K,POLR1E
POLR1E,POLR2K
POLR2K,UBTF
UBTF,POLR2K
POLR2K,TCEA1
TCEA1,POLR2K
POLR2K,GTF3C1
GTF3C1,POLR2K
POLR2K,TAF1A
TAF1A,POLR2K
POLR2K,TBPL1
TBPL1,POLR2K
POLR2K,YBX1
YBX1,POLR2K
POLR2K,ERCC8
ERCC8,POLR2K
POLR2K,ASH2L
ASH2L,POLR2K
POLR2K,EP300
EP300,POLR2K
POLR2K,TAF1
TAF1,POLR2K
POLR2K,ELAVL2
ELAVL2,POLR2K
POLR2K,NCOA3
NCOA3,POLR2K
POLR2K,EED
EED,POLR2K
POLR2K,PAX6
PAX6,POLR2K
POLR2K,HIST1H2AF
POLR2K,WBP11
WBP11,POLR2K
POLR2K,NCOA6
NCOA6,POLR2K
POLR2K,PLRG1
PLRG1,POLR2K
POLR2K,SNURF
POLR2K,JUN
JUN,POLR2K
POLR2K,HIST1H2AK
POLR2K,FUS
FUS,POLR2K
POLR2K,POLR3B
POLR3B,POLR2K
POLR2K,NCOR1
NCOR1,POLR2K
MIS18BP1,RBBP4
RBBP4,MIS18BP1
MIS18BP1,HIST1H2BK
MIS18BP1,TOP2A
MIS18BP1,ECT2
MIS18BP1,HIST1H2BB
HIST1H2BB,MIS18BP1
MIS18BP1,CCNB1
BMP4,PDIA6
MEN1,PDIA6
SOX2,FN1
ZEB2,FN1
BMP4,FN1
MEN1,FN1
JUN,FN1
SMAD2,FN1
NPAS2,NR1D2
NR1D2,NPAS2
NPAS2,EP300
EP300,NPAS2
NPAS2,NR1D1
NR1D1,NPAS2
NPAS2,TIMELESS
TIMELESS,NPAS2
NPAS2,NFIL3
NFIL3,NPAS2
NPAS2,NCOR1
NCOR1,NPAS2
PREB,TMED2
NOTCH2,TMED2
GLI2,BMP4
BMP4,GLI2
GLI2,CCND1
CCND1,GLI2
XBP1,EDEM1
XBP1,HSPA5
XBP1,ATF4
ATF4,XBP1
XBP1,PRDM1
PRDM1,XBP1
XBP1,MAPK8
MAPK8,XBP1
XBP1,ATF2
ATF2,XBP1
FOXO1,ATF4
ATF4,FOXO1
FOXO1,EBF1
EBF1,FOXO1
FOXO1,NR3C1
NR3C1,FOXO1
FOXO1,TRP53
TRP53,FOXO1
FOXO1,SGK1
FOXO1,CCND1
CCND1,FOXO1
FOXO1,KLF2
KLF2,FOXO1
FOXO1,MAPK8
MAPK8,FOXO1
FOXO1,SMAD2
SMAD2,FOXO1
FOXO1,HDAC4
HDAC4,FOXO1
FOXO1,SIRT2
SIRT2,FOXO1
FOXO1,MAPK11
MAPK11,FOXO1
FOXO1,SIRT1
SIRT1,FOXO1
GTF3C1,POLR1C
POLR1C,GTF3C1
GTF3C1,POLR3B
POLR3B,GTF3C1
SOX2,FGF4
UTF1,FGF4
BMP4,FGF4
DAB2,UBQLN2
FUS,UBQLN2
TIMELESS,MCM3
MCM3,TIMELESS
TIMELESS,MCM5
MCM5,TIMELESS
TIMELESS,ATM
ATM,TIMELESS
TIMELESS,MCM2
MCM2,TIMELESS
TIMELESS,TRP53BP1
TRP53BP1,TIMELESS
TIMELESS,ESPL1
ESPL1,TIMELESS
ZFPM1,GATA3
GATA3,ZFPM1
ZFPM1,HIST1H2BK
ZFPM1,CTBP2
ZFPM1,EP300
EP300,ZFPM1
ZFPM1,CTBP1
CTBP1,ZFPM1
ZFPM1,GATA4
GATA4,ZFPM1
ZFPM1,HIST1H2BB
HIST1H2BB,ZFPM1
ZFPM1,LDB1
LDB1,ZFPM1
ZFPM1,ASH2L
ASH2L,ZFPM1
MEN1,SPP1
MEN1,HIST1H2BK
MEN1,HDAC1
HDAC1,MEN1
MEN1,HIST1H2BB
HIST1H2BB,MEN1
MEN1,APOE
MEN1,ASH2L
ASH2L,MEN1
MEN1,JUND
JUND,MEN1
MEN1,BMP4
BMP4,MEN1
MEN1,TLE1
TLE1,MEN1
MEN1,LAMB2
MEN1,SMAD2
SMAD2,MEN1
MEN1,TCF7L2
TCF7L2,MEN1
MEN1,CTBP1
CTBP1,MEN1
MEN1,NOTUM
MEN1,TCF7
TCF7,MEN1
SIX1,SOX2
SOX2,SIX1
SIX1,EYA1
EYA1,SIX1
SIX1,PAX6
PAX6,SIX1
SIX1,BMP4
BMP4,SIX1
DAB2,HIP1
HTT,HIP1
SSBP4,LMO4
LMO4,SSBP4
SSBP4,LDB1
LDB1,SSBP4
MCM3,TOP2A
MCM3,CCNB1
MCM3,UBE2C
MCM3,MCM2
MCM2,MCM3
MCM3,TRP53BP1
TRP53BP1,MCM3
MCM3,ESPL1
ESPL1,MCM3
MCM3,MCM5
MCM5,MCM3
MCM3,ATM
ATM,MCM3
MCM3,RIF1
MAML1,MAML3
MAML3,MAML1
MAML1,NOTCH2
NOTCH2,MAML1
MAML1,EP300
EP300,MAML1
ERCC8,TRP53BP1
TRP53BP1,ERCC8
ERCC8,COPS2
COPS2,ERCC8
ERCC8,TCEA1
TCEA1,ERCC8
ERCC8,XRCC6
XRCC6,ERCC8
ERCC8,ATM
ATM,ERCC8
ERCC8,EP300
EP300,ERCC8
JDP2,JUND
JUND,JDP2
JDP2,JUN
JUN,JDP2
ZMYND11,HIST1H3H
ZMYND11,NCOR1
NCOR1,ZMYND11
CHD4,SIN3A
SIN3A,CHD4
CHD4,RBBP4
RBBP4,CHD4
CHD4,ETV3
ETV3,CHD4
CHD4,HIST1H2BK
CHD4,EZH2
EZH2,CHD4
CHD4,TAF1A
TAF1A,CHD4
CHD4,EP300
EP300,CHD4
CHD4,HDAC5
HDAC5,CHD4
CHD4,TRP53
TRP53,CHD4
CHD4,HDAC10
HDAC10,CHD4
CHD4,MTA3
MTA3,CHD4
CHD4,HDAC1
HDAC1,CHD4
CHD4,HIST1H2BB
HIST1H2BB,CHD4
CHD4,UBTF
UBTF,CHD4
CHD4,BRPF1
BRPF1,CHD4
CHD4,HDAC7
HDAC7,CHD4
CHD4,SATB2
SATB2,CHD4
CHD4,HDAC4
HDAC4,CHD4
CHD4,RERE
RERE,CHD4
CHD4,MBD2
MBD2,CHD4
CHD4,PML
PML,CHD4
CHD4,SIRT1
SIRT1,CHD4
CHD4,DDX20
DDX20,CHD4
CHD4,NCOR1
NCOR1,CHD4
TEAD1,TCF7L2
TCF7L2,TEAD1
TEAD1,WWTR1
WWTR1,TEAD1
TEAD1,TCF7
TCF7,TEAD1
POU4F1,TRP53
TRP53,POU4F1
POU4F1,PAX6
PAX6,POU4F1
POLR1A,HIST1H2BK
POLR1A,POLR1E
POLR1E,POLR1A
POLR1A,TAF1A
TAF1A,POLR1A
POLR1A,EP300
EP300,POLR1A
POLR1A,PDCD11
PDCD11,POLR1A
POLR1A,HIST1H2BB
HIST1H2BB,POLR1A
POLR1A,POLR1C
POLR1C,POLR1A
POLR1A,POLR1B
POLR1B,POLR1A
POLR1A,UBTF
UBTF,POLR1A
POLR1A,POLR3B
POLR3B,POLR1A
MCM2,TOP2A
MCM2,CCNB1
MCM2,UBE2C
MCM2,TRP53BP1
TRP53BP1,MCM2
MCM2,MCM5
MCM5,MCM2
MCM2,RIF1
HMGB2,HIST1H1A
H1F0,HIST1H1A
HIST1H1B,HIST1H1A
HMGA2,HIST1H1A
TRP53,HIST1H1A
TRIM32,KEAP1
KEAP1,TRIM32
TRIM32,UBE2C
TRIM32,TRIM25
TRIM25,TRIM32
TRIM32,SMURF2
SMURF2,TRIM32
TRIM32,RNF14
RNF14,TRIM32
TRIM32,RNF6
RNF6,TRIM32
TRIM32,RLIM
RLIM,TRIM32
TRIM32,SMURF1
SMURF1,TRIM32
ING1,SIN3A
SIN3A,ING1
ING1,HDAC1
HDAC1,ING1
RCOR2,SIN3A
SIN3A,RCOR2
RCOR2,HIST1H4K
RCOR2,HDAC1
HDAC1,RCOR2
RCOR2,REST
REST,RCOR2
ESPL1,RCC2
ESPL1,TOP2A
ESPL1,CCNB1
ESPL1,UBE2C
ESPL1,MCM5
MCM5,ESPL1
GATA4,GJA1
DAB2,GJA1
KLF2,SOX2
SOX2,KLF2
KLF2,ESRRB
ESRRB,KLF2
MLXIP,TXNIP
NFIL3,GATA3
GATA3,NFIL3
NFIL3,NR1D2
NR1D2,NFIL3
NFIL3,NR1D1
NR1D1,NFIL3
SP8,PAX6
PAX6,SP8
ILF3,SRSF3
SRSF3,ILF3
ILF3,MATR3
MATR3,ILF3
HMGB2,TOP2A
HMGB2,CCNB1
HMGB2,H1F0
H1F0,HMGB2
HMGB2,HIST1H1B
HIST1H1B,HMGB2
HMGB2,TRP53
TRP53,HMGB2
KHDRBS1,WBP11
WBP11,KHDRBS1
KHDRBS1,SRSF3
SRSF3,KHDRBS1
KHDRBS1,RBMX
RBMX,KHDRBS1
EP300,GATA3
GATA3,EP300
EP300,MAML3
MAML3,EP300
EP300,RBBP4
RBBP4,EP300
EP300,HIST1H2BK
EP300,USF1
USF1,EP300
EP300,MEIS1
MEIS1,EP300
EP300,EZH2
EZH2,EP300
EP300,ATF4
ATF4,EP300
EP300,RARA
RARA,EP300
EP300,POLR1E
POLR1E,EP300
EP300,TCEA1
TCEA1,EP300
EP300,TAF1A
TAF1A,EP300
EP300,NCOA3
NCOA3,EP300
EP300,EED
EED,EP300
EP300,TRP53
TRP53,EP300
EP300,NOTCH2
NOTCH2,EP300
EP300,NCOA6
NCOA6,EP300
EP300,TCF12
TCF12,EP300
EP300,MEF2A
MEF2A,EP300
EP300,STAT5B
STAT5B,EP300
EP300,HSP90AA1
EP300,HIST1H4K
EP300,JUN
JUN,EP300
EP300,ARID1A
ARID1A,EP300
EP300,CITED1
CITED1,EP300
EP300,TCF7
TCF7,EP300
EP300,ATF2
ATF2,EP300
EP300,CCND1
CCND1,EP300
EP300,MEF2C
MEF2C,EP300
EP300,GATA4
GATA4,EP300
EP300,THRAP3
THRAP3,EP300
EP300,CREB3
CREB3,EP300
EP300,HDAC1
HDAC1,EP300
EP300,HIST1H2BB
HIST1H2BB,EP300
EP300,POLR1C
POLR1C,EP300
EP300,POLR1B
POLR1B,EP300
EP300,ASH2L
ASH2L,EP300
EP300,NR1D1
NR1D1,EP300
EP300,MED12
MED12,EP300
EP300,PAX6
PAX6,EP300
EP300,HIST1H2AF
EP300,TLE1
TLE1,EP300
EP300,BRPF1
BRPF1,EP300
EP300,SMAD2
SMAD2,EP300
EP300,HDAC4
HDAC4,EP300
EP300,TCF7L2
TCF7L2,EP300
EP300,TCF4
TCF4,EP300
EP300,HIF3A
HIF3A,EP300
EP300,HIST1H2AK
EP300,PML
PML,EP300
EP300,SIRT1
SIRT1,EP300
EP300,NCOR1
NCOR1,EP300
GATA4,SOX2
SOX2,GATA4
GATA4,EZH2
EZH2,GATA4
GATA4,BMP4
BMP4,GATA4
GATA4,KLF4
KLF4,GATA4
GATA4,MEF2A
MEF2A,GATA4
GATA4,JARID2
JARID2,GATA4
GATA4,NFATC1
NFATC1,GATA4
GATA4,SOX7
SOX7,GATA4
GATA4,MEF2C
MEF2C,GATA4
GATA4,HOPX
HOPX,GATA4
GATA4,NFATC3
NFATC3,GATA4
GATA4,PAX6
PAX6,GATA4
GATA4,SMAD2
SMAD2,GATA4
RAD54B,XRCC6
XRCC6,RAD54B
KLF13,SIN3A
SIN3A,KLF13
XRCC6,HIST1H2BK
XRCC6,HIST1H2BB
HIST1H2BB,XRCC6
XRCC6,ATM
ATM,XRCC6
XRCC6,TRP53
TRP53,XRCC6
XRCC6,RIF1
XRCC6,TRP53BP1
TRP53BP1,XRCC6
XRCC6,SIRT1
SIRT1,XRCC6
EZH2,TOP2A
TRP53,TOP2A
MCM5,TOP2A
MTA3,RBBP4
RBBP4,MTA3
MTA3,HIST1H2BK
MTA3,HDAC1
HDAC1,MTA3
MTA3,HIST1H2BB
HIST1H2BB,MTA3
MTA3,UBTF
UBTF,MTA3
MTA3,TAF1A
TAF1A,MTA3
MTA3,MBD2
MBD2,MTA3
NCOR1,SIN3A
SIN3A,NCOR1
NCOR1,RBBP4
RBBP4,NCOR1
NCOR1,NR1H2
NR1H2,NCOR1
NCOR1,HIST1H2BK
NCOR1,EZH2
EZH2,NCOR1
NCOR1,RARA
RARA,NCOR1
NCOR1,ESRRB
ESRRB,NCOR1
NCOR1,HDAC5
HDAC5,NCOR1
NCOR1,NR3C1
NR3C1,NCOR1
NCOR1,NCOA3
NCOA3,NCOR1
NCOR1,EED
EED,NCOR1
NCOR1,TRP53
TRP53,NCOR1
NCOR1,PIAS1
PIAS1,NCOR1
NCOR1,NCOA6
NCOA6,NCOR1
NCOR1,HDAC10
HDAC10,NCOR1
NCOR1,JUN
JUN,NCOR1
NCOR1,THRAP3
THRAP3,NCOR1
NCOR1,HDAC1
HDAC1,NCOR1
NCOR1,HIST1H2BB
HIST1H2BB,NCOR1
NCOR1,TBL1X
TBL1X,NCOR1
NCOR1,POLR1C
POLR1C,NCOR1
NCOR1,NR1D2
NR1D2,NCOR1
NCOR1,ASH2L
ASH2L,NCOR1
NCOR1,NR1D1
NR1D1,NCOR1
NCOR1,MED12
MED12,NCOR1
NCOR1,SKIL
SKIL,NCOR1
NCOR1,PAX6
PAX6,NCOR1
NCOR1,HIST1H2AF
NCOR1,HDAC7
HDAC7,NCOR1
NCOR1,SMAD2
SMAD2,NCOR1
NCOR1,HDAC4
HDAC4,NCOR1
NCOR1,HIST1H2AK
NCOR1,SIRT1
SIRT1,NCOR1
BMP4,LAMB2
PIAS3,STAT5B
STAT5B,PIAS3
NR1D1,HSF2
HSF2,NR1D1
NR1D1,NR1D2
NR1D2,NR1D1
EGR1,TRP53
TRP53,EGR1
EGR1,JUN
JUN,EGR1
EGR1,CCND1
CCND1,EGR1
EGR1,GNRH1
GNRH1,EGR1
ZEB2,TRP53
TRP53,ZEB2
ZEB2,SMAD2
SMAD2,ZEB2
RARA,RBBP4
RBBP4,RARA
RARA,HIST1H2BK
RARA,MEIS1
MEIS1,RARA
RARA,EZH2
EZH2,RARA
RARA,NCOA3
NCOA3,RARA
RARA,EED
EED,RARA
RARA,NCOA6
NCOA6,RARA
RARA,HIST1H2BB
HIST1H2BB,RARA
RARA,POLR1C
POLR1C,RARA
RARA,ASH2L
ASH2L,RARA
RARA,PAX6
PAX6,RARA
RARA,HIST1H2AF
RARA,HIST1H2AK
RARA,PML
PML,RARA
ASH2L,RBBP4
RBBP4,ASH2L
ASH2L,HIST1H2BK
ASH2L,HDAC1
HDAC1,ASH2L
ASH2L,HIST1H2BB
HIST1H2BB,ASH2L
ASH2L,POLR1C
POLR1C,ASH2L
ASH2L,RUVBL2
RUVBL2,ASH2L
ASH2L,MEIS1
MEIS1,ASH2L
ASH2L,EZH2
EZH2,ASH2L
ASH2L,RNF2
RNF2,ASH2L
ASH2L,TAF1
TAF1,ASH2L
ASH2L,DIDO1
DIDO1,ASH2L
ASH2L,NCOA3
NCOA3,ASH2L
ASH2L,EED
EED,ASH2L
ASH2L,PAX6
PAX6,ASH2L
ASH2L,HIST1H2AF
ASH2L,TLE1
TLE1,ASH2L
ASH2L,NCOA6
NCOA6,ASH2L
ASH2L,TCF7L2
TCF7L2,ASH2L
ASH2L,CTBP1
CTBP1,ASH2L
ASH2L,JUN
JUN,ASH2L
ASH2L,HIST1H2AK
ASH2L,TCF7
TCF7,ASH2L
BMP6,BMPER
BMP4,BMPER
TRP53,CCNB1
CCND1,CCNB1
HIST1H2BB,CCNB1
MCM5,CCNB1
ATM,CCNB1
E2F1,CCNB1
PDCD11,POLR1B
POLR1B,PDCD11
PDCD11,POLR1E
POLR1E,PDCD11
PDCD11,POLR3B
POLR3B,PDCD11
TLE1,HDAC1
HDAC1,TLE1
TLE1,LDB1
LDB1,TLE1
TLE1,TCF7L2
TCF7L2,TLE1
TLE1,CTBP1
CTBP1,TLE1
TLE1,TRRAP
TRRAP,TLE1
TLE1,TCF4
TCF4,TLE1
TLE1,HES6
HES6,TLE1
TLE1,TCF7
TCF7,TLE1
HMGA2,SOX2
SOX2,HMGA2
HMGA2,H1F0
H1F0,HMGA2
HMGA2,HIST1H1B
HIST1H1B,HMGA2
HMGA2,TRP53
TRP53,HMGA2
HMGA2,SMAD2
SMAD2,HMGA2
SIRT2,TRP53
TRP53,SIRT2
SIN3A,HIST1H2AF
RBBP4,HIST1H2AF
HDAC1,HIST1H2AF
HIST1H2BB,HIST1H2AF
POLR1C,HIST1H2AF
HIST1H1B,HIST1H2AF
MEIS1,HIST1H2AF
EZH2,HIST1H2AF
NCOA3,HIST1H2AF
EED,HIST1H2AF
PAX6,HIST1H2AF
NCOA6,HIST1H2AF
JUN,HIST1H2AF
PHF1,MTF2
MTF2,PHF1
PHF1,RBBP4
RBBP4,PHF1
PHF1,HIST1H2BK
PHF1,HIST1H2BB
HIST1H2BB,PHF1
PHF1,EZH2
EZH2,PHF1
PHF1,HIST1H3H
PHF1,EED
EED,PHF1
PHF1,JARID2
JARID2,PHF1
MBD2,SIN3A
SIN3A,MBD2
MBD2,RBBP4
RBBP4,MBD2
MBD2,HIST1H2BK
MBD2,HDAC1
HDAC1,MBD2
MBD2,HIST1H2BB
HIST1H2BB,MBD2
MBD2,UBTF
UBTF,MBD2
MBD2,HDAC5
HDAC5,MBD2
MBD2,HDAC7
HDAC7,MBD2
MBD2,SATB2
SATB2,MBD2
MBD2,HDAC4
HDAC4,MBD2
MBD2,RERE
RERE,MBD2
MBD2,HDAC10
HDAC10,MBD2
BMP4,FGF3
BMP4,SOX2
SOX2,BMP4
BMP4,APOE
BMP4,NOTUM
BMP4,OTX2
OTX2,BMP4
BMP4,SPP1
BMP4,VEGFA
BMP4,PRDM1
PRDM1,BMP4
BMP4,PAX6
PAX6,BMP4
BMP4,SMAD2
SMAD2,BMP4
SIN3A,HIST1H2AK
RBBP4,HIST1H2AK
HDAC1,HIST1H2AK
HIST1H2BB,HIST1H2AK
POLR1C,HIST1H2AK
MEIS1,HIST1H2AK
EZH2,HIST1H2AK
NCOA3,HIST1H2AK
EED,HIST1H2AK
PAX6,HIST1H2AK
NCOA6,HIST1H2AK
JUN,HIST1H2AK
NFATC2IP,TCEA1
TCEA1,NFATC2IP
RNF2,RBBP4
RBBP4,RNF2
RNF2,HIST1H2BK
RNF2,HIST1H2BB
HIST1H2BB,RNF2
RNF2,RUVBL2
RUVBL2,RNF2
RNF2,EZH2
EZH2,RNF2
RNF2,UBE2C
RNF2,YAF2
YAF2,RNF2
RNF2,EZH1
EZH1,RNF2
RNF2,CBX6
CBX6,RNF2
RNF2,PHC1
PHC1,RNF2
RNF2,TAF1
TAF1,RNF2
RNF2,EED
EED,RNF2
RNF2,RYBP
RYBP,RNF2
RNF2,CTBP1
CTBP1,RNF2
RNF2,SCMH1
SCMH1,RNF2
RNF2,MAPK11
MAPK11,RNF2
RNF2,JARID2
JARID2,RNF2
RNF2,CBX7
CBX7,RNF2
RNF2,ASXL1
ASXL1,RNF2
PCBP2,SRSF3
SRSF3,PCBP2
POLR3B,POLR1E
POLR1E,POLR3B
POLR3B,POLR1C
POLR1C,POLR3B
POLR3B,POLR1B
POLR1B,POLR3B
YBX1,SRSF6
SRSF6,YBX1
YBX1,PAPOLA
PAPOLA,YBX1
YBX1,HNRNPD
HNRNPD,YBX1
YBX1,ELAVL2
ELAVL2,YBX1
YBX1,TRP53
TRP53,YBX1
YBX1,WBP11
WBP11,YBX1
YBX1,EWSR1
EWSR1,YBX1
YBX1,PLRG1
PLRG1,YBX1
YBX1,SNURF
YBX1,SRSF3
SRSF3,YBX1
YBX1,RBMX
RBMX,YBX1
YBX1,FUS
FUS,YBX1
SOX7,SOX2
SOX2,SOX7
SOX7,SOX4
SOX4,SOX7
CTBP1,CTBP2
CTBP1,SCMH1
SCMH1,CTBP1
CTBP1,TCF7
TCF7,CTBP1
CTBP1,HDAC1
HDAC1,CTBP1
CTBP1,PHC1
PHC1,CTBP1
CTBP1,TCF7L2
TCF7L2,CTBP1
NOTCH2,MAML3
MAML3,NOTCH2
HSF2,HSP90AA1
HTT,EZH2
EZH2,HTT
HTT,TRP53
TRP53,HTT
HTT,REST
REST,HTT
HTT,RAB11A
HTT,HDAC4
HDAC4,HTT
HTT,SIRT1
SIRT1,HTT
YAF2,RYBP
RYBP,YAF2
REST,SIN3A
SIN3A,REST
REST,HIST1H2BK
REST,HDAC1
HDAC1,REST
REST,HIST1H2BB
HIST1H2BB,REST
RAPGEF3,GNAS
HIST1H1B,H1F0
H1F0,HIST1H1B
HIST1H1B,HIST1H3H
HIST1H1B,TRP53
TRP53,HIST1H1B
HIST1H1B,HIST1H4K
EYA1,SOX2
SOX2,EYA1
EYA1,HIST1H2BK
EYA1,HIST1H2BB
HIST1H2BB,EYA1
EYA1,ATM
ATM,EYA1
EYA1,PAX6
PAX6,EYA1
EYA1,TCOF1
TCOF1,EYA1
RUVBL2,HIST1H3H
TRP53BP1,HIST1H3H
MPHOSPH8,HIST1H3H
BRPF1,HIST1H3H
DAB2,LRP2
THRAP3,NCOA3
NCOA3,THRAP3
THRAP3,MED12
MED12,THRAP3
EBF1,GATA3
GATA3,EBF1
EBF1,ZFP423
ZFP423,EBF1
PBX4,MEIS1
MEIS1,PBX4
MTF2,RBBP4
RBBP4,MTF2
MTF2,HIST1H2BK
MTF2,HIST1H2BB
HIST1H2BB,MTF2
MTF2,EZH2
EZH2,MTF2
MTF2,EZH1
EZH1,MTF2
MTF2,EED
EED,MTF2
MTF2,JARID2
JARID2,MTF2
EZH2,RBBP4
RBBP4,EZH2
EZH2,HIST1H2BK
EZH2,EZH1
EZH1,EZH2
EZH2,CBX6
CBX6,EZH2
EZH2,NCOA3
NCOA3,EZH2
EZH2,EED
EED,EZH2
EZH2,TRP53
TRP53,EZH2
EZH2,RYBP
RYBP,EZH2
EZH2,NCOA6
NCOA6,EZH2
EZH2,JARID2
JARID2,EZH2
EZH2,CBX7
CBX7,EZH2
EZH2,ASXL1
ASXL1,EZH2
EZH2,CCND1
CCND1,EZH2
EZH2,HDAC1
HDAC1,EZH2
EZH2,HIST1H2BB
HIST1H2BB,EZH2
EZH2,POLR1C
POLR1C,EZH2
EZH2,TET2
EZH2,ATM
ATM,EZH2
EZH2,PHC1
PHC1,EZH2
EZH2,PAX6
PAX6,EZH2
EZH2,SIRT1
SIRT1,EZH2
ZFP42,SOX2
SOX2,ZFP42
ZFP42,ESRRB
ESRRB,ZFP42
ZFP42,DPPA4
ZFP42,UTF1
UTF1,ZFP42
HDAC10,SIN3A
SIN3A,HDAC10
HDAC10,RBBP4
RBBP4,HDAC10
HDAC10,HIST1H2BK
HDAC10,HDAC5
HDAC5,HDAC10
HDAC10,HDAC1
HDAC1,HDAC10
HDAC10,HIST1H2BB
HIST1H2BB,HDAC10
HDAC10,HDAC7
HDAC7,HDAC10
HDAC10,SATB2
SATB2,HDAC10
HDAC10,HDAC4
HDAC4,HDAC10
HDAC10,RERE
RERE,HDAC10
ARNT2,HIF3A
HIF3A,ARNT2
PML,RBBP4
RBBP4,PML
PML,DAXX
DAXX,PML
PML,TRP53
TRP53,PML
PML,HDAC1
HDAC1,PML
PML,BRPF1
BRPF1,PML
PML,HDAC7
HDAC7,PML
SMURF1,KEAP1
KEAP1,SMURF1
SMURF1,UBE2C
SMURF1,SMURF2
SMURF2,SMURF1
SMURF1,RNF14
RNF14,SMURF1
SMURF1,RNF6
RNF6,SMURF1
SMURF1,RLIM
RLIM,SMURF1
SMURF1,SMAD2
SMAD2,SMURF1
SMAD2,LEFTY2
ELK4,MAPK11
MAPK11,ELK4
TCF7,GATA3
GATA3,TCF7
TCF7,HIST1H2BK
TCF7,HDAC1
HDAC1,TCF7
TCF7,HIST1H2BB
HIST1H2BB,TCF7
TCF7,CTBP2
TCF7,TEAD3
TEAD3,TCF7
TCF7,SOX4
SOX4,TCF7
TCF7,TCF7L2
TCF7L2,TCF7
TCF7,TRRAP
TRRAP,TCF7
POLR1C,RBBP4
RBBP4,POLR1C
POLR1C,HIST1H2BK
POLR1C,MEIS1
MEIS1,POLR1C
POLR1C,POLR1E
POLR1E,POLR1C
POLR1C,TAF1A
TAF1A,POLR1C
POLR1C,NCOA3
NCOA3,POLR1C
POLR1C,EED
EED,POLR1C
POLR1C,NCOA6
NCOA6,POLR1C
POLR1C,JUN
JUN,POLR1C
POLR1C,HIST1H2BB
HIST1H2BB,POLR1C
POLR1C,POLR1B
POLR1B,POLR1C
POLR1C,UBTF
UBTF,POLR1C
POLR1C,PAX6
PAX6,POLR1C
FOXD3,SOX2
SOX2,FOXD3
RBBP4,HIST1H4K
RUVBL2,HIST1H4K
H1F0,HIST1H4K
HDAC5,HIST1H4K
EED,HIST1H4K
TRP53BP1,HIST1H4K
MPHOSPH8,HIST1H4K
HDAC1,HIST1H4K
HIST1H2BB,HIST1H4K
BRPF1,HIST1H4K
HDAC4,HIST1H4K
SIRT1,HIST1H4K
SOS2,FGFR3
MED12,NCOA3
NCOA3,MED12
NCOA3,GATA3
GATA3,NCOA3
NCOA3,MAPK8
MAPK8,NCOA3
NCOA3,NCOA6
NCOA6,NCOA3
NCOA3,RBBP4
RBBP4,NCOA3
NCOA3,HIST1H2BK
NCOA3,HIST1H2BB
HIST1H2BB,NCOA3
NCOA3,USF1
USF1,NCOA3
NCOA3,JUN
JUN,NCOA3
NCOA3,MEIS1
MEIS1,NCOA3
NCOA3,ESRRB
ESRRB,NCOA3
NCOA3,EED
EED,NCOA3
NCOA3,PAX6
PAX6,NCOA3
TBL1X,SIN3A
SIN3A,TBL1X
TBL1X,HIST1H2BK
TBL1X,HDAC5
HDAC5,TBL1X
TBL1X,NCOA6
NCOA6,TBL1X
TBL1X,HDAC1
HDAC1,TBL1X
TBL1X,HIST1H2BB
HIST1H2BB,TBL1X
TBL1X,HDAC4
HDAC4,TBL1X
KEAP1,UBE2C
SMURF2,UBE2C
RNF14,UBE2C
CBX7,UBE2C
RNF6,UBE2C
RLIM,UBE2C
MCM5,UBE2C
PHC1,UBE2C
HDAC7,SIN3A
SIN3A,HDAC7
HDAC7,RBBP4
RBBP4,HDAC7
HDAC7,HDAC5
HDAC5,HDAC7
HDAC7,HDAC1
HDAC1,HDAC7
HDAC7,SATB2
SATB2,HDAC7
HDAC7,HDAC4
HDAC4,HDAC7
HDAC7,RERE
RERE,HDAC7
HDAC7,SIRT1
SIRT1,HDAC7
SMARCC1,SMARCC2
SMARCC2,SMARCC1
SMARCC1,ARID1A
ARID1A,SMARCC1
SMARCC1,CCND1
CCND1,SMARCC1
SMARCC1,HDAC1
HDAC1,SMARCC1
SMARCC1,KDM3A
MAPK11,HIST1H2BK
MAPK11,CBX6
CBX6,MAPK11
MAPK11,TRP53
TRP53,MAPK11
MAPK11,TCF12
TCF12,MAPK11
MAPK11,MEF2A
MEF2A,MAPK11
MAPK11,SCMH1
SCMH1,MAPK11
MAPK11,JUN
JUN,MAPK11
MAPK11,ATF2
ATF2,MAPK11
MAPK11,MEF2C
MEF2C,MAPK11
MAPK11,VEGFA
MAPK11,HIST1H2BB
HIST1H2BB,MAPK11
MAPK11,RAPGEF3
RAPGEF3,MAPK11
MAPK11,PHC1
PHC1,MAPK11
MAPK11,MAPK8
MAPK8,MAPK11
MAPK11,TCF4
TCF4,MAPK11
ATF4,EDEM1
RAI14,STXBP2
PAX6,SOX2
SOX2,PAX6
PAX6,RBBP4
RBBP4,PAX6
PAX6,HIST1H2BK
PAX6,ETV1
ETV1,PAX6
PAX6,MEIS1
MEIS1,PAX6
PAX6,EED
EED,PAX6
PAX6,KLF4
KLF4,PAX6
PAX6,NCOA6
NCOA6,PAX6
PAX6,HIST1H2BB
HIST1H2BB,PAX6
DDX20,RBBP4
RBBP4,DDX20
DDX20,ETV3
ETV3,DDX20
DDX20,HDAC5
HDAC5,DDX20
DDX20,HDAC1
HDAC1,DDX20
DDX20,SIRT1
SIRT1,DDX20
SSB,SRSF3
SRSF3,SSB
SSB,MATR3
MATR3,SSB
HIST1H2BB,HIST1H2AI
HIST1H2BB,HIST1H2AC
H1F0,HIST1H2BL
H1F0,HIST1H2BF
H1F0,HIST1H2BN
TRP53BP1,HIST1H2BL
TRP53BP1,HIST1H2BF
TRP53BP1,HIST1H2BN
HIST1H2BB,HIST1H2BL
HIST1H2BB,HIST1H2BF
HIST1H2BB,HIST1H2BN
SMURF2,KEAP1
KEAP1,SMURF2
SMURF2,RNF14
RNF14,SMURF2
SMURF2,RNF6
RNF6,SMURF2
SMURF2,RLIM
RLIM,SMURF2
SMURF2,SKIL
SKIL,SMURF2
SMURF2,SMAD2
SMAD2,SMURF2
CCND1,SOX2
SOX2,CCND1
CCND1,SMARCC2
SMARCC2,CCND1
CCND1,TRP53
TRP53,CCND1
CCND1,KLF4
KLF4,CCND1
CCND1,IGF2
CCND1,JUN
JUN,CCND1
CCND1,ARID1A
ARID1A,CCND1
CCND1,VEGFA
CCND1,HDAC1
HDAC1,CCND1
CCND1,MAPK8
MAPK8,CCND1
CCND1,HDAC4
HDAC4,CCND1
CCND1,E2F1
E2F1,CCND1
GATA3,HSP90AA1
NR3C1,HSP90AA1
TRP53,HSP90AA1
MAPK8,HSP90AA1
JUND,MAPK8
MAPK8,JUND
JUND,JUN
JUN,JUND
JUND,ATF2
ATF2,JUND
UTF1,DPPA4
TAF1A,RBBP4
RBBP4,TAF1A
TAF1A,HIST1H2BK
TAF1A,HDAC1
HDAC1,TAF1A
TAF1A,HIST1H2BB
HIST1H2BB,TAF1A
TAF1A,POLR1B
POLR1B,TAF1A
TAF1A,POLR1E
POLR1E,TAF1A
TAF1A,UBTF
UBTF,TAF1A
TAF1A,SIRT1
SIRT1,TAF1A
NR3C1,SGK1
NR3C1,JUN
JUN,NR3C1
HDAC4,SIN3A
SIN3A,HDAC4
HDAC4,RBBP4
RBBP4,HDAC4
HDAC4,NR1H2
NR1H2,HDAC4
HDAC4,HDAC5
HDAC5,HDAC4
HDAC4,MEF2A
MEF2A,HDAC4
HDAC4,MEF2C
MEF2C,HDAC4
HDAC4,HDAC1
HDAC1,HDAC4
HDAC4,ATM
ATM,HDAC4
HDAC4,SATB2
SATB2,HDAC4
HDAC4,RERE
RERE,HDAC4
HDAC4,SIRT1
SIRT1,HDAC4
RBMXL2,RBMX
RBMX,RBMXL2
SRSF6,SNURF
PAPOLA,SNURF
HNRNPD,SNURF
ELAVL2,SNURF
WBP11,SNURF
PLRG1,SNURF
SRSF3,SNURF
RBMX,SNURF
FUS,SNURF
SIN3A,TET2
ASXL1,TET2
PIAS1,SATB1
SATB1,PIAS1
PIAS1,TRP53
TRP53,PIAS1
PIAS1,STAT5B
STAT5B,PIAS1
PIAS1,SATB2
SATB2,PIAS1
SOX2,ESRRB
ESRRB,SOX2
SOX2,SOX4
SOX4,SOX2
SOX2,TRP53
TRP53,SOX2
SOX2,KLF4
KLF4,SOX2
SOX2,OTX2
OTX2,SOX2
SOX2,HDAC1
HDAC1,SOX2
SOX2,TET1
SOX2,UTF1
UTF1,SOX2
SOX2,POU2F1
POU2F1,SOX2
SOX2,PRDM1
PRDM1,SOX2
BTAF1,TBPL1
TBPL1,BTAF1
BTAF1,TAF1
TAF1,BTAF1
HIST1H2BB,GATA3
GATA3,HIST1H2BB
HIST1H2BB,SIN3A
SIN3A,HIST1H2BB
HIST1H2BB,RBBP4
RBBP4,HIST1H2BB
HIST1H2BB,HIST1H2BK
HIST1H2BB,HDAC1
HDAC1,HIST1H2BB
HIST1H2BB,MEIS1
MEIS1,HIST1H2BB
HIST1H2BB,POLR1B
POLR1B,HIST1H2BB
HIST1H2BB,POLR1E
POLR1E,HIST1H2BB
HIST1H2BB,UBTF
UBTF,HIST1H2BB
HIST1H2BB,CBX6
CBX6,HIST1H2BB
HIST1H2BB,ATM
ATM,HIST1H2BB
HIST1H2BB,PHC1
PHC1,HIST1H2BB
HIST1H2BB,EED
EED,HIST1H2BB
HIST1H2BB,RIF1
HIST1H2BB,TRP53BP1
TRP53BP1,HIST1H2BB
HIST1H2BB,MAPK8
MAPK8,HIST1H2BB
HIST1H2BB,NCOA6
NCOA6,HIST1H2BB
HIST1H2BB,TCF7L2
TCF7L2,HIST1H2BB
HIST1H2BB,SCMH1
SCMH1,HIST1H2BB
HIST1H2BB,JUN
JUN,HIST1H2BB
HIST1H2BB,JARID2
JARID2,HIST1H2BB
HIST1H2BB,ATF2
ATF2,HIST1H2BB
HIST1H2BB,APBB1
APBB1,HIST1H2BB
HIST1H2BB,SIRT1
SIRT1,HIST1H2BB
ATF4,HSPA5
MAPK8,HSPA5
APBB1,RNF157
TRRAP,TAF10
TAF10,TRRAP
TRRAP,RUVBL2
RUVBL2,TRRAP
TRRAP,KAT6B
TRRAP,YEATS2
YEATS2,TRRAP
TRRAP,TAF6L
TAF6L,TRRAP
TRRAP,HDAC1
HDAC1,TRRAP
TRRAP,ATM
ATM,TRRAP
TRRAP,TCF7L2
TCF7L2,TRRAP
RYBP,CBX7
CBX7,RYBP
RYBP,CBX6
CBX6,RYBP
RYBP,PHC1
PHC1,RYBP
CITED1,GATA3
GATA3,CITED1
TAF1,TAF10
TAF10,TAF1
TAF1,RUVBL2
RUVBL2,TAF1
TAF1,TCEA1
TCEA1,TAF1
TAF1,TBPL1
TBPL1,TAF1
TAF1,TRP53
TRP53,TAF1
TAF1,TAF6L
TAF6L,TAF1
E2F1,TRP53
TRP53,E2F1
E2F1,HDAC1
HDAC1,E2F1
POLR1B,HIST1H2BK
POLR1B,POLR1E
POLR1E,POLR1B
POLR1B,UBTF
UBTF,POLR1B
HDAC1,GATA3
GATA3,HDAC1
HDAC1,SIN3A
SIN3A,HDAC1
HDAC1,RBBP4
RBBP4,HDAC1
HDAC1,ETV3
ETV3,HDAC1
HDAC1,HIST1H2BK
HDAC1,CTBP2
HDAC1,HDAC5
HDAC5,HDAC1
HDAC1,EED
EED,HDAC1
HDAC1,TRP53
TRP53,HDAC1
HDAC1,TGIF1
TGIF1,HDAC1
HDAC1,JUN
JUN,HDAC1
HDAC1,ATF2
ATF2,HDAC1
HDAC1,TET1
HDAC1,UBTF
UBTF,HDAC1
HDAC1,BRPF1
BRPF1,HDAC1
HDAC1,IRF1
IRF1,HDAC1
HDAC1,SATB2
SATB2,HDAC1
HDAC1,SMAD2
SMAD2,HDAC1
HDAC1,TCF7L2
TCF7L2,HDAC1
HDAC1,RERE
RERE,HDAC1
HDAC1,SIRT1
SIRT1,HDAC1
RBBP4,SIN3A
SIN3A,RBBP4
RBBP4,ETV3
ETV3,RBBP4
RBBP4,HIST1H2BK
RBBP4,EZH1
EZH1,RBBP4
RBBP4,CBX6
CBX6,RBBP4
RBBP4,HDAC5
HDAC5,RBBP4
RBBP4,EED
EED,RBBP4
RBBP4,TRP53
TRP53,RBBP4
RBBP4,NCOA6
NCOA6,RBBP4
RBBP4,JARID2
JARID2,RBBP4
RBBP4,CBX7
CBX7,RBBP4
RBBP4,ASXL1
ASXL1,RBBP4
RBBP4,UBTF
UBTF,RBBP4
RBBP4,PHC1
PHC1,RBBP4
RBBP4,BRPF1
BRPF1,RBBP4
RBBP4,SATB2
SATB2,RBBP4
RBBP4,RERE
RERE,RBBP4
RBBP4,SIRT1
SIRT1,RBBP4
NFE2L2,KEAP1
KEAP1,NFE2L2
NFE2L2,NRF1
NRF1,NFE2L2
ELAVL2,SRSF6
SRSF6,ELAVL2
ELAVL2,PAPOLA
PAPOLA,ELAVL2
ELAVL2,HNRNPD
HNRNPD,ELAVL2
ELAVL2,WBP11
WBP11,ELAVL2
ELAVL2,PLRG1
PLRG1,ELAVL2
ELAVL2,SRSF3
SRSF3,ELAVL2
ELAVL2,RBMX
RBMX,ELAVL2
ELAVL2,FUS
FUS,ELAVL2
CREB3,ATF4
ATF4,CREB3
CREB3,ATF2
ATF2,CREB3
SOX4,GATA3
GATA3,SOX4
SOX4,TRP53
TRP53,SOX4
SOX4,TCF7L2
TCF7L2,SOX4
GATA3,HIST1H2BK
GATA3,SATB1
SATB1,GATA3
GATA3,TCF12
TCF12,GATA3
GATA3,JUN
JUN,GATA3
GATA3,ATF2
ATF2,GATA3
GATA3,LDB1
LDB1,GATA3
HMGA1,TRP53
TRP53,HMGA1
HMGA1,CBX7
CBX7,HMGA1
SMARCC2,ARID1A
ARID1A,SMARCC2
CNOT2,CNOT8
CNOT8,CNOT2
CNOT2,CNOT6
CNOT6,CNOT2
CNOT2,CNOT7
CNOT7,CNOT2
CNOT2,CNOT6L
CNOT6L,CNOT2
SIRT1,ETV3
ETV3,SIRT1
SIRT1,NR1H2
NR1H2,SIRT1
SIRT1,HIST1H2BK
SIRT1,EZH1
EZH1,SIRT1
SIRT1,HDAC5
HDAC5,SIRT1
SIRT1,TRP53
TRP53,SIRT1
SIRT1,JUN
JUN,SIRT1
SIRT1,ATM
ATM,SIRT1
SIRT1,MAPK8
MAPK8,SIRT1
PRDM1,BACH2
BACH2,PRDM1
RERE,SIN3A
SIN3A,RERE
RERE,HDAC5
HDAC5,RERE
RERE,SATB2
SATB2,RERE
TRP53,IGF2
FUS,SRSF6
SRSF6,FUS
FUS,PAPOLA
PAPOLA,FUS
FUS,HNRNPD
HNRNPD,FUS
FUS,SRSF3
SRSF3,FUS
FUS,RBMX
RBMX,FUS
FUS,WBP11
WBP11,FUS
FUS,PLRG1
PLRG1,FUS
SCMH1,HIST1H2BK
SCMH1,CBX6
CBX6,SCMH1
SCMH1,PHC1
PHC1,SCMH1
JUN,HIST1H2BK
JUN,ATF4
ATF4,JUN
JUN,BCL3
BCL3,JUN
JUN,TRP53
TRP53,JUN
JUN,NCOA6
NCOA6,JUN
JUN,ATF2
ATF2,JUN
JUN,VEGFA
JUN,MAPK8
MAPK8,JUN
HDAC5,SIN3A
SIN3A,HDAC5
HDAC5,ETV3
ETV3,HDAC5
HDAC5,MEF2A
MEF2A,HDAC5
HDAC5,MEF2C
MEF2C,HDAC5
HDAC5,SATB2
SATB2,HDAC5
EED,HIST1H2BK
EED,EZH1
EZH1,EED
EED,CBX6
CBX6,EED
EED,PHC1
PHC1,EED
EED,NCOA6
NCOA6,EED
EED,JARID2
JARID2,EED
EED,CBX7
CBX7,EED
EED,ASXL1
ASXL1,EED
EZH1,CBX6
CBX6,EZH1
EZH1,JARID2
JARID2,EZH1
EZH1,CBX7
CBX7,EZH1
EZH1,ASXL1
ASXL1,EZH1
EZH1,PHC1
PHC1,EZH1
EZH1,ZFP423
ZFP423,EZH1
STAT5B,PDGFRA
STAT5B,PIAS2
PIAS2,STAT5B
KLF4,ESRRB
ESRRB,KLF4
KLF4,TRP53
TRP53,KLF4
KLF4,UTF1
UTF1,KLF4
KLF4,TCF4
TCF4,KLF4
NFE2L1,KEAP1
KEAP1,NFE2L1
RUVBL2,YEATS2
YEATS2,RUVBL2
NR1H2,APOE
TRP53,SIN3A
SIN3A,TRP53
TRP53,TAF10
TAF10,TRP53
TRP53,DAXX
DAXX,TRP53
TRP53,USF1
USF1,TRP53
TRP53,H1F0
H1F0,TRP53
TRP53,TBPL1
TBPL1,TRP53
TRP53,TRP53BP1
TRP53BP1,TRP53
TRP53,ARID1A
ARID1A,TRP53
TRP53,APBB1
APBB1,TRP53
TRP53,SPP1
TRP53,VEGFA
TRP53,ATM
ATM,TRP53
TRP53,SKIL
SKIL,TRP53
TRP53,PIAS2
PIAS2,TRP53
TRP53,MAPK8
MAPK8,TRP53
TRP53,BRPF1
BRPF1,TRP53
TRP53,IRF1
IRF1,TRP53
TRP53,SMAD2
SMAD2,TRP53
ATF7,ATF2
ATF2,ATF7
CNOT8,CNOT6
CNOT6,CNOT8
CNOT8,CNOT7
CNOT7,CNOT8
CNOT8,CNOT6L
CNOT6L,CNOT8
HNRNPAB,HNRNPD
HNRNPD,HNRNPAB
NFATC3,MAPK8
MAPK8,NFATC3
NFATC3,MEF2A
MEF2A,NFATC3
NFATC3,NFATC1
NFATC1,NFATC3
NFATC3,MEF2C
MEF2C,NFATC3
ATF4,MAPK8
MAPK8,ATF4
ATF4,SATB2
SATB2,ATF4
ATF4,ATF2
ATF2,ATF4
CBX7,CBX6
CBX6,CBX7
CBX7,PHC1
PHC1,CBX7
CBX7,ASXL1
ASXL1,CBX7
CBX6,HIST1H2BK
CBX6,PHC1
PHC1,CBX6
CBX6,ASXL1
ASXL1,CBX6
ZFP423,ZFP219
ZFP219,ZFP423
NCOA6,SIN3A
SIN3A,NCOA6
NCOA6,HIST1H2BK
NCOA6,MEIS1
MEIS1,NCOA6
ASXL1,PHC1
PHC1,ASXL1
PAPOLA,SRSF6
SRSF6,PAPOLA
PAPOLA,HNRNPD
HNRNPD,PAPOLA
PAPOLA,WBP11
WBP11,PAPOLA
PAPOLA,PLRG1
PLRG1,PAPOLA
PAPOLA,SRSF3
SRSF3,PAPOLA
PAPOLA,RBMX
RBMX,PAPOLA
ESRRB,OTX2
OTX2,ESRRB
ESRRB,UTF1
UTF1,ESRRB
SIN3A,HIST1H2BK
MEIS1,HIST1H2BK
POLR1E,HIST1H2BK
UBTF,HIST1H2BK
ATM,HIST1H2BK
PHC1,HIST1H2BK
TRP53BP1,HIST1H2BK
MAPK8,HIST1H2BK
TCF7L2,HIST1H2BK
JARID2,HIST1H2BK
ATF2,HIST1H2BK
APBB1,HIST1H2BK
COPS2,KEAP1
KEAP1,COPS2
TRP53BP1,ATM
ATM,TRP53BP1
TRP53BP1,RIF1
TCF7L2,CTBP2
TCF7L2,TEAD3
TEAD3,TCF7L2
TCF7L2,LDB1
LDB1,TCF7L2
TCF7L2,TCF4
TCF4,TCF7L2
CUX2,SATB2
SATB2,CUX2
NFKB2,BCL3
BCL3,NFKB2
MAPK8,DAXX
DAXX,MAPK8
MAPK8,NFATC1
NFATC1,MAPK8
MAPK8,ATF2
ATF2,MAPK8
MAPK8,APBB1
APBB1,MAPK8
MAPK8,VEGFA
MAPK8,RAPGEF3
RAPGEF3,MAPK8
MAPK8,ATM
ATM,MAPK8
MAPK8,SMAD2
SMAD2,MAPK8
ATF2,ATM
ATM,ATF2
MCM5,RIF1
ATM,RIF1
WWTR1,AMOT
BRPF1,KAT6B
SRSF6,NXF7
SRSF3,NXF7
SATB2,SIN3A
SIN3A,SATB2
UTF1,DPPA2
RBMX,SRSF6
SRSF6,RBMX
RBMX,HNRNPD
HNRNPD,RBMX
RBMX,SRSF3
SRSF3,RBMX
RBMX,WBP11
WBP11,RBMX
RBMX,PLRG1
PLRG1,RBMX
TEAD3,WWTR1
WWTR1,TEAD3
TCF4,TCF12
TCF12,TCF4
TCF4,MEF2A
MEF2A,TCF4
TCF4,MEF2C
MEF2C,TCF4
TCF4,LDB1
LDB1,TCF4
WBP11,SRSF6
SRSF6,WBP11
WBP11,PLRG1
PLRG1,WBP11
WBP11,HNRNPD
HNRNPD,WBP11
WBP11,SRSF3
SRSF3,WBP11
RLIM,KEAP1
KEAP1,RLIM
RLIM,RNF14
RNF14,RLIM
RLIM,RNF6
RNF6,RLIM
RLIM,LDB1
LDB1,RLIM
WWTR1,SMAD2
SMAD2,WWTR1
SKIL,SMAD2
SMAD2,SKIL
ATM,APBB1
APBB1,ATM
LMO4,LDB1
LDB1,LMO4
TBPL1,TAF10
TAF10,TBPL1
TBPL1,TAF6L
TAF6L,TBPL1
PLRG1,SRSF6
SRSF6,PLRG1
PLRG1,HNRNPD
HNRNPD,PLRG1
PLRG1,SRSF3
SRSF3,PLRG1
SRSF3,SRSF6
SRSF6,SRSF3
SRSF3,HNRNPD
HNRNPD,SRSF3
SRSF3,MATR3
MATR3,SRSF3
CNOT7,CNOT6
CNOT6,CNOT7
CNOT7,CNOT6L
CNOT6L,CNOT7
MEF2A,TCF12
TCF12,MEF2A
MEF2A,MEF2C
MEF2C,MEF2A
TAF10,TAF6L
TAF6L,TAF10
TAF10,TCEA1
TCEA1,TAF10
LDB1,TCF12
TCF12,LDB1
SRSF6,HNRNPD
HNRNPD,SRSF6
CNOT6L,CNOT6
CNOT6,CNOT6L
POLR1E,UBTF
UBTF,POLR1E
RNF6,KEAP1
KEAP1,RNF6
RNF6,RNF14
RNF14,RNF6
RNF14,KEAP1
KEAP1,RNF14
JARID2,KDM3A
NFATC1,MEF2C
MEF2C,NFATC1
KLF3,CTBP2
SMAD2,KEAP1
KEAP1,SMAD2
SMAD2,TGIF1
TGIF1,SMAD2
SIN3A,TET1
MEF2C,TCF12
TCF12,MEF2C
