Gene1,Gene2
AES,ARL6IP5
AES,CUBN
AES,DKK1
AES,ELF4
AES,EPAS1
AES,FRMD4A
AES,GATA6
AES,HIST1H1B
AES,KLB
AES,KRT17
AES,MYBL2
AES,POU4F2
AES,POU5F1
AES,PSAP
AES,RIAN
AES,SOX17
AES,SRGN
AES,TBX18
CBX8,ADAMTS9
CBX8,AQP8
CBX8,BARX1
CBX8,BMI1
CBX8,CCND2
CBX8,COMMD3
CBX8,CUBN
CBX8,DAB2
CBX8,DIDO1
CBX8,DKK1
CBX8,DMRT1
CBX8,EBF1
CBX8,EBF4
CBX8,EED
CBX8,FGF10
CBX8,FOXQ1
CBX8,FRMD4A
CBX8,GATA3
CBX8,GATA4
CBX8,GATA6
CBX8,HABP2
CBX8,HEY2
CBX8,HIVEP2
CBX8,HKDC1
CBX8,HOXD13
CBX8,ID3
CBX8,ID4
CBX8,KLB
CBX8,LDHB
CBX8,LHX2
CBX8,LIMCH1
CBX8,LMO4
CBX8,MEF2C
CBX8,MEIS1
CBX8,MSX2
CBX8,MT1
CBX8,NPAS2
CBX8,PAX6
CBX8,PITX2
CBX8,PROX1
CBX8,RAB3IL1
CBX8,SATB2
CBX8,SFMBT2
CBX8,SIX1
CBX8,SP8
CBX8,SRGN
CBX8,ST3GAL6
CBX8,TBX18
CBX8,TEAD4
CBX8,THBD
CBX8,TWIST1
CBX8,ZEB2
CBX8,ZFHX3
EOMES,2200002D01RIK
EOMES,5031439G07RIK
EOMES,ACP6
EOMES,ADAM15
EOMES,ADAM19
EOMES,ADAM23
EOMES,AFF1
EOMES,AHNAK
EOMES,AKR1B3
EOMES,AKR1B8
EOMES,AKT1
EOMES,AMOT
EOMES,ANKRD6
EOMES,APLP1
EOMES,AQP3
EOMES,ARHGAP21
EOMES,ARHGEF5
EOMES,ARNT2
EOMES,ASS1
EOMES,ATF3
EOMES,ATF5
EOMES,ATG16L2
EOMES,AU018091
EOMES,BARX1
EOMES,BASP1
EOMES,BCAM
EOMES,BEND5
EOMES,BEX1
EOMES,BMI1
EOMES,BMP4
EOMES,BMPER
EOMES,BNC2
EOMES,BRWD1
EOMES,CACHD1
EOMES,CALCOCO2
EOMES,CBX8
EOMES,CCND1
EOMES,CCND2
EOMES,CD63
EOMES,CD9
EOMES,CENPV
EOMES,CFC1
EOMES,CHCHD10
EOMES,CHD5
EOMES,CHN2
EOMES,CITED1
EOMES,CITED2
EOMES,CLCN5
EOMES,CLN6
EOMES,CMKLR1
EOMES,COBL
EOMES,COL27A1
EOMES,COTL1
EOMES,CRABP2
EOMES,CREB3L2
EOMES,CSF1
EOMES,CSRP2
EOMES,CST3
EOMES,CTNNAL1
EOMES,CTSZ
EOMES,CUBN
EOMES,CUX2
EOMES,CYBA
EOMES,CYP26A1
EOMES,DCXR
EOMES,DDAH1
EOMES,DDX54
EOMES,DDX58
EOMES,DMRT1
EOMES,DPP4
EOMES,DPPA2
EOMES,DUSP6
EOMES,E2F2
EOMES,EBF1
EOMES,EBF4
EOMES,ECHDC2
EOMES,EFEMP2
EOMES,EGR1
EOMES,EHD1
EOMES,EIF4A-PS4
EOMES,ELF2
EOMES,ELF3
EOMES,ELL2
EOMES,ENAH
EOMES,EPAS1
EOMES,EPHA2
EOMES,EPS8L2
EOMES,ESRRA
EOMES,ETL4
EOMES,ETS1
EOMES,ETV1
EOMES,ETV4
EOMES,EYA1
EOMES,F2R
EOMES,FABP3
EOMES,FBLIM1
EOMES,FGF10
EOMES,FGF3
EOMES,FGF4
EOMES,FGFR4
EOMES,FHL2
EOMES,FHOD1
EOMES,FN1
EOMES,FNDC3B
EOMES,FOSL2
EOMES,FOXA2
EOMES,FOXD3
EOMES,FOXJ3
EOMES,FOXP1
EOMES,FOXQ1
EOMES,FST
EOMES,GAA
EOMES,GABARAPL1
EOMES,GALK1
EOMES,GAS6
EOMES,GATA3
EOMES,GATA4
EOMES,GATA6
EOMES,GBX2
EOMES,GFPT2
EOMES,GGTA1
EOMES,GJB3
EOMES,GLI1
EOMES,GLI2
EOMES,GLIPR2
EOMES,GLUL
EOMES,GNG2
EOMES,GNRH1
EOMES,GPA33
EOMES,GPRC5C
EOMES,GPX3
EOMES,GRAMD1A
EOMES,GRB10
EOMES,GRHL1
EOMES,GSN
EOMES,GTF2A1L
EOMES,HELLS
EOMES,HES6
EOMES,HIP1
EOMES,HKDC1
EOMES,HOOK1
EOMES,HOPX
EOMES,HOXD13
EOMES,HS3ST1
EOMES,HSF2BP
EOMES,HTRA1
EOMES,ID2
EOMES,ID3
EOMES,ID4
EOMES,IFITM3
EOMES,IL33
EOMES,IQSEC1
EOMES,IRF1
EOMES,JAM2
EOMES,KAT2B
EOMES,KDM3A
EOMES,KLF6
EOMES,KRT17
EOMES,KRT18
EOMES,KRT19
EOMES,KRT42
EOMES,KRT8
EOMES,KRTCAP2
EOMES,L1TD1
EOMES,LAMA1
EOMES,LAMA5
EOMES,LAMC1
EOMES,LDLRAP1
EOMES,LEFTY1
EOMES,LEFTY2
EOMES,LGALS3
EOMES,LGMN
EOMES,LMO4
EOMES,LRP2
EOMES,LRRC2
EOMES,LTBP4
EOMES,LY6G6E
EOMES,MANBA
EOMES,MAPK11
EOMES,MARCKS
EOMES,MDK
EOMES,MED12
EOMES,MEF2C
EOMES,MFGE8
EOMES,MKRN1
EOMES,MORC4
EOMES,MPZL2
EOMES,MRAS
EOMES,MSI2
EOMES,MSX2
EOMES,MT1
EOMES,MYD88
EOMES,MYH9
EOMES,MYLPF
EOMES,MYO5B
EOMES,MYO7A
EOMES,NANOG
EOMES,NDN
EOMES,NDRG1
EOMES,NFATC1
EOMES,NFATC4
EOMES,NFIL3
EOMES,NFKB2
EOMES,NME2
EOMES,NOTCH1
EOMES,NOTUM
EOMES,NPHS1
EOMES,NPL
EOMES,NR0B1
EOMES,NR2C1
EOMES,NR3C1
EOMES,NR5A2
EOMES,NRG1
EOMES,OPLAH
EOMES,OVOL1
EOMES,PAWR
EOMES,PAX6
EOMES,PAX8
EOMES,PBXIP1
EOMES,PCBD1
EOMES,PCOLCE
EOMES,PDGFA
EOMES,PDK1
EOMES,PDPN
EOMES,PEG10
EOMES,PGA5
EOMES,PHC1
EOMES,PHGDH
EOMES,PHLDB2
EOMES,PIAS2
EOMES,PIPOX
EOMES,PITPNC1
EOMES,PITX1
EOMES,PITX2
EOMES,PLAUR
EOMES,PODXL
EOMES,PRDM5
EOMES,PRPS2
EOMES,PRSS35
EOMES,PSAP
EOMES,PTH1R
EOMES,RAI14
EOMES,RARG
EOMES,RBM47
EOMES,RBMS1
EOMES,RBPMS2
EOMES,RCOR2
EOMES,RHOX5
EOMES,RHOX6
EOMES,RHPN1
EOMES,RNPEP
EOMES,RPL39L
EOMES,RPS6KA6
EOMES,RRBP1
EOMES,RUNX1
EOMES,S100A6
EOMES,SAP30
EOMES,SATB2
EOMES,SCMH1
EOMES,SERPINB6C
EOMES,SFMBT2
EOMES,SGK1
EOMES,SIX1
EOMES,SKIL
EOMES,SLC25A4
EOMES,SLC5A11
EOMES,SLC7A6
EOMES,SLC7A7
EOMES,SLC9A6
EOMES,SMAD3
EOMES,SMURF1
EOMES,SNAI1
EOMES,SNURF
EOMES,SOD1
EOMES,SOX4
EOMES,SP8
EOMES,SPNS2
EOMES,SPRY4
EOMES,ST5
EOMES,STARD10
EOMES,STARD8
EOMES,STAT4
EOMES,TAGLN2
EOMES,TBX18
EOMES,TBX3
EOMES,TCEA3
EOMES,TCF15
EOMES,TCF7L2
EOMES,TDGF1
EOMES,TDH
EOMES,TEAD1
EOMES,TEAD4
EOMES,TET2
EOMES,TGFB1
EOMES,TGFBR3
EOMES,TGM1
EOMES,TINAGL1
EOMES,TMEM144
EOMES,TOX3
EOMES,TRH
EOMES,TRIM13
EOMES,TRIM2
EOMES,TRIM24
EOMES,TRPS1
EOMES,TTC7
EOMES,TUBB6
EOMES,TWIST1
EOMES,UBQLN2
EOMES,UCHL1
EOMES,ULK1
EOMES,UPP1
EOMES,USF1
EOMES,USP28
EOMES,USP3
EOMES,VANGL1
EOMES,VCAN
EOMES,VEGFA
EOMES,VEZF1
EOMES,VIM
EOMES,WDR45
EOMES,XAF1
EOMES,ZBTB10
EOMES,ZBTB39
EOMES,ZEB1
EOMES,ZEB2
EOMES,ZFP219
EOMES,ZFP276
EOMES,ZFP423
EOMES,ZFP532
EOMES,ZFP57
EOMES,ZFP710
EOMES,ZFPM1
EOMES,ZHX3
ESRRB,2200002D01RIK
ESRRB,ABHD5
ESRRB,ACP6
ESRRB,AES
ESRRB,AFF1
ESRRB,AIRE
ESRRB,AKR1B8
ESRRB,AKT1
ESRRB,AMFR
ESRRB,AMOTL2
ESRRB,ANP32A
ESRRB,ANXA5
ESRRB,APLP1
ESRRB,APP
ESRRB,AQP3
ESRRB,ARHGAP29
ESRRB,ARHGEF5
ESRRB,ASNS
ESRRB,ASPH
ESRRB,ATP1B1
ESRRB,B2M
ESRRB,BASP1
ESRRB,BCAT1
ESRRB,BMP4
ESRRB,BTBD11
ESRRB,CALD1
ESRRB,CAR2
ESRRB,CAR4
ESRRB,CCND2
ESRRB,CCND3
ESRRB,CCNE1
ESRRB,CCNG1
ESRRB,CITED2
ESRRB,CLDN6
ESRRB,CNN2
ESRRB,COBL
ESRRB,COL18A1
ESRRB,COMMD3
ESRRB,COX7A1
ESRRB,CREB3
ESRRB,CRYAB
ESRRB,CSF1
ESRRB,CSRP1
ESRRB,CYBA
ESRRB,DAB2
ESRRB,DDAH1
ESRRB,DDAH2
ESRRB,DDIT3
ESRRB,DKK1
ESRRB,E2F2
ESRRB,E2F6
ESRRB,EDA2R
ESRRB,EFEMP2
ESRRB,EPHA4
ESRRB,ETV4
ESRRB,FABP3
ESRRB,FBLIM1
ESRRB,FGF4
ESRRB,FOXP1
ESRRB,FST
ESRRB,FXYD6
ESRRB,GATA3
ESRRB,GATA6
ESRRB,GBX2
ESRRB,GHR
ESRRB,GJA1
ESRRB,GJB3
ESRRB,GLI2
ESRRB,GLIPR2
ESRRB,GNG10
ESRRB,GOT1
ESRRB,GRB10
ESRRB,GSN
ESRRB,HES6
ESRRB,ICAM1
ESRRB,ID2
ESRRB,ID3
ESRRB,IFITM1
ESRRB,IFITM3
ESRRB,IFRD1
ESRRB,ILDR1
ESRRB,ILK
ESRRB,IRF1
ESRRB,JAM2
ESRRB,JUN
ESRRB,KDELR3
ESRRB,KDM3A
ESRRB,KIT
ESRRB,KLF4
ESRRB,KLF6
ESRRB,KRT17
ESRRB,KRT18
ESRRB,KRT19
ESRRB,KRT42
ESRRB,KRT8
ESRRB,LAMA1
ESRRB,LAPTM5
ESRRB,LDHB
ESRRB,LDLR
ESRRB,LEFTY1
ESRRB,LGALS3
ESRRB,LIFR
ESRRB,LMO4
ESRRB,LPCAT1
ESRRB,LRP2
ESRRB,LRPAP1
ESRRB,LRRC1
ESRRB,LRRK1
ESRRB,LY6G6E
ESRRB,MANBA
ESRRB,MAPKAPK2
ESRRB,MARCKS
ESRRB,MEG3
ESRRB,MFGE8
ESRRB,MORC4
ESRRB,MRAS
ESRRB,MSC
ESRRB,MXD4
ESRRB,MYBL2
ESRRB,MYH9
ESRRB,MYLPF
ESRRB,MYO1C
ESRRB,NDN
ESRRB,NFATC2IP
ESRRB,NFIB
ESRRB,NID1
ESRRB,NOTCH2
ESRRB,NOTCH4
ESRRB,NPHS1
ESRRB,NR0B1
ESRRB,NSMAF
ESRRB,NUPR1
ESRRB,OTX2
ESRRB,PARVA
ESRRB,PAWR
ESRRB,PCOLCE
ESRRB,PCSK6
ESRRB,PDGFA
ESRRB,PFKP
ESRRB,PHLDA3
ESRRB,PITX2
ESRRB,PKNOX2
ESRRB,PLK2
ESRRB,PLOD1
ESRRB,PODXL
ESRRB,POU4F2
ESRRB,PROS1
ESRRB,PTPN14
ESRRB,PXDN
ESRRB,RAPGEF3
ESRRB,RARG
ESRRB,RASGRP2
ESRRB,RBMS1
ESRRB,RFX2
ESRRB,RHOX6
ESRRB,RIAN
ESRRB,RLIM
ESRRB,RMND5B
ESRRB,RPP25
ESRRB,RRAS2
ESRRB,S100A6
ESRRB,SEMA4C
ESRRB,SERPINE2
ESRRB,SERPINH1
ESRRB,SETD7
ESRRB,SFMBT2
ESRRB,SIRT1
ESRRB,SLC25A36
ESRRB,SLC38A2
ESRRB,SLC6A8
ESRRB,SOAT1
ESRRB,SPARC
ESRRB,SPP1
ESRRB,SPRY4
ESRRB,SQSTM1
ESRRB,STAG3
ESRRB,STARD10
ESRRB,STMN1
ESRRB,TAX1BP3
ESRRB,TBX3
ESRRB,TCF15
ESRRB,TCL1
ESRRB,TDGF1
ESRRB,TEAD1
ESRRB,TEAD3
ESRRB,TGM1
ESRRB,TINAGL1
ESRRB,TPM1
ESRRB,TPM4
ESRRB,TRH
ESRRB,TRIB3
ESRRB,TRP53BP1
ESRRB,TUBB6
ESRRB,TXNIP
ESRRB,UBQLN2
ESRRB,UPP1
ESRRB,USP28
ESRRB,UTF1
ESRRB,VEGFA
ESRRB,WWTR1
ESRRB,ZEB1
ESRRB,ZFAND3
ESRRB,ZFHX3
ESRRB,ZFP42
ESRRB,ZFP57
ESRRB,ZYX
ETV3,5031439G07RIK
ETV3,AQP3
ETV3,BMP6
ETV3,CALCOCO2
ETV3,DIDO1
ETV3,DKK1
ETV3,E2F2
ETV3,EPHA4
ETV3,EYA1
ETV3,FRMD4A
ETV3,GATA6
ETV3,HABP2
ETV3,HKDC1
ETV3,HOXD13
ETV3,IRF1
ETV3,KIT
ETV3,KLF2
ETV3,MRAS
ETV3,NID1
ETV3,NOTCH4
ETV3,NOTUM
ETV3,NR0B1
ETV3,NR5A2
ETV3,OVOL1
ETV3,PARVB
ETV3,PAX6
ETV3,PCOLCE
ETV3,PGA5
ETV3,PITX2
ETV3,PRSS35
ETV3,RHOX6
ETV3,SPP1
ETV3,STARD8
ETV3,STAT4
ETV3,TDGF1
ETV3,ULK1
ETV3,VEGFA
ETV3,ZFP42
FOXJ2,DKK1
FOXJ2,ELF4
FOXJ2,FRMD4A
FOXJ2,GRIN1
FOXJ2,IRF2
FOXJ2,KRT18
FOXJ2,KRT8
FOXJ2,LRRK1
FOXJ2,LY6G6E
FOXJ2,OBSL1
FOXJ2,POU4F2
FOXJ2,POU6F1
FOXJ2,RHOX6
FOXJ2,ST3GAL6
FOXJ2,TAGLN2
FOXJ2,TBX18
FOXJ2,TNS4
GATA3,2200002D01RIK
GATA3,4930402H24RIK
GATA3,ABCC5
GATA3,ABHD5
GATA3,ACP6
GATA3,ADAM15
GATA3,ADAM19
GATA3,ADAM23
GATA3,AGPAT4
GATA3,AHNAK
GATA3,AI506816
GATA3,AIRE
GATA3,AKR1B3
GATA3,AKT1
GATA3,ALPL
GATA3,AMOT
GATA3,AMOTL2
GATA3,ANKRD6
GATA3,ANP32A
GATA3,ANXA2
GATA3,ANXA5
GATA3,APBB1
GATA3,APLP1
GATA3,APOBEC3
GATA3,APOE
GATA3,APP
GATA3,AQP3
GATA3,AQP8
GATA3,ARHGAP1
GATA3,ARHGAP29
GATA3,ARHGEF5
GATA3,ARID1A
GATA3,ARNT2
GATA3,ARPC1B
GATA3,ASAH1
GATA3,ASNS
GATA3,ASXL1
GATA3,ATF6
GATA3,ATG16L2
GATA3,ATP13A3
GATA3,ATP1B1
GATA3,ATP6V0A1
GATA3,BACH2
GATA3,BAG2
GATA3,BARX1
GATA3,BEND5
GATA3,BMI1
GATA3,BMP6
GATA3,BMPER
GATA3,BNC2
GATA3,BNIP3
GATA3,CACHD1
GATA3,CALCOCO2
GATA3,CAR4
GATA3,CBX4
GATA3,CBX7
GATA3,CBX8
GATA3,CCND1
GATA3,CCND2
GATA3,CCND3
GATA3,CD63
GATA3,CD9
GATA3,CDCA7
GATA3,CDIPT
GATA3,CFC1
GATA3,CHCHD10
GATA3,CHD7
GATA3,CHN2
GATA3,CHST15
GATA3,CIC
GATA3,CITED1
GATA3,CITED2
GATA3,CKB
GATA3,CLIC1
GATA3,CLN6
GATA3,CLTC
GATA3,CNDP2
GATA3,COBL
GATA3,COBLL1
GATA3,COL18A1
GATA3,COL27A1
GATA3,COL4A1
GATA3,COL4A2
GATA3,COMMD3
GATA3,COX7A1
GATA3,CPM
GATA3,CR1L
GATA3,CRABP2
GATA3,CREB3
GATA3,CREB3L2
GATA3,CRYAB
GATA3,CSRP1
GATA3,CST3
GATA3,CSTB
GATA3,CTBP2
GATA3,CTDSPL
GATA3,CTSD
GATA3,CTSL
GATA3,CTSZ
GATA3,CUBN
GATA3,CYBA
GATA3,CYP26A1
GATA3,D230025D16RIK
GATA3,DAB2
GATA3,DAP
GATA3,DDIT3
GATA3,DDX58
GATA3,DIDO1
GATA3,DKK1
GATA3,DNAJC3
GATA3,DNMT3A
GATA3,DPP4
GATA3,DTX1
GATA3,DUSP6
GATA3,DUSP9
GATA3,ECHDC2
GATA3,EGR1
GATA3,EHD1
GATA3,EIF2S2
GATA3,ELAVL2
GATA3,ELF3
GATA3,ELL2
GATA3,ELL3
GATA3,ELOVL6
GATA3,EMP2
GATA3,ENAH
GATA3,EPAS1
GATA3,EPHA2
GATA3,EPHA4
GATA3,EPS8L2
GATA3,ERF
GATA3,ERLIN1
GATA3,ERP29
GATA3,ETS1
GATA3,ETV4
GATA3,ETV5
GATA3,EYA1
GATA3,F2R
GATA3,FABP3
GATA3,FAHD2A
GATA3,FAM102A
GATA3,FAM129B
GATA3,FAT1
GATA3,FBLIM1
GATA3,FBXO15
GATA3,FGF10
GATA3,FGF3
GATA3,FGF4
GATA3,FGFR4
GATA3,FHL2
GATA3,FHOD1
GATA3,FLRT3
GATA3,FN1
GATA3,FNDC3A
GATA3,FNDC3B
GATA3,FOXA2
GATA3,FOXD3
GATA3,FOXJ2
GATA3,FOXN3
GATA3,FOXP1
GATA3,FOXQ1
GATA3,FRMD4A
GATA3,FUT8
GATA3,FXYD3
GATA3,GAA
GATA3,GABARAPL2
GATA3,GALK1
GATA3,GALNT2
GATA3,GAS6
GATA3,GATA4
GATA3,GATA6
GATA3,GBX2
GATA3,GCNT1
GATA3,GDPD5
GATA3,GFPT1
GATA3,GFPT2
GATA3,GGTA1
GATA3,GJB3
GATA3,GLI1
GATA3,GLI2
GATA3,GLIPR1
GATA3,GLIPR2
GATA3,GNG2
GATA3,GNRH1
GATA3,GPRC5C
GATA3,GSN
GATA3,GSTA4
GATA3,GTF2A1L
GATA3,GTF2I
GATA3,H1F0
GATA3,HABP2
GATA3,HDAC11
GATA3,HELLS
GATA3,HES1
GATA3,HEY2
GATA3,HIP1
GATA3,HIRIP3
GATA3,HIST1H2BB
GATA3,HIST1H2BK
GATA3,HIST1H2BN
GATA3,HIST1H4K
GATA3,HKDC1
GATA3,HMGA2
GATA3,HNF1B
GATA3,HOOK1
GATA3,HS3ST1
GATA3,HSD17B14
GATA3,HSF2BP
GATA3,HSPA5
GATA3,HSPB1
GATA3,HTRA1
GATA3,ICAM1
GATA3,ID3
GATA3,IER2
GATA3,IFI30
GATA3,IFITM1
GATA3,IFITM3
GATA3,IGFBP2
GATA3,ILDR1
GATA3,IQSEC1
GATA3,IRF1
GATA3,IRF2
GATA3,ITGA9
GATA3,ITM2B
GATA3,JUN
GATA3,KANK3
GATA3,KAT2B
GATA3,KCNG1
GATA3,KDELR3
GATA3,KDM3A
GATA3,KDM5B
GATA3,KEAP1
GATA3,KIT
GATA3,KLB
GATA3,KLF2
GATA3,KLF6
GATA3,KLF8
GATA3,KRT18
GATA3,KRT8
GATA3,L1TD1
GATA3,LAMA1
GATA3,LAMC1
GATA3,LAMP1
GATA3,LAPTM5
GATA3,LDLRAP1
GATA3,LEFTY2
GATA3,LGALS3
GATA3,LGMN
GATA3,LHX2
GATA3,LIMCH1
GATA3,LMO4
GATA3,LOXL2
GATA3,LPCAT1
GATA3,LRP2
GATA3,LRPAP1
GATA3,LRRC2
GATA3,LRRK1
GATA3,LY6G6E
GATA3,MAML3
GATA3,MANBA
GATA3,MAPK11
GATA3,MAPK8
GATA3,MAPKAPK2
GATA3,MBD2
GATA3,MCAM
GATA3,ME1
GATA3,MEG3
GATA3,MEIS1
GATA3,MEIS3
GATA3,MFGE8
GATA3,MFSD1
GATA3,MGST3
GATA3,MLXIPL
GATA3,MME
GATA3,MORC4
GATA3,MPP1
GATA3,MPZL2
GATA3,MSC
GATA3,MSI2
GATA3,MSL3
GATA3,MSX2
GATA3,MT1
GATA3,MYCN
GATA3,MYD88
GATA3,MYH9
GATA3,MYLPF
GATA3,MYO18A
GATA3,MYO5B
GATA3,MYO6
GATA3,MYO7A
GATA3,NAGK
GATA3,NANOG
GATA3,NCOA6
GATA3,NDRG1
GATA3,NFATC1
GATA3,NFATC2IP
GATA3,NFIB
GATA3,NFXL1
GATA3,NID1
GATA3,NIPSNAP1
GATA3,NKRF
GATA3,NOTCH4
GATA3,NOTUM
GATA3,NPHS1
GATA3,NPL
GATA3,NR0B1
GATA3,NR1D1
GATA3,NR1D2
GATA3,NR3C1
GATA3,NRG1
GATA3,NRG2
GATA3,NSMAF
GATA3,NUP210
GATA3,NUPR1
GATA3,NXF7
GATA3,OPLAH
GATA3,OTX2
GATA3,P4HA1
GATA3,P4HA2
GATA3,P4HB
GATA3,PARVB
GATA3,PATZ1
GATA3,PAX6
GATA3,PAX8
GATA3,PBXIP1
GATA3,PCBD1
GATA3,PCOLCE
GATA3,PCSK6
GATA3,PDE4DIP
GATA3,PDGFA
GATA3,PDGFRA
GATA3,PDIA5
GATA3,PDK1
GATA3,PDPN
GATA3,PEG10
GATA3,PFKP
GATA3,PGA5
GATA3,PHC1
GATA3,PHLDB2
GATA3,PIAS3
GATA3,PIK3R1
GATA3,PIPOX
GATA3,PITPNC1
GATA3,PITX1
GATA3,PLA2G1B
GATA3,PLAUR
GATA3,PLOD1
GATA3,PLOD2
GATA3,PLSCR1
GATA3,PLTP
GATA3,PODXL
GATA3,POU5F1
GATA3,PRDM1
GATA3,PRDM14
GATA3,PRDM5
GATA3,PRKAB1
GATA3,PROS1
GATA3,PRPS2
GATA3,PRSS35
GATA3,PSAP
GATA3,PSME2
GATA3,PTH1R
GATA3,RAB3IL1
GATA3,RANBP17
GATA3,RARA
GATA3,RARG
GATA3,RASGRP2
GATA3,RBBP7
GATA3,RBM47
GATA3,RBPMS2
GATA3,RCN3
GATA3,RCOR2
GATA3,RENBP
GATA3,RERE
GATA3,REST
GATA3,REV1
GATA3,RFFL
GATA3,RFX5
GATA3,RHOX5
GATA3,RHOX6
GATA3,RHPN1
GATA3,RIAN
GATA3,RNPEP
GATA3,RNPEPL1
GATA3,RRBP1
GATA3,RTN1
GATA3,RUNX1
GATA3,SALL1
GATA3,SAP30
GATA3,SATB2
GATA3,SDC4
GATA3,SDF2L1
GATA3,SEC23A
GATA3,SEMA4C
GATA3,SERBP1
GATA3,SERPINB6C
GATA3,SERPINH1
GATA3,SETD7
GATA3,SFMBT2
GATA3,SHISA5
GATA3,SHKBP1
GATA3,SIDT2
GATA3,SKIL
GATA3,SLC16A6
GATA3,SLC17A9
GATA3,SLC25A22
GATA3,SLC25A4
GATA3,SLC5A11
GATA3,SLC6A8
GATA3,SLC7A3
GATA3,SLC7A6
GATA3,SLC7A7
GATA3,SLC9A6
GATA3,SMAD3
GATA3,SMARCA2
GATA3,SMARCD1
GATA3,SMS
GATA3,SNAI1
GATA3,SNAPC3
GATA3,SNHG1
GATA3,SNURF
GATA3,SNX1
GATA3,SNX25
GATA3,SOCS2
GATA3,SOX17
GATA3,SOX2
GATA3,SOX4
GATA3,SOX7
GATA3,SP8
GATA3,SPARC
GATA3,SPEN
GATA3,SPNS2
GATA3,SPRY4
GATA3,SQSTM1
GATA3,SRGN
GATA3,SRI
GATA3,ST3GAL6
GATA3,ST5
GATA3,STARD10
GATA3,STARD8
GATA3,STAT4
GATA3,SUB1
GATA3,SUN2
GATA3,SURF4
GATA3,SUSD2
GATA3,TAGLN2
GATA3,TAX1BP3
GATA3,TBRG1
GATA3,TBX18
GATA3,TBX3
GATA3,TCEA3
GATA3,TCF15
GATA3,TCF7
GATA3,TCF7L2
GATA3,TCN2
GATA3,TDGF1
GATA3,TDH
GATA3,TEAD1
GATA3,TEAD4
GATA3,TET1
GATA3,TET2
GATA3,TEX264
GATA3,TFRC
GATA3,TGFBR3
GATA3,TGIF1
GATA3,TGM1
GATA3,THBD
GATA3,TINAGL1
GATA3,TMED2
GATA3,TMEM144
GATA3,TMEM150A
GATA3,TMEM231
GATA3,TMEM9
GATA3,TNS4
GATA3,TOX3
GATA3,TRH
GATA3,TRIM25
GATA3,TRPS1
GATA3,TSPAN4
GATA3,TTC7
GATA3,TXNDC11
GATA3,TXNDC12
GATA3,UAP1
GATA3,USF1
GATA3,USP28
GATA3,USP3
GATA3,VAMP8
GATA3,VANGL1
GATA3,VCAN
GATA3,VEGFA
GATA3,WDR45
GATA3,WWTR1
GATA3,XBP1
GATA3,ZBTB10
GATA3,ZBTB39
GATA3,ZC3H7A
GATA3,ZEB2
GATA3,ZFAND3
GATA3,ZFP219
GATA3,ZFP281
GATA3,ZFP42
GATA3,ZFP423
GATA3,ZFP532
GATA3,ZFPM1
GATA3,ZIC3
GATA3,ZSWIM4
JARID2,4930402H24RIK
JARID2,ACP6
JARID2,ADAM23
JARID2,AFF1
JARID2,AHCY
JARID2,AKR1B3
JARID2,AKR1B8
JARID2,ALDH2
JARID2,ALG13
JARID2,ALPL
JARID2,AMOT
JARID2,ANXA5
JARID2,APBB1
JARID2,APLP1
JARID2,APOBEC3
JARID2,APOE
JARID2,APP
JARID2,AQP3
JARID2,AQP8
JARID2,ARHGAP29
JARID2,ARID3B
JARID2,ARNT2
JARID2,ARPC1B
JARID2,ASNS
JARID2,ASS1
JARID2,ATP13A3
JARID2,AU018091
JARID2,BACH2
JARID2,BCAT1
JARID2,BIN1
JARID2,BMP4
JARID2,BNC2
JARID2,BRCA1
JARID2,BRCA2
JARID2,BTG1
JARID2,BUB1B
JARID2,CALCOCO2
JARID2,CAR2
JARID2,CAR4
JARID2,CCNB1
JARID2,CCNB2
JARID2,CCND3
JARID2,CCNE1
JARID2,CD9
JARID2,CEBPZ
JARID2,CKB
JARID2,COBL
JARID2,COL18A1
JARID2,COX7A1
JARID2,CRABP2
JARID2,CRTAP
JARID2,CTBP1
JARID2,CTH
JARID2,CTNNAL1
JARID2,CUBN
JARID2,CUX2
JARID2,CYBA
JARID2,CYP26A1
JARID2,DAB2
JARID2,DCTPP1
JARID2,DDX20
JARID2,DDX21
JARID2,DDX58
JARID2,DENND2C
JARID2,DKC1
JARID2,DMRT1
JARID2,DPP4
JARID2,DPPA2
JARID2,DPPA4
JARID2,DUSP6
JARID2,DUSP9
JARID2,EBF1
JARID2,EBF4
JARID2,ECHDC2
JARID2,ECT2
JARID2,EDA2R
JARID2,EIF2S2
JARID2,EIF4EBP1
JARID2,ELAVL2
JARID2,ELF3
JARID2,ELL2
JARID2,EOMES
JARID2,EPHA2
JARID2,ERF
JARID2,ESPL1
JARID2,ESRRB
JARID2,ETL4
JARID2,ETV1
JARID2,ETV4
JARID2,ETV5
JARID2,FABP3
JARID2,FBXO15
JARID2,FBXO5
JARID2,FGF4
JARID2,FGFR3
JARID2,FN1
JARID2,FOXH1
JARID2,FOXQ1
JARID2,FRMD4A
JARID2,FRRS1
JARID2,GABBR1
JARID2,GABPA
JARID2,GCLM
JARID2,GCNT1
JARID2,GFPT2
JARID2,GGA2
JARID2,GJB3
JARID2,GLDC
JARID2,GNG2
JARID2,GNPDA1
JARID2,GPA33
JARID2,GRAMD1A
JARID2,GSR
JARID2,GSTA4
JARID2,HELLS
JARID2,HIST1H2AK
JARID2,HNF1B
JARID2,HSF2BP
JARID2,HSPB1
JARID2,HSPG2
JARID2,HTRA1
JARID2,ID4
JARID2,IFI30
JARID2,IFITM1
JARID2,IFITM2
JARID2,IFITM3
JARID2,IRF1
JARID2,ITGA6
JARID2,ITPK1
JARID2,JUN
JARID2,KANK3
JARID2,KAT2B
JARID2,KLF2
JARID2,KLF9
JARID2,KNTC1
JARID2,KRT18
JARID2,L1TD1
JARID2,L3MBTL2
JARID2,LAPTM5
JARID2,LEFTY1
JARID2,LEFTY2
JARID2,LMO4
JARID2,LRP2
JARID2,LRRC2
JARID2,LY6E
JARID2,LY75
JARID2,MANBA
JARID2,MARCKS
JARID2,MCM10
JARID2,MCM3
JARID2,MCM4
JARID2,MCM5
JARID2,MCM6
JARID2,MDN1
JARID2,MEG3
JARID2,MEIS1
JARID2,MEIS3
JARID2,MFSD10
JARID2,MME
JARID2,MORC4
JARID2,MOV10
JARID2,MPP1
JARID2,MPZL2
JARID2,MSH2
JARID2,MSH6
JARID2,MT1
JARID2,MTA3
JARID2,MTF2
JARID2,MYBBP1A
JARID2,MYBL2
JARID2,MYH9
JARID2,MYLPF
JARID2,NANOG
JARID2,NCOA3
JARID2,NDN
JARID2,NDRG1
JARID2,NDRG4
JARID2,NFATC2IP
JARID2,NFE2L2
JARID2,NFIA
JARID2,NFIB
JARID2,NOTCH1
JARID2,NOTUM
JARID2,NPL
JARID2,NR0B1
JARID2,NR2F2
JARID2,NR5A2
JARID2,NXF7
JARID2,ODC1
JARID2,OTX2
JARID2,PA2G4
JARID2,PAX6
JARID2,PAX8
JARID2,PCBD1
JARID2,PCNA
JARID2,PCSK6
JARID2,PDGFRA
JARID2,PDLIM1
JARID2,PDPN
JARID2,PFAS
JARID2,PHF20
JARID2,PIPOX
JARID2,PKNOX2
JARID2,PLA2G1B
JARID2,PLAT
JARID2,PLTP
JARID2,POLR1A
JARID2,POLR1B
JARID2,POU4F1
JARID2,POU5F1
JARID2,POU6F1
JARID2,PPP2R5A
JARID2,PRDM5
JARID2,PRDX1
JARID2,PROX1
JARID2,PRPS2
JARID2,PTPN3
JARID2,RAD51
JARID2,RAD54B
JARID2,RANBP17
JARID2,RANGRF
JARID2,RARG
JARID2,RBM47
JARID2,RBPMS2
JARID2,RDM1
JARID2,RENBP
JARID2,REST
JARID2,RHOX6
JARID2,RPL39L
JARID2,RPP25
JARID2,RRM2
JARID2,RRP1B
JARID2,RTN1
JARID2,RYBP
JARID2,SALL4
JARID2,SATB1
JARID2,SDC4
JARID2,SEC24D
JARID2,SENP3
JARID2,SERPINB6A
JARID2,SERPINB6C
JARID2,SETX
JARID2,SFMBT2
JARID2,SGK1
JARID2,SIRT1
JARID2,SIX1
JARID2,SLC16A1
JARID2,SLC16A6
JARID2,SLC17A9
JARID2,SLC1A5
JARID2,SLC7A3
JARID2,SLC7A5
JARID2,SLC7A7
JARID2,SMAD7
JARID2,SMARCC2
JARID2,SNHG1
JARID2,SNORD87
JARID2,SNX2
JARID2,SOX4
JARID2,SPOCK1
JARID2,SPP1
JARID2,SPRY2
JARID2,SPRY4
JARID2,SRGN
JARID2,SRM
JARID2,STAG3
JARID2,STARD8
JARID2,STAT4
JARID2,SUZ12
JARID2,TAF5
JARID2,TBRG1
JARID2,TBX3
JARID2,TCEA3
JARID2,TCF12
JARID2,TCF7
JARID2,TCL1
JARID2,TCOF1
JARID2,TDGF1
JARID2,TDH
JARID2,TET1
JARID2,TGIF1
JARID2,TIMP2
JARID2,TNS4
JARID2,TOP2A
JARID2,TOP2B
JARID2,TOX3
JARID2,TPD52
JARID2,TPX2
JARID2,TRIM13
JARID2,TRIM2
JARID2,TRIM25
JARID2,TRP53
JARID2,TSHZ3
JARID2,TTF2
JARID2,TUBA4A
JARID2,TUBB2B
JARID2,UCHL1
JARID2,UHRF1
JARID2,UNG
JARID2,UPP1
JARID2,USP28
JARID2,UTF1
JARID2,VAMP8
JARID2,VANGL1
JARID2,VEZF1
JARID2,VIM
JARID2,XRCC5
JARID2,XRCC6
JARID2,ZBTB20
JARID2,ZEB1
JARID2,ZEB2
JARID2,ZFP296
JARID2,ZFP42
JARID2,ZFP423
JARID2,ZFP600
JARID2,ZFP768
JARID2,ZIC3
JARID2,ZMYND11
JARID2,ZSCAN10
JARID2,ZSWIM4
KLF4,2200002D01RIK
KLF4,ABHD5
KLF4,ABTB1
KLF4,ACADM
KLF4,ACP6
KLF4,ADAM15
KLF4,ADAM19
KLF4,AES
KLF4,AFF1
KLF4,AGPAT4
KLF4,AHNAK
KLF4,AIRE
KLF4,AKR1B8
KLF4,ALDH2
KLF4,ALG13
KLF4,AMFR
KLF4,AMOT
KLF4,AMOTL2
KLF4,ANKRD6
KLF4,ANP32A
KLF4,ANXA2
KLF4,APOBEC3
KLF4,APOE
KLF4,APP
KLF4,AQP3
KLF4,AQP8
KLF4,ARHGAP29
KLF4,ARHGEF5
KLF4,ARID3B
KLF4,ARID5B
KLF4,ARNT2
KLF4,ASS1
KLF4,ASXL1
KLF4,ATF3
KLF4,ATG16L2
KLF4,ATP1B1
KLF4,BACH2
KLF4,BAG2
KLF4,BARX1
KLF4,BASP1
KLF4,BAZ1A
KLF4,BCAS3
KLF4,BCAT1
KLF4,BCL3
KLF4,BEND5
KLF4,BEX1
KLF4,BMP4
KLF4,BNC2
KLF4,BNIP3
KLF4,BRCA2
KLF4,BRWD1
KLF4,CACHD1
KLF4,CALCOCO2
KLF4,CALD1
KLF4,CAR2
KLF4,CAR4
KLF4,CBX4
KLF4,CBX7
KLF4,CBX8
KLF4,CCND2
KLF4,CCND3
KLF4,CCNE1
KLF4,CCNG1
KLF4,CD63
KLF4,CD9
KLF4,CDC20
KLF4,CDC42SE2
KLF4,CDIPT
KLF4,CDKN1A
KLF4,CHD5
KLF4,CHD7
KLF4,CHST15
KLF4,CITED1
KLF4,CKB
KLF4,CLDN6
KLF4,CLIC1
KLF4,CLN6
KLF4,CNN2
KLF4,CNOT6
KLF4,CNOT6L
KLF4,COBL
KLF4,COBLL1
KLF4,COL4A1
KLF4,COTL1
KLF4,CPM
KLF4,CRABP2
KLF4,CREB3
KLF4,CRIP2
KLF4,CRTAP
KLF4,CRYAB
KLF4,CSRP1
KLF4,CSTB
KLF4,CTH
KLF4,CTNNAL1
KLF4,CTNNBIP1
KLF4,CTSD
KLF4,CUBN
KLF4,CUX2
KLF4,CYP26A1
KLF4,DAB2
KLF4,DDAH1
KLF4,DDAH2
KLF4,DDX54
KLF4,DDX58
KLF4,DENND2C
KLF4,DKK1
KLF4,DMRT1
KLF4,DNAJC10
KLF4,DNMT3A
KLF4,DPP4
KLF4,DTX1
KLF4,DUSP3
KLF4,DUSP9
KLF4,E2F2
KLF4,EBF1
KLF4,EBF4
KLF4,EGR1
KLF4,EHD1
KLF4,EHMT2
KLF4,EIF2S2
KLF4,ELAVL2
KLF4,ELK4
KLF4,ELL3
KLF4,ELOVL6
KLF4,EMP2
KLF4,EOMES
KLF4,EPAS1
KLF4,EPHA2
KLF4,EPHA4
KLF4,EPS8
KLF4,ESRRB
KLF4,ETV4
KLF4,ETV5
KLF4,ETV6
KLF4,EYA1
KLF4,F2R
KLF4,FAHD2A
KLF4,FAM102A
KLF4,FAM129B
KLF4,FBLIM1
KLF4,FDPS
KLF4,FGF10
KLF4,FGF3
KLF4,FGF4
KLF4,FGFR4
KLF4,FHL2
KLF4,FKBP11
KLF4,FLRT3
KLF4,FN1
KLF4,FNDC3B
KLF4,FOSL2
KLF4,FOXA2
KLF4,FOXN3
KLF4,FOXP1
KLF4,FOXQ1
KLF4,FRMD4A
KLF4,FRRS1
KLF4,FXYD6
KLF4,GAA
KLF4,GABARAPL2
KLF4,GALNT2
KLF4,GAS6
KLF4,GATA4
KLF4,GATA6
KLF4,GBX2
KLF4,GCNT1
KLF4,GDPD5
KLF4,GFPT1
KLF4,GFPT2
KLF4,GGTA1
KLF4,GHR
KLF4,GJA1
KLF4,GJB3
KLF4,GLI2
KLF4,GLIPR2
KLF4,GLIS2
KLF4,GLUL
KLF4,GNAS
KLF4,GNG2
KLF4,GORASP2
KLF4,GPA33
KLF4,GPRC5C
KLF4,GRAMD1A
KLF4,GRB10
KLF4,GRIN1
KLF4,GSN
KLF4,GSTA4
KLF4,GTF2A1L
KLF4,GTF2I
KLF4,H1F0
KLF4,HDAC11
KLF4,HELLS
KLF4,HES1
KLF4,HES6
KLF4,HEXIM1
KLF4,HIF1A
KLF4,HIP1
KLF4,HIST1H2BB
KLF4,HIST1H2BK
KLF4,HIST1H2BN
KLF4,HIVEP2
KLF4,HKDC1
KLF4,HMGA2
KLF4,HMGCS1
KLF4,HMGXB3
KLF4,HOOK1
KLF4,HOPX
KLF4,HSD17B14
KLF4,HSF2
KLF4,HSF2BP
KLF4,HSPA8
KLF4,HSPB1
KLF4,HSPG2
KLF4,HTRA1
KLF4,ICAM1
KLF4,ID2
KLF4,ID3
KLF4,IFITM1
KLF4,IFITM3
KLF4,IGFBP2
KLF4,IL33
KLF4,ILF3
KLF4,ING3
KLF4,IRF1
KLF4,IRF2
KLF4,IRF6
KLF4,ITGA9
KLF4,ITGAV
KLF4,ITM2B
KLF4,ITPK1
KLF4,JAM2
KLF4,JDP2
KLF4,JUN
KLF4,JUND
KLF4,KANK2
KLF4,KAT2B
KLF4,KCNG1
KLF4,KDELR3
KLF4,KDM3A
KLF4,KLF10
KLF4,KLF15
KLF4,KLF2
KLF4,KLF3
KLF4,KLF8
KLF4,KRT17
KLF4,KRT18
KLF4,KRT19
KLF4,KRT42
KLF4,KRT8
KLF4,LAD1
KLF4,LAMA1
KLF4,LAMA5
KLF4,LAMC1
KLF4,LAMP2
KLF4,LAPTM5
KLF4,LASP1
KLF4,LDB1
KLF4,LDHB
KLF4,LEFTY1
KLF4,LEFTY2
KLF4,LGALS3
KLF4,LGMN
KLF4,LIFR
KLF4,LIMCH1
KLF4,LIPG
KLF4,LMO4
KLF4,LRP2
KLF4,LRPAP1
KLF4,LRRC2
KLF4,LRRC8D
KLF4,LTBP4
KLF4,LY75
KLF4,MANBA
KLF4,MAPK11
KLF4,MAPK13
KLF4,MAPK8
KLF4,MAPKAPK2
KLF4,MARCKS
KLF4,MATR3
KLF4,MCFD2
KLF4,MCM10
KLF4,MCM6
KLF4,ME1
KLF4,MEG3
KLF4,MEIS1
KLF4,MEIS3
KLF4,MFGE8
KLF4,MLLT1
KLF4,MLXIP
KLF4,MME
KLF4,MORC4
KLF4,MOV10
KLF4,MPZL2
KLF4,MRAS
KLF4,MSC
KLF4,MSH6
KLF4,MTF2
KLF4,MXD4
KLF4,MYC
KLF4,MYCN
KLF4,MYLPF
KLF4,MYO18A
KLF4,MYO1C
KLF4,MYO6
KLF4,MYO7A
KLF4,NAGK
KLF4,NANOG
KLF4,NCOA6
KLF4,NDN
KLF4,NDRG1
KLF4,NFATC2IP
KLF4,NFATC3
KLF4,NFATC4
KLF4,NFE2L1
KLF4,NFE2L2
KLF4,NFIB
KLF4,NFIC
KLF4,NFKBIA
KLF4,NID1
KLF4,NIPSNAP1
KLF4,NME2
KLF4,NOTCH4
KLF4,NOTUM
KLF4,NPAS2
KLF4,NR0B1
KLF4,NR1D2
KLF4,NR2F6
KLF4,NR4A1
KLF4,NR5A2
KLF4,NRG2
KLF4,NSD1
KLF4,NSMAF
KLF4,NUPR1
KLF4,NXF7
KLF4,OBSL1
KLF4,OTX2
KLF4,P4HA2
KLF4,PARVB
KLF4,PATZ1
KLF4,PAX1
KLF4,PAX6
KLF4,PAX8
KLF4,PBXIP1
KLF4,PCBD1
KLF4,PCOLCE
KLF4,PCOLCE2
KLF4,PCSK6
KLF4,PDE4DIP
KLF4,PDGFA
KLF4,PDGFRA
KLF4,PDK1
KLF4,PDLIM1
KLF4,PDPN
KLF4,PEG10
KLF4,PER1
KLF4,PFKP
KLF4,PGA5
KLF4,PHC1
KLF4,PHF12
KLF4,PHF20
KLF4,PHGDH
KLF4,PHLDA3
KLF4,PIK3R1
KLF4,PITX1
KLF4,PITX2
KLF4,PLAG1
KLF4,PLAUR
KLF4,PLOD1
KLF4,PLSCR1
KLF4,PLTP
KLF4,PLXNB2
KLF4,PODXL
KLF4,POLE4
KLF4,POLR1B
KLF4,POU4F2
KLF4,POU5F1
KLF4,POU6F1
KLF4,PRDM1
KLF4,PRDM5
KLF4,PROX1
KLF4,PRPS2
KLF4,PRRX2
KLF4,PRSS35
KLF4,PSAP
KLF4,PSME2
KLF4,PTPN14
KLF4,PTPN3
KLF4,PXDN
KLF4,RAB11A
KLF4,RAB3IL1
KLF4,RAD54B
KLF4,RAI14
KLF4,RANBP17
KLF4,RAPGEF3
KLF4,RARG
KLF4,RASGRP2
KLF4,RB1
KLF4,RBPJ
KLF4,RBPMS2
KLF4,RCN3
KLF4,RENBP
KLF4,REST
KLF4,REV1
KLF4,RFX2
KLF4,RFXAP
KLF4,RHPN1
KLF4,RIAN
KLF4,RLIM
KLF4,RMND5B
KLF4,RNF19A
KLF4,RNF2
KLF4,RNF6
KLF4,RNPEP
KLF4,RPL5
KLF4,RPP25
KLF4,RTN1
KLF4,RUNX3
KLF4,S100A6
KLF4,SAP30
KLF4,SATB1
KLF4,SATB2
KLF4,SEMA4C
KLF4,SERPINB6C
KLF4,SERPINE2
KLF4,SERPING1
KLF4,SERPINH1
KLF4,SETD7
KLF4,SFI1
KLF4,SFMBT2
KLF4,SFPQ
KLF4,SHF
KLF4,SHISA5
KLF4,SIDT2
KLF4,SIX1
KLF4,SKIL
KLF4,SLC16A1
KLF4,SLC16A6
KLF4,SLC17A9
KLF4,SLC1A5
KLF4,SLC20A1
KLF4,SLC25A39
KLF4,SLC25A4
KLF4,SLC26A10
KLF4,SLC35F5
KLF4,SLC38A2
KLF4,SLC5A11
KLF4,SLC6A6
KLF4,SLC6A8
KLF4,SLC7A3
KLF4,SLC7A7
KLF4,SLCO3A1
KLF4,SMAD7
KLF4,SMARCAD1
KLF4,SMARCD1
KLF4,SMS
KLF4,SMURF1
KLF4,SNAI1
KLF4,SNAPC3
KLF4,SNHG1
KLF4,SNURF
KLF4,SNX1
KLF4,SOAT1
KLF4,SOCS2
KLF4,SOX15
KLF4,SOX17
KLF4,SOX4
KLF4,SP8
KLF4,SPARC
KLF4,SPP1
KLF4,SPRY4
KLF4,SRF
KLF4,SRGN
KLF4,SSB
KLF4,SSBP4
KLF4,ST5
KLF4,STARD10
KLF4,STARD8
KLF4,STAT4
KLF4,STMN1
KLF4,SUN1
KLF4,SURF4
KLF4,SUSD2
KLF4,SYNE2
KLF4,TADA3
KLF4,TAF5
KLF4,TAGLN2
KLF4,TAX1BP3
KLF4,TBX18
KLF4,TBX3
KLF4,TCEA3
KLF4,TCF20
KLF4,TCF7L2
KLF4,TCL1
KLF4,TCN2
KLF4,TEAD1
KLF4,TEAD3
KLF4,TEAD4
KLF4,TET2
KLF4,TGFB1
KLF4,TGFB1I1
KLF4,TGFBR3
KLF4,TGIF1
KLF4,TGM1
KLF4,THBD
KLF4,TINAGL1
KLF4,TMEM150A
KLF4,TMEM231
KLF4,TNS1
KLF4,TNS4
KLF4,TOP2B
KLF4,TOX3
KLF4,TPD52
KLF4,TPI1
KLF4,TRH
KLF4,TRIM13
KLF4,TRIM2
KLF4,TRIM25
KLF4,TRPS1
KLF4,TUBA4A
KLF4,TUBB2B
KLF4,TXNIP
KLF4,TYRO3
KLF4,UAP1
KLF4,UPP1
KLF4,USP28
KLF4,UTF1
KLF4,VAMP8
KLF4,VANGL1
KLF4,VCAN
KLF4,VEGFA
KLF4,VEZF1
KLF4,VILL
KLF4,VKORC1
KLF4,WDR45
KLF4,WWTR1
KLF4,XAF1
KLF4,XBP1
KLF4,XRCC6
KLF4,ZBTB10
KLF4,ZBTB20
KLF4,ZBTB24
KLF4,ZBTB32
KLF4,ZBTB38
KLF4,ZBTB43
KLF4,ZBTB7A
KLF4,ZDHHC15
KLF4,ZEB1
KLF4,ZEB2
KLF4,ZFHX3
KLF4,ZFP219
KLF4,ZFP275
KLF4,ZFP277
KLF4,ZFP281
KLF4,ZFP296
KLF4,ZFP367
KLF4,ZFP42
KLF4,ZFP423
KLF4,ZFP532
KLF4,ZFP57
KLF4,ZFP768
KLF4,ZFPM1
KLF4,ZFYVE21
KLF4,ZHX3
KLF4,ZIC3
KLF4,ZYX
MEF2C,4930402H24RIK
MEF2C,ACP6
MEF2C,ADAM23
MEF2C,ALG13
MEF2C,ANXA5
MEF2C,ARHGAP32
MEF2C,ARID5B
MEF2C,ARL6IP5
MEF2C,ARNTL
MEF2C,BACH2
MEF2C,BMP6
MEF2C,CALCOCO2
MEF2C,CAR2
MEF2C,CCND1
MEF2C,CCND2
MEF2C,CHST15
MEF2C,CLIC1
MEF2C,COTL1
MEF2C,CRABP2
MEF2C,CREB3L2
MEF2C,CRYAB
MEF2C,CST3
MEF2C,CYP26A1
MEF2C,DAB2
MEF2C,DDAH2
MEF2C,DIDO1
MEF2C,DNMT3A
MEF2C,DUSP9
MEF2C,EIF2S2
MEF2C,EMP2
MEF2C,EPAS1
MEF2C,ETS1
MEF2C,EYA1
MEF2C,FABP3
MEF2C,FBXO15
MEF2C,FGF10
MEF2C,FHL2
MEF2C,FNDC3B
MEF2C,FOXP1
MEF2C,FRMD4A
MEF2C,GGTA1
MEF2C,GJB3
MEF2C,GSN
MEF2C,HOPX
MEF2C,HTRA1
MEF2C,ILDR1
MEF2C,IRF2
MEF2C,ITGA9
MEF2C,JAM2
MEF2C,JDP2
MEF2C,KIT
MEF2C,KLF2
MEF2C,KLF8
MEF2C,KRT17
MEF2C,LAD1
MEF2C,LAMA1
MEF2C,LRP2
MEF2C,LRPAP1
MEF2C,LRRC2
MEF2C,LY6G6E
MEF2C,LY75
MEF2C,MAFK
MEF2C,MEF2D
MEF2C,MEIS1
MEF2C,MSC
MEF2C,MYC
MEF2C,MYLPF
MEF2C,MYO18A
MEF2C,MYO5B
MEF2C,NDRG4
MEF2C,NFATC4
MEF2C,NFIL3
MEF2C,NFKBIA
MEF2C,NOTCH1
MEF2C,NOTUM
MEF2C,NPAS2
MEF2C,NR5A2
MEF2C,NRG1
MEF2C,OVOL1
MEF2C,PAX8
MEF2C,PGA5
MEF2C,PIPOX
MEF2C,PITX2
MEF2C,PLSCR1
MEF2C,POU4F2
MEF2C,POU6F1
MEF2C,PRDM1
MEF2C,PROX1
MEF2C,PRPS2
MEF2C,PRSS35
MEF2C,PTH1R
MEF2C,RAPGEF3
MEF2C,RFX2
MEF2C,SATB2
MEF2C,SERPINH1
MEF2C,SERTAD2
MEF2C,SH3PXD2B
MEF2C,SHROOM3
MEF2C,SLC6A8
MEF2C,SMARCA2
MEF2C,SOAT1
MEF2C,SP8
MEF2C,SPP1
MEF2C,STARD8
MEF2C,STAT4
MEF2C,SUSD2
MEF2C,TAF6L
MEF2C,TBX18
MEF2C,TBX3
MEF2C,TCEA3
MEF2C,TCL1
MEF2C,TDGF1
MEF2C,TDH
MEF2C,TET2
MEF2C,ULK1
MEF2C,ZEB2
MEF2C,ZFP42
MEF2C,ZFP710
MSC,2410141K09RIK
MSC,AMOT
MSC,ANKRD6
MSC,APOE
MSC,APP
MSC,B2M
MSC,BARX1
MSC,BASP1
MSC,BMI1
MSC,BMPER
MSC,CFC1
MSC,CHCHD10
MSC,CLDN6
MSC,COTL1
MSC,CRABP2
MSC,CSRP1
MSC,CUBN
MSC,CUX2
MSC,DAB2
MSC,DDIT3
MSC,DKK1
MSC,DMRT1
MSC,E2F2
MSC,EBF1
MSC,EBF4
MSC,ELF4
MSC,EPAS1
MSC,FHL2
MSC,FOXA2
MSC,GABBR1
MSC,GATA3
MSC,GATA6
MSC,GJB3
MSC,GLIPR1
MSC,GLIPR2
MSC,GLS
MSC,GRIN1
MSC,HIST1H2AF
MSC,HIST1H2AI
MSC,HIST1H4K
MSC,HOXD13
MSC,HSPA8
MSC,HSPB1
MSC,HTRA1
MSC,ID2
MSC,ID3
MSC,ID4
MSC,IRF1
MSC,KLB
MSC,KLF13
MSC,KRT17
MSC,KRT42
MSC,LAMA1
MSC,LAMP2
MSC,LAPTM5
MSC,LDHB
MSC,LEFTY1
MSC,LY6E
MSC,MCAM
MSC,MDK
MSC,MEIS1
MSC,MKX
MSC,MRAS
MSC,NFATC1
MSC,NOTCH1
MSC,NOTCH4
MSC,NOTUM
MSC,NSMAF
MSC,PAX6
MSC,PAX8
MSC,PBXIP1
MSC,PDGFRA
MSC,PDPN
MSC,PKNOX2
MSC,PLAUR
MSC,POU5F1
MSC,POU6F1
MSC,PRDM1
MSC,PSME2
MSC,PTH1R
MSC,RAPGEF3
MSC,RBM47
MSC,RHOX6
MSC,SERPINB6C
MSC,SFMBT2
MSC,SHROOM3
MSC,SNORA62
MSC,SNX25
MSC,SORD
MSC,SOX17
MSC,SP8
MSC,SPEN
MSC,SPNS2
MSC,SRGN
MSC,ST3GAL6
MSC,STAT4
MSC,STAT5B
MSC,TBX18
MSC,TBX3
MSC,TCEA3
MSC,TCL1
MSC,TINAGL1
MSC,TNS4
MSC,VIM
MSC,ZDHHC15
MYBL2,ARL6IP5
MYBL2,BMI1
MYBL2,CAR4
MYBL2,CRABP2
MYBL2,CUBN
MYBL2,CUX2
MYBL2,DAB2
MYBL2,DDIT3
MYBL2,DKK1
MYBL2,EMX2
MYBL2,EP300
MYBL2,FABP3
MYBL2,FGF3
MYBL2,FHL2
MYBL2,FOXA2
MYBL2,FRMD4A
MYBL2,GATA4
MYBL2,GATA6
MYBL2,GGTA1
MYBL2,GRIN1
MYBL2,HIST1H1D
MYBL2,HSPA8
MYBL2,KLB
MYBL2,KRT18
MYBL2,KRT19
MYBL2,KRT8
MYBL2,LAMP2
MYBL2,LAPTM5
MYBL2,LHX2
MYBL2,LY6G6E
MYBL2,MED12
MYBL2,MYO6
MYBL2,NUPR1
MYBL2,OVOL1
MYBL2,PAX8
MYBL2,PRPS2
MYBL2,SERPINH1
MYBL2,SIDT2
MYBL2,SNORA62
MYBL2,SRGN
MYBL2,SUN2
MYBL2,TAGLN2
MYBL2,TBX18
MYBL2,TBX3
MYBL2,TEAD1
MYBL2,TGM1
MYBL2,THBD
MYBL2,TMED9
MYBL2,ZBTB32
MYC,4930402H24RIK
MYC,AATF
MYC,ADAM23
MYC,ADAMTS9
MYC,AFF1
MYC,AIRE
MYC,AKR1B8
MYC,AKT1
MYC,ALPL
MYC,AMOTL2
MYC,APOE
MYC,ARNT2
MYC,ARNTL
MYC,ATF7
MYC,BARX1
MYC,BASP1
MYC,BAZ1A
MYC,BCAM
MYC,BEND5
MYC,BMP6
MYC,CACHD1
MYC,CALD1
MYC,CAR2
MYC,CFC1
MYC,CHN2
MYC,COMMD3
MYC,DDAH2
MYC,DDX58
MYC,DPP4
MYC,DTX1
MYC,DUSP6
MYC,EBF1
MYC,EBF4
MYC,EGR1
MYC,ELAVL2
MYC,ELF1
MYC,ENAH
MYC,EPAS1
MYC,EPHA4
MYC,ETV1
MYC,F2R
MYC,FGF10
MYC,FGFR4
MYC,FKBP11
MYC,FOXD3
MYC,FST
MYC,FXYD6
MYC,GABBR1
MYC,GATA3
MYC,GBX2
MYC,GHR
MYC,GJB3
MYC,GLS
MYC,GNPTAB
MYC,GPRC5C
MYC,HIVEP2
MYC,HSPB1
MYC,HTRA1
MYC,IDI1
MYC,IFI30
MYC,ILDR1
MYC,IMPDH1
MYC,ISYNA1
MYC,ITM2B
MYC,KAT2B
MYC,LAPTM5
MYC,LEFTY1
MYC,LEFTY2
MYC,LGALS3
MYC,LIMCH1
MYC,LMO4
MYC,LRP2
MYC,MAFK
MYC,MANBA
MYC,MATR3
MYC,MEG3
MYC,MEIS1
MYC,MLXIPL
MYC,MOV10
MYC,MRAS
MYC,MT1
MYC,MYCN
MYC,MYO6
MYCN,ADAM23
MYC,NAGK
MYCN,AIRE
MYCN,ARNTL
MYCN,BMP6
MYCN,CMKLR1
MYCN,CYP26A1
MYCN,DDAH1
MYCN,EBF1
MYCN,ELAVL2
MYCN,EP300
MYC,NFATC4
MYCN,FKBP11
MYCN,FOXA2
MYCN,FOXJ3
MYCN,FRMD4A
MYCN,GATA3
MYCN,GATA6
MYCN,GDPD5
MYCN,GRHL1
MYCN,HIST1H2BN
MYCN,HSPG2
MYCN,INSIG1
MYCN,LEFTY1
MYCN,LEFTY2
MYCN,MAML3
MYC,NME2
MYCN,MKX
MYCN,MPZL2
MYCN,NFATC4
MYCN,NR1D1
MYCN,NR1D2
MYCN,NR1H2
MYCN,NRG2
MYC,NOTUM
MYC,NR0B1
MYC,NR1D1
MYC,NR1D2
MYCN,RAPGEF3
MYC,NRG1
MYCN,RUNX1
MYCN,SERPING1
MYCN,SLC16A1
MYCN,SLC7A6
MYCN,STAG3
MYCN,STAT5A
MYCN,TCL1
MYCN,TINAGL1
MYCN,TNS4
MYCN,UNG
MYCN,XAF1
MYC,PAX8
MYC,PDGFA
MYC,PHC1
MYC,PHGDH
MYC,PHLDB2
MYC,PIAS3
MYC,PITX1
MYC,PITX2
MYC,PODXL
MYC,PRSS35
MYC,PSME2
MYC,PTH1R
MYC,RBMS1
MYC,RIAN
MYC,RPP25
MYC,SDC4
MYC,SERPINB6C
MYC,SERPING1
MYC,SETX
MYC,SFMBT2
MYC,SGK1
MYC,SLC16A1
MYC,SLC7A6
MYC,SNURF
MYC,SP8
MYC,SPP1
MYC,SRM
MYC,SSBP4
MYC,SUSD2
MYC,SYNE2
MYC,TBX18
MYC,TDGF1
MYC,TEAD3
MYC,TEAD4
MYC,TGFB1
MYC,TGFB1I1
MYC,TIMP3
MYC,TMSB4X
MYC,TNS4
MYC,TOX3
MYC,TRIM2
MYC,TSPAN4
MYC,VIM
MYC,WWTR1
MYC,ZBTB20
MYC,ZEB2
MYC,ZFP423
MYC,ZIC3
MYC,ZYX
NANOG,2200002D01RIK
NANOG,ABHD5
NANOG,ABTB1
NANOG,ACP6
NANOG,ADAMTS9
NANOG,AES
NANOG,AHNAK
NANOG,AIRE
NANOG,AKAP12
NANOG,AKT1
NANOG,ALDH2
NANOG,AMOTL2
NANOG,ANKRD6
NANOG,ANP32A
NANOG,ANXA5
NANOG,APLP1
NANOG,APOBEC3
NANOG,APP
NANOG,ARHGAP21
NANOG,ARHGAP29
NANOG,ARHGEF5
NANOG,ARL6IP5
NANOG,ARPC1B
NANOG,ASH1L
NANOG,ASXL1
NANOG,B2M
NANOG,BACH2
NANOG,BASP1
NANOG,BIN1
NANOG,BMI1
NANOG,BMP4
NANOG,BNIP3
NANOG,BRD7
NANOG,BTAF1
NANOG,BTG1
NANOG,BTG2
NANOG,CACHD1
NANOG,CALCOCO2
NANOG,CALD1
NANOG,CAR2
NANOG,CAR4
NANOG,CBX4
NANOG,CCND1
NANOG,CENPV
NANOG,CITED2
NANOG,CLDN6
NANOG,CLN6
NANOG,CMKLR1
NANOG,CNN2
NANOG,CNOT6
NANOG,COBL
NANOG,COBLL1
NANOG,COL4A1
NANOG,COL4A2
NANOG,COMMD3
NANOG,COX7A1
NANOG,CR1L
NANOG,CRABP2
NANOG,CREB3
NANOG,CSRP1
NANOG,CSRP2
NANOG,D230025D16RIK
NANOG,DAB2
NANOG,DAP
NANOG,DDAH2
NANOG,DDB2
NANOG,DENND2C
NANOG,DKK1
NANOG,DMRT1
NANOG,DPP4
NANOG,DTX1
NANOG,DUSP3
NANOG,DUSP6
NANOG,DUSP9
NANOG,E2F2
NANOG,E2F6
NANOG,EBF4
NANOG,ECHDC2
NANOG,EGR1
NANOG,EIF4A-PS4
NANOG,ELF3
NANOG,ELL3
NANOG,EOMES
NANOG,ESPL1
NANOG,ESRRB
NANOG,ETV4
NANOG,ETV5
NANOG,FBLIM1
NANOG,FGF3
NANOG,FGF4
NANOG,FGFR4
NANOG,FN1
NANOG,FNDC3B
NANOG,FOXO3
NANOG,FUT8
NANOG,FXYD6
NANOG,GATA3
NANOG,GATA4
NANOG,GATA6
NANOG,GBX2
NANOG,GCLM
NANOG,GFPT1
NANOG,GFPT2
NANOG,GJA1
NANOG,GJB3
NANOG,GLI1
NANOG,GLI2
NANOG,GLIPR1
NANOG,GLIS2
NANOG,GM13597
NANOG,GNG10
NANOG,GNPDA1
NANOG,GRIN1
NANOG,GSN
NANOG,GSTA4
NANOG,GTF2I
NANOG,H1F0
NANOG,HDAC11
NANOG,HIF1A
NANOG,HIST1H2BB
NANOG,HIST1H4K
NANOG,HK2
NANOG,HKDC1
NANOG,HMGXB4
NANOG,HS3ST1
NANOG,HSF2BP
NANOG,HSPA5
NANOG,HSPG2
NANOG,HSPH1
NANOG,ICAM1
NANOG,ID2
NANOG,IDI1
NANOG,IER2
NANOG,IFITM1
NANOG,IFITM2
NANOG,IGFBP2
NANOG,ILDR1
NANOG,ILK
NANOG,IQSEC1
NANOG,ISYNA1
NANOG,ITGAV
NANOG,JAM2
NANOG,KANK2
NANOG,KANK3
NANOG,KDELR3
NANOG,KIT
NANOG,KLB
NANOG,KLF10
NANOG,KLF2
NANOG,KLF4
NANOG,KLF6
NANOG,KRT17
NANOG,KRT18
NANOG,KRT19
NANOG,KRT42
NANOG,KRT8
NANOG,LAD1
NANOG,LDB1
NANOG,LDHB
NANOG,LDLRAP1
NANOG,LEFTY1
NANOG,LGALS3
NANOG,LIMCH1
NANOG,LIPG
NANOG,LOXL2
NANOG,LRP2
NANOG,LRPAP1
NANOG,LRRC2
NANOG,MAFK
NANOG,MAN1A
NANOG,MANBA
NANOG,MARCKS
NANOG,MCAM
NANOG,MCM6
NANOG,MDM2
NANOG,MEIS1
NANOG,MKRN1
NANOG,MORC4
NANOG,MOV10
NANOG,MPP1
NANOG,MRAS
NANOG,MSL3
NANOG,MTA3
NANOG,MYBL2
NANOG,MYC
NANOG,MYCN
NANOG,MYH9
NANOG,MYLPF
NANOG,MYO1C
NANOG,MYO5B
NANOG,NAA15
NANOG,NCAPD2
NANOG,NIPSNAP1
NANOG,NOTCH2
NANOG,NOTCH4
NANOG,NOTUM
NANOG,NR0B1
NANOG,NRG1
NANOG,NUPR1
NANOG,NXF7
NANOG,OAT
NANOG,OTX2
NANOG,PARVA
NANOG,PARVB
NANOG,PCOLCE
NANOG,PCOLCE2
NANOG,PDE4DIP
NANOG,PDGFA
NANOG,PDK1
NANOG,PEG10
NANOG,PFKL
NANOG,PFKP
NANOG,PHC1
NANOG,PHLDA3
NANOG,PHLDB2
NANOG,PIPOX
NANOG,PITPNC1
NANOG,PITX2
NANOG,PKNOX2
NANOG,PLA2G1B
NANOG,PLAT
NANOG,PLAUR
NANOG,PLK2
NANOG,PLOD1
NANOG,PODXL
NANOG,POLR3B
NANOG,POU4F2
NANOG,POU5F1
NANOG,PROX1
NANOG,PRRX2
NANOG,PRSS35
NANOG,PSAP
NANOG,PSIP1
NANOG,QDPR
NANOG,RAB3IL1
NANOG,RAPGEF3
NANOG,RARA
NANOG,RASGRP2
NANOG,RBMS1
NANOG,RCN3
NANOG,REST
NANOG,RHOX5
NANOG,RHOX6
NANOG,RMND5B
NANOG,RPP25
NANOG,RPS6KA6
NANOG,RRBP1
NANOG,RUNX3
NANOG,S100A6
NANOG,SALL1
NANOG,SAP30
NANOG,SATB1
NANOG,SATB2
NANOG,SDC4
NANOG,SDF2L1
NANOG,SEMA4C
NANOG,SERPINB6C
NANOG,SERPINE2
NANOG,SERPING1
NANOG,SETD7
NANOG,SFMBT2
NANOG,SGK1
NANOG,SHROOM3
NANOG,SIN3B
NANOG,SLC17A9
NANOG,SLC25A36
NANOG,SLC25A39
NANOG,SLC7A3
NANOG,SLC7A7
NANOG,SLC9A6
NANOG,SNAI1
NANOG,SNX1
NANOG,SOS2
NANOG,SOX17
NANOG,SOX2
NANOG,SOX7
NANOG,SP8
NANOG,SPARC
NANOG,SPP1
NANOG,SPRY4
NANOG,SRGN
NANOG,SRI
NANOG,SSBP4
NANOG,STAG3
NANOG,STARD10
NANOG,STARD8
NANOG,TAF9
NANOG,TAGLN2
NANOG,TAX1BP3
NANOG,TBL1X
NANOG,TBRG1
NANOG,TCEA3
NANOG,TCF12
NANOG,TCF15
NANOG,TCL1
NANOG,TDGF1
NANOG,TDH
NANOG,TEAD3
NANOG,TEAD4
NANOG,TET2
NANOG,TGIF1
NANOG,TGM1
NANOG,TINAGL1
NANOG,TMED2
NANOG,TNS4
NANOG,TPI1
NANOG,TPM1
NANOG,TPM4
NANOG,TRH
NANOG,TRIB3
NANOG,TRPS1
NANOG,TUBB2B
NANOG,TUBB6
NANOG,TULP3
NANOG,TXNIP
NANOG,TYRO3
NANOG,USP28
NANOG,UTF1
NANOG,VAMP8
NANOG,VEGFA
NANOG,VIM
NANOG,WDR1
NANOG,WWTR1
NANOG,XRCC5
NANOG,YAF2
NANOG,ZBTB10
NANOG,ZBTB32
NANOG,ZBTB43
NANOG,ZBTB7A
NANOG,ZFAND3
NANOG,ZFP296
NANOG,ZFP423
NANOG,ZFP532
NANOG,ZFP57
NANOG,ZYX
NR0B1,ASS1
NR0B1,CALCOCO2
NR0B1,CHCHD10
NR0B1,CNOT6
NR0B1,COBL
NR0B1,D230025D16RIK
NR0B1,DDIT3
NR0B1,DPP4
NR0B1,ELAVL2
NR0B1,EMX2
NR0B1,FBXO15
NR0B1,GABARAPL2
NR0B1,GGTA1
NR0B1,GJB3
NR0B1,GLIPR1
NR0B1,ICAM1
NR0B1,ITPK1
NR0B1,JAM2
NR0B1,KDELR3
NR0B1,KIT
NR0B1,KLF4
NR0B1,KRT17
NR0B1,LAMP2
NR0B1,MSC
NR0B1,MSX2
NR0B1,MT1
NR0B1,MYLPF
NR0B1,NOTCH4
NR0B1,NPL
NR0B1,NR2C1
NR0B1,OTX2
NR0B1,PLXNA1
NR0B1,RFX2
NR0B1,RHOX6
NR0B1,SDCBP
NR0B1,SDF2L1
NR0B1,SERPINH1
NR0B1,SGK1
NR0B1,SP8
NR0B1,SQSTM1
NR0B1,SSBP4
NR0B1,TBX3
NR0B1,TMEM144
NR0B1,TMEM231
NR0B1,ZFP36L1
NR5A2,2200002D01RIK
NR5A2,2410141K09RIK
NR5A2,AES
NR5A2,AMOT
NR5A2,ANP32A
NR5A2,ARL6IP5
NR5A2,ARNT2
NR5A2,ATF3
NR5A2,ATF5
NR5A2,BASP1
NR5A2,BMPER
NR5A2,BTG1
NR5A2,CAR4
NR5A2,CDKN1A
NR5A2,CHCHD10
NR5A2,CITED1
NR5A2,CLDN6
NR5A2,CLN6
NR5A2,CNDP2
NR5A2,COX7A1
NR5A2,CRABP2
NR5A2,CTSD
NR5A2,CUBN
NR5A2,DAB2
NR5A2,DDAH2
NR5A2,DDIT3
NR5A2,DKK1
NR5A2,DPP4
NR5A2,EBF1
NR5A2,EBF4
NR5A2,ELF1
NR5A2,ELF4
NR5A2,ELL2
NR5A2,ELOVL6
NR5A2,ETV3
NR5A2,EYA1
NR5A2,FGF4
NR5A2,FHL2
NR5A2,FLRT3
NR5A2,FOXA2
NR5A2,GAA
NR5A2,GABARAPL1
NR5A2,GABARAPL2
NR5A2,GBX2
NR5A2,GLI1
NR5A2,GLIPR1
NR5A2,GLIPR2
NR5A2,GNG10
NR5A2,HABP2
NR5A2,HIP1
NR5A2,HIST1H2BN
NR5A2,HOPX
NR5A2,HS3ST1
NR5A2,HSP90B1
NR5A2,HSPA8
NR5A2,ID3
NR5A2,ID4
NR5A2,ILDR1
NR5A2,IRF4
NR5A2,ITGAV
NR5A2,JAM2
NR5A2,KCNG1
NR5A2,KLB
NR5A2,KLF15
NR5A2,KLF4
NR5A2,KRT19
NR5A2,KRT42
NR5A2,LAMP2
NR5A2,LAPTM5
NR5A2,LGALS3
NR5A2,LRRC2
NR5A2,LY6G6E
NR5A2,LY75
NR5A2,ME1
NR5A2,MSC
NR5A2,MYO6
NR5A2,NDRG4
NR5A2,NOTCH4
NR5A2,NPHS1
NR5A2,NPL
NR5A2,NR0B1
NR5A2,NUPR1
NR5A2,OTX2
NR5A2,PAX6
NR5A2,PBXIP1
NR5A2,PCSK6
NR5A2,PDK1
NR5A2,PITX2
NR5A2,PLK2
NR5A2,PLOD1
NR5A2,POLR2A
NR5A2,POU5F1
NR5A2,PROX1
NR5A2,PRPS2
NR5A2,PRRX2
NR5A2,PTH1R
NR5A2,PXDN
NR5A2,RAPGEF3
NR5A2,SEMA4C
NR5A2,SERPINB6A
NR5A2,SERPINH1
NR5A2,SFMBT2
NR5A2,SGK1
NR5A2,SIX1
NR5A2,SKIL
NR5A2,SLC35F5
NR5A2,SMAD3
NR5A2,SOX17
NR5A2,SOX4
NR5A2,SOX7
NR5A2,SPEN
NR5A2,SRGN
NR5A2,STAT4
NR5A2,TBX18
NR5A2,TCEA3
NR5A2,TCF15
NR5A2,TEAD4
NR5A2,TGM1
NR5A2,THBD
NR5A2,TMEM231
NR5A2,TNS4
NR5A2,TRH
NR5A2,TRIB3
NR5A2,TRPS1
NR5A2,VILL
NR5A2,VIM
NR5A2,WDFY1
NR5A2,XAF1
NR5A2,ZBTB38
NR5A2,ZBTB7A
NRIP1,2200002D01RIK
NRIP1,2410141K09RIK
NRIP1,ACADM
NRIP1,ACP6
NRIP1,ADAM23
NRIP1,AES
NRIP1,AGPAT4
NRIP1,AHNAK
NRIP1,AIRE
NRIP1,AMFR
NRIP1,AMOT
NRIP1,AMOTL2
NRIP1,ANK
NRIP1,APAF1
NRIP1,APBB1
NRIP1,APLP1
NRIP1,APP
NRIP1,AQP3
NRIP1,ARHGAP29
NRIP1,ARHGEF5
NRIP1,ARID5B
NRIP1,ARNT2
NRIP1,ATP1B1
NRIP1,AU018091
NRIP1,B2M
NRIP1,BACH2
NRIP1,BAG2
NRIP1,BARX1
NRIP1,BAZ1A
NRIP1,BCAT1
NRIP1,BIN1
NRIP1,BNC2
NRIP1,BNIP3
NRIP1,BRWD1
NRIP1,BTBD11
NRIP1,CACHD1
NRIP1,CALD1
NRIP1,CAR4
NRIP1,CCND2
NRIP1,CCND3
NRIP1,CD63
NRIP1,CDC5L
NRIP1,CDKN1A
NRIP1,CFC1
NRIP1,CHCHD10
NRIP1,CHST15
NRIP1,CITED1
NRIP1,CITED2
NRIP1,CLDN6
NRIP1,CLIC1
NRIP1,CLN6
NRIP1,CNN2
NRIP1,COBL
NRIP1,COBLL1
NRIP1,COL27A1
NRIP1,COMMD3
NRIP1,COX7A1
NRIP1,CREB3L2
NRIP1,CRIP2
NRIP1,CSRP1
NRIP1,CST3
NRIP1,CTDSPL
NRIP1,CTSL
NRIP1,CUBN
NRIP1,CUX2
NRIP1,CYP26A1
NRIP1,D230025D16RIK
NRIP1,DAB2
NRIP1,DCXR
NRIP1,DDAH2
NRIP1,DDX58
NRIP1,DKK1
NRIP1,DMRT1
NRIP1,DPP4
NRIP1,DUSP6
NRIP1,E2F2
NRIP1,E2F6
NRIP1,EDEM1
NRIP1,EED
NRIP1,EFEMP2
NRIP1,EGR1
NRIP1,EIF2S2
NRIP1,ELOVL6
NRIP1,EMP2
NRIP1,ENAH
NRIP1,EPHA4
NRIP1,ESRRB
NRIP1,ETS1
NRIP1,EYA1
NRIP1,FAT1
NRIP1,FBLIM1
NRIP1,FBXO15
NRIP1,FGF3
NRIP1,FGF4
NRIP1,FHL2
NRIP1,FHOD1
NRIP1,FLRT3
NRIP1,FOSL2
NRIP1,FOXA2
NRIP1,FOXD3
NRIP1,FOXJ2
NRIP1,FRMD4A
NRIP1,FRRS1
NRIP1,FST
NRIP1,FXYD6
NRIP1,GABARAPL2
NRIP1,GABBR1
NRIP1,GATA3
NRIP1,GGTA1
NRIP1,GHR
NRIP1,GJA1
NRIP1,GLI2
NRIP1,GLIPR2
NRIP1,GNAS
NRIP1,GNG10
NRIP1,GNG2
NRIP1,GOT1
NRIP1,GPA33
NRIP1,GPRC5C
NRIP1,GRIN1
NRIP1,GSN
NRIP1,HDAC11
NRIP1,HDAC7
NRIP1,HERPUD1
NRIP1,HES1
NRIP1,HES6
NRIP1,HIP1
NRIP1,HIST1H2AI
NRIP1,HIST1H2BB
NRIP1,HIST1H2BK
NRIP1,HIST1H2BN
NRIP1,HIST1H4K
NRIP1,HIVEP2
NRIP1,HMGA2
NRIP1,HOPX
NRIP1,HOXD13
NRIP1,HSD17B14
NRIP1,HSF2BP
NRIP1,ICAM1
NRIP1,ID2
NRIP1,ID3
NRIP1,ID4
NRIP1,IGFBP2
NRIP1,IL33
NRIP1,ILDR1
NRIP1,ILK
NRIP1,IRF1
NRIP1,IRF6
NRIP1,ITGA9
NRIP1,ITPK1
NRIP1,JAM2
NRIP1,JARID2
NRIP1,JUN
NRIP1,JUND
NRIP1,KANK3
NRIP1,KAT2B
NRIP1,KDM3A
NRIP1,KDM5B
NRIP1,KIT
NRIP1,KLB
NRIP1,KLF15
NRIP1,KLF2
NRIP1,KLF4
NRIP1,KLF6
NRIP1,KLF8
NRIP1,KLF9
NRIP1,KRT18
NRIP1,KRT19
NRIP1,KRT42
NRIP1,KRT8
NRIP1,LAMA5
NRIP1,LAPTM5
NRIP1,LDHB
NRIP1,LEFTY1
NRIP1,LGALS3
NRIP1,LHX2
NRIP1,LIFR
NRIP1,LIPG
NRIP1,LRP2
NRIP1,LRRC2
NRIP1,LRRK1
NRIP1,LY6G6E
NRIP1,MAFK
NRIP1,MAGED1
NRIP1,MAML3
NRIP1,MAN1A
NRIP1,MANBA
NRIP1,MAPKAPK2
NRIP1,MARCKS
NRIP1,ME1
NRIP1,MED12
NRIP1,MED21
NRIP1,MEF2C
NRIP1,MEIS1
NRIP1,MEIS3
NRIP1,MKX
NRIP1,MOV10
NRIP1,MRAS
NRIP1,MSC
NRIP1,MSH6
NRIP1,MSX2
NRIP1,MTF2
NRIP1,MXD4
NRIP1,MYBL2
NRIP1,MYH9
NRIP1,MYLPF
NRIP1,NCOA3
NRIP1,NDN
NRIP1,NFATC1
NRIP1,NFATC2IP
NRIP1,NFIA
NRIP1,NFIB
NRIP1,NFIL3
NRIP1,NFXL1
NRIP1,NID1
NRIP1,NME2
NRIP1,NOTCH2
NRIP1,NOTCH4
NRIP1,NOTUM
NRIP1,NPHS1
NRIP1,NPL
NRIP1,NR0B1
NRIP1,NR1D1
NRIP1,NR5A2
NRIP1,NSMAF
NRIP1,NXF7
NRIP1,OTX2
NRIP1,OVOL1
NRIP1,PARVA
NRIP1,PARVB
NRIP1,PAWR
NRIP1,PAX8
NRIP1,PCBD1
NRIP1,PCOLCE
NRIP1,PCSK6
NRIP1,PDCD4
NRIP1,PDK1
NRIP1,PFKP
NRIP1,PGA5
NRIP1,PHLDA3
NRIP1,PHLDB2
NRIP1,PIPOX
NRIP1,PITPNC1
NRIP1,PITX2
NRIP1,PKNOX2
NRIP1,PLA2G1B
NRIP1,PODXL
NRIP1,POU6F1
NRIP1,PPP2R5A
NRIP1,PRDM14
NRIP1,PROX1
NRIP1,PRRX2
NRIP1,PSME2
NRIP1,PTH1R
NRIP1,PTPN14
NRIP1,PURA
NRIP1,PXDN
NRIP1,RARG
NRIP1,RASGRP2
NRIP1,RBM47
NRIP1,RBMS1
NRIP1,RBPJ
NRIP1,RCOR2
NRIP1,REST
NRIP1,RFX2
NRIP1,RFX5
NRIP1,RHOX5
NRIP1,RMND5B
NRIP1,RNF19A
NRIP1,RNPEPL1
NRIP1,RPP25
NRIP1,RUNX3
NRIP1,S100A6
NRIP1,SALL1
NRIP1,SEMA4C
NRIP1,SENP3
NRIP1,SERPINB6C
NRIP1,SERPING1
NRIP1,SERPINH1
NRIP1,SETD7
NRIP1,SH3PXD2B
NRIP1,SHISA5
NRIP1,SHROOM3
NRIP1,SIRT1
NRIP1,SLC17A9
NRIP1,SLC35F5
NRIP1,SLC5A11
NRIP1,SLC6A8
NRIP1,SLC7A3
NRIP1,SLCO3A1
NRIP1,SMAD3
NRIP1,SNAI1
NRIP1,SNORA62
NRIP1,SOAT1
NRIP1,SOCS2
NRIP1,SORD
NRIP1,SOS2
NRIP1,SOX15
NRIP1,SOX2
NRIP1,SOX7
NRIP1,SP8
NRIP1,SPARC
NRIP1,SPP1
NRIP1,SPRY4
NRIP1,ST3GAL6
NRIP1,STARD10
NRIP1,STAT5B
NRIP1,SUSD2
NRIP1,TAGLN2
NRIP1,TAX1BP3
NRIP1,TBX3
NRIP1,TCF12
NRIP1,TCF15
NRIP1,TCF7L2
NRIP1,TCL1
NRIP1,TDH
NRIP1,TEAD1
NRIP1,TEAD3
NRIP1,TET1
NRIP1,TET2
NRIP1,TGFB1I1
NRIP1,TGFBR3
NRIP1,TGM1
NRIP1,TMEM231
NRIP1,TNFAIP3
NRIP1,TOP2B
NRIP1,TOX3
NRIP1,TPM4
NRIP1,TRIM2
NRIP1,TRIM25
NRIP1,TRPS1
NRIP1,TUBB2B
NRIP1,TUBB6
NRIP1,TWIST1
NRIP1,TXNDC5
NRIP1,ULK1
NRIP1,UPP1
NRIP1,USP28
NRIP1,USP3
NRIP1,USP9X
NRIP1,VCAN
NRIP1,VILL
NRIP1,WWTR1
NRIP1,YAF2
NRIP1,ZBTB32
NRIP1,ZDHHC15
NRIP1,ZEB1
NRIP1,ZEB2
NRIP1,ZFAND3
NRIP1,ZFP296
NRIP1,ZFP42
NRIP1,ZFP532
NRIP1,ZFP57
NRIP1,ZFP710
NRIP1,ZFP768
NRIP1,ZFPM1
NRIP1,ZYX
OTX2,ABCC5
OTX2,AIRE
OTX2,AMOT
OTX2,AMOTL2
OTX2,APBB1
OTX2,APP
OTX2,ARID5B
OTX2,ARPC1B
OTX2,ATF3
OTX2,BARX1
OTX2,BMP6
OTX2,BNC2
OTX2,CALD1
OTX2,CAR4
OTX2,CCND3
OTX2,CHST15
OTX2,CITED1
OTX2,CLDN6
OTX2,CLIC1
OTX2,CNN2
OTX2,COBL
OTX2,COBLL1
OTX2,COL27A1
OTX2,COL4A1
OTX2,COX7A1
OTX2,CPM
OTX2,CRABP2
OTX2,CTDSPL
OTX2,CTSL
OTX2,CUBN
OTX2,DAB2
OTX2,DDAH2
OTX2,DDX58
OTX2,DIDO1
OTX2,DKK1
OTX2,DUSP9
OTX2,EGR1
OTX2,EMX2
OTX2,EOMES
OTX2,EPAS1
OTX2,EPS8
OTX2,ESRRB
OTX2,ETV4
OTX2,FABP3
OTX2,FBLIM1
OTX2,FGF3
OTX2,FHL2
OTX2,FOSL2
OTX2,FST
OTX2,GABBR1
OTX2,GAS6
OTX2,GATA3
OTX2,GBX2
OTX2,GJB3
OTX2,GPRC5C
OTX2,HDAC7
OTX2,HIP1
OTX2,HMGA2
OTX2,HOPX
OTX2,HS3ST1
OTX2,ID2
OTX2,ID3
OTX2,IGFBP2
OTX2,IL33
OTX2,ILDR1
OTX2,IRF1
OTX2,ITGA9
OTX2,KIT
OTX2,KLF2
OTX2,KLF4
OTX2,KRT17
OTX2,KRT18
OTX2,KRT19
OTX2,KRT42
OTX2,KRT8
OTX2,LAMA1
OTX2,LAPTM5
OTX2,LDHB
OTX2,LEFTY2
OTX2,LHX2
OTX2,LOXL2
OTX2,MANBA
OTX2,MRAS
OTX2,MSC
OTX2,MYLPF
OTX2,NANOG
OTX2,NFATC1
OTX2,NID1
OTX2,NOTUM
OTX2,NR0B1
OTX2,NR5A2
OTX2,NXF7
OTX2,PAX6
OTX2,PCOLCE2
OTX2,PDPN
OTX2,PGA5
OTX2,PHGDH
OTX2,PITX2
OTX2,PKNOX2
OTX2,PODXL
OTX2,POU6F1
OTX2,PRDM1
OTX2,PSME2
OTX2,PTH1R
OTX2,PXDN
OTX2,RASGRP2
OTX2,RBPMS2
OTX2,RRBP1
OTX2,SEMA4C
OTX2,SERPINB6C
OTX2,SETD7
OTX2,SFI1
OTX2,SFMBT2
OTX2,SIX1
OTX2,SLCO3A1
OTX2,SNAI1
OTX2,SNORA62
OTX2,SOCS2
OTX2,SOX7
OTX2,SPARC
OTX2,SPRY4
OTX2,SUSD2
OTX2,TBX18
OTX2,TCF15
OTX2,TCL1
OTX2,TDH
OTX2,TEAD1
OTX2,TET2
OTX2,TGFBR3
OTX2,TGM1
OTX2,TIMP3
OTX2,TINAGL1
OTX2,TNFAIP3
OTX2,TNS4
OTX2,TOX3
OTX2,TRH
OTX2,TRIM2
OTX2,TRPS1
OTX2,TTC7
OTX2,UPP1
OTX2,VAMP8
OTX2,WWTR1
OTX2,YAF2
OTX2,ZFP36L1
OTX2,ZFP42
OTX2,ZFP532
POU5F1,2200002D01RIK
POU5F1,2810025M15RIK
POU5F1,ABHD5
POU5F1,ACP6
POU5F1,ACTG1
POU5F1,ADAM19
POU5F1,ADAM23
POU5F1,ADAMTS9
POU5F1,AES
POU5F1,AFF1
POU5F1,AHNAK
POU5F1,AIRE
POU5F1,AKAP12
POU5F1,AKR1B3
POU5F1,AKR1B8
POU5F1,AKT1
POU5F1,ALDH2
POU5F1,AMFR
POU5F1,AMOT
POU5F1,AMOTL2
POU5F1,ANKRD6
POU5F1,ANXA2
POU5F1,ANXA5
POU5F1,APAF1
POU5F1,APLP1
POU5F1,APOBEC3
POU5F1,APOE
POU5F1,APP
POU5F1,AQP3
POU5F1,ARHGAP21
POU5F1,ARHGEF5
POU5F1,ARID5B
POU5F1,ARL6IP5
POU5F1,ARPC1B
POU5F1,ASNS
POU5F1,ASPH
POU5F1,ASS1
POU5F1,ASXL1
POU5F1,ATF3
POU5F1,ATF4
POU5F1,ATG16L2
POU5F1,ATP1B1
POU5F1,AY036118
POU5F1,B2M
POU5F1,BACH2
POU5F1,BAG2
POU5F1,BARX1
POU5F1,BASP1
POU5F1,BAZ1A
POU5F1,BCAT1
POU5F1,BCL3
POU5F1,BEND5
POU5F1,BIN1
POU5F1,BMP4
POU5F1,BNC2
POU5F1,BNIP3
POU5F1,BTBD11
POU5F1,BTG2
POU5F1,CALCOCO2
POU5F1,CALD1
POU5F1,CAR2
POU5F1,CAR4
POU5F1,CBX4
POU5F1,CCND1
POU5F1,CCND2
POU5F1,CCND3
POU5F1,CD63
POU5F1,CD9
POU5F1,CDCA7
POU5F1,CDH6
POU5F1,CDKN1A
POU5F1,CEBPZ
POU5F1,CENPV
POU5F1,CHCHD10
POU5F1,CHN2
POU5F1,CHST15
POU5F1,CITED1
POU5F1,CITED2
POU5F1,CKB
POU5F1,CLCN5
POU5F1,CLDN6
POU5F1,CLIC1
POU5F1,CLN6
POU5F1,CNN2
POU5F1,COBL
POU5F1,COBLL1
POU5F1,COL18A1
POU5F1,COL4A1
POU5F1,COL4A2
POU5F1,COMMD3
POU5F1,COTL1
POU5F1,COX7A1
POU5F1,CPM
POU5F1,CRABP2
POU5F1,CREB3
POU5F1,CRIP2
POU5F1,CRYAB
POU5F1,CSF1
POU5F1,CSRP1
POU5F1,CSRP2
POU5F1,CST3
POU5F1,CSTB
POU5F1,CTBP2
POU5F1,CTDSPL
POU5F1,CTH
POU5F1,CTNNAL1
POU5F1,CTSZ
POU5F1,CUBN
POU5F1,CUL7
POU5F1,CYBA
POU5F1,CYP26A1
POU5F1,DAB2
POU5F1,DAP
POU5F1,DCTPP1
POU5F1,DDAH1
POU5F1,DDAH2
POU5F1,DDX58
POU5F1,DIDO1
POU5F1,DKC1
POU5F1,DKK1
POU5F1,DMRT1
POU5F1,DNMT3A
POU5F1,DPP4
POU5F1,DPPA2
POU5F1,DPPA4
POU5F1,DTX1
POU5F1,DUSP3
POU5F1,DUSP6
POU5F1,DUSP9
POU5F1,E2F2
POU5F1,EBF1
POU5F1,ECHDC2
POU5F1,EFEMP2
POU5F1,EGR1
POU5F1,EHD1
POU5F1,ELAVL2
POU5F1,ELF1
POU5F1,ELF3
POU5F1,ELF4
POU5F1,ELK4
POU5F1,ELL2
POU5F1,ELL3
POU5F1,ELOVL6
POU5F1,EMX2
POU5F1,ENAH
POU5F1,EOMES
POU5F1,EPHA2
POU5F1,EPHA4
POU5F1,EPS8
POU5F1,EPS8L2
POU5F1,ESRRB
POU5F1,ETV1
POU5F1,ETV3
POU5F1,ETV4
POU5F1,ETV5
POU5F1,F2R
POU5F1,F3
POU5F1,FABP3
POU5F1,FAM102A
POU5F1,FAM129B
POU5F1,FBLIM1
POU5F1,FBXO15
POU5F1,FBXO5
POU5F1,FGF10
POU5F1,FGF4
POU5F1,FGFR3
POU5F1,FGFR4
POU5F1,FHL2
POU5F1,FHOD1
POU5F1,FKBP11
POU5F1,FLRT3
POU5F1,FN1
POU5F1,FNDC3B
POU5F1,FOSL2
POU5F1,FOXA2
POU5F1,FOXD3
POU5F1,FOXH1
POU5F1,FOXJ2
POU5F1,FOXJ3
POU5F1,FOXP1
POU5F1,FOXQ1
POU5F1,FRRS1
POU5F1,FST
POU5F1,FUT8
POU5F1,FXR2
POU5F1,FXYD6
POU5F1,FZR1
POU5F1,GABARAPL1
POU5F1,GAS6
POU5F1,GATA3
POU5F1,GATA4
POU5F1,GATA6
POU5F1,GBX2
POU5F1,GCNT1
POU5F1,GDPD5
POU5F1,GFPT1
POU5F1,GFPT2
POU5F1,GHR
POU5F1,GJB3
POU5F1,GLDC
POU5F1,GLI1
POU5F1,GLI2
POU5F1,GLIPR1
POU5F1,GLIPR2
POU5F1,GLUL
POU5F1,GM13597
POU5F1,GNAS
POU5F1,GNG10
POU5F1,GNPDA1
POU5F1,GNPTAB
POU5F1,GPA33
POU5F1,GPRC5C
POU5F1,GRAMD1A
POU5F1,GRB10
POU5F1,GRHL1
POU5F1,GRIN1
POU5F1,GSN
POU5F1,GSR
POU5F1,GSTA4
POU5F1,GTF2A1L
POU5F1,HDAC11
POU5F1,HDGF
POU5F1,HELLS
POU5F1,HERPUD1
POU5F1,HES1
POU5F1,HES6
POU5F1,HIP1
POU5F1,HIRIP3
POU5F1,HIST1H1A
POU5F1,HIST1H1B
POU5F1,HIST1H2AC
POU5F1,HIST1H2AI
POU5F1,HIST1H2BB
POU5F1,HIST1H2BN
POU5F1,HIST1H4K
POU5F1,HIVEP2
POU5F1,HMGA2
POU5F1,HMGCS1
POU5F1,HOOK1
POU5F1,HOXD13
POU5F1,HSD17B14
POU5F1,HSF2BP
POU5F1,HSPB1
POU5F1,ICAM1
POU5F1,ID2
POU5F1,ID3
POU5F1,ID4
POU5F1,IDI1
POU5F1,IER2
POU5F1,IFITM1
POU5F1,IFITM2
POU5F1,IFITM3
POU5F1,IFRD1
POU5F1,IGFBP2
POU5F1,IKBKB
POU5F1,ILDR1
POU5F1,ILF2
POU5F1,ILK
POU5F1,IRF1
POU5F1,IRF6
POU5F1,ISYNA1
POU5F1,ITGA6
POU5F1,ITGA9
POU5F1,ITGAV
POU5F1,ITPK1
POU5F1,JAM2
POU5F1,JARID2
POU5F1,JDP2
POU5F1,JUN
POU5F1,JUND
POU5F1,KANK2
POU5F1,KAT2B
POU5F1,KCNG1
POU5F1,KDELR2
POU5F1,KDELR3
POU5F1,KDM3A
POU5F1,KIT
POU5F1,KLB
POU5F1,KLF10
POU5F1,KLF15
POU5F1,KLF2
POU5F1,KLF4
POU5F1,KLF6
POU5F1,KLF9
POU5F1,KRT17
POU5F1,KRT18
POU5F1,KRT19
POU5F1,KRT42
POU5F1,KRT8
POU5F1,L1TD1
POU5F1,LAD1
POU5F1,LAMA1
POU5F1,LAMA5
POU5F1,LAMB1
POU5F1,LAMP2
POU5F1,LAPTM5
POU5F1,LASP1
POU5F1,LDLRAP1
POU5F1,LEFTY1
POU5F1,LEFTY2
POU5F1,LGALS3
POU5F1,LHX2
POU5F1,LIFR
POU5F1,LIPG
POU5F1,LMO4
POU5F1,LOXL2
POU5F1,LRRC2
POU5F1,LRRC8D
POU5F1,LTBP4
POU5F1,LY6E
POU5F1,LY6G6E
POU5F1,MAFK
POU5F1,MAGED1
POU5F1,MAML3
POU5F1,MAN1A
POU5F1,MANBA
POU5F1,MAP3K1
POU5F1,MAPK13
POU5F1,MAPKAPK2
POU5F1,MARCKS
POU5F1,MBD2
POU5F1,MCAM
POU5F1,MCM2
POU5F1,MCM3
POU5F1,MCM4
POU5F1,MCM5
POU5F1,MCM6
POU5F1,MCM7
POU5F1,MDM2
POU5F1,MDN1
POU5F1,ME1
POU5F1,MEF2A
POU5F1,MEF2C
POU5F1,MEG3
POU5F1,MEIS1
POU5F1,MEIS3
POU5F1,MKRN1
POU5F1,MLXIP
POU5F1,MORC4
POU5F1,MOV10
POU5F1,MPP1
POU5F1,MPZL2
POU5F1,MRAS
POU5F1,MSC
POU5F1,MSH6
POU5F1,MSI2
POU5F1,MSL3
POU5F1,MSX2
POU5F1,MT1
POU5F1,MTA3
POU5F1,MTF2
POU5F1,MTHFD2
POU5F1,MXD4
POU5F1,MYBL2
POU5F1,MYC
POU5F1,MYCN
POU5F1,MYD88
POU5F1,MYH9
POU5F1,MYLPF
POU5F1,MYO18A
POU5F1,MYO1C
POU5F1,MYO5B
POU5F1,NACC1
POU5F1,NAGK
POU5F1,NANOG
POU5F1,NASP
POU5F1,NCOA6
POU5F1,NDN
POU5F1,NDRG1
POU5F1,NDRG4
POU5F1,NEDD4
POU5F1,NFIB
POU5F1,NFKBIA
POU5F1,NID1
POU5F1,NIPSNAP1
POU5F1,NOTCH4
POU5F1,NOTUM
POU5F1,NPHS1
POU5F1,NPL
POU5F1,NR0B1
POU5F1,NR1D2
POU5F1,NR3C1
POU5F1,NR5A2
POU5F1,NRG1
POU5F1,NRG2
POU5F1,NRIP1
POU5F1,NUP210
POU5F1,NUPR1
POU5F1,NXF7
POU5F1,OAT
POU5F1,ODC1
POU5F1,OPLAH
POU5F1,OTX2
POU5F1,P4HA2
POU5F1,PARP1
POU5F1,PARVA
POU5F1,PARVB
POU5F1,PAX6
POU5F1,PAX8
POU5F1,PBXIP1
POU5F1,PCOLCE
POU5F1,PCOLCE2
POU5F1,PCSK6
POU5F1,PDGFA
POU5F1,PDIA5
POU5F1,PDK1
POU5F1,PDLIM1
POU5F1,PEG10
POU5F1,PFAS
POU5F1,PFKP
POU5F1,PGA5
POU5F1,PHC1
POU5F1,PHLDA3
POU5F1,PHLDB2
POU5F1,PIPOX
POU5F1,PITPNC1
POU5F1,PITX1
POU5F1,PITX2
POU5F1,PKNOX2
POU5F1,PLA2G1B
POU5F1,PLAUR
POU5F1,PLK2
POU5F1,PLOD2
POU5F1,PLXNA1
POU5F1,PLXNB2
POU5F1,PODXL
POU5F1,POU4F1
POU5F1,POU4F2
POU5F1,POU6F1
POU5F1,PRDM1
POU5F1,PRDM14
POU5F1,PRDM5
POU5F1,PRDX1
POU5F1,PROS1
POU5F1,PROX1
POU5F1,PRPS2
POU5F1,PRSS35
POU5F1,PSAP
POU5F1,PTH1R
POU5F1,PTPN14
POU5F1,PURA
POU5F1,PXDN
POU5F1,QDPR
POU5F1,RAB3IL1
POU5F1,RANGRF
POU5F1,RAPGEF3
POU5F1,RARA
POU5F1,RARG
POU5F1,RASGRP2
POU5F1,RBM47
POU5F1,RBMS1
POU5F1,RBMXL2
POU5F1,RBPJ
POU5F1,RBPMS2
POU5F1,RCC2
POU5F1,RCN3
POU5F1,RCOR2
POU5F1,RDM1
POU5F1,RELA
POU5F1,REST
POU5F1,RFX2
POU5F1,RHOX5
POU5F1,RHOX6
POU5F1,RIAN
POU5F1,RMND5B
POU5F1,RNF14
POU5F1,RNF19A
POU5F1,RNPEP
POU5F1,RPL39L
POU5F1,RPP25
POU5F1,RUNX1
POU5F1,RUNX3
POU5F1,RUVBL1
POU5F1,S100A6
POU5F1,SALL1
POU5F1,SALL4
POU5F1,SAP30
POU5F1,SAT1
POU5F1,SDC4
POU5F1,SEC31A
POU5F1,SEMA4C
POU5F1,SERBP1
POU5F1,SERPINB6C
POU5F1,SERPINE2
POU5F1,SERPINH1
POU5F1,SERTAD2
POU5F1,SET
POU5F1,SETD7
POU5F1,SFMBT2
POU5F1,SGK1
POU5F1,SH3PXD2B
POU5F1,SHISA5
POU5F1,SHROOM3
POU5F1,SIDT2
POU5F1,SIN3B
POU5F1,SIRT3
POU5F1,SKIL
POU5F1,SLC17A9
POU5F1,SLC25A36
POU5F1,SLC25A39
POU5F1,SLC35F5
POU5F1,SLC6A8
POU5F1,SLC7A3
POU5F1,SLC7A7
POU5F1,SLCO3A1
POU5F1,SMAD2
POU5F1,SMAD3
POU5F1,SMAD7
POU5F1,SMARCA2
POU5F1,SMARCD1
POU5F1,SMS
POU5F1,SNAI1
POU5F1,SNHG3
POU5F1,SNORA62
POU5F1,SNRPN
POU5F1,SNURF
POU5F1,SNX1
POU5F1,SNX25
POU5F1,SOCS2
POU5F1,SOD1
POU5F1,SOS2
POU5F1,SOX15
POU5F1,SOX17
POU5F1,SOX2
POU5F1,SP8
POU5F1,SPARC
POU5F1,SPOCK1
POU5F1,SPP1
POU5F1,SPRY2
POU5F1,SPRY4
POU5F1,SQSTM1
POU5F1,SRGN
POU5F1,SRI
POU5F1,SSBP4
POU5F1,ST3GAL6
POU5F1,ST5
POU5F1,STAG3
POU5F1,STARD10
POU5F1,STARD8
POU5F1,STAT4
POU5F1,STAT5A
POU5F1,STMN1
POU5F1,SUN1
POU5F1,SUSD2
POU5F1,TAGLN2
POU5F1,TAX1BP3
POU5F1,TBRG1
POU5F1,TBX18
POU5F1,TBX3
POU5F1,TCEA3
POU5F1,TCF12
POU5F1,TCF15
POU5F1,TCF7L2
POU5F1,TCL1
POU5F1,TDGF1
POU5F1,TDH
POU5F1,TEAD1
POU5F1,TEAD3
POU5F1,TEAD4
POU5F1,TET1
POU5F1,TET2
POU5F1,TFAP4
POU5F1,TGFB1I1
POU5F1,TGFBR3
POU5F1,TGIF1
POU5F1,TGM1
POU5F1,TIMP2
POU5F1,TIMP3
POU5F1,TINAGL1
POU5F1,TLE1
POU5F1,TMEM144
POU5F1,TMSB4X
POU5F1,TOX3
POU5F1,TOX4
POU5F1,TPM1
POU5F1,TPM4
POU5F1,TRH
POU5F1,TRIM13
POU5F1,TRIM2
POU5F1,TRIM25
POU5F1,TRIM28
POU5F1,TRIP11
POU5F1,TRP53
POU5F1,TRPS1
POU5F1,TSHZ3
POU5F1,TSPAN9
POU5F1,TTC7
POU5F1,TUBA4A
POU5F1,TUBB2B
POU5F1,TUBB6
POU5F1,TWIST1
POU5F1,TXNIP
POU5F1,TYRO3
POU5F1,UBTF
POU5F1,UCHL1
POU5F1,ULK1
POU5F1,UNG
POU5F1,UPP1
POU5F1,USP28
POU5F1,USP3
POU5F1,USP9X
POU5F1,UTF1
POU5F1,VAMP8
POU5F1,VCAN
POU5F1,VEGFA
POU5F1,VIM
POU5F1,WDR1
POU5F1,WWTR1
POU5F1,XRCC5
POU5F1,YAF2
POU5F1,ZBTB10
POU5F1,ZBTB3
POU5F1,ZBTB38
POU5F1,ZC3H7A
POU5F1,ZEB1
POU5F1,ZEB2
POU5F1,ZFAND3
POU5F1,ZFHX3
POU5F1,ZFP219
POU5F1,ZFP296
POU5F1,ZFP42
POU5F1,ZFP423
POU5F1,ZFP462
POU5F1,ZFP532
POU5F1,ZFP57
POU5F1,ZFP600
POU5F1,ZFP710
POU5F1,ZFPM1
POU5F1,ZIC3
POU5F1,ZMYND11
POU5F1,ZSCAN10
POU5F1,ZSWIM4
POU5F1,ZYX
PRDM14,AATF
PRDM14,ACTL6A
PRDM14,ADAMTS9
PRDM14,AMOT
PRDM14,ANXA2
PRDM14,ARHGAP21
PRDM14,ARID5B
PRDM14,ARNTL
PRDM14,ASS1
PRDM14,ASXL1
PRDM14,BACH2
PRDM14,BASP1
PRDM14,BIN1
PRDM14,BMP4
PRDM14,BNC2
PRDM14,BTG2
PRDM14,CACHD1
PRDM14,CALD1
PRDM14,CDCA7
PRDM14,CLDN6
PRDM14,CNN2
PRDM14,CNOT6
PRDM14,COBL
PRDM14,COL4A1
PRDM14,COL4A2
PRDM14,COTL1
PRDM14,DDAH1
PRDM14,DDAH2
PRDM14,DNMT1
PRDM14,DR1
PRDM14,EDEM1
PRDM14,ELL2
PRDM14,ETV4
PRDM14,ETV5
PRDM14,FABP3
PRDM14,FOSL2
PRDM14,FOXD3
PRDM14,FOXO1
PRDM14,FXR2
PRDM14,GDPD5
PRDM14,GLDC
PRDM14,GNG2
PRDM14,GOT1
PRDM14,GPRC5C
PRDM14,GSN
PRDM14,HDGF
PRDM14,HERPUD1
PRDM14,HKDC1
PRDM14,HMGA2
PRDM14,HSF2BP
PRDM14,ID3
PRDM14,IGFBP2
PRDM14,ITPK1
PRDM14,JARID2
PRDM14,JDP2
PRDM14,JUND
PRDM14,KHDRBS1
PRDM14,KLF13
PRDM14,KLF9
PRDM14,KRT8
PRDM14,LAMB1
PRDM14,LAMC1
PRDM14,LHX2
PRDM14,LIMCH1
PRDM14,LRP2
PRDM14,LRRC2
PRDM14,MAGED1
PRDM14,MAPKAPK2
PRDM14,MEF2D
PRDM14,MEIS1
PRDM14,MGST3
PRDM14,MKX
PRDM14,MSC
PRDM14,MTA3
PRDM14,MYCN
PRDM14,MYH9
PRDM14,NASP
PRDM14,NCOA6
PRDM14,NFATC1
PRDM14,NFIC
PRDM14,NFKB2
PRDM14,NKTR
PRDM14,PARVA
PRDM14,PHF14
PRDM14,PHGDH
PRDM14,PHLDB2
PRDM14,PIAS2
PRDM14,PITX2
PRDM14,PKNOX2
PRDM14,PLAUR
PRDM14,POU2F1
PRDM14,POU5F1
PRDM14,PTPN14
PRDM14,PURA
PRDM14,RAB11A
PRDM14,RARA
PRDM14,RBMS1
PRDM14,RCOR2
PRDM14,RFFL
PRDM14,RRAS2
PRDM14,RUNX1
PRDM14,RUNX3
PRDM14,S100A6
PRDM14,SERTAD2
PRDM14,SLC7A5
PRDM14,SMAD3
PRDM14,SNX2
PRDM14,SOAT1
PRDM14,SOX2
PRDM14,SOX4
PRDM14,SP8
PRDM14,SPP1
PRDM14,SRF
PRDM14,STMN1
PRDM14,TCEA3
PRDM14,TCF12
PRDM14,TDGF1
PRDM14,TEAD3
PRDM14,TFRC
PRDM14,TGIF1
PRDM14,TIMP3
PRDM14,TMEM144
PRDM14,TNS1
PRDM14,TOX3
PRDM14,TRH
PRDM14,TSPAN9
PRDM14,TUBA4A
PRDM14,USP3
PRDM14,ZEB2
PRDM14,ZFHX3
RHOX6,COMMD3
RHOX6,CRYAB
RHOX6,DCXR
RHOX6,DKK1
RHOX6,ESRRB
RHOX6,FST
RHOX6,GLI1
RHOX6,GLIPR1
RHOX6,HIVEP2
RHOX6,HKDC1
RHOX6,KRT8
RHOX6,MYO6
RHOX6,PAX6
RHOX6,PAX8
RHOX6,PEG10
RHOX6,PHLDA3
RHOX6,PHLDB2
RHOX6,PLK2
RHOX6,PSAP
RHOX6,RB1
RHOX6,SDC4
RHOX6,SERPINH1
RHOX6,SIX1
RHOX6,SNORA62
RHOX6,TEAD1
RHOX6,TGFBR3
RHOX6,XAF1
RHOX6,ZEB2
SALL4,2200002D01RIK
SALL4,5031439G07RIK
SALL4,ADAM19
SALL4,AHNAK
SALL4,AIRE
SALL4,AKR1B8
SALL4,ALG13
SALL4,AMFR
SALL4,ANXA2
SALL4,ANXA5
SALL4,APP
SALL4,AQP3
SALL4,ATF3
SALL4,AU018091
SALL4,BACH2
SALL4,BARX1
SALL4,BCAT1
SALL4,BMI1
SALL4,BNC2
SALL4,BTG1
SALL4,BTG2
SALL4,CACHD1
SALL4,CALD1
SALL4,CAR4
SALL4,CCND1
SALL4,CCND2
SALL4,CDKN1A
SALL4,CFC1
SALL4,CITED2
SALL4,CKB
SALL4,CLCN5
SALL4,COBL
SALL4,COBLL1
SALL4,COMMD3
SALL4,COX7A1
SALL4,CPM
SALL4,CRYAB
SALL4,CSF1
SALL4,CSRP1
SALL4,CUBN
SALL4,CYP26A1
SALL4,DMRT1
SALL4,DPP4
SALL4,EBF1
SALL4,EBF4
SALL4,EGR1
SALL4,EMX2
SALL4,EOMES
SALL4,EPS8L2
SALL4,ETS1
SALL4,FABP3
SALL4,FGF10
SALL4,FGF4
SALL4,FKBP11
SALL4,FNDC3B
SALL4,FOSL2
SALL4,FOXH1
SALL4,FST
SALL4,FXYD6
SALL4,GATA3
SALL4,GBX2
SALL4,GJB3
SALL4,GLDC
SALL4,GNG2
SALL4,GPRC5C
SALL4,GSN
SALL4,GTF2A1L
SALL4,HDAC7
SALL4,HIP1
SALL4,HMGA2
SALL4,HS3ST1
SALL4,ID2
SALL4,IDI1
SALL4,IFITM1
SALL4,ILDR1
SALL4,ITGAV
SALL4,JUN
SALL4,KDM3A
SALL4,KLB
SALL4,KLF2
SALL4,KLF6
SALL4,KRT17
SALL4,KRT42
SALL4,LAD1
SALL4,LAMA1
SALL4,LDHB
SALL4,LEFTY1
SALL4,LEFTY2
SALL4,LIMCH1
SALL4,LOXL2
SALL4,LRP2
SALL4,LRRC2
SALL4,LRRK1
SALL4,LY6G6E
SALL4,MAML3
SALL4,MAN1A
SALL4,MANBA
SALL4,MCAM
SALL4,MEF2C
SALL4,MEIS1
SALL4,MORC4
SALL4,MPZL2
SALL4,MRAS
SALL4,MSX2
SALL4,MTHFD2
SALL4,NFIB
SALL4,NOTCH4
SALL4,NOTUM
SALL4,NPL
SALL4,NR0B1
SALL4,NR2C1
SALL4,NR4A1
SALL4,NR5A2
SALL4,NRIP1
SALL4,NSMAF
SALL4,OAT
SALL4,OTX2
SALL4,PARVA
SALL4,PARVB
SALL4,PAX6
SALL4,PDPN
SALL4,PFKP
SALL4,PGA5
SALL4,PHLDB2
SALL4,PITX2
SALL4,PKNOX2
SALL4,PLAG1
SALL4,PLAT
SALL4,PLAUR
SALL4,PLK2
SALL4,PLTP
SALL4,PODXL
SALL4,POU4F2
SALL4,POU6F1
SALL4,PRSS35
SALL4,PXDN
SALL4,RAB3IL1
SALL4,RASGRP2
SALL4,RBM47
SALL4,RBMS1
SALL4,RFX2
SALL4,RHOX5
SALL4,RHOX6
SALL4,RIAN
SALL4,RTN1
SALL4,RUNX1
SALL4,S100A6
SALL4,SALL1
SALL4,SDC4
SALL4,SEMA4C
SALL4,SERPINB6C
SALL4,SERPINE2
SALL4,SERPING1
SALL4,SERPINH1
SALL4,SFMBT2
SALL4,SH3PXD2B
SALL4,SIX1
SALL4,SIX5
SALL4,SKIL
SALL4,SLC17A9
SALL4,SLC1A5
SALL4,SLC25A4
SALL4,SLC35F5
SALL4,SLC5A11
SALL4,SMARCC2
SALL4,SORD
SALL4,SOX15
SALL4,SOX17
SALL4,SOX4
SALL4,SOX7
SALL4,SP8
SALL4,SPNS2
SALL4,SRGN
SALL4,STAG3
SALL4,STARD8
SALL4,STAT4
SALL4,SYNE2
SALL4,TAX1BP3
SALL4,TBX18
SALL4,TBX3
SALL4,TCF12
SALL4,TCF15
SALL4,TCL1
SALL4,TDH
SALL4,TEAD4
SALL4,TGFB1I1
SALL4,TIMP2
SALL4,TIMP3
SALL4,TINAGL1
SALL4,TMEM231
SALL4,TOX3
SALL4,TRH
SALL4,TRIB3
SALL4,TRIM2
SALL4,TRPS1
SALL4,TTC7
SALL4,TXNIP
SALL4,USP28
SALL4,VEGFA
SALL4,VILL
SALL4,VIM
SALL4,XRCC5
SALL4,ZDHHC15
SALL4,ZEB2
SALL4,ZFHX3
SALL4,ZFP296
SALL4,ZFP398
SALL4,ZFP423
SALL4,ZYX
SMAD4,ATF7
SMAD4,BARX1
SMAD4,CLCN5
SMAD4,CUX2
SMAD4,ELF4
SMAD4,ESRRB
SMAD4,GATA4
SMAD4,GLS
SMAD4,GTF2A1L
SMAD4,HIST1H1D
SMAD4,NXF7
SMAD4,PARVB
SMAD4,ST3GAL6
SMAD4,THBD
SMAD4,TINAGL1
SMAD7,AFF1
SMAD7,AQP3
SMAD7,BASP1
SMAD7,BMPER
SMAD7,CCND2
SMAD7,CHST15
SMAD7,COL18A1
SMAD7,CRABP2
SMAD7,CYP26A1
SMAD7,DDAH1
SMAD7,DMRT1
SMAD7,DPP4
SMAD7,DUSP9
SMAD7,EMX2
SMAD7,EPHA2
SMAD7,EYA1
SMAD7,FGF3
SMAD7,FLRT3
SMAD7,FXYD6
SMAD7,GJB3
SMAD7,GLIPR2
SMAD7,GPRC5C
SMAD7,HIP1
SMAD7,HMGA2
SMAD7,HOPX
SMAD7,ID4
SMAD7,IGFBP2
SMAD7,IL33
SMAD7,IRF1
SMAD7,KIT
SMAD7,KRT17
SMAD7,KRT42
SMAD7,LEFTY1
SMAD7,LEFTY2
SMAD7,LHX2
SMAD7,LIMCH1
SMAD7,MEIS1
SMAD7,MKX
SMAD7,MT1
SMAD7,MYO5B
SMAD7,NFATC4
SMAD7,NFKBIA
SMAD7,NOTCH4
SMAD7,NPHS1
SMAD7,OVOL1
SMAD7,PAX8
SMAD7,PEG10
SMAD7,PITX2
SMAD7,PKNOX2
SMAD7,PRDM1
SMAD7,PSME2
SMAD7,S100A6
SMAD7,SDC4
SMAD7,SERPING1
SMAD7,SFMBT2
SMAD7,SHROOM3
SMAD7,SKIL
SMAD7,SLC7A7
SMAD7,SMAD3
SMAD7,SMS
SMAD7,SNAI1
SMAD7,SOX17
SMAD7,SP8
SMAD7,TBX18
SMAD7,TDGF1
SMAD7,TGFBR3
SMAD7,TINAGL1
SMAD7,TOX3
SMAD7,TRH
SMAD7,TTC7
SMAD7,XAF1
SMAD7,ZBTB10
SMAD7,ZEB1
SMAD7,ZEB2
SOX17,ADAM19
SOX17,AMOT
SOX17,ASAH1
SOX17,ATP1B1
SOX17,BTG1
SOX17,CALU
SOX17,CAR4
SOX17,CLDN6
SOX17,COL4A1
SOX17,COL4A2
SOX17,CRIP2
SOX17,DDIT3
SOX17,EIF4A2
SOX17,EZH2
SOX17,FBP2
SOX17,GATA6
SOX17,GNPDA1
SOX17,GRIN1
SOX17,HIST1H1B
SOX17,HIST1H2BK
SOX17,HIST1H3H
SOX17,HIST1H4K
SOX17,HSBP1
SOX17,IGFBP2
SOX17,LAMA1
SOX17,LAMC1
SOX17,LAMP2
SOX17,LGALS3
SOX17,MANBA
SOX17,MCAM
SOX17,MLXIP
SOX17,MTF2
SOX17,MYC
SOX17,MYLPF
SOX17,MYO6
SOX17,NUPR1
SOX17,NXF7
SOX17,OTX2
SOX17,PAX8
SOX17,PFKP
SOX17,PITX2
SOX17,PLA2G1B
SOX17,RAI14
SOX17,RNF14
SOX17,SDCBP
SOX17,SERPINB6C
SOX17,SERPING1
SOX17,SNX2
SOX17,SREBF1
SOX17,TBX18
SOX17,TGFB1
SOX17,TPD52
SOX17,TPI1
SOX17,UBE2C
SOX17,UPP1
SOX2,2200002D01RIK
SOX2,4930402H24RIK
SOX2,5031439G07RIK
SOX2,ABHD5
SOX2,ABTB1
SOX2,ACP6
SOX2,ADAM19
SOX2,ADAM23
SOX2,ADAMTS9
SOX2,AES
SOX2,AFF1
SOX2,AGPAT4
SOX2,AHNAK
SOX2,AI506816
SOX2,AIRE
SOX2,AKR1B3
SOX2,AKT1
SOX2,ALDH2
SOX2,ALG13
SOX2,ALPL
SOX2,AMFR
SOX2,AMOT
SOX2,AMOTL2
SOX2,ANK
SOX2,ANKRD49
SOX2,ANKRD6
SOX2,ANP32A
SOX2,ANXA2
SOX2,ANXA5
SOX2,APLP1
SOX2,APOBEC3
SOX2,APOE
SOX2,APP
SOX2,AQP3
SOX2,ARHGAP21
SOX2,ARHGAP29
SOX2,ARHGEF5
SOX2,ARID3B
SOX2,ARID5B
SOX2,ARNTL
SOX2,ASNS
SOX2,ASS1
SOX2,ATF3
SOX2,ATF5
SOX2,ATG16L2
SOX2,AY036118
SOX2,B2M
SOX2,BACH2
SOX2,BAG2
SOX2,BASP1
SOX2,BAZ1A
SOX2,BCAM
SOX2,BCAS3
SOX2,BCAT1
SOX2,BCL3
SOX2,BMI1
SOX2,BMP4
SOX2,BMP6
SOX2,BMPER
SOX2,BNC2
SOX2,BNIP3
SOX2,BRWD1
SOX2,BTBD11
SOX2,BTG1
SOX2,BTG2
SOX2,CACHD1
SOX2,CALCOCO2
SOX2,CALD1
SOX2,CAR2
SOX2,CAR4
SOX2,CARHSP1
SOX2,CBX4
SOX2,CCND1
SOX2,CCND2
SOX2,CCNE1
SOX2,CCNG1
SOX2,CDKN1A
SOX2,CFC1
SOX2,CHD7
SOX2,CHN2
SOX2,CHST15
SOX2,CIC
SOX2,CITED1
SOX2,CITED2
SOX2,CLCN5
SOX2,CLDN6
SOX2,CLIC1
SOX2,CLN6
SOX2,CMKLR1
SOX2,CNDP2
SOX2,CNN2
SOX2,COBL
SOX2,COL18A1
SOX2,COL4A1
SOX2,COL4A2
SOX2,COMMD3
SOX2,COTL1
SOX2,COX7A1
SOX2,CPM
SOX2,CRABP2
SOX2,CRAMP1L
SOX2,CREB3
SOX2,CREB3L2
SOX2,CRTAP
SOX2,CSF1
SOX2,CSRP1
SOX2,CSTB
SOX2,CTBP2
SOX2,CTDSPL
SOX2,CTH
SOX2,CTNNAL1
SOX2,CTSL
SOX2,CUBN
SOX2,CUL7
SOX2,CUX2
SOX2,CYBA
SOX2,CYP26A1
SOX2,D230025D16RIK
SOX2,DAB2
SOX2,DAP
SOX2,DCTPP1
SOX2,DDAH1
SOX2,DDAH2
SOX2,DDX58
SOX2,DKK1
SOX2,DMRT1
SOX2,DNMT3A
SOX2,DPP4
SOX2,DPPA2
SOX2,DPPA4
SOX2,DTX1
SOX2,DUSP3
SOX2,DUSP6
SOX2,DUSP9
SOX2,EBF1
SOX2,EFEMP2
SOX2,EGR1
SOX2,EHD1
SOX2,EHMT2
SOX2,ELF3
SOX2,ELL3
SOX2,EMP2
SOX2,EMX2
SOX2,EOMES
SOX2,EP300
SOX2,EPAS1
SOX2,EPHA2
SOX2,EPHA4
SOX2,ESPL1
SOX2,ESRRB
SOX2,ETL4
SOX2,ETV3
SOX2,ETV4
SOX2,ETV5
SOX2,ETV6
SOX2,EYA1
SOX2,FABP3
SOX2,FAM102A
SOX2,FAM129B
SOX2,FBLIM1
SOX2,FBXO15
SOX2,FBXO5
SOX2,FGF10
SOX2,FGF3
SOX2,FGF4
SOX2,FHL2
SOX2,FHOD1
SOX2,FLRT3
SOX2,FNDC3B
SOX2,FOXA2
SOX2,FOXD3
SOX2,FOXO1
SOX2,FOXP1
SOX2,FOXQ1
SOX2,FRMD4A
SOX2,FST
SOX2,FXYD6
SOX2,GABARAPL2
SOX2,GAS6
SOX2,GATA3
SOX2,GATA6
SOX2,GBX2
SOX2,GFPT1
SOX2,GGTA1
SOX2,GJA1
SOX2,GJB3
SOX2,GLDC
SOX2,GLI2
SOX2,GLIPR2
SOX2,GLIS2
SOX2,GLUL
SOX2,GNAS
SOX2,GNG10
SOX2,GPRC5C
SOX2,GPX3
SOX2,GRAMD1A
SOX2,GRB10
SOX2,GSN
SOX2,GSTA4
SOX2,GTF2A1L
SOX2,H1F0
SOX2,HDAC11
SOX2,HDAC4
SOX2,HES6
SOX2,HEY2
SOX2,HIST1H1A
SOX2,HIST1H2BN
SOX2,HIVEP2
SOX2,HK2
SOX2,HKDC1
SOX2,HOPX
SOX2,HS3ST1
SOX2,HSD17B14
SOX2,HSF2
SOX2,HSF2BP
SOX2,HSPB1
SOX2,ICAM1
SOX2,ID2
SOX2,ID3
SOX2,ID4
SOX2,IFI30
SOX2,IFITM1
SOX2,IFITM2
SOX2,IFITM3
SOX2,IGFBP2
SOX2,ILDR1
SOX2,ILK
SOX2,IQSEC1
SOX2,IRF1
SOX2,IRF6
SOX2,ISYNA1
SOX2,ITGA6
SOX2,ITGA9
SOX2,ITGAV
SOX2,JAM2
SOX2,JARID2
SOX2,JUN
SOX2,JUND
SOX2,KANK3
SOX2,KDM3A
SOX2,KHDRBS1
SOX2,KIT
SOX2,KLB
SOX2,KLF10
SOX2,KLF2
SOX2,KLF4
SOX2,KLF6
SOX2,KRT17
SOX2,KRT18
SOX2,KRT19
SOX2,KRT42
SOX2,KRT8
SOX2,LAD1
SOX2,LAMA1
SOX2,LAMA5
SOX2,LAMC1
SOX2,LAPTM5
SOX2,LASP1
SOX2,LDB1
SOX2,LDHB
SOX2,LDLRAP1
SOX2,LEFTY1
SOX2,LEFTY2
SOX2,LGALS3
SOX2,LGMN
SOX2,LIFR
SOX2,LIMCH1
SOX2,LMO4
SOX2,LOXL2
SOX2,LRP2
SOX2,LRRC2
SOX2,LRRK1
SOX2,LTBP4
SOX2,LY6E
SOX2,LY6G6E
SOX2,LY75
SOX2,MAFK
SOX2,MAML1
SOX2,MAML3
SOX2,MANBA
SOX2,MAPK11
SOX2,MAPKAPK2
SOX2,MARCKS
SOX2,MCAM
SOX2,MDM2
SOX2,MED12
SOX2,MEG3
SOX2,MEIS1
SOX2,MFGE8
SOX2,MKRN1
SOX2,MKX
SOX2,MLXIPL
SOX2,MORC4
SOX2,MOV10
SOX2,MPP1
SOX2,MPZL2
SOX2,MRAS
SOX2,MSC
SOX2,MSL3
SOX2,MSX2
SOX2,MT1
SOX2,MTA3
SOX2,MYBL2
SOX2,MYC
SOX2,MYCN
SOX2,MYH9
SOX2,MYLPF
SOX2,MYO18A
SOX2,MYO1C
SOX2,MYO7A
SOX2,NCAPD2
SOX2,NCOA6
SOX2,NDRG4
SOX2,NFATC4
SOX2,NFIB
SOX2,NID1
SOX2,NIPSNAP1
SOX2,NME2
SOX2,NOTCH2
SOX2,NOTCH4
SOX2,NOTUM
SOX2,NPHS1
SOX2,NPL
SOX2,NR0B1
SOX2,NR4A1
SOX2,NR5A2
SOX2,NRG1
SOX2,NRG2
SOX2,NRIP1
SOX2,NXF7
SOX2,OBSL1
SOX2,OTX2
SOX2,OVOL1
SOX2,PARP1
SOX2,PARVA
SOX2,PARVB
SOX2,PAWR
SOX2,PAX6
SOX2,PBXIP1
SOX2,PCOLCE
SOX2,PCOLCE2
SOX2,PDE4DIP
SOX2,PDGFA
SOX2,PDGFRA
SOX2,PDK1
SOX2,PDLIM1
SOX2,PDPN
SOX2,PEG10
SOX2,PFKL
SOX2,PFKP
SOX2,PGA5
SOX2,PHC1
SOX2,PHGDH
SOX2,PHLDB2
SOX2,PIK3R1
SOX2,PIPOX
SOX2,PITX2
SOX2,PKNOX2
SOX2,PLA2G1B
SOX2,PLAT
SOX2,PLAUR
SOX2,PLK2
SOX2,PLSCR1
SOX2,PLTP
SOX2,PODXL
SOX2,POLR3B
SOX2,POU4F2
SOX2,POU5F1
SOX2,POU6F1
SOX2,PRDM5
SOX2,PROX1
SOX2,PRPS2
SOX2,PRRX2
SOX2,PSAP
SOX2,PSME2
SOX2,PTH1R
SOX2,PTPN14
SOX2,QDPR
SOX2,RAB3IL1
SOX2,RAI14
SOX2,RAPGEF3
SOX2,RARA
SOX2,RARG
SOX2,RASGRP2
SOX2,RB1
SOX2,RBBP4
SOX2,RBL1
SOX2,RBMS1
SOX2,RCOR2
SOX2,RDM1
SOX2,REST
SOX2,RFX2
SOX2,RHOX5
SOX2,RHOX6
SOX2,RIAN
SOX2,RMND5B
SOX2,RNF157
SOX2,RPP25
SOX2,RRAS2
SOX2,RUNX1
SOX2,RUVBL1
SOX2,S100A6
SOX2,SAP30
SOX2,SATB1
SOX2,SATB2
SOX2,SCMH1
SOX2,SEMA4C
SOX2,SENP3
SOX2,SERPINB6C
SOX2,SERPINE2
SOX2,SERPINH1
SOX2,SERTAD2
SOX2,SETD7
SOX2,SFI1
SOX2,SFMBT2
SOX2,SH3PXD2B
SOX2,SHROOM3
SOX2,SIX1
SOX2,SIX5
SOX2,SKIL
SOX2,SLC12A4
SOX2,SLC17A9
SOX2,SLC1A5
SOX2,SLC25A4
SOX2,SLC26A10
SOX2,SLC5A11
SOX2,SLC6A8
SOX2,SLC7A3
SOX2,SLC9A6
SOX2,SMAD3
SOX2,SMAD7
SOX2,SMS
SOX2,SNAI1
SOX2,SNHG12
SOX2,SNX1
SOX2,SNX25
SOX2,SOAT1
SOX2,SOCS2
SOX2,SOX15
SOX2,SOX17
SOX2,SOX4
SOX2,SOX7
SOX2,SP8
SOX2,SPARC
SOX2,SPNS2
SOX2,SPP1
SOX2,SPRY2
SOX2,SPRY4
SOX2,SRGN
SOX2,SRI
SOX2,SRM
SOX2,SSBP4
SOX2,ST3GAL6
SOX2,ST5
SOX2,STAG3
SOX2,STARD8
SOX2,STAT4
SOX2,STAT5B
SOX2,STMN1
SOX2,SUSD2
SOX2,SYNE2
SOX2,TAGLN2
SOX2,TAX1BP3
SOX2,TBX3
SOX2,TCEA3
SOX2,TCF12
SOX2,TCF15
SOX2,TCF20
SOX2,TCL1
SOX2,TCN2
SOX2,TDGF1
SOX2,TDH
SOX2,TEAD1
SOX2,TEAD3
SOX2,TEAD4
SOX2,TET2
SOX2,TGIF1
SOX2,TGM1
SOX2,THBD
SOX2,TINAGL1
SOX2,TLE1
SOX2,TMED9
SOX2,TMEM144
SOX2,TMEM150A
SOX2,TMEM231
SOX2,TMSB4X
SOX2,TNS1
SOX2,TOX3
SOX2,TPD52
SOX2,TPM1
SOX2,TPM4
SOX2,TRH
SOX2,TRIB3
SOX2,TRIM13
SOX2,TRIM2
SOX2,TRIP11
SOX2,TRPS1
SOX2,TTC7
SOX2,TUBA4A
SOX2,TUBB6
SOX2,TULP3
SOX2,TXNDC12
SOX2,TXNIP
SOX2,TYRO3
SOX2,UBE2S
SOX2,UBQLN2
SOX2,UCHL1
SOX2,ULK1
SOX2,UPP1
SOX2,USP28
SOX2,USP3
SOX2,USP9X
SOX2,UTF1
SOX2,VAMP8
SOX2,VCAN
SOX2,VEGFA
SOX2,VEZF1
SOX2,VILL
SOX2,VIM
SOX2,WWTR1
SOX2,XRCC5
SOX2,ZBTB10
SOX2,ZDHHC15
SOX2,ZFAND3
SOX2,ZFHX3
SOX2,ZFP296
SOX2,ZFP36L1
SOX2,ZFP42
SOX2,ZFP423
SOX2,ZFP532
SOX2,ZFP91
SOX2,ZFPM1
SOX2,ZHX3
SOX2,ZIC3
SOX2,ZSWIM4
SOX2,ZYX
SUZ12,AHNAK
SUZ12,AIRE
SUZ12,AKT1
SUZ12,AMFR
SUZ12,AMOT
SUZ12,AMOTL2
SUZ12,ANXA2
SUZ12,ANXA5
SUZ12,APP
SUZ12,AQP3
SUZ12,ASS1
SUZ12,AY036118
SUZ12,B2M
SUZ12,BACH2
SUZ12,BARX1
SUZ12,BAZ1A
SUZ12,BMP4
SUZ12,BMPER
SUZ12,BTG2
SUZ12,CALCOCO2
SUZ12,CALD1
SUZ12,CDC5L
SUZ12,CDKN1A
SUZ12,CHCHD10
SUZ12,CITED2
SUZ12,CLIC1
SUZ12,CNN2
SUZ12,COBL
SUZ12,CRYAB
SUZ12,CSF1
SUZ12,CSRP1
SUZ12,CUBN
SUZ12,DAB2
SUZ12,DKK1
SUZ12,DUSP6
SUZ12,ELF4
SUZ12,ENAH
SUZ12,ESRRB
SUZ12,ETS1
SUZ12,FABP3
SUZ12,FBXO15
SUZ12,FLRT3
SUZ12,FN1
SUZ12,FOSL2
SUZ12,FOXP1
SUZ12,GABARAPL2
SUZ12,GATA6
SUZ12,GHR
SUZ12,GJB3
SUZ12,GLIPR1
SUZ12,GLIPR2
SUZ12,GLS
SUZ12,GNAS
SUZ12,GNG2
SUZ12,GRB10
SUZ12,GSN
SUZ12,HIST1H2AI
SUZ12,HIST1H2BN
SUZ12,HKDC1
SUZ12,HMGA2
SUZ12,HS3ST1
SUZ12,HSF2BP
SUZ12,HTRA1
SUZ12,ID2
SUZ12,IDI1
SUZ12,IFITM1
SUZ12,ILK
SUZ12,IRF4
SUZ12,ITGAV
SUZ12,JAM2
SUZ12,JUN
SUZ12,KCNG1
SUZ12,KLB
SUZ12,KLF2
SUZ12,KLF4
SUZ12,KLF6
SUZ12,KRT18
SUZ12,KRT19
SUZ12,KRT8
SUZ12,LAMA1
SUZ12,LAPTM5
SUZ12,LOXL2
SUZ12,LRRC2
SUZ12,LY6G6E
SUZ12,MAML3
SUZ12,MANBA
SUZ12,MARCKS
SUZ12,MEG3
SUZ12,MOV10
SUZ12,MSC
SUZ12,MT1
SUZ12,MYBL2
SUZ12,MYC
SUZ12,MYLPF
SUZ12,MYO1C
SUZ12,NANOG
SUZ12,NFATC2IP
SUZ12,NME2
SUZ12,NPHS1
SUZ12,NPL
SUZ12,NR0B1
SUZ12,NR1H2
SUZ12,NRG2
SUZ12,OTX2
SUZ12,PARVA
SUZ12,PAWR
SUZ12,PFKP
SUZ12,PHLDB2
SUZ12,PITX2
SUZ12,PLAG1
SUZ12,PLK2
SUZ12,PLOD2
SUZ12,POU4F1
SUZ12,PXDN
SUZ12,RAPGEF3
SUZ12,RBMS1
SUZ12,RDM1
SUZ12,RHOX5
SUZ12,RHOX6
SUZ12,RIAN
SUZ12,RPL39L
SUZ12,RPP25
SUZ12,RRAS2
SUZ12,S100A6
SUZ12,SALL4
SUZ12,SATB2
SUZ12,SERPINH1
SUZ12,SETD7
SUZ12,SFMBT2
SUZ12,SIDT2
SUZ12,SKIL
SUZ12,SOAT1
SUZ12,SORD
SUZ12,SOX4
SUZ12,SOX7
SUZ12,SPP1
SUZ12,SRGN
SUZ12,STAT5A
SUZ12,SUN1
SUZ12,TAGLN2
SUZ12,TBX3
SUZ12,TCF12
SUZ12,TCL1
SUZ12,TET2
SUZ12,TGFB1I1
SUZ12,TIMP2
SUZ12,TPM4
SUZ12,TRIB3
SUZ12,TSPAN9
SUZ12,TUBB6
SUZ12,ULK1
SUZ12,UPP1
SUZ12,USP9X
SUZ12,VCAN
SUZ12,VIM
SUZ12,WWTR1
SUZ12,YAF2
SUZ12,ZEB1
SUZ12,ZYX
TBX3,ACP6
TBX3,ADAM23
TBX3,AES
TBX3,AHNAK
TBX3,AIRE
TBX3,AKR1B8
TBX3,AKT1
TBX3,AMOTL2
TBX3,ANXA2
TBX3,ANXA5
TBX3,APP
TBX3,AQP3
TBX3,ATP1B1
TBX3,B2M
TBX3,BASP1
TBX3,BMP4
TBX3,BTG2
TBX3,CALCOCO2
TBX3,CALD1
TBX3,CAR2
TBX3,CAR4
TBX3,CITED2
TBX3,CLDN6
TBX3,CLIC1
TBX3,CNN2
TBX3,COBL
TBX3,COL4A2
TBX3,COMMD3
TBX3,COX7A1
TBX3,CSF1
TBX3,CTH
TBX3,DDAH2
TBX3,DEK
TBX3,E2F2
TBX3,EGR1
TBX3,ELL2
TBX3,ELL3
TBX3,EMP2
TBX3,EPHA4
TBX3,ETV4
TBX3,FABP3
TBX3,FXYD6
TBX3,GBX2
TBX3,GCLM
TBX3,GJA1
TBX3,GJB3
TBX3,GLIPR2
TBX3,GNG10
TBX3,GNG2
TBX3,GPX3
TBX3,GRB10
TBX3,GSN
TBX3,H1F0
TBX3,HES1
TBX3,HES6
TBX3,HMGXB4
TBX3,ICAM1
TBX3,ID2
TBX3,ID3
TBX3,IFRD1
TBX3,IGFBP2
TBX3,ILDR1
TBX3,KDELR3
TBX3,KIT
TBX3,KRT18
TBX3,KRT19
TBX3,KRT42
TBX3,KRT8
TBX3,LASP1
TBX3,LEFTY1
TBX3,LEFTY2
TBX3,LGALS3
TBX3,LIFR
TBX3,LMO4
TBX3,LY6G6E
TBX3,MANBA
TBX3,MAPK13
TBX3,MARCKS
TBX3,MME
TBX3,MRAS
TBX3,MSC
TBX3,MYH9
TBX3,MYLPF
TBX3,NFATC3
TBX3,NOTCH2
TBX3,NOTCH4
TBX3,NSMAF
TBX3,NUPR1
TBX3,OTX2
TBX3,PA2G4
TBX3,PARVA
TBX3,PCOLCE
TBX3,PCSK6
TBX3,PDPN
TBX3,PFKP
TBX3,PGA5
TBX3,PHF20
TBX3,PITX2
TBX3,PLA2G1B
TBX3,PLK2
TBX3,PLOD1
TBX3,POLE4
TBX3,POLR3F
TBX3,PROS1
TBX3,PRSS35
TBX3,PXDN
TBX3,RAPGEF3
TBX3,RASGRP2
TBX3,RBMS1
TBX3,REV1
TBX3,RHOX5
TBX3,RHOX6
TBX3,RMND5B
TBX3,RNF157
TBX3,RNF6
TBX3,RPP25
TBX3,RPS6KA6
TBX3,SATB1
TBX3,SCMH1
TBX3,SERPINB6C
TBX3,SIRT1
TBX3,SKIL
TBX3,SLC17A9
TBX3,SLC25A36
TBX3,SLC38A2
TBX3,SOX15
TBX3,SPARC
TBX3,SPP1
TBX3,STAG3
TBX3,STMN1
TBX3,TAF9
TBX3,TCL1
TBX3,TEAD3
TBX3,TET2
TBX3,TPI1
TBX3,TPM1
TBX3,TPM4
TBX3,TUBB2B
TBX3,TUBB6
TBX3,UBQLN2
TBX3,VEGFA
TBX3,ZFP423
TBX3,ZFP57
TCEA3,AI506816
TCEA3,AY036118
TCEA3,CDH6
TCEA3,CMKLR1
TCEA3,CRABP2
TCEA3,CUBN
TCEA3,CUX2
TCEA3,DKK1
TCEA3,EIF4A-PS4
TCEA3,EMX2
TCEA3,EOMES
TCEA3,EPAS1
TCEA3,ESRRB
TCEA3,FOXA2
TCEA3,GTF3C1
TCEA3,HEY2
TCEA3,HIF3A
TCEA3,HIST1H1D
TCEA3,HSPG2
TCEA3,NME2
TCEA3,PLXNA1
TCEA3,POU4F2
TCEA3,SALL4
TCEA3,SOX7
TCEA3,TAF1
TCEA3,TEAD1
TCEA3,TINAGL1
TCEA3,ZBTB38
TCEA3,ZDHHC15
TCF7L2,2200002D01RIK
TCF7L2,AFF1
TCF7L2,AIRE
TCF7L2,AMOT
TCF7L2,APBB1
TCF7L2,APP
TCF7L2,CDKN1A
TCF7L2,CPM
TCF7L2,DDAH2
TCF7L2,DMRT1
TCF7L2,ETS1
TCF7L2,FGF10
TCF7L2,FOXA2
TCF7L2,FRMD4A
TCF7L2,FXYD6
TCF7L2,GABBR1
TCF7L2,GATA6
TCF7L2,GJB3
TCF7L2,GLIPR2
TCF7L2,GLS
TCF7L2,GPRC5C
TCF7L2,GTF2A1L
TCF7L2,HABP2
TCF7L2,HES1
TCF7L2,ID2
TCF7L2,ID3
TCF7L2,ID4
TCF7L2,IRF1
TCF7L2,LAMA1
TCF7L2,LAPTM5
TCF7L2,LDHB
TCF7L2,LHX2
TCF7L2,LY6G6E
TCF7L2,NFKBIA
TCF7L2,NR5A2
TCF7L2,PDGFA
TCF7L2,PDPN
TCF7L2,POU6F1
TCF7L2,PRDM1
TCF7L2,PROX1
TCF7L2,PSME2
TCF7L2,RLIM
TCF7L2,SFI1
TCF7L2,SNAI1
TCF7L2,TGFBR3
TCF7L2,TGM1
TCF7L2,THBD
TCF7L2,TNS4
TCF7L2,TOX3
TCF7L2,TRH
TCF7L2,TTC7
TCF7L2,VIM
TCF7L2,WWTR1
TCF7L2,XAF1
TCF7L2,ZFP36L1
ZFAND3,CREB5
ZFAND3,ELF4
ZFAND3,ESRRB
ZFAND3,GATA6
ZFAND3,HEY2
ZFAND3,HKDC1
ZFAND3,LIMCH1
ZFAND3,POU4F2
ZFAND3,RUNX3
ZFAND3,THBD
ZFAND3,TNS4
ZFP281,AARS
ZFP281,ACP6
ZFP281,AKR1B3
ZFP281,ALDH2
ZFP281,AMOTL2
ZFP281,ANK
ZFP281,APP
ZFP281,ARHGAP29
ZFP281,ARNTL
ZFP281,ASS1
ZFP281,ATF4
ZFP281,BUB1B
ZFP281,CALD1
ZFP281,CALR
ZFP281,CAR4
ZFP281,CBX7
ZFP281,CCND3
ZFP281,CCNE1
ZFP281,CHD7
ZFP281,CITED2
ZFP281,CLDN6
ZFP281,CNDP2
ZFP281,COBL
ZFP281,COL4A2
ZFP281,COTL1
ZFP281,CRABP2
ZFP281,CRTAP
ZFP281,CTH
ZFP281,CTNNAL1
ZFP281,DCTPP1
ZFP281,DPPA2
ZFP281,DPPA4
ZFP281,EIF2S2
ZFP281,ELOVL6
ZFP281,FAHD2A
ZFP281,FOXJ3
ZFP281,FXYD6
ZFP281,GJA1
ZFP281,GNAS
ZFP281,GOT1
ZFP281,HMGA2
ZFP281,HNF4A
ZFP281,HNRNPAB
ZFP281,HSPB1
ZFP281,IGFBP2
ZFP281,ITPK1
ZFP281,JAM2
ZFP281,JARID2
ZFP281,KHDRBS1
ZFP281,KLF4
ZFP281,LAMP2
ZFP281,LDHB
ZFP281,LY6E
ZFP281,MANBA
ZFP281,MAPK11
ZFP281,MARCKS
ZFP281,MCM2
ZFP281,MCM3
ZFP281,MCM6
ZFP281,MEG3
ZFP281,MPZL2
ZFP281,MRAS
ZFP281,MTHFD2
ZFP281,MYBBP1A
ZFP281,MYH9
ZFP281,MYLPF
ZFP281,NOP56
ZFP281,NR0B1
ZFP281,NUPR1
ZFP281,PARP1
ZFP281,PAWR
ZFP281,PCBP2
ZFP281,PCNA
ZFP281,PDCD4
ZFP281,PDPN
ZFP281,PFKP
ZFP281,PIAS3
ZFP281,PLA2G1B
ZFP281,PMM1
ZFP281,POLR1C
ZFP281,PRPS2
ZFP281,PURA
ZFP281,RBMS1
ZFP281,RDM1
ZFP281,RPL39L
ZFP281,RRM2
ZFP281,RUVBL1
ZFP281,SATB1
ZFP281,SETD7
ZFP281,SLC6A8
ZFP281,SLC7A5
ZFP281,SMS
ZFP281,SOAT1
ZFP281,SOD1
ZFP281,SOX4
ZFP281,TADA3
ZFP281,TAF6
ZFP281,TAX1BP3
ZFP281,TCEA3
ZFP281,TINAGL1
ZFP281,TPM4
ZFP281,UBE2S
ZFP281,UCHL1
ZFP281,UPP1
ZFP281,UTF1
ZFP281,VAMP8
ZFP281,VEZF1
ZFP281,VILL
ZFP281,XRCC5
ZFP281,ZFHX3
ZFP281,ZYX
ZFP42,ALDH2
ZFP42,CCND2
ZFP42,CLCN5
ZFP42,CRYAB
ZFP42,EPHA4
ZFP42,ETS1
ZFP42,FLRT3
ZFP42,FOSL2
ZFP42,FXYD6
ZFP42,KRT8
ZFP42,LPCAT1
ZFP42,LRRK1
ZFP42,MARCKS
ZFP42,MBD2
ZFP42,MDM2
ZFP42,NFIA
ZFP42,NFKB2
ZFP42,NRIP1
ZFP42,OBSL1
ZFP42,PAX6
ZFP42,RAB3IL1
ZFP42,SHROOM3
ZFP42,SOX4
ZFP42,STT3A
ZFP42,TGFB1I1
ZFP42,TOX3
ZFP42,TWIST1
ZFP42,WDFY1
ZFP42,ZEB2
ZFP42,ZFHX3
