Gene1,Gene2
KLF6,JUN
JUN,KLF6
KLF6,ATF3
ATF3,KLF6
KLF6,BTG2
BTG2,KLF6
PA2G4,ACTR2
CDC5L,ACTR2
DAB2,ACTR2
BIN1,ACTR2
MAPK1,ACTR2
MCM7,PLK2
MCM7,MCM5
MCM5,MCM7
MCM7,BIRC5
MCM7,POLR2B
POLR2B,MCM7
MCM7,HAT1
MCM7,RPS27A
MCM7,RAD51
RAD51,MCM7
MCM7,PCNA
MCM7,SSRP1
SSRP1,MCM7
MCM7,MCM4
MCM4,MCM7
MCM7,UBC
MCM7,DNMT1
DNMT1,MCM7
MCM7,MCM3
MCM3,MCM7
MCM7,MCM6
MCM6,MCM7
PA2G4,GM2A
MAPK1,GM2A
AKT1,HK2
TRP53,HK2
PA2G4,RPL13
RNPS1,RPL13
CDC5L,RPL13
UPF1,RPL13
SMARCB1,ARID1B
ARID1B,SMARCB1
SMARCB1,CDC5L
CDC5L,SMARCB1
SMARCB1,ACTG1
SMARCB1,SMARCE1
SMARCE1,SMARCB1
SMARCB1,DPF2
DPF2,SMARCB1
SMARCB1,CBFB
CBFB,SMARCB1
SMARCB1,PBRM1
PBRM1,SMARCB1
SMARCB1,ACTB
SMARCB1,RUNX1
RUNX1,SMARCB1
SMARCB1,SMARCC2
SMARCC2,SMARCB1
SMARCB1,TRP53
TRP53,SMARCB1
SMARCB1,YEATS4
YEATS4,SMARCB1
SMARCB1,BANF1
SMARCB1,SMARCA4
SMARCA4,SMARCB1
SMARCB1,DNMT3A
DNMT3A,SMARCB1
SMARCB1,ARID1A
ARID1A,SMARCB1
TNF,CCL3
TLR4,CCL3
NFKB1,CFP
JUP,CFP
SP1,POLR2C
POLR2C,SP1
SP1,CREBBP
CREBBP,SP1
SP1,TAF6
TAF6,SP1
SP1,FOS
FOS,SP1
SP1,SMAD4
SMAD4,SP1
SP1,POLR2D
POLR2D,SP1
SP1,POLR2F
POLR2F,SP1
SP1,TAF9
TAF9,SP1
SP1,NCOA3
NCOA3,SP1
SP1,TRP53
TRP53,SP1
SP1,ELL2
ELL2,SP1
SP1,POLR2E
POLR2E,SP1
SP1,GTF2E2
GTF2E2,SP1
SP1,POLR2K
POLR2K,SP1
SP1,JUN
JUN,SP1
SP1,GTF2B
GTF2B,SP1
SP1,MAPK14
MAPK14,SP1
SP1,SSU72
SP1,MED1
MED1,SP1
SP1,USF2
USF2,SP1
SP1,POLR2B
POLR2B,SP1
SP1,HDAC1
HDAC1,SP1
SP1,GTF2A2
GTF2A2,SP1
SP1,GTF2F1
GTF2F1,SP1
SP1,MDM2
MDM2,SP1
SP1,GTF2A1
GTF2A1,SP1
SP1,SMAD2
SMAD2,SP1
SP1,POLR2J
POLR2J,SP1
SP1,POLR2G
POLR2G,SP1
SP1,POLR2H
POLR2H,SP1
SP1,SRRT
SRRT,SP1
SP1,SNAPC5
SNAPC5,SP1
SP1,POLR2I
POLR2I,SP1
PA2G4,CCT3
CDC5L,CCT3
SND1,TMEM208
SND1,GTF2E2
GTF2E2,SND1
SND1,SEC61A1
TUBA1A,TUBB6
PA2G4,TUBB5
CDC5L,TUBB5
TUBA1A,TUBB5
MAPK1,TUBB5
ELL2,POLR2C
POLR2C,ELL2
ELL2,TAF6
TAF6,ELL2
ELL2,POLR2B
POLR2B,ELL2
ELL2,POLR2D
POLR2D,ELL2
ELL2,POLR2F
POLR2F,ELL2
ELL2,GTF2A2
GTF2A2,ELL2
ELL2,GTF2F1
GTF2F1,ELL2
ELL2,TAF9
TAF9,ELL2
ELL2,GTF2A1
GTF2A1,ELL2
ELL2,POLR2J
POLR2J,ELL2
ELL2,POLR2G
POLR2G,ELL2
ELL2,POLR2E
POLR2E,ELL2
ELL2,GTF2E2
GTF2E2,ELL2
ELL2,POLR2H
POLR2H,ELL2
ELL2,POLR2K
POLR2K,ELL2
ELL2,SRRT
SRRT,ELL2
ELL2,GTF2B
GTF2B,ELL2
ELL2,AFF4
AFF4,ELL2
ELL2,SNAPC5
SNAPC5,ELL2
ELL2,POLR2I
POLR2I,ELL2
ELL2,SSU72
JUP,LYZ2
JUP,GGH
JUP,DNASE1L1
JUP,CTSD
JUP,NFKB1
NFKB1,JUP
JUP,CXCL1
JUP,B2M
JUP,CXCL2
JUP,CTNNB1
CTNNB1,JUP
JUP,LYZ1
JUP,RAC1
JUP,CTNNA1
JUP,TCF7L2
TCF7L2,JUP
JUP,CTSZ
JUP,CNN2
FXR1,DNAJC19
FXR1,PABPC1
AKT1,DNMT1
DNMT1,AKT1
AKT1,MAP1LC3B
AKT1,EIF4E
AKT1,CREBBP
CREBBP,AKT1
AKT1,FOS
FOS,AKT1
AKT1,CFL1
AKT1,SMAD4
SMAD4,AKT1
AKT1,NFE2L2
NFE2L2,AKT1
AKT1,MSN
AKT1,EZH2
EZH2,AKT1
AKT1,HSPA5
AKT1,ATF4
ATF4,AKT1
AKT1,FKBP1A
AKT1,ZFP36L1
ZFP36L1,AKT1
AKT1,TNF
TNF,AKT1
AKT1,SOD2
AKT1,PLEK
AKT1,CD274
AKT1,IQGAP1
AKT1,CFLAR
AKT1,TRP53
TRP53,AKT1
AKT1,NRAS
AKT1,VIM
AKT1,NCOR2
NCOR2,AKT1
AKT1,KLF4
KLF4,AKT1
AKT1,ID2
ID2,AKT1
AKT1,CDC42
AKT1,NCF1
AKT1,HSP90AA1
AKT1,HSP90B1
AKT1,STAT3
STAT3,AKT1
AKT1,CTNNB1
CTNNB1,AKT1
AKT1,JUN
JUN,AKT1
AKT1,GNGT2
AKT1,RELA
RELA,AKT1
AKT1,MAPK14
MAPK14,AKT1
AKT1,ATF2
ATF2,AKT1
AKT1,ACLY
AKT1,NR4A1
NR4A1,AKT1
AKT1,ANXA5
AKT1,HSP90AB1
AKT1,RAC1
AKT1,PPP2R5C
AKT1,RAC2
AKT1,YBX1
YBX1,AKT1
AKT1,RHOA
AKT1,CDKN1A
AKT1,HIF1A
HIF1A,AKT1
AKT1,EGR1
EGR1,AKT1
AKT1,ACTB
AKT1,MDM2
MDM2,AKT1
AKT1,TLR2
AKT1,MAPK1
MAPK1,AKT1
AKT1,GNG10
AKT1,TLR4
TLR4,AKT1
AKT1,SMAD2
SMAD2,AKT1
AKT1,CD44
AKT1,RPS6
AKT1,PARP1
PARP1,AKT1
AKT1,NPM1
AKT1,ILK
ILK,AKT1
AKT1,STAT1
STAT1,AKT1
AKT1,GNB1
AKT1,MAPK3
MAPK3,AKT1
AKT1,GNG5
AKT1,NCOR1
NCOR1,AKT1
YBX1,PABPC1
UPF1,PABPC1
MAPK3,BLVRA
SNRPD1,HNRNPK
HNRNPK,SNRPD1
SNRPD1,SNRPE
SNRPD1,CWC15
SNRPD1,SRSF6
SRSF6,SNRPD1
SNRPD1,RNPS1
RNPS1,SNRPD1
SNRPD1,PAPOLA
PAPOLA,SNRPD1
SNRPD1,POLR2C
POLR2C,SNRPD1
SNRPD1,DDX5
DDX5,SNRPD1
SNRPD1,TCERG1
TCERG1,SNRPD1
SNRPD1,CDC5L
CDC5L,SNRPD1
SNRPD1,POLR2B
POLR2B,SNRPD1
SNRPD1,HNRNPC
SNRPD1,NHP2
SNRPD1,SNRPG
SNRPD1,LSM3
SNRPD1,SRSF2
SRSF2,SNRPD1
SNRPD1,HNRNPA2B1
SNRPD1,PRPF40A
SNRPD1,SNRPB
SNRPB,SNRPD1
SNRPD1,POLR2D
POLR2D,SNRPD1
SNRPD1,POLR2F
POLR2F,SNRPD1
SNRPD1,HNRNPD
HNRNPD,SNRPD1
SNRPD1,SRSF3
SRSF3,SNRPD1
SNRPD1,TRA2B
SNRPD1,DNAJC8
SNRPD1,YBX1
YBX1,SNRPD1
SNRPD1,SF3B5
SNRPD1,GTF2F1
GTF2F1,SNRPD1
SNRPD1,SRRM1
SRRM1,SNRPD1
SNRPD1,SRSF5
SRSF5,SNRPD1
SNRPD1,NHP2L1
SNRPD1,WBP11
WBP11,SNRPD1
SNRPD1,HSPA8
SNRPD1,SNRPD2
SNRPD1,BUD31
SNRPD1,SNRNP25
SNRPD1,POLR2J
POLR2J,SNRPD1
SNRPD1,SRSF9
SRSF9,SNRPD1
SNRPD1,POLR2G
POLR2G,SNRPD1
SNRPD1,POLR2E
POLR2E,SNRPD1
SNRPD1,POLR2H
POLR2H,SNRPD1
SNRPD1,POLR2K
POLR2K,SNRPD1
SNRPD1,SRRT
SRRT,SNRPD1
SNRPD1,SF1
SF1,SNRPD1
SNRPD1,ERH
SNRPD1,HNRNPF
SNRPD1,POLR2I
POLR2I,SNRPD1
SNRPD1,LSM7
GTF2F1,HNRNPK
HNRNPK,GTF2F1
GTF2F1,CWC15
GTF2F1,TAF7
TAF7,GTF2F1
GTF2F1,SRSF6
SRSF6,GTF2F1
GTF2F1,RNPS1
RNPS1,GTF2F1
GTF2F1,PAPOLA
PAPOLA,GTF2F1
GTF2F1,POLR2C
POLR2C,GTF2F1
GTF2F1,DDX5
DDX5,GTF2F1
GTF2F1,TAF6
TAF6,GTF2F1
GTF2F1,CDC5L
CDC5L,GTF2F1
GTF2F1,POLR2B
POLR2B,GTF2F1
GTF2F1,HNRNPC
GTF2F1,LSM3
GTF2F1,SRSF2
SRSF2,GTF2F1
GTF2F1,HNRNPA2B1
GTF2F1,PRPF40A
GTF2F1,SNRPB
SNRPB,GTF2F1
GTF2F1,POLR2D
POLR2D,GTF2F1
GTF2F1,POLR2F
POLR2F,GTF2F1
GTF2F1,HNRNPD
HNRNPD,GTF2F1
GTF2F1,SRSF3
SRSF3,GTF2F1
GTF2F1,TAF12
TAF12,GTF2F1
GTF2F1,TCEA1
TCEA1,GTF2F1
GTF2F1,GTF2A2
GTF2A2,GTF2F1
GTF2F1,TRA2B
GTF2F1,DNAJC8
GTF2F1,TCEB3
TCEB3,GTF2F1
GTF2F1,TBPL1
TBPL1,GTF2F1
GTF2F1,YBX1
YBX1,GTF2F1
GTF2F1,POLR2A
POLR2A,GTF2F1
GTF2F1,SF3B5
GTF2F1,SRRM1
SRRM1,GTF2F1
GTF2F1,TAF9
TAF9,GTF2F1
GTF2F1,SRSF5
SRSF5,GTF2F1
GTF2F1,TCEB2
TCEB2,GTF2F1
GTF2F1,WBP11
WBP11,GTF2F1
GTF2F1,HSPA8
GTF2F1,TCEB1
TCEB1,GTF2F1
GTF2F1,GTF2A1
GTF2A1,GTF2F1
GTF2F1,MED21
MED21,GTF2F1
GTF2F1,TIAL1
TIAL1,GTF2F1
GTF2F1,SSRP1
SSRP1,GTF2F1
GTF2F1,SNRPD2
GTF2F1,BUD31
GTF2F1,SNRNP25
GTF2F1,POLR2J
POLR2J,GTF2F1
GTF2F1,SRSF9
SRSF9,GTF2F1
GTF2F1,POLR2G
POLR2G,GTF2F1
GTF2F1,POLR2E
POLR2E,GTF2F1
GTF2F1,GTF2E2
GTF2E2,GTF2F1
GTF2F1,POLR2H
POLR2H,GTF2F1
GTF2F1,POLR2K
POLR2K,GTF2F1
GTF2F1,SRRT
SRRT,GTF2F1
GTF2F1,GTF2B
GTF2B,GTF2F1
GTF2F1,SF1
SF1,GTF2F1
GTF2F1,AFF4
AFF4,GTF2F1
GTF2F1,SNAPC5
SNAPC5,GTF2F1
GTF2F1,HNRNPF
GTF2F1,POLR2I
POLR2I,GTF2F1
GTF2F1,LSM7
GTF2F1,YEATS4
YEATS4,GTF2F1
GTF2F1,SSU72
EIF5B,RPS11
RNPS1,RPS11
POLR2C,RPS11
POLR2B,RPS11
POLR2F,RPS11
POLR2A,RPS11
UPF1,RPS11
BTF3,RPS11
TNF,IER3
MAPK1,IER3
MAPK3,IER3
FOSB,FOS
FOS,FOSB
FOSB,EGR2
EGR2,FOSB
FOSB,JUN
JUN,FOSB
FOSB,MAPK14
MAPK14,FOSB
FOSB,NR4A1
NR4A1,FOSB
FOSB,JUNB
JUNB,FOSB
FOSB,HDAC1
HDAC1,FOSB
FOSB,FOSL2
FOSL2,FOSB
FOSB,EGR1
EGR1,FOSB
FOSB,DUSP1
XBP1,CALR
ATF6,CALR
DAB2,IL7R
BIN1,IL7R
STAT3,IL7R
PA2G4,RPL8
POLR2C,RPL8
NME2,RPL8
EIF5B,RPL8
RNPS1,RPL8
POLR2B,RPL8
UPF1,RPL8
BTF3,RPL8
HNRNPK,CWC15
SRSF6,CWC15
RNPS1,CWC15
PAPOLA,CWC15
POLR2C,CWC15
DDX5,CWC15
TCERG1,CWC15
CDC5L,CWC15
POLR2B,CWC15
SRSF2,CWC15
SNRPB,CWC15
POLR2D,CWC15
POLR2F,CWC15
HNRNPD,CWC15
SRSF3,CWC15
YBX1,CWC15
SRRM1,CWC15
SRSF5,CWC15
WBP11,CWC15
POLR2J,CWC15
SRSF9,CWC15
POLR2G,CWC15
POLR2E,CWC15
POLR2H,CWC15
POLR2K,CWC15
SRRT,CWC15
SF1,CWC15
POLR2I,CWC15
DNMT1,RBBP4
RBBP4,DNMT1
DNMT1,UBC
DNMT1,EZH2
EZH2,DNMT1
DNMT1,TRP53
TRP53,DNMT1
DNMT1,CTCF
CTCF,DNMT1
DNMT1,AEBP2
AEBP2,DNMT1
DNMT1,PCNA
DNMT1,STAT3
STAT3,DNMT1
DNMT1,RPS27A
DNMT1,RBBP7
RBBP7,DNMT1
DNMT1,HDAC1
HDAC1,DNMT1
DNMT1,H2AFV
DNMT1,MCM5
MCM5,DNMT1
DNMT1,SUMO1
DNMT1,UBB
DNMT1,SMARCA5
SMARCA5,DNMT1
DNMT1,SUZ12
SUZ12,DNMT1
DNMT1,RBL2
RBL2,DNMT1
DNMT1,EHMT2
EHMT2,DNMT1
DNMT1,PARP1
PARP1,DNMT1
DNMT1,DNMT3A
DNMT3A,DNMT1
DNMT1,MBD2
MBD2,DNMT1
DNMT1,H3F3B
DNMT1,H3F3A
PHB2,UQCRC1
PHB2,CCDC109B
PHB2,NDUFB8
PHB2,DNAJC19
PHB2,HDAC1
HDAC1,PHB2
IRF5,CCL4
IRF5,MYD88
MYD88,IRF5
IRF5,ITGAX
SIN3B,RBBP4
RBBP4,SIN3B
SIN3B,CREBBP
CREBBP,SIN3B
SIN3B,CHD4
CHD4,SIN3B
SIN3B,CBFB
CBFB,SIN3B
SIN3B,RUNX1
RUNX1,SIN3B
SIN3B,ING1
ING1,SIN3B
SIN3B,NCOR2
NCOR2,SIN3B
SIN3B,MED1
MED1,SIN3B
SIN3B,RBBP7
RBBP7,SIN3B
SIN3B,HDAC1
HDAC1,SIN3B
SIN3B,H2AFV
SIN3B,MORF4L1
SIN3B,KDM5A
KDM5A,SIN3B
SIN3B,H3F3B
SIN3B,H3F3A
SIN3B,HBP1
HBP1,SIN3B
SIN3B,NCOR1
NCOR1,SIN3B
EIF5B,RPS5
RNPS1,RPS5
POLR2C,RPS5
POLR2B,RPS5
POLR2F,RPS5
UPF1,RPS5
NFKB1,CNN2
POLR2E,HNRNPK
HNRNPK,POLR2E
POLR2E,SNRPE
POLR2E,TAF7
TAF7,POLR2E
POLR2E,DDB1
DDB1,POLR2E
POLR2E,MED1
MED1,POLR2E
POLR2E,SRSF6
SRSF6,POLR2E
POLR2E,RNPS1
RNPS1,POLR2E
POLR2E,PAPOLA
PAPOLA,POLR2E
POLR2E,POLR2C
POLR2C,POLR2E
POLR2E,DDX5
DDX5,POLR2E
POLR2E,RBBP4
RBBP4,POLR2E
POLR2E,CREBBP
CREBBP,POLR2E
POLR2E,TAF6
TAF6,POLR2E
POLR2E,RBBP7
RBBP7,POLR2E
POLR2E,CDC5L
CDC5L,POLR2E
POLR2E,POLR2B
POLR2B,POLR2E
POLR2E,HNRNPC
POLR2E,NHP2
POLR2E,NME2
NME2,POLR2E
POLR2E,LSM3
POLR2E,COPS5
COPS5,POLR2E
POLR2E,POLR1D
POLR1D,POLR2E
POLR2E,SRSF2
SRSF2,POLR2E
POLR2E,UBC
POLR2E,HNRNPA2B1
POLR2E,H2AFV
POLR2E,RUVBL2
RUVBL2,POLR2E
POLR2E,PRPF40A
POLR2E,COPS6
POLR2E,DEK
DEK,POLR2E
POLR2E,COPS2
COPS2,POLR2E
POLR2E,SNRPB
SNRPB,POLR2E
POLR2E,POLR2D
POLR2D,POLR2E
POLR2E,POLR2F
POLR2F,POLR2E
POLR2E,EZH2
EZH2,POLR2E
POLR2E,HNRNPD
HNRNPD,POLR2E
POLR2E,SRSF3
SRSF3,POLR2E
POLR2E,TAF12
TAF12,POLR2E
POLR2E,UBTF
UBTF,POLR2E
POLR2E,TCEA1
TCEA1,POLR2E
POLR2E,GTF2A2
GTF2A2,POLR2E
POLR2E,TRA2B
POLR2E,EGR2
EGR2,POLR2E
POLR2E,DNAJC8
POLR2E,TCEB3
TCEB3,POLR2E
POLR2E,MED10
POLR2E,TBPL1
TBPL1,POLR2E
POLR2E,YBX1
YBX1,POLR2E
POLR2E,POLR2A
POLR2A,POLR2E
POLR2E,POLR3K
POLR3K,POLR2E
POLR2E,SF3B5
POLR2E,SRRM1
SRRM1,POLR2E
POLR2E,TAF9
TAF9,POLR2E
POLR2E,RFC1
RFC1,POLR2E
POLR2E,ACTB
POLR2E,SMARCA5
SMARCA5,POLR2E
POLR2E,SRSF5
SRSF5,POLR2E
POLR2E,TCEB2
TCEB2,POLR2E
POLR2E,NCOA3
NCOA3,POLR2E
POLR2E,WBP11
WBP11,POLR2E
POLR2E,SUZ12
SUZ12,POLR2E
POLR2E,RPS17
POLR2E,HSPA8
POLR2E,TCEB1
TCEB1,POLR2E
POLR2E,GTF2A1
GTF2A1,POLR2E
POLR2E,MED21
MED21,POLR2E
POLR2E,TIAL1
TIAL1,POLR2E
POLR2E,SSRP1
SSRP1,POLR2E
POLR2E,SNRPD2
POLR2E,PCNA
POLR2E,BUD31
POLR2E,SNRNP25
POLR2E,POLR2J
POLR2J,POLR2E
POLR2E,SRSF9
SRSF9,POLR2E
POLR2E,POLR2G
POLR2G,POLR2E
POLR2E,ZNRD1
ZNRD1,POLR2E
POLR2E,GTF2E2
GTF2E2,POLR2E
POLR2E,POLR2H
POLR2H,POLR2E
POLR2E,POLR2K
POLR2K,POLR2E
POLR2E,JUN
JUN,POLR2E
POLR2E,SRRT
SRRT,POLR2E
POLR2E,GTF2B
GTF2B,POLR2E
POLR2E,H3F3B
POLR2E,H3F3A
POLR2E,SF1
SF1,POLR2E
POLR2E,AFF4
AFF4,POLR2E
POLR2E,SNAPC5
SNAPC5,POLR2E
POLR2E,HNRNPF
POLR2E,POLR2I
POLR2I,POLR2E
POLR2E,RPS27A
POLR2E,LSM7
POLR2E,SSU72
POLR2E,NCOR1
NCOR1,POLR2E
MAPK14,CDC5L
CDC5L,MAPK14
MAPK14,FOS
FOS,MAPK14
MAPK14,SMAD4
SMAD4,MAPK14
MAPK14,TNF
TNF,MAPK14
MAPK14,SOD2
MAPK14,NCF4
MAPK14,MITF
MITF,MAPK14
MAPK14,NCOA3
NCOA3,MAPK14
MAPK14,TRP53
TRP53,MAPK14
MAPK14,CYBA
MAPK14,TCF12
TCF12,MAPK14
MAPK14,CDC42
MAPK14,MEF2A
MEF2A,MAPK14
MAPK14,NCF1
MAPK14,STAT3
STAT3,MAPK14
MAPK14,CTNNB1
CTNNB1,MAPK14
MAPK14,JUN
JUN,MAPK14
MAPK14,GNGT2
MAPK14,CYBB
MAPK14,ATF2
ATF2,MAPK14
MAPK14,JUNB
JUNB,MAPK14
MAPK14,H2AFV
MAPK14,RAC1
MAPK14,FOSL2
FOSL2,MAPK14
MAPK14,RHOA
MAPK14,IL1B
MAPK14,MAPK1
MAPK1,MAPK14
MAPK14,GNG10
MAPK14,NCK1
MAPK14,CTNNA1
MAPK14,TLR4
TLR4,MAPK14
MAPK14,SMAD2
SMAD2,MAPK14
MAPK14,MYD88
MYD88,MAPK14
MAPK14,STAT1
STAT1,MAPK14
MAPK14,GNB1
MAPK14,H3F3B
MAPK14,H3F3A
MAPK14,MAPK3
MAPK3,MAPK14
MAPK14,GNG5
MAPK14,DUSP1
TNF,CD44
TRP53,CD44
KLF4,CD44
STAT3,CD44
JUN,CD44
TLR4,CD44
UBE2K,WDR1
HTATIP2,NDUFS3
TRIM28,CDC5L
CDC5L,TRIM28
TRIM28,SMARCA4
SMARCA4,TRIM28
TRIM28,CCT5
TRIM28,CCT8
TRIM28,ZWINT
TRIM28,CCT2
TRIM28,CBX3
CBX3,TRIM28
TSG101,CHMP2A
CTCF,POLR2F
POLR2F,CTCF
CTCF,UBTF
UBTF,CTCF
CTCF,SUZ12
SUZ12,CTCF
REL,PSMB4
COPS2,PSMB4
HNRNPD,PSMB4
NFKB1,PSMB4
TNF,PSMB4
BUB3,PSMB4
HIF1A,PSMB4
TCEB2,PSMB4
TRP53,PSMB4
TCEB1,PSMB4
NFKBIB,PSMB4
NFKBIA,PSMB4
CTNNB1,PSMB4
RELA,PSMB4
BIN1,ARPC2
DAB2,ARPC2
PA2G4,RPS9
EIF5B,RPS9
RNPS1,RPS9
POLR2C,RPS9
POLR2B,RPS9
POLR2F,RPS9
UPF1,RPS9
BTF3,RPS9
CBFB,CRIP1
TAF9,APRT
NFE2L2,SOD2
TNF,SOD2
TRP53,SOD2
STAT3,SOD2
JUN,SOD2
CTNNB1,PSMD7
CTNNB1,PSMB6
CTNNB1,PSME1
CTNNB1,PSMB3
CTNNB1,CREBBP
CREBBP,CTNNB1
CTNNB1,PSMC6
CTNNB1,UBC
CTNNB1,SMAD4
SMAD4,CTNNB1
CTNNB1,CSNK2B
CTNNB1,PSMA3
CTNNB1,IQGAP1
CTNNB1,PSMB10
CTNNB1,PSMB7
CTNNB1,SKP1A
CTNNB1,TRP53
TRP53,CTNNB1
CTNNB1,PSMA5
CTNNB1,PSMD6
CTNNB1,KLF4
KLF4,CTNNB1
CTNNB1,CTBP1
CTBP1,CTNNB1
CTNNB1,SMARCA4
SMARCA4,CTNNB1
CTNNB1,MEF2A
MEF2A,CTNNB1
CTNNB1,PSMB5
CTNNB1,STAT3
STAT3,CTNNB1
CTNNB1,PSMC3
CTNNB1,JUN
JUN,CTNNB1
CTNNB1,PSMD8
CTNNB1,RPS27A
CTNNB1,PSME2
CTNNB1,HDAC1
HDAC1,CTNNB1
CTNNB1,H2AFV
CTNNB1,RAC1
CTNNB1,PSMC5
CTNNB1,PPP2R5C
CTNNB1,LDB1
LDB1,CTNNB1
CTNNB1,PSMA7
CTNNB1,CACYBP
CTNNB1,PSMD14
CTNNB1,PSMA6
CTNNB1,CTNNA1
CTNNB1,PSMA4
CTNNB1,PSMC1
CTNNB1,TCF7L2
TCF7L2,CTNNB1
CTNNB1,PSMB1
CTNNB1,PSMB9
CTNNB1,PSMB8
CTNNB1,H3F3B
CTNNB1,H3F3A
CTNNB1,PSMB2
CTNNB1,PSMC4
DAB2,AP2M1
BIN1,AP2M1
MAPK1,AP2M1
DAB2,M6PR
BIN1,M6PR
JUN,RHOA
MAPK1,RHOA
TAX1BP3,RHOA
MAPK3,RHOA
RNPS1,RPLP1
UPF1,RPLP1
EIF5B,RPS18
RNPS1,RPS18
POLR2C,RPS18
POLR2F,RPS18
UPF1,RPS18
PA2G4,RPL10
EIF5B,RPL10
SRSF6,NXF1
RNPS1,NXF1
SRSF2,NXF1
SRSF3,NXF1
SRRM1,NXF1
SRSF5,NXF1
UPF1,NXF1
SRSF9,NXF1
DDB1,NEDD8
TCEB2,NEDD8
RBBP7,NEDD8
COPS5,NEDD8
HSBP1,NEDD8
COPS2,NEDD8
GTF2A2,NEDD8
HIF1A,NEDD8
TCEB1,NEDD8
POLR2J,NEDD8
MED15,MED1
MED1,MED15
MED15,THRAP3
THRAP3,MED15
MED15,CREBBP
CREBBP,MED15
MED15,MED8
MED8,MED15
MED15,FABP4
MED15,MED10
MED15,NCOA3
NCOA3,MED15
MED15,NCOR2
NCOR2,MED15
MED15,MED21
MED21,MED15
MED15,MED27
MED27,MED15
MED15,NCOR1
NCOR1,MED15
EHMT2,RBBP4
RBBP4,EHMT2
EHMT2,GATAD2A
GATAD2A,EHMT2
EHMT2,UBC
EHMT2,CHD4
CHD4,EHMT2
EHMT2,TRP53
TRP53,EHMT2
EHMT2,MTA2
MTA2,EHMT2
EHMT2,RPS27A
EHMT2,RBBP7
RBBP7,EHMT2
EHMT2,HDAC1
HDAC1,EHMT2
EHMT2,H2AFV
EHMT2,TFDP1
TFDP1,EHMT2
EHMT2,DOT1L
DOT1L,EHMT2
EHMT2,UBTF
UBTF,EHMT2
EHMT2,EHMT1
EHMT1,EHMT2
EHMT2,SUZ12
SUZ12,EHMT2
EHMT2,DNMT3A
DNMT3A,EHMT2
EHMT2,CBX3
CBX3,EHMT2
EHMT2,H3F3B
EHMT2,H3F3A
TCEB2,NDUFA2
TSG101,CDC5L
CDC5L,TSG101
TSG101,VPS25
TSG101,UBC
TSG101,CD63
TSG101,UBB
TSG101,PDCD6
TSG101,VTA1
TSG101,CHMP5
TSG101,CD9
TSG101,RAB7
TSG101,CD81
TSG101,RPS27A
TSG101,VPS28
REL,PSMB1
HNRNPD,PSMB1
NFKB1,PSMB1
TNF,PSMB1
TCEB2,PSMB1
TRP53,PSMB1
NFKBIB,PSMB1
NFKBIA,PSMB1
RELA,PSMB1
BUB3,PSMB1
HIF1A,PSMB1
TCEB1,PSMB1
EDF1,HSP90AB1
EDF1,PTGES3
EDF1,TCEB2
TCEB2,EDF1
EDF1,HSP90AA1
TRP53,GADD45B
TLR4,CYBB
TNF,CD83
TNF,LPL
HNRNPK,HSPA8
SRSF6,HSPA8
PAPOLA,HSPA8
POLR2C,HSPA8
CREBBP,HSPA8
CDC5L,HSPA8
SRSF2,HSPA8
POLR2D,HSPA8
POLR2F,HSPA8
HNRNPD,HSPA8
NR3C1,HSPA8
SRSF5,HSPA8
WBP11,HSPA8
DAB2,HSPA8
POLR2K,HSPA8
DNAJC2,HSPA8
RNPS1,HSPA8
DDX5,HSPA8
POLR2B,HSPA8
BIN1,HSPA8
SNRPB,HSPA8
SRSF3,HSPA8
YBX1,HSPA8
SRRM1,HSPA8
POLR2J,HSPA8
SRSF9,HSPA8
POLR2G,HSPA8
POLR2H,HSPA8
SRRT,HSPA8
SF1,HSPA8
POLR2I,HSPA8
NR3C1,CAPZA2
PCBD2,QDPR
FLI1,RUNX1
RUNX1,FLI1
PREB,CTSZ
NFKB1,CTSZ
TNF,CD274
TRP53,CD274
TLR4,CD274
IRF1,CD274
STAT3,CD274
STAT1,CD274
TNF,SERPINB6A
PA2G4,RPL19
EIF5B,RPL19
RNPS1,RPL19
UPF1,RPL19
BTF3,RPL19
TOP2B,MCM3
MCM3,TOP2B
TOP2B,MCM4
MCM4,TOP2B
TOP2B,SMARCE1
SMARCE1,TOP2B
TOP2B,SMARCC2
SMARCC2,TOP2B
TOP2B,SMARCA4
SMARCA4,TOP2B
TOP2B,SUMO1
SUZ12,POLR2C
POLR2C,SUZ12
SUZ12,RBBP4
RBBP4,SUZ12
SUZ12,CREBBP
CREBBP,SUZ12
SUZ12,RBBP7
RBBP7,SUZ12
SUZ12,POLR2B
POLR2B,SUZ12
SUZ12,HDAC1
HDAC1,SUZ12
SUZ12,H2AFV
SUZ12,TFDP1
TFDP1,SUZ12
SUZ12,KDM2B
KDM2B,SUZ12
SUZ12,POLR2D
POLR2D,SUZ12
SUZ12,POLR2F
POLR2F,SUZ12
SUZ12,EZH2
EZH2,SUZ12
SUZ12,SUMO1
SUZ12,POLR2A
POLR2A,SUZ12
SUZ12,NCOA3
NCOA3,SUZ12
SUZ12,AEBP2
AEBP2,SUZ12
SUZ12,DNMT3A
DNMT3A,SUZ12
SUZ12,POLR2J
POLR2J,SUZ12
SUZ12,POLR2G
POLR2G,SUZ12
SUZ12,STAT3
STAT3,SUZ12
SUZ12,POLR2H
POLR2H,SUZ12
SUZ12,POLR2K
POLR2K,SUZ12
SUZ12,KDM6B
KDM6B,SUZ12
SUZ12,H3F3B
SUZ12,H3F3A
SUZ12,POLR2I
POLR2I,SUZ12
SUZ12,NCOR1
NCOR1,SUZ12
REL,PSMB6
COPS2,PSMB6
POLR2F,PSMB6
HNRNPD,PSMB6
NFKB1,PSMB6
TNF,PSMB6
BUB3,PSMB6
HIF1A,PSMB6
TCEB2,PSMB6
TRP53,PSMB6
TCEB1,PSMB6
NFKBIB,PSMB6
NFKBIA,PSMB6
RELA,PSMB6
KPNA2,CDC5L
CDC5L,KPNA2
KPNA2,CKS2
KPNA2,PCNA
KPNA2,CKS1B
KPNA2,BIRC5
KPNA2,MCM5
MCM5,KPNA2
KPNA2,RAN
TNF,CXCL16
TNF,CCL4
MED8,MED1
MED1,MED8
MED8,THRAP3
THRAP3,MED8
MED8,CREBBP
CREBBP,MED8
MED8,FABP4
MED8,MED10
MED8,NCOA3
NCOA3,MED8
MED8,NCOR2
NCOR2,MED8
MED8,MED21
MED21,MED8
MED8,MED27
MED27,MED8
MED8,NCOR1
NCOR1,MED8
NFKB1,DNASE1L1
DDB1,COPS6
POLR2C,COPS6
POLR2D,COPS6
POLR2F,COPS6
TCEB2,COPS6
POLR2K,COPS6
RBBP7,COPS6
POLR2B,COPS6
COPS5,COPS6
COPS2,COPS6
TCEB1,COPS6
POLR2J,COPS6
POLR2G,COPS6
POLR2H,COPS6
POLR2I,COPS6
UBE2K,UBB
PER1,UBB
TNFAIP3,UBB
TCERG1,CCDC12
CDC5L,CCDC12
POLR2I,HNRNPK
HNRNPK,POLR2I
POLR2I,TAF7
TAF7,POLR2I
POLR2I,DDB1
DDB1,POLR2I
POLR2I,SRSF6
SRSF6,POLR2I
POLR2I,RNPS1
RNPS1,POLR2I
POLR2I,PAPOLA
PAPOLA,POLR2I
POLR2I,POLR2C
POLR2C,POLR2I
POLR2I,DDX5
DDX5,POLR2I
POLR2I,RBBP4
RBBP4,POLR2I
POLR2I,CREBBP
CREBBP,POLR2I
POLR2I,TAF6
TAF6,POLR2I
POLR2I,RBBP7
RBBP7,POLR2I
POLR2I,CDC5L
CDC5L,POLR2I
POLR2I,POLR2B
POLR2B,POLR2I
POLR2I,HNRNPC
POLR2I,NME2
NME2,POLR2I
POLR2I,LSM3
POLR2I,COPS5
COPS5,POLR2I
POLR2I,POLR1D
POLR1D,POLR2I
POLR2I,UBC
POLR2I,SRSF2
SRSF2,POLR2I
POLR2I,HNRNPA2B1
POLR2I,H2AFV
POLR2I,PRPF40A
POLR2I,COPS2
COPS2,POLR2I
POLR2I,SNRPB
SNRPB,POLR2I
POLR2I,POLR2D
POLR2D,POLR2I
POLR2I,POLR2F
POLR2F,POLR2I
POLR2I,EZH2
EZH2,POLR2I
POLR2I,HNRNPD
HNRNPD,POLR2I
POLR2I,SRSF3
SRSF3,POLR2I
POLR2I,TAF12
TAF12,POLR2I
POLR2I,GTF2A2
GTF2A2,POLR2I
POLR2I,TCEA1
TCEA1,POLR2I
POLR2I,TRA2B
POLR2I,EGR2
EGR2,POLR2I
POLR2I,DNAJC8
POLR2I,TCEB3
TCEB3,POLR2I
POLR2I,TBPL1
TBPL1,POLR2I
POLR2I,YBX1
YBX1,POLR2I
POLR2I,POLR2A
POLR2A,POLR2I
POLR2I,SF3B5
POLR2I,SRRM1
SRRM1,POLR2I
POLR2I,TAF9
TAF9,POLR2I
POLR2I,RFC1
RFC1,POLR2I
POLR2I,SRSF5
SRSF5,POLR2I
POLR2I,TCEB2
TCEB2,POLR2I
POLR2I,NCOA3
NCOA3,POLR2I
POLR2I,WBP11
WBP11,POLR2I
POLR2I,TCEB1
TCEB1,POLR2I
POLR2I,GTF2A1
GTF2A1,POLR2I
POLR2I,MED21
MED21,POLR2I
POLR2I,TIAL1
TIAL1,POLR2I
POLR2I,SSRP1
SSRP1,POLR2I
POLR2I,SNRPD2
POLR2I,PCNA
POLR2I,BUD31
POLR2I,SNRNP25
POLR2I,POLR2J
POLR2J,POLR2I
POLR2I,SRSF9
SRSF9,POLR2I
POLR2I,POLR2G
POLR2G,POLR2I
POLR2I,ZNRD1
ZNRD1,POLR2I
POLR2I,GTF2E2
GTF2E2,POLR2I
POLR2I,POLR2H
POLR2H,POLR2I
POLR2I,POLR2K
POLR2K,POLR2I
POLR2I,JUN
JUN,POLR2I
POLR2I,SRRT
SRRT,POLR2I
POLR2I,GTF2B
GTF2B,POLR2I
POLR2I,H3F3B
POLR2I,H3F3A
POLR2I,SF1
SF1,POLR2I
POLR2I,AFF4
AFF4,POLR2I
POLR2I,SNAPC5
SNAPC5,POLR2I
POLR2I,HNRNPF
POLR2I,RPS27A
POLR2I,LSM7
POLR2I,SSU72
POLR2I,NCOR1
NCOR1,POLR2I
TNFAIP3,UBC
TNFAIP3,NFKB1
NFKB1,TNFAIP3
TNFAIP3,TNF
TNF,TNFAIP3
TNFAIP3,IL1B
TNFAIP3,TNIP3
TNFAIP3,NFKBIA
NFKBIA,TNFAIP3
TNFAIP3,NFKBIZ
NFKBIZ,TNFAIP3
TNFAIP3,UBE2D3
TNFAIP3,RPS27A
CDC5L,HSP90B1
XBP1,HSP90B1
ATF4,HSP90B1
ATF6,HSP90B1
TLR4,HSP90B1
HSBP1,CCDC53
TCEB2,UQCR11
YEATS4,RUVBL2
RUVBL2,YEATS4
YEATS4,CFDP1
YEATS4,MORF4L1
YEATS4,TAF12
TAF12,YEATS4
YEATS4,ACTB
YEATS4,MORF4L2
MDM2,UBC
MDM2,EZH2
EZH2,MDM2
MDM2,TRP53
TRP53,MDM2
MDM2,SGK1
MDM2,UBE2D3
MDM2,RPS27A
MDM2,RPL26
MDM2,RPL23
MDM2,RPL11
MDM2,PPP2R5C
MDM2,RPL5
MDM2,SUMO1
MDM2,CDKN1A
HMG20B,HDAC1
HDAC1,HMG20B
HMG20B,HMG20A
HMG20A,HMG20B
RBBP4,HINT1
RBBP7,HINT1
GATAD2A,HINT1
NME2,HINT1
HDAC1,HINT1
CHD4,HINT1
NCOR2,HINT1
MTA2,HINT1
MBD2,HINT1
XBP1,CANX
ATF6,CANX
PA2G4,GNB2L1
TNF,GNB2L1
PCBP2,GNB2L1
EIF5B,GNB2L1
TCEB1,GNB2L1
STAT1,GNB2L1
CDC5L,SAR1B
PREB,SAR1B
BTG2,CNOT8
CNOT8,BTG2
BTG2,CNOT6
CNOT6,BTG2
BTG2,FOS
FOS,BTG2
BTG2,EGR1
EGR1,BTG2
BTG2,ZFP36
ZFP36,BTG2
BTG2,CNOT2
CNOT2,BTG2
BTG2,TRP53
TRP53,BTG2
BTG2,CNOT6L
CNOT6L,BTG2
BTG2,ATF3
ATF3,BTG2
BTG2,JUN
JUN,BTG2
BTG2,DUSP1
BTG2,NR4A1
NR4A1,BTG2
ID2,TCF12
TCF12,ID2
ID2,NFIL3
NFIL3,ID2
ID2,BATF3
BATF3,ID2
DNMT3A,ARID1B
ARID1B,DNMT3A
DNMT3A,RBBP4
RBBP4,DNMT3A
DNMT3A,RBBP7
RBBP7,DNMT3A
DNMT3A,HDAC1
HDAC1,DNMT3A
DNMT3A,H2AFV
DNMT3A,EZH2
EZH2,DNMT3A
DNMT3A,SMARCE1
SMARCE1,DNMT3A
DNMT3A,EHMT1
EHMT1,DNMT3A
DNMT3A,SUMO1
DNMT3A,PBRM1
PBRM1,DNMT3A
DNMT3A,SMARCC2
SMARCC2,DNMT3A
DNMT3A,TRP53
TRP53,DNMT3A
DNMT3A,SMARCA4
SMARCA4,DNMT3A
DNMT3A,AEBP2
AEBP2,DNMT3A
DNMT3A,ARID1A
ARID1A,DNMT3A
DNMT3A,IDH1
DNMT3A,H3F3B
DNMT3A,H3F3A
CDC5L,PSMC5
REL,PSMC5
HNRNPD,PSMC5
NFKB1,PSMC5
TNF,PSMC5
TCEB2,PSMC5
TRP53,PSMC5
NFKBIB,PSMC5
NFKBIA,PSMC5
RELA,PSMC5
BUB3,PSMC5
HIF1A,PSMC5
TCEB1,PSMC5
DDX5,HNRNPK
HNRNPK,DDX5
DDX5,PA2G4
PA2G4,DDX5
DDX5,SRSF6
SRSF6,DDX5
DDX5,PAPOLA
PAPOLA,DDX5
DDX5,POLR2C
POLR2C,DDX5
DDX5,CDC5L
CDC5L,DDX5
DDX5,HNRNPC
DDX5,SRSF2
SRSF2,DDX5
DDX5,POLR2D
POLR2D,DDX5
DDX5,POLR2F
POLR2F,DDX5
DDX5,HNRNPD
HNRNPD,DDX5
DDX5,TRA2B
DDX5,SF3B5
DDX5,SRSF5
SRSF5,DDX5
DDX5,NCOA3
NCOA3,DDX5
DDX5,TRP53
TRP53,DDX5
DDX5,WBP11
WBP11,DDX5
DDX5,SNRPD2
DDX5,BUD31
DDX5,POLR2K
POLR2K,DDX5
DDX5,LSM7
DDX5,RNPS1
RNPS1,DDX5
DDX5,POLR2B
POLR2B,DDX5
DDX5,LSM3
DDX5,HNRNPA2B1
DDX5,PRPF40A
DDX5,SNRPB
SNRPB,DDX5
DDX5,SRSF3
SRSF3,DDX5
DDX5,GTF2A2
GTF2A2,DDX5
DDX5,SUMO1
DDX5,DNAJC8
DDX5,YBX1
YBX1,DDX5
DDX5,ZWINT
DDX5,SRRM1
SRRM1,DDX5
DDX5,KHDRBS1
KHDRBS1,DDX5
DDX5,GTF2A1
GTF2A1,DDX5
DDX5,MBNL1
DDX5,CLTA
DDX5,POLR2J
POLR2J,DDX5
DDX5,SRSF9
SRSF9,DDX5
DDX5,POLR2G
POLR2G,DDX5
DDX5,POLR2H
POLR2H,DDX5
DDX5,SRRT
SRRT,DDX5
DDX5,SF1
SF1,DDX5
DDX5,HNRNPF
NME2,POLR2C
POLR2C,NME2
NME2,POLR2F
POLR2F,NME2
NME2,FKBP1A
NME2,TAF9
TAF9,NME2
NME2,POLR2B
POLR2B,NME2
NME2,NME1
NME2,GUK1
NME2,RPS17
NME2,AK2
NME2,POLR2H
POLR2H,NME2
NME2,GNB1
PER1,UBC
PER1,NFIL3
NFIL3,PER1
PER1,RPS27A
GTF2A1,TAF7
TAF7,GTF2A1
GTF2A1,POLR2C
POLR2C,GTF2A1
GTF2A1,TAF6
TAF6,GTF2A1
GTF2A1,POLR2B
POLR2B,GTF2A1
GTF2A1,POLR2D
POLR2D,GTF2A1
GTF2A1,POLR2F
POLR2F,GTF2A1
GTF2A1,TAF12
TAF12,GTF2A1
GTF2A1,GTF2A2
GTF2A2,GTF2A1
GTF2A1,TCEA1
TCEA1,GTF2A1
GTF2A1,TBPL1
TBPL1,GTF2A1
GTF2A1,POLR2A
POLR2A,GTF2A1
GTF2A1,TAF9
TAF9,GTF2A1
GTF2A1,NCOA3
NCOA3,GTF2A1
GTF2A1,POLR2J
POLR2J,GTF2A1
GTF2A1,POLR2G
POLR2G,GTF2A1
GTF2A1,GTF2E2
GTF2E2,GTF2A1
GTF2A1,POLR2H
POLR2H,GTF2A1
GTF2A1,POLR2K
POLR2K,GTF2A1
GTF2A1,SRRT
SRRT,GTF2A1
GTF2A1,GTF2B
GTF2B,GTF2A1
GTF2A1,SNAPC5
SNAPC5,GTF2A1
GTF2A1,SSU72
POLR2H,HNRNPK
HNRNPK,POLR2H
POLR2H,TAF7
TAF7,POLR2H
POLR2H,DDB1
DDB1,POLR2H
POLR2H,SRSF6
SRSF6,POLR2H
POLR2H,RNPS1
RNPS1,POLR2H
POLR2H,PAPOLA
PAPOLA,POLR2H
POLR2H,POLR2C
POLR2C,POLR2H
POLR2H,RBBP4
RBBP4,POLR2H
POLR2H,CREBBP
CREBBP,POLR2H
POLR2H,TAF6
TAF6,POLR2H
POLR2H,RBBP7
RBBP7,POLR2H
POLR2H,CDC5L
CDC5L,POLR2H
POLR2H,POLR2B
POLR2B,POLR2H
POLR2H,HNRNPC
POLR2H,NHP2
POLR2H,LSM3
POLR2H,COPS5
COPS5,POLR2H
POLR2H,POLR1D
POLR1D,POLR2H
POLR2H,UBC
POLR2H,SRSF2
SRSF2,POLR2H
POLR2H,HNRNPA2B1
POLR2H,H2AFV
POLR2H,PRPF40A
POLR2H,DEK
DEK,POLR2H
POLR2H,COPS2
COPS2,POLR2H
POLR2H,SNRPB
SNRPB,POLR2H
POLR2H,NME1
POLR2H,POLR2D
POLR2D,POLR2H
POLR2H,POLR2F
POLR2F,POLR2H
POLR2H,EZH2
EZH2,POLR2H
POLR2H,HNRNPD
HNRNPD,POLR2H
POLR2H,SRSF3
SRSF3,POLR2H
POLR2H,TAF12
TAF12,POLR2H
POLR2H,UBTF
UBTF,POLR2H
POLR2H,TCEA1
TCEA1,POLR2H
POLR2H,GTF2A2
GTF2A2,POLR2H
POLR2H,TRA2B
POLR2H,EGR2
EGR2,POLR2H
POLR2H,DNAJC8
POLR2H,TCEB3
TCEB3,POLR2H
POLR2H,MED10
POLR2H,TBPL1
TBPL1,POLR2H
POLR2H,YBX1
YBX1,POLR2H
POLR2H,POLR2A
POLR2A,POLR2H
POLR2H,POLR3K
POLR3K,POLR2H
POLR2H,SF3B5
POLR2H,SRRM1
SRRM1,POLR2H
POLR2H,TAF9
TAF9,POLR2H
POLR2H,RFC1
RFC1,POLR2H
POLR2H,ACTB
POLR2H,SMARCA5
SMARCA5,POLR2H
POLR2H,SRSF5
SRSF5,POLR2H
POLR2H,TCEB2
TCEB2,POLR2H
POLR2H,NCOA3
NCOA3,POLR2H
POLR2H,NHP2L1
POLR2H,WBP11
WBP11,POLR2H
POLR2H,TCEB1
TCEB1,POLR2H
POLR2H,MED21
MED21,POLR2H
POLR2H,TIAL1
TIAL1,POLR2H
POLR2H,SSRP1
SSRP1,POLR2H
POLR2H,SNRPD2
POLR2H,PCNA
POLR2H,BUD31
POLR2H,SNRNP25
POLR2H,POLR2J
POLR2J,POLR2H
POLR2H,SRSF9
SRSF9,POLR2H
POLR2H,POLR2G
POLR2G,POLR2H
POLR2H,ZNRD1
ZNRD1,POLR2H
POLR2H,GTF2E2
GTF2E2,POLR2H
POLR2H,POLR2K
POLR2K,POLR2H
POLR2H,JUN
JUN,POLR2H
POLR2H,SRRT
SRRT,POLR2H
POLR2H,GTF2B
GTF2B,POLR2H
POLR2H,H3F3B
POLR2H,H3F3A
POLR2H,SF1
SF1,POLR2H
POLR2H,AFF4
AFF4,POLR2H
POLR2H,SNAPC5
SNAPC5,POLR2H
POLR2H,HNRNPF
POLR2H,RPS27A
POLR2H,LSM7
POLR2H,SSU72
POLR2H,NCOR1
NCOR1,POLR2H
REL,PSMA6
HNRNPD,PSMA6
NFKB1,PSMA6
TNF,PSMA6
TCEB2,PSMA6
TRP53,PSMA6
NFKBIB,PSMA6
NFKBIA,PSMA6
RELA,PSMA6
BUB3,PSMA6
HIF1A,PSMA6
TCEB1,PSMA6
NFKBIA,PSMD7
NFKBIA,PSME1
NFKBIA,PSMB3
NFKBIA,PSMC6
NFKBIA,UBC
NFKBIA,REL
REL,NFKBIA
NFKBIA,NFKB1
NFKB1,NFKBIA
NFKBIA,TNF
TNF,NFKBIA
NFKBIA,CSNK2B
NFKBIA,PSMA3
NFKBIA,PSMB10
NFKBIA,PSMB7
NFKBIA,SKP1A
NFKBIA,TRP53
TRP53,NFKBIA
NFKBIA,PSMA5
NFKBIA,PSMD6
NFKBIA,NFKBIB
NFKBIB,NFKBIA
NFKBIA,PSMB5
NFKBIA,PSMC3
NFKBIA,PSMD8
NFKBIA,RELA
RELA,NFKBIA
NFKBIA,RPS27A
NFKBIA,PSME2
NFKBIA,PSMA7
NFKBIA,SUMO1
NFKBIA,IL1B
NFKBIA,PSMD14
NFKBIA,PSMA4
NFKBIA,SQSTM1
NFKBIA,PSMC1
NFKBIA,MYD88
MYD88,NFKBIA
NFKBIA,PSMB9
NFKBIA,PSMB8
NFKBIA,PSMB2
NFKBIA,PSMC4
HIF1A,PSMD7
HIF1A,PSME1
HIF1A,PSMB3
HIF1A,CREBBP
CREBBP,HIF1A
HIF1A,PSMC6
HIF1A,UBC
HIF1A,COMMD1
HIF1A,TNF
TNF,HIF1A
HIF1A,GPNMB
HIF1A,PSMA3
HIF1A,PSMB10
HIF1A,PSMB7
HIF1A,TCEB2
TCEB2,HIF1A
HIF1A,TRP53
TRP53,HIF1A
HIF1A,PSMA5
HIF1A,LDHA
HIF1A,PSMD6
HIF1A,HSP90AA1
HIF1A,PSMB5
HIF1A,STAT3
STAT3,HIF1A
HIF1A,PSMC3
HIF1A,PSMD8
HIF1A,UBE2D3
HIF1A,RPS27A
HIF1A,PSME2
HIF1A,COMMD4
HIF1A,PSMA7
HIF1A,COMMD6
HIF1A,MAPK1
MAPK1,HIF1A
HIF1A,PSMD14
HIF1A,PSMA4
HIF1A,COMMD3
HIF1A,TCEB1
TCEB1,HIF1A
HIF1A,PSMC1
HIF1A,PSMB9
HIF1A,PSMB8
HIF1A,MAPK3
MAPK3,HIF1A
HIF1A,PSMB2
HIF1A,PSMC4
ZFP36L1,HNRNPD
HNRNPD,ZFP36L1
TARDBP,ERH
SNRPB,ERH
SSB,ERH
CDC5L,PSMC1
REL,PSMC1
HNRNPD,PSMC1
NFKB1,PSMC1
TNF,PSMC1
TCEB2,PSMC1
TRP53,PSMC1
NFKBIB,PSMC1
RELA,PSMC1
BUB3,PSMC1
TCEB1,PSMC1
RBL2,PSMC1
PA2G4,NPC2
MAPK1,NPC2
POLR1D,FCF1
FOS,CREBBP
CREBBP,FOS
FOS,ATF4
ATF4,FOS
FOS,TNF
TNF,FOS
FOS,EGR2
EGR2,FOS
FOS,NR3C1
NR3C1,FOS
FOS,NCOA3
NCOA3,FOS
FOS,TRP53
TRP53,FOS
FOS,STAT3
STAT3,FOS
FOS,JUN
JUN,FOS
FOS,ATF2
ATF2,FOS
FOS,NR4A1
NR4A1,FOS
FOS,MED1
MED1,FOS
FOS,JUNB
JUNB,FOS
FOS,HDAC1
HDAC1,FOS
FOS,H2AFV
FOS,FOSL2
FOSL2,FOS
FOS,EGR1
EGR1,FOS
FOS,IL1B
FOS,MAPK1
MAPK1,FOS
FOS,ATF3
ATF3,FOS
FOS,STAT1
STAT1,FOS
FOS,H3F3B
FOS,H3F3A
FOS,MAPK3
MAPK3,FOS
FOS,DUSP1
FOS,CREM
CREM,FOS
IRF4,REL
REL,IRF4
IRF4,STAT6
STAT6,IRF4
IRF4,BATF3
BATF3,IRF4
IRF4,MYD88
MYD88,IRF4
IRF4,STAT3
STAT3,IRF4
IRF4,H3F3B
IRF4,H3F3A
DEK,H2AFV
DEK,POLR2F
POLR2F,DEK
DEK,ACTB
DEK,SMARCA5
SMARCA5,DEK
DEK,UPF1
UPF1,DEK
DEK,ZNRD1
ZNRD1,DEK
DEK,POLR2K
POLR2K,DEK
DEK,H3F3B
DEK,H3F3A
TLR4,LY86
NCOA3,MED10
MED1,MED10
THRAP3,MED10
POLR2C,MED10
CREBBP,MED10
POLR2B,MED10
NCOR2,MED10
MED21,MED10
POLR2D,MED10
POLR2F,MED10
POLR2J,MED10
POLR2G,MED10
GTF2A2,MED10
POLR2K,MED10
GTF2B,MED10
POLR2A,MED10
MED27,MED10
NCOR1,MED10
POLR2C,MRPL36
TAF9,TAF7
TAF7,TAF9
TAF9,TMEM179B
TAF9,POLR2C
POLR2C,TAF9
TAF9,TAF6
TAF6,TAF9
TAF9,POLR2B
POLR2B,TAF9
TAF9,NHP2
TAF9,POLR1D
POLR1D,TAF9
TAF9,RUVBL2
RUVBL2,TAF9
TAF9,NME1
TAF9,POLR2D
POLR2D,TAF9
TAF9,POLR2F
POLR2F,TAF9
TAF9,TAF12
TAF12,TAF9
TAF9,GTF2A2
GTF2A2,TAF9
TAF9,TCEA1
TCEA1,TAF9
TAF9,TRP53
TRP53,TAF9
TAF9,AK2
TAF9,POLR2J
POLR2J,TAF9
TAF9,POLR2G
POLR2G,TAF9
TAF9,GTF2E2
GTF2E2,TAF9
TAF9,POLR2K
POLR2K,TAF9
TAF9,SRRT
SRRT,TAF9
TAF9,GTF2B
GTF2B,TAF9
TAF9,RPS14
TAF9,HCFC1
HCFC1,TAF9
TAF9,SNAPC5
SNAPC5,TAF9
TAF9,SSU72
BTF3,RPL15
BTF3,RPS3
BTF3,RPS21
BTF3,RPL38
BTF3,RPL23
BTF3,RPL37A
BTF3,RPL36AL
BTF3,RPL36A
BTF3,RPL5
BTF3,RPS20
BTF3,RPL14
BTF3,RPS24
BTF3,RPS8
BTF3,RPS17
BTF3,RPS19
BTF3,RPS13
BTF3,RPS6
BTF3,RPL35A
BTF3,RPS16
BTF3,NACA
BTF3,RPS14
BTF3,RPS27A
BTF3,RPS25
CDC5L,PLK2
COPS5,PSMD6
REL,PSMD6
COPS2,PSMD6
HNRNPD,PSMD6
NFKB1,PSMD6
TNF,PSMD6
BUB3,PSMD6
TCEB2,PSMD6
TRP53,PSMD6
TCEB1,PSMD6
NFKBIB,PSMD6
RELA,PSMD6
CDC5L,PSMC6
REL,PSMC6
HNRNPD,PSMC6
NFKB1,PSMC6
TNF,PSMC6
TCEB2,PSMC6
TRP53,PSMC6
NFKBIB,PSMC6
RELA,PSMC6
COPS2,PSMC6
BUB3,PSMC6
TCEB1,PSMC6
CDC5L,ARF4
TOX4,STARD3NL
TOX4,PPP2R5C
TOX4,NCK1
REL,PSMB5
HNRNPD,PSMB5
NFKB1,PSMB5
TNF,PSMB5
TCEB2,PSMB5
TRP53,PSMB5
NFKBIB,PSMB5
RELA,PSMB5
BUB3,PSMB5
TCEB1,PSMB5
PA2G4,CCT5
CDC5L,CCT5
NAP1L4,EIF3E
CDC5L,EIF3E
COPS5,EIF3E
CDC5L,TWF1
VDR,MED1
MED1,VDR
CIITA,CD74
CIITA,CREBBP
CREBBP,CIITA
CIITA,H2-AB1
CIITA,H2-K1
CIITA,STAT1
STAT1,CIITA
CREBBP,ARID1B
ARID1B,CREBBP
CREBBP,POLR2C
POLR2C,CREBBP
CREBBP,RBBP4
RBBP4,CREBBP
CREBBP,NFE2L2
NFE2L2,CREBBP
CREBBP,FABP4
CREBBP,POLR2D
POLR2D,CREBBP
CREBBP,POLR2F
POLR2F,CREBBP
CREBBP,EZH2
EZH2,CREBBP
CREBBP,NFKB1
NFKB1,CREBBP
CREBBP,ATF4
ATF4,CREBBP
CREBBP,CBFB
CBFB,CREBBP
CREBBP,POLR2A
POLR2A,CREBBP
CREBBP,NR3C1
NR3C1,CREBBP
CREBBP,RUNX1
RUNX1,CREBBP
CREBBP,NCOA3
NCOA3,CREBBP
CREBBP,TRP53
TRP53,CREBBP
CREBBP,NOTCH2
NOTCH2,CREBBP
CREBBP,NCOR2
NCOR2,CREBBP
CREBBP,TCF12
TCF12,CREBBP
CREBBP,SMARCA4
SMARCA4,CREBBP
CREBBP,MEF2A
MEF2A,CREBBP
CREBBP,ETS2
ETS2,CREBBP
CREBBP,STAT3
STAT3,CREBBP
CREBBP,POLR2K
POLR2K,CREBBP
CREBBP,JUN
JUN,CREBBP
CREBBP,GTF2B
GTF2B,CREBBP
CREBBP,RELA
RELA,CREBBP
CREBBP,ATF2
ATF2,CREBBP
CREBBP,MED1
MED1,CREBBP
CREBBP,THRAP3
THRAP3,CREBBP
CREBBP,RBBP7
RBBP7,CREBBP
CREBBP,POLR2B
POLR2B,CREBBP
CREBBP,CREB3
CREB3,CREBBP
CREBBP,HDAC1
HDAC1,CREBBP
CREBBP,H2AFV
CREBBP,SUMO1
CREBBP,ASH1L
ASH1L,CREBBP
CREBBP,EGR1
EGR1,CREBBP
CREBBP,RBPJ
RBPJ,CREBBP
CREBBP,MED21
MED21,CREBBP
CREBBP,STAT6
STAT6,CREBBP
CREBBP,SMAD2
SMAD2,CREBBP
CREBBP,TCF7L2
TCF7L2,CREBBP
CREBBP,PTMA
CREBBP,POLR2J
POLR2J,CREBBP
CREBBP,POLR2G
POLR2G,CREBBP
CREBBP,STAT1
STAT1,CREBBP
CREBBP,H3F3B
CREBBP,H3F3A
CREBBP,MAPK3
MAPK3,CREBBP
CREBBP,MED27
MED27,CREBBP
CREBBP,CREM
CREM,CREBBP
CREBBP,NCOR1
NCOR1,CREBBP
PA2G4,RPL24
EIF5B,RPL24
MCM4,MCM6
MCM6,MCM4
MCM4,MCM3
MCM3,MCM4
MCM4,CDC5L
CDC5L,MCM4
MCM4,UBC
MCM4,TRP53
TRP53,MCM4
MCM4,SSRP1
SSRP1,MCM4
MCM4,PCNA
MCM4,RAD51
RAD51,MCM4
MCM4,RPS27A
MCM4,HAT1
MCM4,BIRC5
MCM4,MCM5
MCM5,MCM4
MCM4,RFC1
RFC1,MCM4
HCLS1,RAC2
HCLS1,HAX1
HAX1,HCLS1
ETS2,RUNX1
RUNX1,ETS2
ETS2,TRP53
TRP53,ETS2
ETS2,JUN
JUN,ETS2
ETS2,MAPK1
MAPK1,ETS2
ETS2,MAPK3
MAPK3,ETS2
RUNX1,ARID1B
ARID1B,RUNX1
RUNX1,ELF1
ELF1,RUNX1
RUNX1,HDAC1
HDAC1,RUNX1
RUNX1,H2AFV
RUNX1,SMARCE1
SMARCE1,RUNX1
RUNX1,ELF2
ELF2,RUNX1
RUNX1,CEBPA
CEBPA,RUNX1
RUNX1,LDB1
LDB1,RUNX1
RUNX1,CBFB
CBFB,RUNX1
RUNX1,PBRM1
PBRM1,RUNX1
RUNX1,CSNK2B
RUNX1,SMARCC2
SMARCC2,RUNX1
RUNX1,TCF12
TCF12,RUNX1
RUNX1,CTBP1
CTBP1,RUNX1
RUNX1,SMARCA4
SMARCA4,RUNX1
RUNX1,DPY30
RUNX1,ARID1A
ARID1A,RUNX1
RUNX1,H3F3B
RUNX1,H3F3A
COPS5,ATP5O
KDM5A,ATP5O
KDM5C,ATP5O
KDM6B,ATP5O
NFE2L2,SOD1
TARDBP,SOD1
NR4A1,MED1
MED1,NR4A1
NR4A1,EGR2
EGR2,NR4A1
NR4A1,EGR1
EGR1,NR4A1
NR4A1,MAPK1
MAPK1,NR4A1
NR4A1,MAPK3
MAPK3,NR4A1
NR4A1,DUSP1
TARBP2,HSD17B10
SMAD4,CDKN1A
EZH2,CDKN1A
TRP53,CDKN1A
KLF4,CDKN1A
HDAC1,CDKN1A
TFDP1,CDKN1A
RBL2,CDKN1A
TLR4,CLEC4N
CHD1,SSRP1
SSRP1,CHD1
CHD1,ASH1L
ASH1L,CHD1
CHD1,H3F3B
CHD1,H3F3A
CDC5L,HNRNPK
HNRNPK,CDC5L
CDC5L,SRA1
CDC5L,SNRPE
CDC5L,RPS3
CDC5L,ARID1B
ARID1B,CDC5L
CDC5L,SRSF6
SRSF6,CDC5L
CDC5L,ATP6AP2
CDC5L,PAPOLA
PAPOLA,CDC5L
CDC5L,POLR2C
POLR2C,CDC5L
CDC5L,SFPQ
SFPQ,CDC5L
CDC5L,TCERG1
TCERG1,CDC5L
CDC5L,RBBP4
RBBP4,CDC5L
CDC5L,GATAD2A
GATAD2A,CDC5L
CDC5L,HNRNPC
CDC5L,SRSF2
SRSF2,CDC5L
CDC5L,RUVBL2
RUVBL2,CDC5L
CDC5L,POLR2D
POLR2D,CDC5L
CDC5L,POLR2F
POLR2F,CDC5L
CDC5L,SMARCE1
SMARCE1,CDC5L
CDC5L,HSPA5
CDC5L,HNRNPD
HNRNPD,CDC5L
CDC5L,NONO
NONO,CDC5L
CDC5L,TRA2B
CDC5L,BAZ1A
BAZ1A,CDC5L
CDC5L,PCBP2
PCBP2,CDC5L
CDC5L,SF3B5
CDC5L,TUBA1C
CDC5L,IQGAP1
CDC5L,TUBA1B
CDC5L,SRSF5
SRSF5,CDC5L
CDC5L,TCP1
CDC5L,SMARCC2
SMARCC2,CDC5L
CDC5L,SLC25A4
CDC5L,WBP11
WBP11,CDC5L
CDC5L,VIM
CDC5L,NCOR2
NCOR2,CDC5L
CDC5L,TIAL1
TIAL1,CDC5L
CDC5L,SMARCA4
SMARCA4,CDC5L
CDC5L,MTA2
MTA2,CDC5L
CDC5L,SNRPD2
CDC5L,BUD31
CDC5L,BZW1
CDC5L,HSP90AA1
CDC5L,PSMC3
CDC5L,POLR2K
POLR2K,CDC5L
CDC5L,ARID1A
ARID1A,CDC5L
CDC5L,CAPG
CDC5L,LSM7
CDC5L,EIF5B
EIF5B,CDC5L
CDC5L,THRAP3
THRAP3,CDC5L
CDC5L,RNPS1
RNPS1,CDC5L
CDC5L,RBBP7
RBBP7,CDC5L
CDC5L,POLR2B
POLR2B,CDC5L
CDC5L,SNRPG
CDC5L,LSM3
CDC5L,COPS5
COPS5,CDC5L
CDC5L,HDAC1
HDAC1,CDC5L
CDC5L,HSP90AB1
CDC5L,EIF3I
CDC5L,DYNC1LI1
CDC5L,HNRNPA2B1
CDC5L,TARDBP
TARDBP,CDC5L
CDC5L,PRPF40A
CDC5L,MCM5
MCM5,CDC5L
CDC5L,SNRPB
SNRPB,CDC5L
CDC5L,BCLAF1
BCLAF1,CDC5L
CDC5L,EEF1A1
CDC5L,SRSF3
SRSF3,CDC5L
CDC5L,ZFML
ZFML,CDC5L
CDC5L,CCT8
CDC5L,MORF4L1
CDC5L,DNAJC8
CDC5L,YBX1
YBX1,CDC5L
CDC5L,BUB3
BUB3,CDC5L
CDC5L,GTF2I
GTF2I,CDC5L
CDC5L,CAPZA1
CDC5L,SRRM1
SRRM1,CDC5L
CDC5L,ACTB
CDC5L,SMARCA5
SMARCA5,CDC5L
CDC5L,EIF4A1
CDC5L,CCT2
CDC5L,UPF1
UPF1,CDC5L
CDC5L,CTNNA1
CDC5L,KHDRBS1
KHDRBS1,CDC5L
CDC5L,RPLP0
CDC5L,ILF3
ILF3,CDC5L
CDC5L,MATR3
MATR3,CDC5L
CDC5L,RBM39
RBM39,CDC5L
CDC5L,SUGT1
CDC5L,SEPT7
CDC5L,POLR2J
POLR2J,CDC5L
CDC5L,SRSF9
SRSF9,CDC5L
CDC5L,POLR2G
POLR2G,CDC5L
CDC5L,CCT4
CDC5L,SRRT
SRRT,CDC5L
CDC5L,SF1
SF1,CDC5L
CDC5L,HNRNPF
CDC5L,PSMC4
CDC5L,NCOR1
NCOR1,CDC5L
NR3C1,HSP90AB1
TRP53,HSP90AB1
AHR,HSP90AB1
STAT3,HSP90AB1
MAPK1,HSP90AB1
MAPK3,HSP90AB1
TLR4,TREM2
CNOT6L,VAPA
TNF,DUSP1
ZFP36,DUSP1
JUN,DUSP1
EGR1,DUSP1
MAPK1,DUSP1
MAPK3,DUSP1
POLR2D,HNRNPK
HNRNPK,POLR2D
POLR2D,TAF7
TAF7,POLR2D
POLR2D,DDB1
DDB1,POLR2D
POLR2D,SRSF6
SRSF6,POLR2D
POLR2D,RNPS1
RNPS1,POLR2D
POLR2D,PAPOLA
PAPOLA,POLR2D
POLR2D,POLR2C
POLR2C,POLR2D
POLR2D,RBBP4
RBBP4,POLR2D
POLR2D,TAF6
TAF6,POLR2D
POLR2D,RBBP7
RBBP7,POLR2D
POLR2D,POLR2B
POLR2B,POLR2D
POLR2D,HNRNPC
POLR2D,LSM3
POLR2D,COPS5
COPS5,POLR2D
POLR2D,POLR1D
POLR1D,POLR2D
POLR2D,UBC
POLR2D,SRSF2
SRSF2,POLR2D
POLR2D,HNRNPA2B1
POLR2D,H2AFV
POLR2D,PRPF40A
POLR2D,COPS2
COPS2,POLR2D
POLR2D,SNRPB
SNRPB,POLR2D
POLR2D,POLR2F
POLR2F,POLR2D
POLR2D,EZH2
EZH2,POLR2D
POLR2D,HNRNPD
HNRNPD,POLR2D
POLR2D,SRSF3
SRSF3,POLR2D
POLR2D,TAF12
TAF12,POLR2D
POLR2D,TCEA1
TCEA1,POLR2D
POLR2D,GTF2A2
GTF2A2,POLR2D
POLR2D,TRA2B
POLR2D,EGR2
EGR2,POLR2D
POLR2D,DNAJC8
POLR2D,TCEB3
TCEB3,POLR2D
POLR2D,TBPL1
TBPL1,POLR2D
POLR2D,YBX1
YBX1,POLR2D
POLR2D,POLR2A
POLR2A,POLR2D
POLR2D,POLR3K
POLR3K,POLR2D
POLR2D,SF3B5
POLR2D,SRRM1
SRRM1,POLR2D
POLR2D,RFC1
RFC1,POLR2D
POLR2D,SRSF5
SRSF5,POLR2D
POLR2D,TCEB2
TCEB2,POLR2D
POLR2D,NCOA3
NCOA3,POLR2D
POLR2D,WBP11
WBP11,POLR2D
POLR2D,TCEB1
TCEB1,POLR2D
POLR2D,MED21
MED21,POLR2D
POLR2D,TIAL1
TIAL1,POLR2D
POLR2D,SSRP1
SSRP1,POLR2D
POLR2D,SNRPD2
POLR2D,PCNA
POLR2D,BUD31
POLR2D,SNRNP25
POLR2D,POLR2J
POLR2J,POLR2D
POLR2D,SRSF9
SRSF9,POLR2D
POLR2D,POLR2G
POLR2G,POLR2D
POLR2D,ZNRD1
ZNRD1,POLR2D
POLR2D,GTF2E2
GTF2E2,POLR2D
POLR2D,POLR2K
POLR2K,POLR2D
POLR2D,JUN
JUN,POLR2D
POLR2D,SRRT
SRRT,POLR2D
POLR2D,GTF2B
GTF2B,POLR2D
POLR2D,H3F3B
POLR2D,H3F3A
POLR2D,SF1
SF1,POLR2D
POLR2D,AFF4
AFF4,POLR2D
POLR2D,SNAPC5
SNAPC5,POLR2D
POLR2D,HNRNPF
POLR2D,RPS27A
POLR2D,LSM7
POLR2D,SSU72
POLR2D,NCOR1
NCOR1,POLR2D
TNF,H2-K1
REL,PSMB8
HNRNPD,PSMB8
NFKB1,PSMB8
TNF,PSMB8
TCEB2,PSMB8
TRP53,PSMB8
NFKBIB,PSMB8
RELA,PSMB8
BUB3,PSMB8
TCEB1,PSMB8
IRF1,PSMB8
STAT1,PSMB8
BIN1,TRF
BIN1,UBC
BIN1,ARPC4
BIN1,AP2S1
BIN1,ACTR3
BIN1,DAB2
DAB2,BIN1
BIN1,CLTA
BIN1,ARPC5
BIN1,RPS27A
CBFB,CSNK2B
TRP53,CSNK2B
SSRP1,CSNK2B
HCFC1,CSNK2B
TNF,AIF1
TNF,PSMD7
TNF,PSME1
TNF,PSMB3
TNF,CD14
TNF,UBC
TNF,REL
REL,TNF
TNF,FCGR2B
TNF,HMGB1
TNF,NFKB1
NFKB1,TNF
TNF,CEBPA
CEBPA,TNF
TNF,CD68
TNF,MRC1
TNF,CXCL1
TNF,PTPRC
TNF,PSMA3
TNF,PSMB10
TNF,ZFP36
ZFP36,TNF
TNF,PSMB7
TNF,CFLAR
TNF,TRP53
TRP53,TNF
TNF,PSMA5
TNF,IL1RN
TNF,NFKBIB
NFKBIB,TNF
TNF,CXCL2
TNF,STAT3
STAT3,TNF
TNF,PSMC3
TNF,JUN
JUN,TNF
TNF,PSMD8
TNF,RELA
RELA,TNF
TNF,RPS27A
TNF,PSME2
TNF,ANXA5
TNF,PSMA7
TNF,CCR2
TNF,IL1B
TNF,ACTB
TNF,TLR2
TNF,MAPK1
MAPK1,TNF
TNF,PSMD14
TNF,TLR4
TLR4,TNF
TNF,PSMA4
TNF,CCRL2
TNF,IL1A
TNF,IRF1
IRF1,TNF
TNF,TNFRSF1B
TNF,MYD88
MYD88,TNF
TNF,ITGAX
TNF,PSMB9
TNF,STAT1
STAT1,TNF
TNF,LAMP1
TNF,MAPK3
MAPK3,TNF
TNF,PSMB2
TNF,CLEC4E
TNF,PSMC4
TNF,CASP1
TCERG1,SNRPG
TCERG1,SNRPB
SNRPB,TCERG1
TCERG1,RBM39
RBM39,TCERG1
TCERG1,SNRPD2
SMAD4,UBC
SMAD4,SKI
SKI,SMAD4
SMAD4,CBFB
CBFB,SMAD4
SMAD4,TRP53
TRP53,SMAD4
SMAD4,TGIF1
TGIF1,SMAD4
SMAD4,NCOR2
NCOR2,SMAD4
SMAD4,UBE2D3
SMAD4,RPS27A
SMAD4,HDAC1
HDAC1,SMAD4
SMAD4,TFDP1
TFDP1,SMAD4
SMAD4,HOPX
HOPX,SMAD4
SMAD4,SKIL
SKIL,SMAD4
SMAD4,SMAD2
SMAD2,SMAD4
SMAD4,TCF7L2
TCF7L2,SMAD4
SMAD4,PARP1
PARP1,SMAD4
SMAD4,MAPK3
MAPK3,SMAD4
SMAD4,NCOR1
NCOR1,SMAD4
CXXC1,DPY30
CXXC1,HCFC1
HCFC1,CXXC1
EIF5B,RPS14
RNPS1,RPS14
POLR2C,RPS14
POLR2B,RPS14
POLR2F,RPS14
UPF1,RPS14
TRP53,RPS14
SRSF9,RPS14
NCOA4,FTH1
DDB1,POLR2C
POLR2C,DDB1
DDB1,UBC
DDB1,POLR2F
POLR2F,DDB1
DDB1,COMMD1
DDB1,TCEA1
TCEA1,DDB1
DDB1,SKP1A
DDB1,RNF7
DDB1,TRP53
TRP53,DDB1
DDB1,PCNA
DDB1,POLR2K
POLR2K,DDB1
DDB1,RPS27A
DDB1,RBBP7
RBBP7,DDB1
DDB1,POLR2B
POLR2B,DDB1
DDB1,COPS5
COPS5,DDB1
DDB1,COMMD4
DDB1,COPS2
COPS2,DDB1
DDB1,SUMO1
DDB1,COMMD6
DDB1,RFC1
RFC1,DDB1
DDB1,ACTB
DDB1,COMMD3
DDB1,PARP1
PARP1,DDB1
DDB1,POLR2J
POLR2J,DDB1
DDB1,POLR2G
POLR2G,DDB1
RELA,PSMD7
RELA,RPS3
RELA,PSME1
RELA,PSMB3
RELA,UBC
RELA,REL
REL,RELA
RELA,HMGB1
RELA,NFKB1
NFKB1,RELA
RELA,CXCL1
RELA,PSMA3
RELA,PSMB10
RELA,PSMB7
RELA,SKP1A
RELA,TRP53
TRP53,RELA
RELA,PSMA5
RELA,NRAS
RELA,NFKBIB
NFKBIB,RELA
RELA,CXCL2
RELA,STAT3
STAT3,RELA
RELA,PSMC3
RELA,JUN
JUN,RELA
RELA,PSMD8
RELA,RPS27A
RELA,PSME2
RELA,HDAC1
HDAC1,RELA
RELA,RAC1
RELA,RAC2
RELA,PSMA7
RELA,IL1B
RELA,TLR2
RELA,PSMD14
RELA,TLR4
TLR4,RELA
RELA,PSMA4
RELA,IL1A
RELA,SQSTM1
RELA,IRF1
IRF1,RELA
RELA,MYD88
MYD88,RELA
RELA,PSMB9
RELA,NFKBIZ
NFKBIZ,RELA
RELA,PSMB2
RELA,PSMC4
HHEX,JUN
JUN,HHEX
XBP1,P4HB
ATF6,P4HB
EIF5B,RPS26
PA2G4,LYZ2
PA2G4,RPL27A
PA2G4,GRN
PA2G4,GGH
PA2G4,CREG1
PA2G4,NHP2
PA2G4,RPL7
PA2G4,RPL37A
PA2G4,RPL27
PA2G4,RPL6
PA2G4,RPL39
PA2G4,PYCARD
PA2G4,RPL23A
PA2G4,RPL9
PA2G4,RPL35
PA2G4,FABP5
PA2G4,RPL14
PA2G4,SDCBP
PA2G4,TCP1
PA2G4,GDI2
PA2G4,RPS13
PA2G4,RPL4
PA2G4,ANXA2
PA2G4,RPL32
PA2G4,RPL22L1
PA2G4,PRDX6
PA2G4,ZNRD1
ZNRD1,PA2G4
PA2G4,RPL10A
PA2G4,EIF3K
PA2G4,ACLY
PA2G4,RPL15
PA2G4,RPL26
PA2G4,EAR2
PA2G4,RPL34
PA2G4,RPL38
PA2G4,RPL23
PA2G4,EIF3I
PA2G4,LYZ1
PA2G4,FTL1
PA2G4,RPL11
PA2G4,RPL5
PA2G4,CCT8
PA2G4,GUSB
PA2G4,EEF1G
PA2G4,MAPK1
MAPK1,PA2G4
PA2G4,RPS24
PA2G4,CCT2
PA2G4,RPL21
PA2G4,RPL30
PA2G4,RPLP0
PA2G4,RPS8
PA2G4,CTSC
PA2G4,RPL3
PA2G4,PRKCD
PA2G4,RPS6
PA2G4,RNASET2A
PA2G4,TRAPPC1
PA2G4,CTSA
PA2G4,RPL12
PA2G4,RPL35A
PA2G4,RPS16
PA2G4,CCT4
PA2G4,RPL18A
KDM5C,ATP5A1
KDM6B,ATP5A1
POLR2B,ATP5A1
KDM5A,ATP5A1
POLR2G,ATP5A1
MAPK1,GUSB
BACH1,TRP53
TRP53,BACH1
MAPK1,CCT8
SSB,CCT8
POLR1D,SEC11A
TLR4,CASP1
MYD88,CASP1
COPS5,PSMD7
COPS5,MYEOV2
COPS5,POLR2C
POLR2C,COPS5
COPS5,UBC
COPS5,CISH
COPS5,POLR2F
POLR2F,COPS5
COPS5,COMMD1
COPS5,TCEB2
TCEB2,COPS5
COPS5,SKP1A
COPS5,RNF7
COPS5,POLR2K
POLR2K,COPS5
COPS5,JUN
JUN,COPS5
COPS5,RPS27A
COPS5,PSMA2
COPS5,RBBP7
RBBP7,COPS5
COPS5,POLR2B
POLR2B,COPS5
COPS5,COMMD4
COPS5,COPS2
COPS2,COPS5
COPS5,COMMD6
COPS5,EIF3M
COPS5,ACTB
COPS5,COMMD3
COPS5,TCEB1
TCEB1,COPS5
COPS5,POLR2J
POLR2J,COPS5
COPS5,POLR2G
POLR2G,COPS5
EIF5B,RPS3
EIF5B,EIF4E
EIF5B,NHP2
EIF5B,RPL37A
EIF5B,RPL36AL
EIF5B,RPL36A
EIF5B,RPL27
EIF5B,RPL39
EIF5B,RPL23A
EIF5B,RPL35
EIF5B,RPS28
EIF5B,MRPS16
EIF5B,EIF1
EIF5B,RPS12
EIF5B,RPS19
EIF5B,RPS13
EIF5B,RPS10
EIF5B,RPL32
EIF5B,RPL37
EIF5B,RPS27A
EIF5B,RPL15
EIF5B,RPL26
EIF5B,RPS21
EIF5B,RPL34
EIF5B,RPL38
EIF5B,RPL23
EIF5B,RPL11
EIF5B,RPL5
EIF5B,RPS20
EIF5B,ATPIF1
EIF5B,RPS27L
EIF5B,EIF4A1
EIF5B,RPS24
EIF5B,RPL30
EIF5B,RPS8
EIF5B,RPL3
EIF5B,RPS27
EIF5B,RPS6
EIF5B,RPS29
EIF5B,RPL35A
EIF5B,RPS16
EIF5B,RPL18A
EIF5B,RPS25
EIF5B,RPS15
RNF4,SEPT2
TUBA1A,SEPT2
MCM6,MCM3
MCM3,MCM6
MCM6,UBC
MCM6,SSRP1
SSRP1,MCM6
MCM6,PCNA
MCM6,RAD51
RAD51,MCM6
MCM6,RPS27A
MCM6,BIRC5
MCM6,MCM5
MCM5,MCM6
MCM6,SMARCA5
SMARCA5,MCM6
PARP1,UBC
PARP1,TRP53
TRP53,PARP1
PARP1,SMARCA4
SMARCA4,PARP1
PARP1,SSRP1
SSRP1,PARP1
PARP1,PCNA
PARP1,APEX1
APEX1,PARP1
PARP1,HSP90AA1
PARP1,RPS27A
PARP1,ANXA5
PARP1,SUMO1
PARP1,RFC1
RFC1,PARP1
PARP1,MAPK1
MAPK1,PARP1
PARP1,SMAD2
SMAD2,PARP1
PARP1,MAPK3
MAPK3,PARP1
ATF3,XBP1
XBP1,ATF3
ATF3,ATF4
ATF4,ATF3
ATF3,TRP53
TRP53,ATF3
ATF3,STAT3
STAT3,ATF3
ATF3,JUN
JUN,ATF3
ATF3,ATF2
ATF2,ATF3
ATF3,JUNB
JUNB,ATF3
ATF3,EGR1
EGR1,ATF3
ATF3,ATF6
ATF6,ATF3
ATF3,STAT1
STAT1,ATF3
ATF3,CREM
CREM,ATF3
BATF3,JUNB
JUNB,BATF3
BATF3,NFIL3
NFIL3,BATF3
BATF3,ITGAX
ATF6,XBP1
XBP1,ATF6
ATF6,HSPA5
ATF6,ATF4
ATF4,ATF6
ATF6,CTNNA1
ILK,RSU1
ZEB2,VIM
REL,PSMB7
HNRNPD,PSMB7
NFKB1,PSMB7
TCEB2,PSMB7
TRP53,PSMB7
NFKBIB,PSMB7
BUB3,PSMB7
TCEB1,PSMB7
MED27,NCOA3
NCOA3,MED27
MED27,MED1
MED1,MED27
MED27,THRAP3
THRAP3,MED27
MED27,NCOR2
NCOR2,MED27
MED27,MED21
MED21,MED27
MED27,FABP4
MED27,NCOR1
NCOR1,MED27
REL,PSMD14
HNRNPD,PSMD14
NFKB1,PSMD14
TCEB2,PSMD14
TRP53,PSMD14
UBE2K,PSMD14
NFKBIB,PSMD14
BUB3,PSMD14
TCEB1,PSMD14
TUBA1A,SSNA1
POLR1D,NOP10
POLR2F,NOP10
ZNRD1,NOP10
POLR2K,NOP10
COPS2,EIF3M
XBP1,PDIA3
RAD51,MCM3
MCM3,RAD51
RAD51,TRP53
TRP53,RAD51
RAD51,PCNA
RAD51,BIRC5
RAD51,MCM5
MCM5,RAD51
RAD51,SUMO2
MCM3,PCNA
POLR2C,PCNA
POLR2F,PCNA
TCEA1,PCNA
APEX1,PCNA
POLR2K,PCNA
POLR2B,PCNA
MCM5,PCNA
BUB3,PCNA
RFC1,PCNA
SMARCA5,PCNA
POLR2J,PCNA
POLR2G,PCNA
NFKB1,IL1B
NFKBIB,IL1B
JUN,IL1B
EGR1,IL1B
TLR4,IL1B
MYD88,IL1B
NFKB1,IL1A
MYD88,IL1A
CEBPA,FABP4
NCOA3,FABP4
NCOR2,FABP4
MED1,FABP4
THRAP3,FABP4
MED21,FABP4
NCOR1,FABP4
MAPK1,FABP5
REL,PSMA7
HNRNPD,PSMA7
NFKB1,PSMA7
TCEB2,PSMA7
TRP53,PSMA7
NFKBIB,PSMA7
BUB3,PSMA7
TCEB1,PSMA7
TRP53,ANXA5
STAT3,ANXA5
MAPK3,ANXA5
ATF4,SLC7A11
MCM5,CCNL1
NFKB1,NRAS
TRP53,NRAS
MAPK1,NRAS
MAPK3,NRAS
CSDE1,YBX1
YBX1,CSDE1
NFKB1,TLR2
STAT3,TLR2
TLR4,TLR2
MYD88,TLR2
STAT1,TLR2
UPF1,EIF4E
MAPK3,EIF4E
NFKB1,PSMD7
NFKB1,LYZ2
NFKB1,PSME1
NFKB1,PSMB3
NFKB1,GGH
NFKB1,UBC
NFKB1,REL
REL,NFKB1
NFKB1,CTSD
NFKB1,HMGB1
NFKB1,CXCL1
NFKB1,PSMA3
NFKB1,PSMB10
NFKB1,SKP1A
NFKB1,TRP53
TRP53,NFKB1
NFKB1,PSMA5
NFKB1,MTPN
NFKB1,NFKBIB
NFKBIB,NFKB1
NFKB1,B2M
NFKB1,CXCL2
NFKB1,PSMC3
NFKB1,JUN
JUN,NFKB1
NFKB1,PSMD8
NFKB1,RPS27A
NFKB1,TXN1
NFKB1,PSME2
NFKB1,HDAC1
HDAC1,NFKB1
NFKB1,LYZ1
NFKB1,RAC1
NFKB1,RAC2
NFKB1,TLR4
TLR4,NFKB1
NFKB1,PSMA4
NFKB1,SQSTM1
NFKB1,MYD88
MYD88,NFKB1
NFKB1,PSMB9
NFKB1,NFKBIZ
NFKBIZ,NFKB1
NFKB1,PSMB2
NFKB1,PSMC4
MAPK1,SDCBP
GTF2B,TAF7
TAF7,GTF2B
GTF2B,POLR2C
POLR2C,GTF2B
GTF2B,TAF6
TAF6,GTF2B
GTF2B,POLR2F
POLR2F,GTF2B
GTF2B,TAF12
TAF12,GTF2B
GTF2B,TCEA1
TCEA1,GTF2B
GTF2B,TBPL1
TBPL1,GTF2B
GTF2B,POLR2A
POLR2A,GTF2B
GTF2B,GTF2E2
GTF2E2,GTF2B
GTF2B,POLR2K
POLR2K,GTF2B
GTF2B,SSU72
GTF2B,POLR2B
POLR2B,GTF2B
GTF2B,GTF2A2
GTF2A2,GTF2B
GTF2B,MED21
MED21,GTF2B
GTF2B,POLR2J
POLR2J,GTF2B
GTF2B,POLR2G
POLR2G,GTF2B
GTF2B,SRRT
SRRT,GTF2B
GTF2B,SNAPC5
SNAPC5,GTF2B
TRP53,TXN1
UBE2K,TXN1
APEX1,TXN1
TCEB3,POLR2C
POLR2C,TCEB3
TCEB3,POLR2B
POLR2B,TCEB3
TCEB3,POLR2F
POLR2F,TCEB3
TCEB3,TCEA1
TCEA1,TCEB3
TCEB3,POLR2A
POLR2A,TCEB3
TCEB3,TCEB2
TCEB2,TCEB3
TCEB3,TCEB1
TCEB1,TCEB3
TCEB3,SSRP1
SSRP1,TCEB3
TCEB3,POLR2J
POLR2J,TCEB3
TCEB3,POLR2G
POLR2G,TCEB3
TCEB3,POLR2K
POLR2K,TCEB3
TCEB3,AFF4
AFF4,TCEB3
SFPQ,HNRNPK
HNRNPK,SFPQ
SFPQ,HNRNPA2B1
SFPQ,NONO
NONO,SFPQ
SFPQ,WBP11
WBP11,SFPQ
SFPQ,MATR3
MATR3,SFPQ
SFPQ,HNRNPF
TRP53,STMN1
STAT3,STMN1
TUBA1A,STMN1
MAPK1,STMN1
MAPK3,STMN1
REL,PSMB2
HNRNPD,PSMB2
TCEB2,PSMB2
TRP53,PSMB2
NFKBIB,PSMB2
BUB3,PSMB2
TCEB1,PSMB2
TAF12,TAF7
TAF7,TAF12
TAF12,TMEM179B
TAF12,POLR2C
POLR2C,TAF12
TAF12,TAF6
TAF6,TAF12
TAF12,POLR2B
POLR2B,TAF12
TAF12,POLR2F
POLR2F,TAF12
TAF12,GTF2A2
GTF2A2,TAF12
TAF12,TCEA1
TCEA1,TAF12
TAF12,TBPL1
TBPL1,TAF12
TAF12,TRP53
TRP53,TAF12
TAF12,POLR2J
POLR2J,TAF12
TAF12,POLR2G
POLR2G,TAF12
TAF12,GTF2E2
GTF2E2,TAF12
TAF12,POLR2K
POLR2K,TAF12
DNAJC2,HSPA5
DNAJC2,SSB
SSB,DNAJC2
NFE2L2,PARK7
TRP53,PARK7
POLR2C,SSU72
TAF6,SSU72
POLR2B,SSU72
POLR2F,SSU72
POLR2J,SSU72
POLR2G,SSU72
GTF2A2,SSU72
GTF2E2,SSU72
POLR2K,SSU72
SRRT,SSU72
POLR2A,SSU72
SNAPC5,SSU72
SKI,NCOR2
NCOR2,SKI
SKI,UBC
SKI,SMAD2
SMAD2,SKI
SKI,RPS27A
SKI,SKIL
SKIL,SKI
SKI,NCOR1
NCOR1,SKI
MAPK1,GNB1
MAPK3,GNB1
FOSL2,JUN
JUN,FOSL2
FOSL2,JUNB
JUNB,FOSL2
RFC1,POLR2C
POLR2C,RFC1
RFC1,POLR2B
POLR2B,RFC1
RFC1,UBC
RFC1,MCM5
MCM5,RFC1
RFC1,POLR2F
POLR2F,RFC1
RFC1,TCEA1
TCEA1,RFC1
RFC1,2810417H13RIK
RFC1,APEX1
APEX1,RFC1
RFC1,POLR2J
POLR2J,RFC1
RFC1,UBE2L6
RFC1,POLR2G
POLR2G,RFC1
RFC1,POLR2K
POLR2K,RFC1
RFC1,RPS27A
POLR2B,HNRNPK
HNRNPK,POLR2B
POLR2B,RPS3
POLR2B,TAF7
TAF7,POLR2B
POLR2B,SRSF6
SRSF6,POLR2B
POLR2B,PAPOLA
PAPOLA,POLR2B
POLR2B,POLR2C
POLR2C,POLR2B
POLR2B,RBBP4
RBBP4,POLR2B
POLR2B,TAF6
TAF6,POLR2B
POLR2B,HNRNPC
POLR2B,UBC
POLR2B,SRSF2
SRSF2,POLR2B
POLR2B,POLR2F
POLR2F,POLR2B
POLR2B,EZH2
EZH2,POLR2B
POLR2B,HNRNPD
HNRNPD,POLR2B
POLR2B,TCEA1
TCEA1,POLR2B
POLR2B,TRA2B
POLR2B,EGR2
EGR2,POLR2B
POLR2B,TBPL1
TBPL1,POLR2B
POLR2B,POLR2A
POLR2A,POLR2B
POLR2B,SF3B5
POLR2B,SRSF5
SRSF5,POLR2B
POLR2B,TCEB2
TCEB2,POLR2B
POLR2B,MRPS16
POLR2B,NCOA3
NCOA3,POLR2B
POLR2B,WBP11
WBP11,POLR2B
POLR2B,TIAL1
TIAL1,POLR2B
POLR2B,SSRP1
SSRP1,POLR2B
POLR2B,SNRPD2
POLR2B,BUD31
POLR2B,SNRNP25
POLR2B,GTF2E2
GTF2E2,POLR2B
POLR2B,POLR2K
POLR2K,POLR2B
POLR2B,JUN
JUN,POLR2B
POLR2B,AFF4
AFF4,POLR2B
POLR2B,RPS27A
POLR2B,LSM7
POLR2B,RNPS1
RNPS1,POLR2B
POLR2B,RBBP7
RBBP7,POLR2B
POLR2B,LSM3
POLR2B,RPL23
POLR2B,POLR1D
POLR1D,POLR2B
POLR2B,HNRNPA2B1
POLR2B,H2AFV
POLR2B,PRPF40A
POLR2B,COPS2
COPS2,POLR2B
POLR2B,SNRPB
SNRPB,POLR2B
POLR2B,NME1
POLR2B,EEF1A1
POLR2B,SRSF3
SRSF3,POLR2B
POLR2B,GTF2A2
GTF2A2,POLR2B
POLR2B,RPS20
POLR2B,DNAJC8
POLR2B,YBX1
YBX1,POLR2B
POLR2B,POLR3K
POLR3K,POLR2B
POLR2B,SRRM1
SRRM1,POLR2B
POLR2B,TCEB1
TCEB1,POLR2B
POLR2B,MED21
MED21,POLR2B
POLR2B,POLR2J
POLR2J,POLR2B
POLR2B,SRSF9
SRSF9,POLR2B
POLR2B,POLR2G
POLR2G,POLR2B
POLR2B,SRRT
SRRT,POLR2B
POLR2B,H3F3B
POLR2B,H3F3A
POLR2B,SF1
SF1,POLR2B
POLR2B,SNAPC5
SNAPC5,POLR2B
POLR2B,HNRNPF
POLR2B,RPS15
POLR2B,NCOR1
NCOR1,POLR2B
TLR4,CXCL1
STAT3,CXCL1
NFKBIZ,CXCL1
JUN,CXCL1
SRSF9,HNRNPK
HNRNPK,SRSF9
SRSF9,SRSF6
SRSF6,SRSF9
SRSF9,PAPOLA
PAPOLA,SRSF9
SRSF9,POLR2C
POLR2C,SRSF9
SRSF9,HNRNPC
SRSF9,SRSF2
SRSF2,SRSF9
SRSF9,POLR2F
POLR2F,SRSF9
SRSF9,HNRNPD
HNRNPD,SRSF9
SRSF9,TRA2B
SRSF9,SF3B5
SRSF9,SRSF5
SRSF5,SRSF9
SRSF9,WBP11
WBP11,SRSF9
SRSF9,SNRPD2
SRSF9,BUD31
SRSF9,POLR2K
POLR2K,SRSF9
SRSF9,LSM7
SRSF9,RNPS1
RNPS1,SRSF9
SRSF9,LSM3
SRSF9,HNRNPA2B1
SRSF9,POLDIP3
SRSF9,PRPF40A
SRSF9,SNRPB
SNRPB,SRSF9
SRSF9,SRSF3
SRSF3,SRSF9
SRSF9,DNAJC8
SRSF9,YBX1
YBX1,SRSF9
SRSF9,SRRM1
SRRM1,SRSF9
SRSF9,EEF1G
SRSF9,KHDRBS1
KHDRBS1,SRSF9
SRSF9,SARNP
SRSF9,POLR2J
POLR2J,SRSF9
SRSF9,POLR2G
POLR2G,SRSF9
SRSF9,SRRT
SRRT,SRSF9
SRSF9,SF1
SF1,SRSF9
SRSF9,HNRNPF
RNPS1,RPL6
UPF1,RPL6
CBX3,HIST1H1C
HIST1H1C,CBX3
CBX3,HNRNPA2B1
CBX3,H2AFV
CBX3,TFDP1
TFDP1,CBX3
CBX3,EHMT1
EHMT1,CBX3
CBX3,H3F3B
CBX3,H3F3A
HNRNPK,CNBP
BHLHE40,NFIL3
NFIL3,BHLHE40
MED21,MED1
MED1,MED21
MED21,THRAP3
THRAP3,MED21
MED21,POLR2C
POLR2C,MED21
MED21,POLR2F
POLR2F,MED21
MED21,POLR2A
POLR2A,MED21
MED21,NCOA3
NCOA3,MED21
MED21,NCOR2
NCOR2,MED21
MED21,POLR2J
POLR2J,MED21
MED21,POLR2G
POLR2G,MED21
MED21,POLR2K
POLR2K,MED21
MED21,NCOR1
NCOR1,MED21
PREB,SEC13
BUB3,SEC13
PREB,CTSC
MAPK1,CTSC
NFKBIB,PSMD7
NFKBIB,PSME1
NFKBIB,PSMB3
NFKBIB,UBC
NFKBIB,REL
REL,NFKBIB
NFKBIB,PSMA3
NFKBIB,PSMB10
NFKBIB,SKP1A
NFKBIB,PSMA5
NFKBIB,PSMC3
NFKBIB,PSMD8
NFKBIB,RPS27A
NFKBIB,PSME2
NFKBIB,PSMA4
NFKBIB,MYD88
MYD88,NFKBIB
NFKBIB,PSMB9
NFKBIB,PSMC4
REL,PSMC4
HNRNPD,PSMC4
TCEB2,PSMC4
TRP53,PSMC4
BUB3,PSMC4
TCEB1,PSMC4
ARL6IP5,ARL6IP1
POLR2C,RPS3
POLR2F,RPS3
POLR2A,RPS3
RNPS1,RPS3
UPF1,RPS3
TLR4,ITGAX
MYD88,ITGAX
MAPK1,PYCARD
HTATIP2,NDUFAB1
ILK,TMSB4X
STAT6,IL2RG
STAT3,IL2RG
STAT1,IL2RG
NONO,HNRNPK
HNRNPK,NONO
RBBP7,HNRNPK
HNRNPK,RBBP7
RBBP7,STRA13
RBBP7,POLR2C
POLR2C,RBBP7
RBBP7,RBBP4
RBBP4,RBBP7
RBBP7,ETV3
ETV3,RBBP7
RBBP7,GATAD2A
GATAD2A,RBBP7
RBBP7,POLR2F
POLR2F,RBBP7
RBBP7,EZH2
EZH2,RBBP7
RBBP7,COMMD1
RBBP7,CHD4
CHD4,RBBP7
RBBP7,POLR2A
POLR2A,RBBP7
RBBP7,NCOA3
NCOA3,RBBP7
RBBP7,TRP53
TRP53,RBBP7
RBBP7,NCOR2
NCOR2,RBBP7
RBBP7,MTA2
MTA2,RBBP7
RBBP7,AEBP2
AEBP2,RBBP7
RBBP7,SSRP1
SSRP1,RBBP7
RBBP7,POLR2K
POLR2K,RBBP7
RBBP7,KDM6B
KDM6B,RBBP7
RBBP7,HAT1
RBBP7,COMMD4
RBBP7,HDAC1
HDAC1,RBBP7
RBBP7,H2AFV
RBBP7,TFDP1
TFDP1,RBBP7
RBBP7,COPS2
COPS2,RBBP7
RBBP7,MORF4L1
RBBP7,UBTF
UBTF,RBBP7
RBBP7,COMMD6
RBBP7,SMARCA5
SMARCA5,RBBP7
RBBP7,COMMD3
RBBP7,KDM5A
KDM5A,RBBP7
RBBP7,POLR2J
POLR2J,RBBP7
RBBP7,POLR2G
POLR2G,RBBP7
RBBP7,MBD2
MBD2,RBBP7
RBBP7,H3F3B
RBBP7,H3F3A
RBBP7,NCOR1
NCOR1,RBBP7
HCFC1,TAF7
TAF7,HCFC1
HCFC1,TAF6
TAF6,HCFC1
HCFC1,CREB3
CREB3,HCFC1
HCFC1,UBC
HCFC1,RUVBL2
RUVBL2,HCFC1
HCFC1,DPY30
HCFC1,ARID1A
ARID1A,HCFC1
HCFC1,RPS27A
RUVBL2,MORF4L2
IRF2,STAT1
STAT1,IRF2
RBL2,RBBP4
RBBP4,RBL2
RBL2,UBC
RBL2,SKP1A
RBL2,RPS27A
RBL2,HDAC1
HDAC1,RBL2
RBL2,TFDP1
TFDP1,RBL2
TRP53,MAP1LC3B
REL,PSMB10
HNRNPD,PSMB10
TCEB2,PSMB10
TRP53,PSMB10
BUB3,PSMB10
TCEB1,PSMB10
IRF1,PSMB10
RUVBL2,CFDP1
STAT3,PTS
SMARCA4,ARID1B
ARID1B,SMARCA4
SMARCA4,EZH2
EZH2,SMARCA4
SMARCA4,SMARCE1
SMARCE1,SMARCA4
SMARCA4,DPF2
DPF2,SMARCA4
SMARCA4,CBFB
CBFB,SMARCA4
SMARCA4,POLR2A
POLR2A,SMARCA4
SMARCA4,SMARCC2
SMARCC2,SMARCA4
SMARCA4,TRP53
TRP53,SMARCA4
SMARCA4,KLF4
KLF4,SMARCA4
SMARCA4,KDM6B
KDM6B,SMARCA4
SMARCA4,ARID1A
ARID1A,SMARCA4
SMARCA4,HDAC1
HDAC1,SMARCA4
SMARCA4,ACTG1
SMARCA4,PBRM1
PBRM1,SMARCA4
SMARCA4,ACTB
SMARCA4,BANF1
SMARCA4,TCF7L2
TCF7L2,SMARCA4
TRP53,ANXA2
MAPK1,ANXA2
REL,PSMA4
HNRNPD,PSMA4
TCEB2,PSMA4
TRP53,PSMA4
BUB3,PSMA4
TCEB1,PSMA4
SRSF5,CLK1
SNAPC5,POLR3K
POLR3K,SNAPC5
SNAPC5,POLR2F
POLR2F,SNAPC5
SNAPC5,POLR2J
POLR2J,SNAPC5
SNAPC5,POLR2C
POLR2C,SNAPC5
SNAPC5,POLR2G
POLR2G,SNAPC5
SNAPC5,GTF2A2
GTF2A2,SNAPC5
SNAPC5,GTF2E2
GTF2E2,SNAPC5
SNAPC5,POLR2K
POLR2K,SNAPC5
SNAPC5,TAF6
TAF6,SNAPC5
SNAPC5,SRRT
SRRT,SNAPC5
RNPS1,RPL4
UPF1,RPL4
MYD88,CD14
MYD88,HMGB1
MYD88,TLR4
TLR4,MYD88
MYD88,SQSTM1
MYD88,IRF1
IRF1,MYD88
MYD88,STAT1
STAT1,MYD88
POLR2C,RPSA
POLR2F,RPSA
DAB2,TRF
BUB3,DYNC1LI1
NR3C1,DYNC1LI1
STAT1,LGALS3BP
TOB1,CNOT8
CNOT8,TOB1
TOB1,CNOT6
CNOT6,TOB1
TOB1,CNOT2
CNOT2,TOB1
TOB1,CNOT6L
CNOT6L,TOB1
SSB,CCT2
GTF2I,CCT2
MAPK1,CCT2
HNRNPK,SNRPD2
SRSF6,SNRPD2
RNPS1,SNRPD2
PAPOLA,SNRPD2
POLR2C,SNRPD2
SRSF2,SNRPD2
TARDBP,SNRPD2
SNRPB,SNRPD2
POLR2F,SNRPD2
HNRNPD,SNRPD2
SRSF3,SNRPD2
YBX1,SNRPD2
SRRM1,SNRPD2
SRSF5,SNRPD2
TCEB2,SNRPD2
WBP11,SNRPD2
POLR2J,SNRPD2
POLR2G,SNRPD2
POLR2K,SNRPD2
SRRT,SNRPD2
SSB,SNRPD2
SF1,SNRPD2
DENND4A,GDI2
KDM2B,EZH2
EZH2,KDM2B
KDM2B,SKP1A
KDM2B,KDM5C
KDM5C,KDM2B
KDM2B,KDM6B
KDM6B,KDM2B
KDM2B,JUN
JUN,KDM2B
KDM2B,KDM5A
KDM5A,KDM2B
POLR2C,RPS29
POLR2J,HNRNPK
HNRNPK,POLR2J
POLR2J,SNRPE
POLR2J,TAF7
TAF7,POLR2J
POLR2J,SRSF6
SRSF6,POLR2J
POLR2J,RNPS1
RNPS1,POLR2J
POLR2J,PAPOLA
PAPOLA,POLR2J
POLR2J,POLR2C
POLR2C,POLR2J
POLR2J,RBBP4
RBBP4,POLR2J
POLR2J,TAF6
TAF6,POLR2J
POLR2J,HNRNPC
POLR2J,LSM3
POLR2J,UBC
POLR2J,SRSF2
SRSF2,POLR2J
POLR2J,HNRNPA2B1
POLR2J,H2AFV
POLR2J,PRPF40A
POLR2J,COPS2
COPS2,POLR2J
POLR2J,SNRPB
SNRPB,POLR2J
POLR2J,POLR2F
POLR2F,POLR2J
POLR2J,EZH2
EZH2,POLR2J
POLR2J,HNRNPD
HNRNPD,POLR2J
POLR2J,SRSF3
SRSF3,POLR2J
POLR2J,TCEA1
TCEA1,POLR2J
POLR2J,GTF2A2
GTF2A2,POLR2J
POLR2J,TRA2B
POLR2J,EGR2
EGR2,POLR2J
POLR2J,DNAJC8
POLR2J,YBX1
YBX1,POLR2J
POLR2J,POLR2A
POLR2A,POLR2J
POLR2J,POLR3K
POLR3K,POLR2J
POLR2J,SF3B5
POLR2J,SRRM1
SRRM1,POLR2J
POLR2J,SRSF5
SRSF5,POLR2J
POLR2J,TCEB2
TCEB2,POLR2J
POLR2J,NCOA3
NCOA3,POLR2J
POLR2J,WBP11
WBP11,POLR2J
POLR2J,TCEB1
TCEB1,POLR2J
POLR2J,TIAL1
TIAL1,POLR2J
POLR2J,SSRP1
SSRP1,POLR2J
POLR2J,BUD31
POLR2J,SNRNP25
POLR2J,POLR2G
POLR2G,POLR2J
POLR2J,ZNRD1
ZNRD1,POLR2J
POLR2J,GTF2E2
GTF2E2,POLR2J
POLR2J,POLR2K
POLR2K,POLR2J
POLR2J,JUN
JUN,POLR2J
POLR2J,SRRT
SRRT,POLR2J
POLR2J,H3F3B
POLR2J,H3F3A
POLR2J,SF1
SF1,POLR2J
POLR2J,AFF4
AFF4,POLR2J
POLR2J,HNRNPF
POLR2J,RPS27A
POLR2J,LSM7
POLR2J,NCOR1
NCOR1,POLR2J
REL,SKP1A
TCEB2,SKP1A
UBE2K,SKP1A
RNF4,SKP1A
RLIM,SKP1A
TFDP1,SKP1A
COPS2,SKP1A
TCEB1,SKP1A
SMAD2,SKP1A
BTG1,CNOT8
CNOT8,BTG1
HNRNPK,SNRPE
HNRNPK,SRSF6
SRSF6,HNRNPK
HNRNPK,RNPS1
RNPS1,HNRNPK
HNRNPK,PAPOLA
PAPOLA,HNRNPK
HNRNPK,POLR2C
POLR2C,HNRNPK
HNRNPK,HNRNPC
HNRNPK,LSM3
HNRNPK,SRSF2
SRSF2,HNRNPK
HNRNPK,HNRNPA2B1
HNRNPK,TARDBP
TARDBP,HNRNPK
HNRNPK,PRPF40A
HNRNPK,SNRPB
SNRPB,HNRNPK
HNRNPK,POLR2F
POLR2F,HNRNPK
HNRNPK,HNRNPD
HNRNPD,HNRNPK
HNRNPK,SRSF3
SRSF3,HNRNPK
HNRNPK,TRA2B
HNRNPK,DNAJC8
HNRNPK,YBX1
YBX1,HNRNPK
HNRNPK,SF3B5
HNRNPK,SRRM1
SRRM1,HNRNPK
HNRNPK,SRSF5
SRSF5,HNRNPK
HNRNPK,TRP53
TRP53,HNRNPK
HNRNPK,KHDRBS1
KHDRBS1,HNRNPK
HNRNPK,WBP11
WBP11,HNRNPK
HNRNPK,ILF3
ILF3,HNRNPK
HNRNPK,MATR3
MATR3,HNRNPK
HNRNPK,BUD31
HNRNPK,POLR2G
POLR2G,HNRNPK
HNRNPK,POLR2K
POLR2K,HNRNPK
HNRNPK,SRRT
SRRT,HNRNPK
HNRNPK,SSB
SSB,HNRNPK
HNRNPK,SF1
SF1,HNRNPK
HNRNPK,HNRNPF
HNRNPK,LSM7
TCEB2,NDUFA7
BAZ1A,RBBP4
RBBP4,BAZ1A
BAZ1A,SMARCA5
SMARCA5,BAZ1A
RBPJ,HDAC1
HDAC1,RBPJ
RBPJ,TRP53
TRP53,RBPJ
RBPJ,NOTCH2
NOTCH2,RBPJ
RBPJ,NCOR2
NCOR2,RBPJ
RBPJ,CTBP1
CTBP1,RBPJ
COPS2,SHFM1
EGR2,POLR2C
POLR2C,EGR2
EGR2,POLR2F
POLR2F,EGR2
EGR2,POLR2A
POLR2A,EGR2
EGR2,POLR2K
POLR2K,EGR2
EGR2,JUN
JUN,EGR2
EGR2,H2AFV
EGR2,EGR1
EGR1,EGR2
EGR2,POLR2G
POLR2G,EGR2
EGR2,H3F3B
EGR2,H3F3A
TRP53,MIF
REL,PSMD7
HNRNPD,PSMD7
TCEB2,PSMD7
TRP53,PSMD7
BUB3,PSMD7
TCEB1,PSMD7
APEX1,TRP53
TRP53,APEX1
RNPS1,RPL22L1
UPF1,RPL22L1
SRRT,SRSF6
SRSF6,SRRT
SRRT,RNPS1
RNPS1,SRRT
SRRT,PAPOLA
PAPOLA,SRRT
SRRT,POLR2C
POLR2C,SRRT
SRRT,TAF6
TAF6,SRRT
SRRT,HNRNPC
SRRT,LSM3
SRRT,SRSF2
SRSF2,SRRT
SRRT,HNRNPA2B1
SRRT,POLDIP3
SRRT,PRPF40A
SRRT,SNRPB
SNRPB,SRRT
SRRT,POLR2F
POLR2F,SRRT
SRRT,HNRNPD
HNRNPD,SRRT
SRRT,SRSF3
SRSF3,SRRT
SRRT,GTF2A2
GTF2A2,SRRT
SRRT,TRA2B
SRRT,DNAJC8
SRRT,YBX1
YBX1,SRRT
SRRT,SF3B5
SRRT,SRRM1
SRRM1,SRRT
SRRT,SRSF5
SRSF5,SRRT
SRRT,WBP11
WBP11,SRRT
SRRT,BUD31
SRRT,POLR2G
POLR2G,SRRT
SRRT,GTF2E2
GTF2E2,SRRT
SRRT,POLR2K
POLR2K,SRRT
SRRT,SF1
SF1,SRRT
SRRT,HNRNPF
SRRT,LSM7
POLR2F,SNRPE
POLR2F,TAF7
TAF7,POLR2F
POLR2F,SRSF6
SRSF6,POLR2F
POLR2F,PAPOLA
PAPOLA,POLR2F
POLR2F,POLR2C
POLR2C,POLR2F
POLR2F,RBBP4
RBBP4,POLR2F
POLR2F,TAF6
TAF6,POLR2F
POLR2F,PFDN5
POLR2F,HNRNPC
POLR2F,NHP2
POLR2F,SRSF2
SRSF2,POLR2F
POLR2F,UBC
POLR2F,EZH2
EZH2,POLR2F
POLR2F,HNRNPD
HNRNPD,POLR2F
POLR2F,TCEA1
TCEA1,POLR2F
POLR2F,TRA2B
POLR2F,TBPL1
TBPL1,POLR2F
POLR2F,POLR2A
POLR2A,POLR2F
POLR2F,SF3B5
POLR2F,SRSF5
SRSF5,POLR2F
POLR2F,TCEB2
TCEB2,POLR2F
POLR2F,MRPS16
POLR2F,NCOA3
NCOA3,POLR2F
POLR2F,WBP11
WBP11,POLR2F
POLR2F,RPS13
POLR2F,TIAL1
TIAL1,POLR2F
POLR2F,SSRP1
SSRP1,POLR2F
POLR2F,BUD31
POLR2F,SNRNP25
POLR2F,ZNRD1
ZNRD1,POLR2F
POLR2F,GTF2E2
GTF2E2,POLR2F
POLR2F,POLR2K
POLR2K,POLR2F
POLR2F,JUN
JUN,POLR2F
POLR2F,AFF4
AFF4,POLR2F
POLR2F,RPS27A
POLR2F,LSM7
POLR2F,MED1
MED1,POLR2F
POLR2F,RNPS1
RNPS1,POLR2F
POLR2F,LSM3
POLR2F,POLR1D
POLR1D,POLR2F
POLR2F,HNRNPA2B1
POLR2F,H2AFV
POLR2F,PRPF40A
POLR2F,COPS2
COPS2,POLR2F
POLR2F,SNRPB
SNRPB,POLR2F
POLR2F,NME1
POLR2F,SRSF3
SRSF3,POLR2F
POLR2F,UBTF
UBTF,POLR2F
POLR2F,GTF2A2
GTF2A2,POLR2F
POLR2F,RPS20
POLR2F,DNAJC8
POLR2F,YBX1
YBX1,POLR2F
POLR2F,POLR3K
POLR3K,POLR2F
POLR2F,SRRM1
SRRM1,POLR2F
POLR2F,ACTB
POLR2F,SMARCA5
SMARCA5,POLR2F
POLR2F,TCEB1
TCEB1,POLR2F
POLR2F,POLR2G
POLR2G,POLR2F
POLR2F,H3F3B
POLR2F,H3F3A
POLR2F,SF1
SF1,POLR2F
POLR2F,HNRNPF
POLR2F,RPS15
POLR2F,NCOR1
NCOR1,POLR2F
SRSF6,LSM3
RNPS1,LSM3
PAPOLA,LSM3
POLR2C,LSM3
SRSF2,LSM3
SNRPB,LSM3
HNRNPD,LSM3
SRSF3,LSM3
GTF2A2,LSM3
YBX1,LSM3
SRRM1,LSM3
SRSF5,LSM3
WBP11,LSM3
POLR2G,LSM3
POLR2K,LSM3
SF1,LSM3
SMARCA5,MCM3
MCM3,SMARCA5
SMARCA5,STRA13
SMARCA5,RBBP4
RBBP4,SMARCA5
SMARCA5,ETV3
ETV3,SMARCA5
SMARCA5,GATAD2A
GATAD2A,SMARCA5
SMARCA5,CHD4
CHD4,SMARCA5
SMARCA5,SMARCC2
SMARCC2,SMARCA5
SMARCA5,MTA2
MTA2,SMARCA5
SMARCA5,ZNRD1
ZNRD1,SMARCA5
SMARCA5,POLR2K
POLR2K,SMARCA5
SMARCA5,HDAC1
HDAC1,SMARCA5
SMARCA5,H2AFV
SMARCA5,PBRM1
PBRM1,SMARCA5
SMARCA5,ACTB
SMARCA5,H3F3B
SMARCA5,H3F3A
POLR3K,POLR2C
POLR2C,POLR3K
POLR3K,POLR1D
POLR1D,POLR3K
POLR3K,GTF2A2
GTF2A2,POLR3K
POLR3K,SNRNP25
POLR3K,POLR2G
POLR2G,POLR3K
POLR3K,ZNRD1
ZNRD1,POLR3K
POLR3K,POLR2K
POLR2K,POLR3K
NOTCH2,PSENEN
YBX1,PSENEN
MITF,SUMO1
MITF,MAPK1
MAPK1,MITF
MITF,MAPK3
MAPK3,MITF
MCM5,UQCRFS1
HAX1,PARL
ZFP410,VTA1
TLR4,CD14
TLR4,UBC
TLR4,HMGB1
TLR4,TANK
TLR4,PTPRC
TLR4,CXCL2
TLR4,STAT3
STAT3,TLR4
TLR4,JUN
JUN,TLR4
TLR4,S100A1
TLR4,UBE2D3
TLR4,RPS27A
TLR4,RAC1
TLR4,IRF1
IRF1,TLR4
TLR4,STAT1
STAT1,TLR4
TLR4,CD36
TLR4,MAPK3
MAPK3,TLR4
HIST1H1C,HMGB2
HMGB2,HIST1H1C
HIST1H1C,H1F0
H1F0,HIST1H1C
HIST1H1C,HMGB1
HIST1H1C,TRP53
TRP53,HIST1H1C
RNPS1,RPS27L
UPF1,RPS27L
TRP53,RPS27L
TARDBP,GRN
MAPK1,GRN
RNPS1,RPL37
UPF1,RPL37
ELF1,CBFB
CBFB,ELF1
SRSF6,SNRNP25
POLR2C,SNRNP25
SRSF2,SNRNP25
SNRPB,SNRNP25
POLR2G,SNRNP25
POLR2K,SNRNP25
YBX1,SNRNP25
TRP53,DAP
TAF6,TAF7
TAF7,TAF6
TAF6,TMEM179B
TAF6,POLR2C
POLR2C,TAF6
TAF6,RUVBL2
RUVBL2,TAF6
TAF6,GTF2A2
GTF2A2,TAF6
TAF6,TCEA1
TCEA1,TAF6
TAF6,TBPL1
TBPL1,TAF6
TAF6,TRP53
TRP53,TAF6
TAF6,POLR2G
POLR2G,TAF6
TAF6,GTF2E2
GTF2E2,TAF6
TAF6,POLR2K
POLR2K,TAF6
MAPK1,PEBP1
MAPK3,PEBP1
RNPS1,RPL10A
UPF1,RPL10A
MEF2A,CTNNA1
GTF2I,TCP1
TCEB2,COMMD3
TCEB1,COMMD3
COPS2,COMMD3
NR3C1,PTGES3
AHR,PTGES3
MAPK1,PTGES3
MAPK3,PTGES3
RBBP4,STRA13
POLR2A,POLR2C
POLR2C,POLR2A
POLR2A,RBBP4
RBBP4,POLR2A
POLR2A,EZH2
EZH2,POLR2A
POLR2A,TCEA1
TCEA1,POLR2A
POLR2A,TBPL1
TBPL1,POLR2A
POLR2A,NCOA3
NCOA3,POLR2A
POLR2A,GTF2E2
GTF2E2,POLR2A
POLR2A,POLR2K
POLR2K,POLR2A
POLR2A,JUN
JUN,POLR2A
POLR2A,MED1
MED1,POLR2A
POLR2A,H2AFV
POLR2A,GTF2A2
GTF2A2,POLR2A
POLR2A,POLR2G
POLR2G,POLR2A
POLR2A,H3F3B
POLR2A,H3F3A
POLR2A,NCOR1
NCOR1,POLR2A
AFF4,POLR2C
POLR2C,AFF4
AFF4,TCEA1
TCEA1,AFF4
AFF4,TCEB2
TCEB2,AFF4
AFF4,TCEB1
TCEB1,AFF4
AFF4,SSRP1
SSRP1,AFF4
AFF4,POLR2G
POLR2G,AFF4
AFF4,POLR2K
POLR2K,AFF4
MAPK3,RAP1B
MAPK3,ATF4
ATF4,MAPK3
MAPK3,IQGAP1
MAPK3,TRP53
TRP53,MAPK3
MAPK3,KLF4
KLF4,MAPK3
MAPK3,CDC42
MAPK3,HSP90AA1
MAPK3,UBE2L6
MAPK3,STAT3
STAT3,MAPK3
MAPK3,JUN
JUN,MAPK3
MAPK3,ATF2
ATF2,MAPK3
MAPK3,RAC1
MAPK3,PPP2R5C
MAPK3,UBTF
UBTF,MAPK3
MAPK3,EGR1
EGR1,MAPK3
MAPK3,MAPK1
MAPK1,MAPK3
MAPK3,SQSTM1
MAPK3,SMAD2
SMAD2,MAPK3
MAPK3,STAT1
STAT1,MAPK3
REL,PSMD8
COPS2,PSMD8
HNRNPD,PSMD8
BUB3,PSMD8
TCEB2,PSMD8
TRP53,PSMD8
TCEB1,PSMD8
STAT1,BST2
POLR2K,TAF7
TAF7,POLR2K
POLR2K,SRSF6
SRSF6,POLR2K
POLR2K,RNPS1
RNPS1,POLR2K
POLR2K,PAPOLA
PAPOLA,POLR2K
POLR2K,POLR2C
POLR2C,POLR2K
POLR2K,RBBP4
RBBP4,POLR2K
POLR2K,HNRNPC
POLR2K,POLR1D
POLR1D,POLR2K
POLR2K,UBC
POLR2K,SRSF2
SRSF2,POLR2K
POLR2K,HNRNPA2B1
POLR2K,H2AFV
POLR2K,PRPF40A
POLR2K,COPS2
COPS2,POLR2K
POLR2K,SNRPB
SNRPB,POLR2K
POLR2K,EZH2
EZH2,POLR2K
POLR2K,HNRNPD
HNRNPD,POLR2K
POLR2K,SRSF3
SRSF3,POLR2K
POLR2K,UBTF
UBTF,POLR2K
POLR2K,GTF2A2
GTF2A2,POLR2K
POLR2K,TCEA1
TCEA1,POLR2K
POLR2K,TRA2B
POLR2K,DNAJC8
POLR2K,TBPL1
TBPL1,POLR2K
POLR2K,YBX1
YBX1,POLR2K
POLR2K,SF3B5
POLR2K,SRRM1
SRRM1,POLR2K
POLR2K,ACTB
POLR2K,SRSF5
SRSF5,POLR2K
POLR2K,TCEB2
TCEB2,POLR2K
POLR2K,NCOA3
NCOA3,POLR2K
POLR2K,WBP11
WBP11,POLR2K
POLR2K,TCEB1
TCEB1,POLR2K
POLR2K,TIAL1
TIAL1,POLR2K
POLR2K,SSRP1
SSRP1,POLR2K
POLR2K,BUD31
POLR2K,POLR2G
POLR2G,POLR2K
POLR2K,ZNRD1
ZNRD1,POLR2K
POLR2K,GTF2E2
GTF2E2,POLR2K
POLR2K,JUN
JUN,POLR2K
POLR2K,H3F3B
POLR2K,H3F3A
POLR2K,SF1
SF1,POLR2K
POLR2K,HNRNPF
POLR2K,RPS27A
POLR2K,LSM7
POLR2K,NCOR1
NCOR1,POLR2K
RNF4,RNF7
RLIM,RNF7
COPS2,RNF7
TCEB2,RNF7
TCEB1,RNF7
UBE2K,RNF7
SRSF6,POLDIP3
RNPS1,POLDIP3
PAPOLA,POLDIP3
SRSF2,POLDIP3
SRSF3,POLDIP3
SRRM1,POLDIP3
SRSF5,POLDIP3
PREB,TMED2
NOTCH2,TMED2
XBP1,HSPA5
XBP1,ATF4
ATF4,XBP1
XBP1,ATF2
ATF2,XBP1
XBP1,CREM
CREM,XBP1
POLR2C,MRPS16
ZFP36,HNRNPD
HNRNPD,ZFP36
ZFP36,JUNB
JUNB,ZFP36
TRP53,CD24A
STAT3,CD24A
POLR1D,POLR2C
POLR2C,POLR1D
POLR1D,NHP2
POLR1D,TCEA1
TCEA1,POLR1D
POLR1D,GTF2A2
GTF2A2,POLR1D
POLR1D,NHP2L1
POLR1D,POLR2G
POLR2G,POLR1D
POLR1D,ZNRD1
ZNRD1,POLR1D
RNPS1,RPL18A
UPF1,RPL18A
RNPS1,RPS21
UPF1,RPS21
RNPS1,RPL37A
UPF1,RPL37A
CHD7,SSRP1
SSRP1,CHD7
MCM3,UBC
MCM3,SSRP1
SSRP1,MCM3
MCM3,RPS27A
MCM3,HAT1
MCM3,BIRC5
MCM3,MCM5
MCM5,MCM3
CBFB,TCEB2
TCEB2,CBFB
CBFB,ARID1B
ARID1B,CBFB
CBFB,SMARCC2
SMARCC2,CBFB
CBFB,TCEB1
TCEB1,CBFB
CBFB,HDAC1
HDAC1,CBFB
CBFB,H2AFV
CBFB,TCF12
TCF12,CBFB
CBFB,SMARCE1
SMARCE1,CBFB
CBFB,ELF2
ELF2,CBFB
CBFB,DPY30
CBFB,LDB1
LDB1,CBFB
CBFB,ARID1A
ARID1A,CBFB
CBFB,PBRM1
PBRM1,CBFB
CBFB,H3F3B
CBFB,H3F3A
ZMYND11,H3F3B
ZMYND11,H3F3A
ZMYND11,NCOR1
NCOR1,ZMYND11
CHD4,RBBP4
RBBP4,CHD4
CHD4,ETV3
ETV3,CHD4
CHD4,GATAD2A
GATAD2A,CHD4
CHD4,EZH2
EZH2,CHD4
CHD4,TRP53
TRP53,CHD4
CHD4,NCOR2
NCOR2,CHD4
CHD4,MTA2
MTA2,CHD4
CHD4,HDAC1
HDAC1,CHD4
CHD4,MORF4L1
CHD4,UBTF
UBTF,CHD4
CHD4,MBD2
MBD2,CHD4
CHD4,NCOR1
NCOR1,CHD4
STAT1,GBP6
ING1,HDAC1
HDAC1,ING1
MAPK1,GDI2
JUNB,JUN
JUN,JUNB
JUNB,ATF2
ATF2,JUNB
JUNB,EGR1
EGR1,JUNB
TAF7,TMEM179B
TAF7,POLR2C
POLR2C,TAF7
TAF7,RUVBL2
RUVBL2,TAF7
TAF7,TCEA1
TCEA1,TAF7
TAF7,GTF2A2
GTF2A2,TAF7
TAF7,TRP53
TRP53,TAF7
TAF7,POLR2G
POLR2G,TAF7
TAF7,GTF2E2
GTF2E2,TAF7
ILF3,HNRNPA2B1
ILF3,SRSF3
SRSF3,ILF3
ILF3,MATR3
MATR3,ILF3
HMGB2,H1F0
H1F0,HMGB2
HMGB2,TRP53
TRP53,HMGB2
HMGB2,SSRP1
SSRP1,HMGB2
HMGB2,BIRC5
MAPK1,LYZ2
MAPK1,GGH
MAPK1,CREG1
MAPK1,RAP1B
MAPK1,AP2S1
MAPK1,IQGAP1
MAPK1,TRP53
TRP53,MAPK1
MAPK1,HSP90AA1
MAPK1,PRDX6
MAPK1,STAT3
STAT3,MAPK1
MAPK1,JUN
JUN,MAPK1
MAPK1,ATF2
ATF2,MAPK1
MAPK1,ACLY
MAPK1,EAR2
MAPK1,LYZ1
MAPK1,FTL1
MAPK1,RAC1
MAPK1,PPP2R5C
MAPK1,EGR1
EGR1,MAPK1
MAPK1,CLTA
MAPK1,PRKCD
MAPK1,RNASET2A
MAPK1,TRAPPC1
MAPK1,CTSA
MAPK1,STAT1
STAT1,MAPK1
TCEB2,PSME2
TCEB2,PSME1
TCEB2,PSMB3
TCEB2,POLR2C
POLR2C,TCEB2
TCEB2,RNF4
RNF4,TCEB2
TCEB2,COMMD4
TCEB2,UBC
TCEB2,CISH
TCEB2,RLIM
RLIM,TCEB2
TCEB2,COPS2
COPS2,TCEB2
TCEB2,COMMD1
TCEB2,TCEA1
TCEA1,TCEB2
TCEB2,COMMD6
TCEB2,PSMA3
TCEB2,PSMA5
TCEB2,TCEB1
TCEB1,TCEB2
TCEB2,UBE2K
UBE2K,TCEB2
TCEB2,SSRP1
SSRP1,TCEB2
TCEB2,PSMB9
TCEB2,UBE2L6
TCEB2,POLR2G
POLR2G,TCEB2
TCEB2,PSMC3
TCEB2,UBE2D3
TCEB2,RPS27A
KHDRBS1,HNRNPC
KHDRBS1,WBP11
WBP11,KHDRBS1
KHDRBS1,HNRNPA2B1
KHDRBS1,SRSF3
SRSF3,KHDRBS1
KHDRBS1,HNRNPF
STAT1,CISH
STAT1,TRP53
TRP53,STAT1
STAT1,AHR
AHR,STAT1
STAT1,PTPN2
STAT1,UBE2L6
STAT1,STAT3
STAT3,STAT1
STAT1,JUN
JUN,STAT1
STAT1,SUMO1
STAT1,STAT6
STAT6,STAT1
STAT1,PRKCD
STAT1,IRF1
IRF1,STAT1
STAT1,PSMB9
STAT1,TRIM30A
NCOR1,POLR2C
POLR2C,NCOR1
NCOR1,RBBP4
RBBP4,NCOR1
NCOR1,EZH2
EZH2,NCOR1
NCOR1,SMARCE1
SMARCE1,NCOR1
NCOR1,NR3C1
NR3C1,NCOR1
NCOR1,NCOA3
NCOA3,NCOR1
NCOR1,TRP53
TRP53,NCOR1
NCOR1,NCOR2
NCOR2,NCOR1
NCOR1,JUN
JUN,NCOR1
NCOR1,MED1
MED1,NCOR1
NCOR1,THRAP3
THRAP3,NCOR1
NCOR1,HDAC1
HDAC1,NCOR1
NCOR1,H2AFV
NCOR1,SKIL
SKIL,NCOR1
NCOR1,SMAD2
SMAD2,NCOR1
NCOR1,POLR2G
POLR2G,NCOR1
NCOR1,H3F3B
NCOR1,H3F3A
POLR2C,RPS15
TCEB1,COMMD4
COPS2,COMMD4
EGR1,TRP53
TRP53,EGR1
EGR1,STAT3
STAT3,EGR1
EGR1,JUN
JUN,EGR1
ZEB2,TRP53
TRP53,ZEB2
ZEB2,SMAD2
SMAD2,ZEB2
GATAD2A,TRP53
TRP53,GATAD2A
GATAD2A,RBBP4
RBBP4,GATAD2A
GATAD2A,ETV3
ETV3,GATAD2A
GATAD2A,NCOR2
NCOR2,GATAD2A
GATAD2A,HDAC1
HDAC1,GATAD2A
GATAD2A,MTA2
MTA2,GATAD2A
GATAD2A,MORF4L1
GATAD2A,UBTF
UBTF,GATAD2A
GATAD2A,MBD2
MBD2,GATAD2A
TUBA1A,YWHAE
REL,PSMC3
HNRNPD,PSMC3
TRP53,PSMC3
BUB3,PSMC3
TCEB1,PSMC3
ARID1B,ACTG1
RUVBL2,ACTG1
SMARCE1,ACTG1
SMARCC2,ACTG1
ARID1A,ACTG1
PBRM1,ACTG1
NAP1L4,NPM1
NAP1L4,NAP1L1
SRSF6,LSM7
RNPS1,LSM7
PAPOLA,LSM7
POLR2C,LSM7
SRSF2,LSM7
SNRPB,LSM7
HNRNPD,LSM7
SRSF3,LSM7
YBX1,LSM7
SRRM1,LSM7
SRSF5,LSM7
WBP11,LSM7
POLR2G,LSM7
SF1,LSM7
SIRT2,TRP53
TRP53,SIRT2
RNPS1,RPL26
UPF1,RPL26
TRP53,RPL26
MBD2,RBBP4
RBBP4,MBD2
MBD2,HDAC1
HDAC1,MBD2
MBD2,H2AFV
MBD2,MORF4L1
MBD2,UBTF
UBTF,MBD2
MBD2,NCOR2
NCOR2,MBD2
MBD2,MTA2
MTA2,MBD2
MBD2,H3F3B
MBD2,H3F3A
RNPS1,RPS7
UPF1,RPS7
NFKBIZ,CXCL2
JUN,CXCL2
SRSF2,NPM1
TRP53,NPM1
UPF1,RPL27A
UPF1,FAU
UPF1,RPS28
UPF1,RPL14
UPF1,RPLP2
UPF1,RPL41
UPF1,RPS19
UPF1,RPS13
UPF1,RPL32
UPF1,RPS27A
UPF1,RNPS1
RNPS1,UPF1
UPF1,RPL34
UPF1,RPL38
UPF1,RPL23
UPF1,RPL11
UPF1,RPL36
UPF1,SRRM1
SRRM1,UPF1
UPF1,RPL30
UPF1,RPS8
UPF1,RPL3
UPF1,RPS27
UPF1,RPS6
UPF1,RPL35A
UPF1,RPS25
SRSF6,PRPF40A
RNPS1,PRPF40A
PAPOLA,PRPF40A
POLR2C,PRPF40A
SRSF2,PRPF40A
SNRPB,PRPF40A
HNRNPD,PRPF40A
SRSF3,PRPF40A
YBX1,PRPF40A
SRRM1,PRPF40A
SRSF5,PRPF40A
WBP11,PRPF40A
POLR2G,PRPF40A
SF1,PRPF40A
PCBP2,SRSF3
SRSF3,PCBP2
PCBP2,TIAL1
TIAL1,PCBP2
TUBA1A,TUBA1B
DAB2,ARPC5
SSRP1,POLR2C
POLR2C,SSRP1
SSRP1,RBBP4
RBBP4,SSRP1
SSRP1,HMGB1
SSRP1,TCEA1
TCEA1,SSRP1
SSRP1,TRP53
TRP53,SSRP1
SSRP1,MCM5
MCM5,SSRP1
SSRP1,TCEB1
TCEB1,SSRP1
SSRP1,POLR2G
POLR2G,SSRP1
YBX1,SRSF6
SRSF6,YBX1
YBX1,PAPOLA
PAPOLA,YBX1
YBX1,POLR2C
POLR2C,YBX1
YBX1,HNRNPC
YBX1,SRSF2
SRSF2,YBX1
YBX1,HNRNPD
HNRNPD,YBX1
YBX1,TRA2B
YBX1,SF3B5
YBX1,SRSF5
SRSF5,YBX1
YBX1,TRP53
TRP53,YBX1
YBX1,WBP11
WBP11,YBX1
YBX1,EWSR1
EWSR1,YBX1
YBX1,BUD31
YBX1,RNPS1
RNPS1,YBX1
YBX1,HNRNPA2B1
YBX1,SNRPB
SNRPB,YBX1
YBX1,SRSF3
SRSF3,YBX1
YBX1,DNAJC8
YBX1,SRRM1
SRRM1,YBX1
YBX1,POLR2G
POLR2G,YBX1
YBX1,SF1
SF1,YBX1
YBX1,HNRNPF
CTBP1,HDAC1
HDAC1,CTBP1
CTBP1,SUMO1
CTBP1,TCF7L2
TCF7L2,CTBP1
EWSR1,TARDBP
TARDBP,EWSR1
SIRT7,TRP53
TRP53,SIRT7
MCM5,BIRC5
BUB3,BIRC5
RNPS1,RPS25
RNPS1,RPL36
DAB2,UBC
DAB2,ARPC4
DAB2,AP2S1
DAB2,ACTR3
DAB2,CLTA
DAB2,RPS27A
THRAP3,NCOA3
NCOA3,THRAP3
THRAP3,MED1
MED1,THRAP3
THRAP3,NCOR2
NCOR2,THRAP3
POLR2C,RPL3
RNPS1,RPL3
EZH2,POLR2C
POLR2C,EZH2
EZH2,RBBP4
RBBP4,EZH2
EZH2,SRSF2
SRSF2,EZH2
EZH2,NCOA3
NCOA3,EZH2
EZH2,TRP53
TRP53,EZH2
EZH2,AEBP2
AEBP2,EZH2
EZH2,STAT3
STAT3,EZH2
EZH2,KDM6B
KDM6B,EZH2
EZH2,HDAC1
HDAC1,EZH2
EZH2,H2AFV
EZH2,TFDP1
TFDP1,EZH2
EZH2,DOT1L
DOT1L,EZH2
EZH2,POLR2G
POLR2G,EZH2
EZH2,H3F3B
EZH2,H3F3A
RNPS1,RPL32
POLR2C,RPL5
TRP53,RPL5
TARDBP,SNRPE
TARDBP,SNRPG
TARDBP,HNRNPA2B1
TARDBP,SRSF3
SRSF3,TARDBP
TARDBP,TRA2B
TARDBP,MATR3
MATR3,TARDBP
TARDBP,SSB
SSB,TARDBP
TARDBP,HNRNPF
RNPS1,RPLP2
BUB3,PSME2
BUB3,PSME1
BUB3,PSMB3
BUB3,RNPS1
RNPS1,BUB3
BUB3,UBC
BUB3,H2AFV
BUB3,PPP2R5C
BUB3,MORF4L1
BUB3,ZWINT
BUB3,PSMA3
BUB3,PSMA5
BUB3,RPS27
BUB3,PSMB9
BUB3,RPS27A
COPS2,CISH
TCEB1,CISH
STAT6,CISH
STAT3,CISH
RBBP4,MORF4L1
HDAC1,MORF4L1
RUVBL2,MORF4L1
NCOR2,MORF4L1
KDM5A,MORF4L1
MTA2,MORF4L1
H1F0,HMGB1
TRP53,HMGB1
AEBP2,RBBP4
RBBP4,AEBP2
AEBP2,H2AFV
AEBP2,H3F3B
AEBP2,H3F3A
NCOA3,NCOR2
NCOR2,NCOA3
NCOA3,MED1
MED1,NCOA3
NCOA3,POLR2C
POLR2C,NCOA3
NCOA3,RBBP4
RBBP4,NCOA3
NCOA3,USF2
USF2,NCOA3
NCOA3,H2AFV
NCOA3,POLR2G
POLR2G,NCOA3
NCOA3,JUN
JUN,NCOA3
NCOA3,H3F3B
NCOA3,H3F3A
NCOA3,GTF2A2
GTF2A2,NCOA3
RNPS1,RPL34
REL,PSMA5
HNRNPD,PSMA5
TRP53,PSMA5
TCEB1,PSMA5
SSB,SNRPE
SSB,NHP2
SSB,SNRPG
SSB,HNRNPA2B1
SSB,SRSF3
SRSF3,SSB
SSB,NHP2L1
SSB,MATR3
MATR3,SSB
NR3C1,SUMO1
TRP53,SUMO1
NCOR2,SUMO1
UBE2K,SUMO1
RNF4,SUMO1
HDAC1,SUMO1
STAT6,PTPN2
STAT6,STAT3
STAT3,STAT6
SRSF2,SRSF6
SRSF6,SRSF2
SRSF2,RNPS1
RNPS1,SRSF2
SRSF2,PAPOLA
PAPOLA,SRSF2
SRSF2,POLR2C
POLR2C,SRSF2
SRSF2,HNRNPC
SRSF2,HNRNPA2B1
SRSF2,SNRPB
SNRPB,SRSF2
SRSF2,HNRNPD
HNRNPD,SRSF2
SRSF2,SRSF3
SRSF3,SRSF2
SRSF2,TRA2B
SRSF2,DNAJC8
SRSF2,SF3B5
SRSF2,HNRNPAB
HNRNPAB,SRSF2
SRSF2,SRRM1
SRRM1,SRSF2
SRSF2,SRSF5
SRSF5,SRSF2
SRSF2,WBP11
WBP11,SRSF2
SRSF2,BUD31
SRSF2,SARNP
SRSF2,POLR2G
POLR2G,SRSF2
SRSF2,SF1
SF1,SRSF2
SRSF2,HNRNPF
RNF4,UBA52
KDM6B,RBBP4
RBBP4,KDM6B
KDM6B,TRP53
TRP53,KDM6B
KDM6B,NCOR2
NCOR2,KDM6B
KDM6B,ATP5C1
KDM6B,HDAC1
HDAC1,KDM6B
KDM6B,H2AFV
KDM6B,ATP5D
KDM6B,KDM5A
KDM5A,KDM6B
KDM6B,H3F3B
KDM6B,H3F3A
KDM6B,ATP5F1
SNRPB,NHP2L1
NR3C1,HSP90AA1
TRP53,HSP90AA1
AHR,HSP90AA1
STAT3,HSP90AA1
TUBA1A,HSP90AA1
NCOA4,FTL1
SRSF5,DNAJC8
SRSF6,DNAJC8
RNPS1,DNAJC8
PAPOLA,DNAJC8
POLR2C,DNAJC8
WBP11,DNAJC8
SNRPB,DNAJC8
HNRNPD,DNAJC8
SRSF3,DNAJC8
POLR2G,DNAJC8
SF1,DNAJC8
SRRM1,DNAJC8
SRSF6,EEF1G
SRSF5,EEF1G
GTF2E2,EEF1G
MTA2,RBBP4
RBBP4,MTA2
MTA2,ETV3
ETV3,MTA2
MTA2,HDAC1
HDAC1,MTA2
MTA2,UBTF
UBTF,MTA2
MTA2,TRP53
TRP53,MTA2
MTA2,NCOR2
NCOR2,MTA2
POLR2G,SRSF6
SRSF6,POLR2G
POLR2G,RNPS1
RNPS1,POLR2G
POLR2G,PAPOLA
PAPOLA,POLR2G
POLR2G,POLR2C
POLR2C,POLR2G
POLR2G,RBBP4
RBBP4,POLR2G
POLR2G,HNRNPC
POLR2G,UBC
POLR2G,HNRNPA2B1
POLR2G,H2AFV
POLR2G,COPS2
COPS2,POLR2G
POLR2G,SNRPB
SNRPB,POLR2G
POLR2G,HNRNPD
HNRNPD,POLR2G
POLR2G,SRSF3
SRSF3,POLR2G
POLR2G,TCEA1
TCEA1,POLR2G
POLR2G,GTF2A2
GTF2A2,POLR2G
POLR2G,TRA2B
POLR2G,TBPL1
TBPL1,POLR2G
POLR2G,SF3B5
POLR2G,SRRM1
SRRM1,POLR2G
POLR2G,SRSF5
SRSF5,POLR2G
POLR2G,WBP11
WBP11,POLR2G
POLR2G,TCEB1
TCEB1,POLR2G
POLR2G,TIAL1
TIAL1,POLR2G
POLR2G,BUD31
POLR2G,ZNRD1
ZNRD1,POLR2G
POLR2G,GTF2E2
GTF2E2,POLR2G
POLR2G,JUN
JUN,POLR2G
POLR2G,H3F3B
POLR2G,H3F3A
POLR2G,SF1
SF1,POLR2G
POLR2G,HNRNPF
POLR2G,RPS27A
TUBA1A,RAB11A
NR3C1,NCOR2
NCOR2,NR3C1
NR3C1,SGK1
NR3C1,JUN
JUN,NR3C1
NR3C1,CAPZB
NR3C1,MED1
MED1,NR3C1
COPS2,MYEOV2
TRP53,IDH1
CEBPA,JUN
JUN,CEBPA
ATF4,HSPA5
TCEB1,COMMD6
COPS2,COMMD6
ARID1B,ACTB
RUVBL2,ACTB
SMARCE1,ACTB
SMARCC2,ACTB
TRP53,ACTB
ZNRD1,ACTB
ARID1A,ACTB
COPS2,ACTB
PBRM1,ACTB
KDM5A,ATP5C1
KDM5A,ATP5D
SMARCE1,ARID1B
ARID1B,SMARCE1
SMARCE1,DPF2
DPF2,SMARCE1
SMARCE1,PBRM1
PBRM1,SMARCE1
SMARCE1,SMARCC2
SMARCC2,SMARCE1
SMARCE1,BANF1
SMARCE1,ARID1A
ARID1A,SMARCE1
RNPS1,RPL23
POLR2C,RPL23
REL,PSMB3
HNRNPD,PSMB3
TRP53,PSMB3
TCEB1,PSMB3
SNRPB,SNRPE
SNRPB,SRSF6
SRSF6,SNRPB
SNRPB,PAPOLA
PAPOLA,SNRPB
SNRPB,POLR2C
POLR2C,SNRPB
SNRPB,HNRNPC
SNRPB,NHP2
SNRPB,HNRNPD
HNRNPD,SNRPB
SNRPB,TRA2B
SNRPB,SF3B5
SNRPB,SRSF5
SRSF5,SNRPB
SNRPB,WBP11
WBP11,SNRPB
SNRPB,BUD31
SNRPB,RNPS1
RNPS1,SNRPB
SNRPB,SNRPG
SNRPB,HNRNPA2B1
SNRPB,SRSF3
SRSF3,SNRPB
SNRPB,SRRM1
SRRM1,SNRPB
SNRPB,SF1
SF1,SNRPB
SNRPB,HNRNPF
RNPS1,RPL11
TRP53,RPL11
HDAC1,RBBP4
RBBP4,HDAC1
HDAC1,ETV3
ETV3,HDAC1
HDAC1,TRP53
TRP53,HDAC1
HDAC1,TGIF1
TGIF1,HDAC1
HDAC1,NCOR2
NCOR2,HDAC1
HDAC1,STAT3
STAT3,HDAC1
HDAC1,JUN
JUN,HDAC1
HDAC1,ATF2
ATF2,HDAC1
HDAC1,H2AFV
HDAC1,TFDP1
TFDP1,HDAC1
HDAC1,UBTF
UBTF,HDAC1
HDAC1,IRF1
IRF1,HDAC1
HDAC1,SMAD2
SMAD2,HDAC1
HDAC1,TCF7L2
TCF7L2,HDAC1
HDAC1,H3F3B
HDAC1,H3F3A
RBBP4,POLR2C
POLR2C,RBBP4
RBBP4,ETV3
ETV3,RBBP4
RBBP4,TRP53
TRP53,RBBP4
RBBP4,NCOR2
NCOR2,RBBP4
RBBP4,HAT1
RBBP4,H2AFV
RBBP4,TFDP1
TFDP1,RBBP4
RBBP4,UBTF
UBTF,RBBP4
RBBP4,H3F3B
RBBP4,H3F3A
UBE2K,UBE2L6
RNF4,UBE2L6
RLIM,UBE2L6
TCEB1,UBE2L6
NFE2L2,AHR
AHR,NFE2L2
RNPS1,RPS8
RNPS1,RPS6
POLR2C,RPS27A
REL,RPS27A
HNRNPD,RPS27A
TCEA1,RPS27A
TRP53,RPS27A
UBE2K,RPS27A
JUN,RPS27A
RNPS1,RPS27A
RNF4,RPS27A
RLIM,RPS27A
MCM5,RPS27A
COPS2,RPS27A
EHMT1,RPS27A
SKIL,RPS27A
TCEB1,RPS27A
SMAD2,RPS27A
REL,PSME1
REL,UBC
REL,PSMA3
REL,PSME2
REL,PSMB9
EHMT1,UBC
EHMT1,TRP53
TRP53,EHMT1
EHMT1,H2AFV
EHMT1,TFDP1
TFDP1,EHMT1
EHMT1,H3F3B
EHMT1,H3F3A
CREB3,ATF4
ATF4,CREB3
CREB3,ATF2
ATF2,CREB3
NFAT5,AKR1B3
HMGA1,TRP53
TRP53,HMGA1
SRSF6,SF3B5
RNPS1,SF3B5
PAPOLA,SF3B5
POLR2C,SF3B5
HNRNPD,SF3B5
SRSF3,SF3B5
SRRM1,SF3B5
SRSF5,SF3B5
WBP11,SF3B5
SF1,SF3B5
SMARCC2,ARID1B
ARID1B,SMARCC2
SMARCC2,DPF2
DPF2,SMARCC2
SMARCC2,ARID1A
ARID1A,SMARCC2
SMARCC2,PBRM1
PBRM1,SMARCC2
SMARCC2,BANF1
CNOT2,CNOT8
CNOT8,CNOT2
CNOT2,CNOT6
CNOT6,CNOT2
CNOT2,CNOT6L
CNOT6L,CNOT2
KDM5C,ATP5D
TIAL1,POLR2C
POLR2C,TIAL1
TIAL1,HNRNPC
TIAL1,HNRNPF
RNPS1,RPL38
JUN,POLR2C
POLR2C,JUN
JUN,ATF4
ATF4,JUN
JUN,TRP53
TRP53,JUN
JUN,STAT3
STAT3,JUN
JUN,ATF2
ATF2,JUN
JUN,MED1
MED1,JUN
JUN,H2AFV
JUN,H3F3B
JUN,H3F3A
MED1,USF2
USF2,MED1
MED1,NCOR2
NCOR2,MED1
KLF4,TRP53
TRP53,KLF4
RUVBL2,NHP2
RNPS1,RPS19
TRP53,PSME1
TRP53,UBC
TRP53,H1F0
H1F0,TRP53
TRP53,TBPL1
TBPL1,TRP53
TRP53,PSMA3
TRP53,CFLAR
TRP53,STAT3
STAT3,TRP53
TRP53,ARID1A
ARID1A,TRP53
TRP53,SPP1
TRP53,PSME2
TRP53,SUMO2
TRP53,SKIL
SKIL,TRP53
TRP53,IRF1
IRF1,TRP53
TRP53,SMAD2
SMAD2,TRP53
TRP53,TPT1
TRP53,PSMB9
CNOT8,CNOT6
CNOT6,CNOT8
CNOT8,CNOT6L
CNOT6L,CNOT8
IRF1,PSMB9
IRF1,STAT3
STAT3,IRF1
HNRNPAB,SNRPE
HNRNPAB,HNRNPD
HNRNPD,HNRNPAB
HNRNPAB,HNRNPA2B1
HNRNPAB,EIF4A1
POLR2C,SRSF6
SRSF6,POLR2C
POLR2C,PAPOLA
PAPOLA,POLR2C
POLR2C,HNRNPC
POLR2C,UBC
POLR2C,HNRNPD
HNRNPD,POLR2C
POLR2C,TCEA1
TCEA1,POLR2C
POLR2C,TRA2B
POLR2C,TBPL1
TBPL1,POLR2C
POLR2C,SRSF5
SRSF5,POLR2C
POLR2C,WBP11
WBP11,POLR2C
POLR2C,BUD31
POLR2C,ZNRD1
ZNRD1,POLR2C
POLR2C,GTF2E2
GTF2E2,POLR2C
POLR2C,RNPS1
RNPS1,POLR2C
POLR2C,HNRNPA2B1
POLR2C,H2AFV
POLR2C,COPS2
COPS2,POLR2C
POLR2C,NME1
POLR2C,SRSF3
SRSF3,POLR2C
POLR2C,GTF2A2
GTF2A2,POLR2C
POLR2C,RPS20
POLR2C,SRRM1
SRRM1,POLR2C
POLR2C,TCEB1
TCEB1,POLR2C
POLR2C,COX7C
POLR2C,H3F3B
POLR2C,H3F3A
POLR2C,SF1
SF1,POLR2C
POLR2C,HNRNPF
ATF4,ATF2
ATF2,ATF4
ATF4,CREM
CREM,ATF4
ZNRD1,H2AFV
ATF2,H2AFV
UBTF,H2AFV
TCF7L2,H2AFV
PAPOLA,SRSF6
SRSF6,PAPOLA
PAPOLA,HNRNPC
PAPOLA,HNRNPD
HNRNPD,PAPOLA
PAPOLA,TRA2B
PAPOLA,SRSF5
SRSF5,PAPOLA
PAPOLA,WBP11
WBP11,PAPOLA
PAPOLA,BUD31
PAPOLA,RNPS1
RNPS1,PAPOLA
PAPOLA,HNRNPA2B1
PAPOLA,SRSF3
SRSF3,PAPOLA
PAPOLA,SRRM1
SRRM1,PAPOLA
PAPOLA,SARNP
PAPOLA,HNRNPF
SRSF5,SRSF6
SRSF6,SRSF5
SRSF5,HNRNPC
SRSF5,HNRNPD
HNRNPD,SRSF5
SRSF5,TRA2B
SRSF5,WBP11
WBP11,SRSF5
SRSF5,BUD31
SRSF5,RNPS1
RNPS1,SRSF5
SRSF5,HNRNPA2B1
SRSF5,SRSF3
SRSF3,SRSF5
SRSF5,SRRM1
SRRM1,SRSF5
SRSF5,SARNP
SRSF5,SF1
SF1,SRSF5
SRSF5,HNRNPF
RNPS1,RPL30
COPS2,UBC
COPS2,COMMD1
COPS2,TCEB1
TCEB1,COPS2
NCOR2,SKIL
SKIL,NCOR2
NCOR2,SMAD2
SMAD2,NCOR2
SRSF6,HNRNPC
HNRNPD,HNRNPC
WBP11,HNRNPC
RNPS1,HNRNPC
SRSF3,HNRNPC
SRRM1,HNRNPC
SF1,HNRNPC
TCF7L2,LDB1
LDB1,TCF7L2
TCF7L2,H3F3B
TCF7L2,H3F3A
ATF2,H3F3B
ATF2,H3F3A
ATF2,CREM
CREM,ATF2
PBRM1,ARID1B
ARID1B,PBRM1
PBRM1,DPF2
DPF2,PBRM1
PBRM1,ARID1A
ARID1A,PBRM1
PBRM1,BANF1
PBRM1,H3F3B
PBRM1,H3F3A
MCM5,HAT1
KDM5C,ATP5C1
ZNRD1,NHP2
ZNRD1,UBTF
UBTF,ZNRD1
ZNRD1,H3F3B
ZNRD1,H3F3A
RNPS1,RPS28
SRSF6,HNRNPA2B1
HNRNPD,HNRNPA2B1
WBP11,HNRNPA2B1
RNPS1,HNRNPA2B1
SRSF3,HNRNPA2B1
SRRM1,HNRNPA2B1
MATR3,HNRNPA2B1
SF1,HNRNPA2B1
RNPS1,RPL35A
ARID1B,DPF2
DPF2,ARID1B
ARID1B,BANF1
ARID1B,ARID1A
ARID1A,ARID1B
WBP11,SRSF6
SRSF6,WBP11
WBP11,RNPS1
RNPS1,WBP11
WBP11,HNRNPD
HNRNPD,WBP11
WBP11,BUD31
WBP11,SRSF3
SRSF3,WBP11
WBP11,TRA2B
WBP11,SF1
SF1,WBP11
WBP11,HNRNPF
WBP11,SRRM1
SRRM1,WBP11
STAT3,PTPN2
RLIM,UBC
RLIM,UBE2K
UBE2K,RLIM
RLIM,UBE2D3
RLIM,RNF4
RNF4,RLIM
RLIM,LDB1
LDB1,RLIM
RLIM,TCEB1
TCEB1,RLIM
SKIL,UBC
SKIL,SMAD2
SMAD2,SKIL
GTF2A2,TMEM179B
GTF2A2,TCEA1
TCEA1,GTF2A2
GTF2A2,TBPL1
TBPL1,GTF2A2
GTF2A2,GTF2E2
GTF2E2,GTF2A2
LMO4,LDB1
LDB1,LMO4
TBPL1,GTF2E2
GTF2E2,TBPL1
TBPL1,TMEM179B
UBE2K,SUMO2
RNF4,SUMO2
WHSC1L1,ASH1L
ASH1L,WHSC1L1
HNRNPD,UBC
TCEA1,UBC
UBE2K,UBC
RNF4,UBC
MCM5,UBC
TCEB1,UBC
SMAD2,UBC
SRSF3,SNRPE
SRSF3,SRSF6
SRSF6,SRSF3
SRSF3,RNPS1
RNPS1,SRSF3
SRSF3,HNRNPD
HNRNPD,SRSF3
SRSF3,TRA2B
SRSF3,SRRM1
SRRM1,SRSF3
SRSF3,MATR3
MATR3,SRSF3
SRSF3,BUD31
SRSF3,SARNP
SRSF3,SF1
SF1,SRSF3
SRSF3,HNRNPF
MEF2A,TCF12
TCF12,MEF2A
LDB1,CBFA2T3
CBFA2T3,LDB1
LDB1,TCF12
TCF12,LDB1
CBFA2T3,TCF12
TCF12,CBFA2T3
SRSF6,HNRNPD
HNRNPD,SRSF6
SRSF6,TRA2B
SRSF6,BUD31
SRSF6,RNPS1
RNPS1,SRSF6
SRSF6,SRRM1
SRRM1,SRSF6
SRSF6,SARNP
SRSF6,SF1
SF1,SRSF6
SRSF6,HNRNPF
CNOT6L,CNOT6
CNOT6,CNOT6L
DPF2,ARID1A
ARID1A,DPF2
DPF2,H3F3B
DPF2,H3F3A
STAT3,PTPRC
STAT3,SMAD2
SMAD2,STAT3
SF1,RNPS1
RNPS1,SF1
SF1,HNRNPD
HNRNPD,SF1
SF1,SRRM1
SRRM1,SF1
SF1,BUD31
SF1,HNRNPF
ARID1A,BANF1
UBE2K,UBE2D3
UBE2K,RNF4
RNF4,UBE2K
UBE2K,TCEB1
TCEB1,UBE2K
RNPS1,RPL27A
HNRNPD,PSME2
TCEB1,PSME2
JMJD1C,H3F3B
JMJD1C,H3F3A
UBTF,H3F3B
UBTF,H3F3A
TCEB1,COMMD1
HNRNPD,TRA2B
RNPS1,TRA2B
SRRM1,TRA2B
MATR3,TRA2B
SRRM1,RNPS1
RNPS1,SRRM1
SRRM1,HNRNPD
HNRNPD,SRRM1
SRRM1,BUD31
SRRM1,SARNP
SRRM1,HNRNPF
HNRNPD,PSMA3
TCEB1,PSMA3
RNPS1,BUD31
HNRNPD,BUD31
MATR3,SNRPE
MATR3,SNRPG
MATR3,HNRNPF
GTF2E2,TCEA1
TCEA1,GTF2E2
RNPS1,RPS13
RNPS1,FAU
RNPS1,HNRNPD
HNRNPD,RNPS1
RNPS1,RPL14
RNPS1,RPL41
RNPS1,RPS27
RNPS1,SARNP
RNPS1,HNRNPF
TFDP1,SMAD2
SMAD2,TFDP1
TCEA1,TCEB1
TCEB1,TCEA1
HNRNPD,HNRNPF
RNF4,UBE2D3
TCEB1,UBE2D3
SMAD2,UBE2D3
SMAD2,TGIF1
TGIF1,SMAD2
HNRNPD,PSME1
HNRNPD,PSMB9
TCEB1,PSMB9
TCEB1,PSME1
RNF4,TCEB1
TCEB1,RNF4
