Gene1,Gene2
APEX1,NFKB1
APEX1,RELA
APEX1,TLR4
ARL6IP5,PARP1
ATF2,CEBPA
ATF2,FOS
ATF2,PER1
ATF2,RELA
ATF2,TNF
ATF4,CDKN1A
ATF4,HSPA5
ATF4,MCM7
ATF6,HSPA5
BACH1,TRP53
CEBPA,NFKB1
CHD4,ID2
CHD4,JUN
CREBBP,FOS
CREBBP,FOSB
CREBBP,FTH1
CREBBP,LDHA
CREBBP,MED1
CREBBP,MT1
CREBBP,NFKB1
CREBBP,PER1
CREBBP,TNF
CREBBP,TRP53
CTNNB1,MITF
DNMT1,CDKN1A
DNMT1,MT1
DNMT1,TRP53
DNMT3A,MDM2
DNMT3A,MT1
EGR1,CREBBP
EGR1,CXCL2
EGR1,ENO1
EGR1,ID3
EGR1,IL1B
EGR1,JUN
EGR1,MAP1LC3B
EGR1,MAPK14
EGR1,NR4A1
EGR1,TNF
EGR1,TRP53
EGR2,ID2
EHMT2,CDKN1A
ELF1,FCER1G
ELF1,FLI1
ETS2,EGR1
ETS2,FLI1
ETS2,JUN
ETS2,MDM2
EZH2,TRP53
FLI1,EZH2
FOS,EGR1
FOS,H2-K1
FOS,JUN
FOS,MT1
FOS,NFE2L2
FOS,NR3C1
FOS,PDPN
FOS,TRP53
FOSB,FOS
GTF2I,FOS
GTF2I,HSPA5
GTF2I,NSD1
HDAC1,CDKN1A
HDAC1,JUN
HDAC1,NFKBIA
HDAC1,RBL2
HDAC1,SP1
HDAC1,SPP1
HIF1A,CREBBP
HIF1A,MT1
ID2,TPT1
IRF1,CDKN1A
IRF1,CIITA
IRF1,MAPK14
IRF1,MYD88
IRF1,TNF
IRF4,IL1B
JUN,CD14
JUN,CXCL1
JUN,CXCL2
JUN,FOS
JUN,IL1B
JUN,MMP12
JUN,NFE2L2
JUN,NFKB1
JUN,NR3C1
JUN,PLAUR
JUN,PLIN2
JUN,SPP1
JUN,TNF
JUN,TRP53
KLF10,SMAD2
KLF4,RLIM
KLF6,CDKN1A
KPNA2,KLF4
LDB1,RUNX1
MAPK1,EGR1
MAPK14,EGR1
MDM2,TRP53
MED8,FABP4
MEF2A,COX6A1
MITF,CDKN1A
MITF,FOS
MITF,IRF4
NCOA3,KLF4
NCOA3,NFKBIA
NCOR1,NFKBIA
NCOR2,NFKBIA
NFE2L2,CD36
NFE2L2,FOS
NFE2L2,MCM7
NFE2L2,MDM2
NFE2L2,MGST1
NFE2L2,MT1
NFE2L2,NFKB1
NFE2L2,PRDX1
NFE2L2,PRDX2
NFE2L2,SQSTM1
NFE2L2,IL1RN
NFIL3,ID2
NFKB1,AKT1
NFKB1,BCL2A1D
NFKB1,BIN1
NFKB1,CCL9
NFKB1,CDKN1A
NFKB1,CEBPA
NFKB1,CTNNB1
NFKB1,CXCL1
NFKB1,CXCL2
NFKB1,DUSP1
NFKB1,EGR2
NFKB1,FOS
NFKB1,FTH1
NFKB1,GLRX
NFKB1,IL1A
NFKB1,IL1B
NFKB1,IRF4
NFKB1,JUNB
NFKB1,MAPK14
NFKB1,NFKBIA
NFKB1,NFKBIZ
NFKB1,PER1
NFKB1,PLAUR
NFKB1,PLIN2
NFKB1,PSME2
NFKB1,REL
NFKB1,STAT1
NFKB1,TLR2
NFKB1,TLR4
NFKB1,TNF
NFKB1,TNFAIP3
NFKB1,TRP53
NFKBIA,NFKB1
NFKBIZ,NFKB1
NR3C1,NFKBIA
NR3C1,VDR
PARP1,NFKB1
PARP1,RELA
PCBP2,TRP53
PER1,BHLHE40
PER1,CREM
PER1,EGR1
PER1,FXYD5
RBL2,PCNA
RBL2,RAD51
RBL2,STMN1
RBPJ,CDKN1A
RBPJ,FOS
RBPJ,RLIM
RBPJ,TYROBP
REL,BCL2A1D
REL,EZH2
REL,IL1B
REL,TNF
REL,TNFAIP3
RELA,AKT1
RELA,BCL2A1D
RELA,DNMT1
RELA,FOS
RELA,FTH1
RELA,IRF4
RELA,NFKB1
RELA,PSME2
RELA,TLR2
RELA,TNF
RELA,TNFAIP3
RELA,TRP53
RUNX1,CEBPA
SKIL,TPT1
SKIL,TRP53
SMAD2,CDKN1A
SMAD2,SKIL
SMAD4,CDKN1A
SMAD4,HHEX
SMAD4,ID2
SMAD4,ID3
SMAD4,JUN
SMAD4,SKIL
SMARCA4,CDKN1A
SMARCA4,MITF
SMARCA4,NFKBIA
SP1,AHR
SP1,BACH1
SP1,BHLHE40
SP1,CD14
SP1,CDKN1A
SP1,CEBPA
SP1,COPS5
SP1,COX4I1
SP1,DNMT1
SP1,EGR1
SP1,FOS
SP1,HMGA1
SP1,JUN
SP1,KDM5A
SP1,LGALS1
SP1,LPL
SP1,MAPK1
SP1,MGST1
SP1,MIF
SP1,MTA2
SP1,PARP1
SP1,PLAUR
SP1,SKIL
SP1,TLR2
SP1,TNF
SP1,TNFAIP3
SP1,TPT1
SP1,TRF
SP1,TSPO
STAT1,CD36
STAT1,CIITA
STAT1,EGR1
STAT1,IRF1
STAT1,MDM2
STAT1,MT1
STAT1,TRP53
STAT3,AKT1
STAT3,EGR1
STAT3,FOS
STAT3,HIF1A
STAT3,KLF4
STAT3,MT1
STAT3,RELA
STAT3,TNF
STAT3,TRP53
STAT6,EGR1
STAT6,NCOA3
STAT6,TNF
TAF9,TRP53
TCF12,ID2
TFDP1,CDKN1A
TFDP1,TRP53
THRAP3,CEBPA
THRAP3,FABP4
TRIM28,ZFX
TRP53,ATF3
TRP53,BTG2
TRP53,CDKN1A
TRP53,CKS1B
TRP53,DUSP1
TRP53,EGR1
TRP53,FOS
TRP53,GLIPR1
TRP53,HDGF
TRP53,ID2
TRP53,MAPK1
TRP53,MCM7
TRP53,MDM2
TRP53,MT1
TRP53,NFKB1
TRP53,NR3C1
TRP53,PCBP2
TRP53,PCNA
TRP53,RELA
TRP53,RUNX1
TRP53,TCF7L2
TRP53,TPT1
TRP53,KLF4
TRPS1,RUNX1
TRPS1,STAT3
TSG101,MDM2
UBE2K,NFE2L2
USF2,MT1
USF2,SPP1
VDR,CTNNB1
VDR,SPP1
XBP1,IRF4
YBX1,NONO
ZBTB7A,CREB3
ZFP148,CDKN1A
ZFP36,NFKB1
AEBP2,EZH2
AGAP3,FOS
AHR,4933434E20RIK
AHR,ACTG1
AHR,AGAP3
AHR,AIP
AHR,ARF4
AHR,ATF2
AHR,ATF3
AHR,ATP6AP2
AHR,BANF1
AHR,BCAP31
AHR,BHLHE40
AHR,BOLA2
AHR,BTG2
AHR,CBFA2T3
AHR,CD83
AHR,CDC42
AHR,CFL1
AHR,CHD7
AHR,CHMP2A
AHR,CHMP5
AHR,CIC
AHR,CKS1B
AHR,DBI
AHR,EEF1G
AHR,EGR1
AHR,EGR2
AHR,EHMT2
AHR,ETFB
AHR,EWSR1
AHR,EZH2
AHR,GATAD2A
AHR,GNB2L1
AHR,GTF2A2
AHR,HINT1
AHR,HIST1H2BC
AHR,HMGA1
AHR,HMGN2
AHR,HNRNPAB
AHR,HSP90AB1
AHR,KDM5A
AHR,KDM6B
AHR,KLF4
AHR,MARCKS
AHR,MATR3
AHR,MGST1
AHR,NCOR1
AHR,NFKB1
AHR,NFKBIB
AHR,NME2
AHR,NR3C1
AHR,PER1
AHR,PFN1
AHR,POLR1D
AHR,PPIA
AHR,PTMA
AHR,REL
AHR,RELA
AHR,RPL10A
AHR,RPS26
AHR,SKIL
AHR,SLC25A3
AHR,SMARCA5
AHR,SOD1
AHR,SP1
AHR,SRSF6
AHR,STAT1
AHR,TIAL1
AHR,TIMM23
AHR,TNF
AHR,TPM4
AHR,TSC22D4
AHR,UBC
AHR,UBTF
AHR,UQCR11
AHR,VIM
AHR,ZBTB7A
AHR,ZEB2
AHR,ZFHX3
AHR,ZFP91
AHR,ZFX
AHR,ZMYM2
AIP,AHR
APEX1,HDAC1
APEX1,PCNA
APEX1,TXN1
ARID1A,CHD7
ARID1A,HDAC1
ARID1A,SMARCA4
ARID1A,SMARCB1
ARID1A,SMARCC2
ARID1A,SMARCE1
ARID1A,TOP2B
ARID1A,UBB
ARID1A,YWHAZ
ARID1B,SMARCA4
ARID1B,STAT3
ASH1L,EWSR1
ASH1L,H3F3A
ATF2,AKT1
ATF2,CREBBP
ATF2,FOSB
ATF2,MAPK1
ATF2,MAPK14
ATF2,MAPK3
ATF2,PCNA
ATF2,PPP1CA
ATF3,EZH2
ATF3,HDAC1
ATF3,JUN
ATF3,JUNB
ATF3,KLF6
ATF3,NFE2L2
ATF3,SMARCA4
ATF3,STAT1
ATF3,TRP53
ATF4,AKT1
ATF4,CREBBP
ATF4,FOS
ATF4,FOSB
ATF4,JUN
ATF4,MAPK1
ATF4,MAPK3
ATF4,PCNA
ATF4,PPP1CA
ATF6,MAPK14
BACH1,1500032L24RIK
BACH1,ALDOA
BACH1,ATOX1
BACH1,BANF1
BACH1,BC028528
BACH1,BCAP31
BACH1,CREB3
BACH1,EEF1A1
BACH1,EGR2
BACH1,FTH1
BACH1,H2-DMA
BACH1,HN1
BACH1,HNRNPD
BACH1,IL1RN
BACH1,ITM2B
BACH1,KDM2B
BACH1,KLF4
BACH1,LSP1
BACH1,NEDD8
BACH1,PLP2
BACH1,POLR2H
BACH1,PSMA5
BACH1,RASSF4
BACH1,S100A4
BACH1,SGK1
BACH1,SH3BGRL3
BACH1,SQSTM1
BACH1,TOX4
BACH1,TRERF1
BACH1,TREX1
BACH1,UBC
BACH1,ZFP36
BACH1,ZYX
BATF3,JUNB
BAZ1A,SMARCA5
BHLHE40,HDAC1
BHLHE40,STAT3
BTF3,RPL10A
BTF3,RPL19
BTF3,RPL5
BTF3,RPS15
BTF3,RPS17
BTG1,CNOT8
BTG2,CNOT8
BTG2,ZFP36
CBFA2T3,RUNX1
CBFA2T3,SFPI1
CBFB,RUNX1
CBX3,KDM2B
CBX3,RUNX1
CBX3,TRIM28
CDC5L,HSPA8
CDC5L,SNRPD1
CEBPA,1500032L24RIK
CEBPA,1810027O10RIK
CEBPA,4933434E20RIK
CEBPA,AGAP3
CEBPA,ARF4
CEBPA,ATF3
CEBPA,ATP5G1
CEBPA,BHLHE40
CEBPA,CALR
CEBPA,CAPZA2
CEBPA,CCL3
CEBPA,CD14
CEBPA,CD68
CEBPA,CDKN1A
CEBPA,CIC
CEBPA,COMMD3
CEBPA,DAB2
CEBPA,EGR2
CEBPA,FABP4
CEBPA,FAM96A
CEBPA,GABARAP
CEBPA,H3F3A
CEBPA,HINT1
CEBPA,HMGN2
CEBPA,HSPA5
CEBPA,ID2
CEBPA,ID3
CEBPA,ILK
CEBPA,IVNS1ABP
CEBPA,JUP
CEBPA,KLF4
CEBPA,LMO4
CEBPA,MAPK14
CEBPA,MDM2
CEBPA,MED1
CEBPA,MED15
CEBPA,MED21
CEBPA,MED27
CEBPA,MITF
CEBPA,MTA2
CEBPA,NCOA3
CEBPA,NDUFA1
CEBPA,NDUFA4
CEBPA,NFIL3
CEBPA,OAZ1
CEBPA,OST4
CEBPA,PER1
CEBPA,PRDX2
CEBPA,PRR13
CEBPA,RPL12
CEBPA,RPS26
CEBPA,RPS27
CEBPA,RUNX1
CEBPA,SSR4
CEBPA,TCF7L2
CEBPA,TNF
CEBPA,TPT1
CEBPA,TRF
CEBPA,UBC
CEBPA,UBTF
CEBPA,ZEB2
CEBPA,ZFX
CENPB,PARP1
CHD1,H3F3A
CHD4,EWSR1
CHD4,MTA2
CHD4,TCF12
CHD7,ARID1A
CHD7,GATAD2A
CHD7,MTA2
CHD7,RBPJ
CHD7,SMARCA4
CHD7,SMARCC2
CHD7,SMARCE1
CIITA,EWSR1
CIITA,STAT1
CNOT2,CNOT6
CNOT2,CNOT6L
CNOT2,CNOT8
CNOT6,CNOT2
CNOT6,CNOT8
CNOT6L,CNOT2
CNOT6L,CNOT8
CNOT8,BTG1
CNOT8,BTG2
CNOT8,CNOT2
CNOT8,CNOT6
CNOT8,CNOT6L
CNOT8,TOB1
COPS2,CTNNB1
COPS2,SSB
COPS5,ID3
COPS5,JUN
CREB3,AKT1
CREB3,CREBBP
CREB3,FOS
CREB3,FOSB
CREB3,MAPK1
CREB3,MAPK3
CREB3,MITF
CREB3,PCNA
CREB3,PPP1CA
CREBBP,ALDOA
CREBBP,ATF2
CREBBP,ATF4
CREBBP,CDKN1A
CREBBP,CREB3
CREBBP,CTNNB1
CREBBP,ENO1
CREBBP,ETS2
CREBBP,GTF2B
CREBBP,HIF1A
CREBBP,LASS2
CREBBP,MITF
CREBBP,MLL2
CREBBP,NCOA3
CREBBP,NFE2L2
CREBBP,PGK1
CREBBP,PTMA
CREBBP,RBPJ
CREBBP,RELA
CREBBP,SERTAD2
CREBBP,SFPI1
CREBBP,SMAD2
CREBBP,SMAD4
CREBBP,STAT1
CREBBP,STAT3
CREBBP,STAT6
CREBBP,TCF7L2
CREBBP,TRF
CTBP1,FOS
CTBP1,HDAC1
CTBP1,KDM2B
CTBP1,RBPJ
CTBP1,RUNX1
CTBP1,TCF7L2
CTCF,6720456B07RIK
CTCF,AA467197
CTCF,AKT1
CTCF,ALOX5AP
CTCF,ANXA1
CTCF,ARL8B
CTCF,ATF2
CTCF,ATP5F1
CTCF,ATP5O
CTCF,BCAP31
CTCF,BOLA2
CTCF,CALR
CTCF,CAPG
CTCF,CAPNS1
CTCF,CD24A
CTCF,CD9
CTCF,CEBPA
CTCF,CHCHD2
CTCF,CISH
CTCF,CLEC4D
CTCF,CLEC7A
CTCF,COX5A
CTCF,CREM
CTCF,CRIP1
CTCF,CXCL16
CTCF,CXCL2
CTCF,CXXC1
CTCF,CYBA
CTCF,DAZAP2
CTCF,DDX5
CTCF,DNMT1
CTCF,DOT1L
CTCF,EGR1
CTCF,ELF2
CTCF,EMP3
CTCF,ERH
CTCF,ETS2
CTCF,FABP5
CTCF,FCER1G
CTCF,FIS1
CTCF,FOSL2
CTCF,FTL1
CTCF,GSTM1
CTCF,H2AFV
CTCF,H2-D1
CTCF,H2-K1
CTCF,H2-T23
CTCF,HDAC1
CTCF,HIST1H2BC
CTCF,HMG20A
CTCF,HMG20B
CTCF,IDH1
CTCF,ILF3
CTCF,IRF2
CTCF,KRTCAP2
CTCF,LASS2
CTCF,LPL
CTCFL,UBTF
CTCF,MAPK3
CTCF,MDM2
CTCF,MRPL20
CTCF,MYL12B
CTCF,MYL6
CTCF,NAA20
CTCF,NDUFB10
CTCF,NDUFB7
CTCF,NDUFC1
CTCF,NFIL3
CTCF,NFKBIA
CTCF,NONO
CTCF,NPM1
CTCF,NR3C1
CTCF,OAZ1
CTCF,PCBP2
CTCF,POLR1D
CTCF,POLR2C
CTCF,POLR2F
CTCF,POLR2H
CTCF,POLR2J
CTCF,PRDX1
CTCF,PRR13
CTCF,PSMA3
CTCF,PSMA7
CTCF,PSMB5
CTCF,RAB32
CTCF,RFC1
CTCF,RFX7
CTCF,RNH1
CTCF,RPL10A
CTCF,RPL11
CTCF,RPL23A
CTCF,RPL24
CTCF,RPL26
CTCF,RPL32
CTCF,RPL35
CTCF,RPL36
CTCF,RPL38
CTCF,RPL5
CTCF,RPL7A
CTCF,RPL9
CTCF,RPLP0
CTCF,RPS10
CTCF,RPS15
CTCF,RPS19
CTCF,RPS28
CTCF,RPS29
CTCF,RPS3A
CTCF,RUVBL2
CTCF,S100A6
CTCF,SAT1
CTCF,SIRT7
CTCF,SLC25A5
CTCF,SMARCB1
CTCF,SMARCC2
CTCF,SNRPD1
CTCF,SNRPE
CTCF,SQSTM1
CTCF,SSB
CTCF,STAT6
CTCF,SUMO2
CTCF,SUPT5H
CTCF,SUZ12
CTCF,TCERG1
CTCF,TECR
CTCF,TFDP1
CTCF,TOX4
CTCF,TRERF1
CTCF,TREX1
CTCF,TRIM28
CTCF,TRP53
CTCF,TSC22D4
CTCF,UBC
CTCF,UBE2K
CTCF,UBE2L6
CTCF,UBTF
CTCF,UPF1
CTCF,UQCR11
CTCF,UQCRB
CTCF,USF2
CTCF,VAMP8
CTCF,WHSC1L1
CTCF,ZFX
CTCF,ZYX
CTNNB1,CDC42
CTNNB1,COPS2
CTNNB1,CREBBP
CTNNB1,HMGB2
CTNNB1,JUN
CTNNB1,MAPK14
CTNNB1,PSMA1
CTNNB1,PSMA4
CTNNB1,PSMA6
CTNNB1,PSMA7
CTNNB1,PSMB1
CTNNB1,PSMB2
CTNNB1,PSMB5
CTNNB1,PSMD14
CTNNB1,RELA
CTNNB1,SMARCA4
CTNNB1,TAX1BP3
CTNNB1,TCF7L2
CTNNB1,UBC
CXXC1,RELA
DAB2,FOS
DAZAP2,GTF2E2
DDB1,TRP53
DDX5,NPM1
DDX5,SMAD2
DDX5,SMAD4
DDX5,SMARCA4
DEK,PCNA
DEK,RELA
DNAJC2,SSB
DNMT1,DNMT3A
DNMT1,EZH2
DNMT1,H3F3A
DNMT1,HDAC1
DNMT1,MCM3
DNMT1,MCM4
DNMT1,MCM6
DNMT1,MCM7
DNMT1,PARP1
DNMT1,PCNA
DNMT1,RELA
DNMT1,TRIM28
DNMT1,UBC
DNMT3A,DNMT1
DNMT3A,EHMT1
DNMT3A,EHMT2
DNMT3A,EZH2
DNMT3A,H3F3A
DPF2,SMARCA4
EDF1,NDUFB7
EDF1,UQCR11
EGR1,ACTG1
EGR1,AGAP3
EGR1,AKT1
EGR1,ATP5G3
EGR1,ATP5J
EGR1,ATP6V1F
EGR1,BHLHE40
EGR1,BLVRB
EGR1,CBFA2T3
EGR1,CBX3
EGR1,CHMP2A
EGR1,CIC
EGR1,CNOT2
EGR1,CTSL
EGR1,EHMT1
EGR1,EIF5A
EGR1,FOSB
EGR1,H2-DMA
EGR1,HCFC1
EGR1,HMGA1
EGR1,HNRNPAB
EGR1,HPRT
EGR1,HSPA8
EGR1,KLF6
EGR1,MAFF
EGR1,MATR3
EGR1,MYST2
EGR1,NR3C1
EGR1,PRDX5
EGR1,PTMA
EGR1,RBBP7
EGR1,REL
EGR1,RPL10
EGR1,RUNX1
EGR1,SF1
EGR1,SKIL
EGR1,SMARCA5
EGR1,SP1
EGR1,TAX1BP3
EGR1,TRF
EGR1,UBTF
EGR1,USF2
EGR1,ZMYM2
EGR1,ZYX
EGR2,AGAP3
EGR2,ARL8B
EGR2,ATP5G3
EGR2,ATP5J
EGR2,ATP6V0C
EGR2,ATP6V1F
EGR2,CBX3
EGR2,CEBPA
EGR2,CHMP2A
EGR2,CIC
EGR2,CTSL
EGR2,EGR1
EGR2,EHMT1
EGR2,FOSB
EGR2,H2-DMA
EGR2,HMGA1
EGR2,HNRNPAB
EGR2,HPRT
EGR2,HSPA8
EGR2,MATR3
EGR2,MED1
EGR2,MED15
EGR2,MED21
EGR2,MED27
EGR2,MKL2
EGR2,MYST2
EGR2,NCOA3
EGR2,NR3C1
EGR2,PARP1
EGR2,RBBP7
EGR2,RPL10
EGR2,RUNX1
EGR2,SKIL
EGR2,SUMO2
EGR2,TNF
EGR2,TRP53
EGR2,UBC
EGR2,UBTF
EGR2,ZBTB7A
EHMT1,DNMT3A
EHMT2,DNMT3A
EHMT2,H3F3A
EHMT2,NCOA3
EIF5B,EIF3E
EIF5B,EIF3I
EIF5B,EIF3K
EIF5B,FAU
EIF5B,RPL10A
EIF5B,RPL18A
EIF5B,RPL19
EIF5B,RPL23
EIF5B,RPL3
EIF5B,RPL37A
EIF5B,RPL38
EIF5B,RPL4
EIF5B,RPL5
EIF5B,RPL8
EIF5B,RPLP0
EIF5B,RPLP1
EIF5B,RPS15
EIF5B,RPS17
EIF5B,RPS3
ELL2,TCEB3
ETS2,CREBBP
ETS2,LASS2
ETS2,MAPK1
ETS2,MAPK3
ETS2,SMARCA4
ETS2,SMARCB1
ETS2,SMARCE1
ETS2,TBPL1
EWSR1,ASH1L
EWSR1,CHD4
EWSR1,CIITA
EWSR1,LASS2
EWSR1,LASS5
EWSR1,PER1
EWSR1,POLR2B
EWSR1,SIRT2
EWSR1,TRPS1
EWSR1,UBP1
EWSR1,YWHAE
EZH2,AEBP2
EZH2,ATF3
EZH2,DNMT1
EZH2,DNMT3A
EZH2,H3F3A
EZH2,HDAC1
EZH2,MAPK14
EZH2,MCM3
EZH2,MCM4
EZH2,MCM6
EZH2,MCM7
EZH2,PCNA
EZH2,POLR2A
EZH2,RBBP4
EZH2,RBBP7
EZH2,RBL2
EZH2,SUZ12
FLI1,CEBPA
FLI1,RUNX1
FOS,AGAP3
FOS,ANXA3
FOS,ARID1B
FOS,ATF4
FOS,BACH1
FOSB,ANXA3
FOSB,BACH1
FOSB,BHLHE40
FOS,BC028528
FOSB,EEF1A1
FOSB,EWSR1
FOSB,FLI1
FOSB,FTL1
FOSB,HDAC1
FOS,BHLHE40
FOSB,HSPA5
FOSB,JUN
FOSB,JUNB
FOSB,LGALS1
FOSB,LSP1
FOSB,MAPK14
FOSB,NFKB1
FOSB,PLP2
FOSB,POLR2H
FOSB,RBBP7
FOSB,RELA
FOSB,S100A4
FOSB,SLAMF9
FOSB,SMARCB1
FOSB,TCF12
FOSB,UBC
FOSB,VDR
FOSB,ZFP36
FOSB,ZYX
FOS,CCL3
FOS,CCL4
FOS,CDC42
FOS,CIC
FOS,CTBP1
FOS,DAB2
FOS,DUSP1
FOS,EEF1A1
FOS,EWSR1
FOS,FLI1
FOS,FTL1
FOS,GTF2I
FOS,HHEX
FOS,HSPA5
FOS,IL1A
FOS,IL1B
FOS,JUNB
FOSL2,MAPK14
FOS,LAPTM5
FOS,LPL
FOS,LSP1
FOS,MAPK1
FOS,MAPK14
FOS,MAPK3
FOS,MYST2
FOS,PLP2
FOS,POLR2H
FOS,RBBP7
FOS,RPL36A
FOS,S100A4
FOS,SERTAD2
FOS,SIRT7
FOS,SLAMF9
FOS,SMARCA4
FOS,SMARCA5
FOS,SMARCB1
FOS,SNAPC5
FOS,STAT1
FOS,STAT3
FOS,TCF12
FOS,TLR2
FOS,TLR4
FOS,TNF
FOS,UBC
FOS,VDR
FOS,ZFP36
FOS,ZYX
GATAD2A,CHD7
GATAD2A,HDAC1
GATAD2A,MBD2
GATAD2A,MTA2
GATAD2A,RBBP4
GATAD2A,RBBP7
GTF2A1,GTF2B
GTF2A1,GTF2F1
GTF2A1,ING1
GTF2A1,POLR2B
GTF2A1,POLR2D
GTF2A1,POLR2E
GTF2A1,POLR2F
GTF2A1,POLR2G
GTF2A1,POLR2H
GTF2A1,POLR2I
GTF2A1,POLR2J
GTF2A1,POLR2K
GTF2A1,TAF6
GTF2A1,TAF9
GTF2B,CREBBP
GTF2B,GTF2A1
GTF2B,GTF2F1
GTF2B,POLR2B
GTF2B,POLR2D
GTF2B,POLR2E
GTF2B,POLR2F
GTF2B,POLR2G
GTF2B,POLR2H
GTF2B,POLR2I
GTF2B,POLR2J
GTF2B,POLR2K
GTF2B,TAF6
GTF2B,TAF9
GTF2B,VDR
GTF2E2,DAZAP2
GTF2E2,KHDRBS1
GTF2E2,SND1
GTF2E2,TARDBP
GTF2F1,GTF2A1
GTF2F1,GTF2B
GTF2F1,PCBP2
GTF2F1,POLR2B
GTF2F1,POLR2D
GTF2F1,POLR2E
GTF2F1,POLR2F
GTF2F1,POLR2G
GTF2F1,POLR2H
GTF2F1,POLR2I
GTF2F1,POLR2J
GTF2F1,POLR2K
GTF2F1,RDBP
GTF2F1,SNRPD1
GTF2F1,SNRPG
GTF2F1,SRSF1
GTF2F1,SRSF6
GTF2F1,SRSF9
GTF2F1,SUPT4H1
GTF2F1,SUPT5H
GTF2F1,TAF6
GTF2F1,TAF9
GTF2F1,TCEA1
GTF2F1,TCEB1
GTF2F1,TCEB2
GTF2F1,TCEB3
GTF2I,SMAD4
HAX1,HCLS1
HAX1,STAT3
HCFC1,RUNX1
HCLS1,CD53
HCLS1,HAX1
HCLS1,TYROBP
HDAC1,APEX1
HDAC1,ARID1A
HDAC1,ATF3
HDAC1,BHLHE40
HDAC1,CTBP1
HDAC1,DNMT1
HDAC1,EZH2
HDAC1,FOS
HDAC1,FOSB
HDAC1,GATAD2A
HDAC1,H2AFV
HDAC1,H3F3A
HDAC1,HIST1H2BC
HDAC1,KLF13
HDAC1,KLF6
HDAC1,MBD2
HDAC1,MTA2
HDAC1,NFKB1
HDAC1,PHB2
HDAC1,PPIA
HDAC1,PPP1CA
HDAC1,RBBP4
HDAC1,RBBP7
HDAC1,RBPJ
HDAC1,RELA
HDAC1,RUNX1
HDAC1,SIN3B
HDAC1,SMAD4
HDAC1,SMARCA4
HDAC1,TCF7L2
HDAC1,TRP53
HDAC1,UBTF
HDAC1,ZBTB7A
HHEX,FOS
HHEX,JUN
HIF1A,ALDOA
HIF1A,BHLHE40
HIF1A,CDKN1A
HIF1A,CTSD
HIF1A,ENO1
HIF1A,ITGB2
HIF1A,LDHA
HIF1A,MAPK14
HIF1A,MED1
HIF1A,NCOA3
HIF1A,PGK1
HIF1A,PLAUR
HIF1A,STAT3
HIF1A,SUMO1
HIF1A,TCEB1
HIF1A,TCEB2
HIF1A,TNF
HIF1A,TRF
HIF1A,TRP53
HIF1A,TXN1
HMGB2,CTNNB1
HMGB2,MCM3
HMGB2,MCM4
HMGB2,MCM6
HMGB2,MCM7
HMGB2,PCNA
HNRNPAB,YWHAE
HNRNPD,LDHA
ID2,CDKN1A
ID2,PPP1CA
ID2,SFPI1
ID2,TCF12
ID2,TRP53
ID3,COPS5
ID3,TCF12
ING1,GTF2A1
ING1,PCNA
IRF1,B2M
IRF1,BC028528
IRF1,CHD4
IRF1,CHMP5
IRF1,CXCL16
IRF1,ETS2
IRF1,FOSL2
IRF1,H2-AA
IRF1,H2-K1
IRF1,H3F3B
IRF1,IDH1
IRF1,IRF2
IRF1,IRF4
IRF1,IRF5
IRF1,LY86
IRF1,MEF2A
IRF1,POLR2A
IRF1,PSMA3
IRF1,PSME2
IRF1,RPL37A
IRF1,SAT1
IRF1,STAT1
IRF1,STAT3
IRF1,SUMO1
IRF1,TGIF1
IRF1,TOB1
IRF1,ZFHX3
IRF1,ZYX
IRF2,B2M
IRF2,BC028528
IRF2,CHD1
IRF2,CHD4
IRF2,CHMP5
IRF2,CXCL16
IRF2,FABP4
IRF2,GATAD2A
IRF2,H2-AA
IRF2,H2-K1
IRF2,H3F3B
IRF2,IRF1
IRF2,IRF4
IRF2,IRF5
IRF2,LY86
IRF2,MEF2A
IRF2,MYD88
IRF2,PSMA3
IRF2,PSMB2
IRF2,PSME2
IRF2,RPL30
IRF2,STAT1
IRF2,TOB1
IRF4,B2M
IRF4,H2-AA
IRF4,H2-K1
IRF4,IRF1
IRF4,IRF2
IRF4,IRF5
IRF4,MYD88
IRF4,REL
IRF4,SFPI1
IRF4,STAT1
IRF4,STAT6
IRF5,B2M
IRF5,CCL3
IRF5,CCL4
IRF5,H2-AA
IRF5,H2-K1
IRF5,IL1B
IRF5,IRF1
IRF5,IRF2
IRF5,IRF4
IRF5,MYD88
IRF5,STAT1
IRF5,TNF
IRF5,UBC
JUN,AKT1
JUN,ANXA3
JUN,ARID1B
JUN,ATF3
JUN,ATF4
JUN,ATP6V0C
JUN,BACH1
JUNB,ANXA3
JUNB,ATF3
JUNB,BACH1
JUNB,BATF3
JUNB,BHLHE40
JUN,BC028528
JUNB,EEF1A1
JUNB,EWSR1
JUNB,FLI1
JUNB,FOS
JUNB,FOSB
JUNB,FTL1
JUN,BHLHE40
JUNB,HSPA5
JUNB,LSP1
JUNB,MAPK14
JUNB,PLP2
JUNB,POLR2H
JUNB,RBBP7
JUNB,S100A4
JUNB,SLAMF9
JUNB,SMARCB1
JUNB,TCF12
JUN,BTG2
JUNB,UBC
JUNB,VDR
JUNB,ZFP36
JUNB,ZYX
JUN,CCL3
JUN,CCL4
JUN,CIC
JUN,COPS5
JUN,CTNNB1
JUN,CTSL
JUN,CXCL16
JUN,EEF1A1
JUN,EGR1
JUN,EGR2
JUN,EWSR1
JUN,FLI1
JUN,FOSB
JUN,FTL1
JUN,GSTM1
JUN,GTF2F1
JUN,H2-DMA
JUN,HCFC1
JUN,HHEX
JUN,HSP90AB1
JUN,HSPA5
JUN,KLF4
JUN,LAPTM5
JUN,LDB1
JUN,LDHA
JUN,LSP1
JUN,MAFF
JUN,MAPK1
JUN,MAPK14
JUN,MAPK3
JUN,MYL6
JUN,MYST2
JUN,NFX1
JUN,PLP2
JUN,POLR2H
JUN,PRDX5
JUN,RAP1B
JUN,RBBP7
JUN,RELA
JUN,RPL13
JUN,RPL36A
JUN,RPS29
JUN,S100A4
JUN,SDC4
JUN,SERTAD2
JUN,SFPI1
JUN,SIRT7
JUN,SKIL
JUN,SLAMF9
JUN,SMARCA5
JUN,SMARCB1
JUN,SNAPC5
JUN,SNRPG
JUN,SP1
JUN,STAT3
JUN,TCF12
JUN,TLR2
JUN,TLR4
JUN,UBC
JUN,VDR
JUN,VIM
JUN,YWHAZ
JUN,ZFP36
JUN,ZFP410
JUN,ZFX
JUN,ZNRD1
JUN,ZYX
KDM2B,CBX3
KDM2B,CTBP1
KDM2B,HSPA8
KDM2B,RBBP4
KDM5A,SUZ12
KHDRBS1,GTF2E2
KHDRBS1,RBM39
KHDRBS1,SRSF1
KLF13,HDAC1
KLF4,1500032L24RIK
KLF4,ACTB
KLF4,ACTG1
KLF4,ACTR2
KLF4,AES
KLF4,AGAP3
KLF4,ANXA2
KLF4,ANXA3
KLF4,ANXA5
KLF4,ASS1
KLF4,ATF3
KLF4,ATP6V0E
KLF4,BC028528
KLF4,BCAP31
KLF4,CALR
KLF4,CBFB
KLF4,CD68
KLF4,CDKN1A
KLF4,CEBPA
KLF4,CFL1
KLF4,CKS1B
KLF4,CRIP1
KLF4,CYBA
KLF4,DDB1
KLF4,DNMT1
KLF4,DSTN
KLF4,EHMT1
KLF4,EIF3E
KLF4,FOXN2
KLF4,FUBP3
KLF4,GATAD2A
KLF4,GM2A
KLF4,GNGT2
KLF4,GPX4
KLF4,GSTM1
KLF4,H2-DMA
KLF4,HIST1H1C
KLF4,HNRNPD
KLF4,HSP90AB1
KLF4,KDM2B
KLF4,KLF13
KLF4,LASS5
KLF4,LDB1
KLF4,MALAT1
KLF4,MAP1LC3B
KLF4,MBD2
KLF4,MED1
KLF4,MED15
KLF4,MED21
KLF4,MED27
KLF4,NCOA3
KLF4,NFAT5
KLF4,NFKBIA
KLF4,PER1
KLF4,PFN1
KLF4,PLIN2
KLF4,POLR1D
KLF4,PPIA
KLF4,PRDX1
KLF4,PRDX2
KLF4,PRR13
KLF4,PTMA
KLF4,PTP4A2
KLF4,RFC1
KLF4,RPL12
KLF4,RPL19
KLF4,RPL23
KLF4,RPS10
KLF4,RPS19
KLF4,RPS5
KLF4,S100A10
KLF4,S100A6
KLF4,SDC4
KLF4,SDHB
KLF4,SEC11C
KLF4,SEPT2
KLF4,SERTAD2
KLF4,SGK1
KLF4,SMARCA4
KLF4,SMARCB1
KLF4,SMARCE1
KLF4,SRSF2
KLF4,STMN1
KLF4,SUPT4H1
KLF4,THRAP3
KLF4,TMEM50A
KLF4,TNF
KLF4,TPM3
KLF4,TPM4
KLF4,TRIM28
KLF4,TUBA1A
KLF4,UPF1
KLF4,YWHAZ
KLF6,ATF3
KLF6,HDAC1
LASS2,CREBBP
LASS2,ETS2
LASS2,EWSR1
LASS2,NCOA3
LASS2,NFE2L2
LASS2,RELA
LASS2,SERTAD2
LASS5,EWSR1
LDB1,LMO4
LDB1,TARDBP
LDB1,YWHAZ
LMO4,LDB1
MAFF,IL1B
MAPK14,IL1A
MAPK14,IL1B
MAPK14,TNF
MAPK1,IL1A
MAPK1,IL1B
MAPK1,TNF
MAPK3,IL1A
MAPK3,IL1B
MAPK3,TNF
MATR3,YWHAZ
MBD2,GATAD2A
MBD2,HDAC1
MBD2,MAPK3
MBD2,MTA2
MBD2,PPIA
MBD2,RBBP4
MBD2,RBBP7
MCM3,CDKN1A
MCM3,CKS1B
MCM3,DNMT1
MCM3,EZH2
MCM3,HMGB2
MCM3,MCM4
MCM3,MCM6
MCM3,MCM7
MCM3,PCNA
MCM4,CDKN1A
MCM4,CKS1B
MCM4,DNMT1
MCM4,EZH2
MCM4,HMGB2
MCM4,MCM3
MCM4,MCM6
MCM4,MCM7
MCM4,PCNA
MCM4,TRP53
MCM6,CDKN1A
MCM6,CKS1B
MCM6,DNMT1
MCM6,EZH2
MCM6,H3F3A
MCM6,HMGB2
MCM6,MCM3
MCM6,MCM4
MCM6,MCM7
MCM6,PCNA
MCM7,CDKN1A
MCM7,CKS1B
MCM7,DNMT1
MCM7,EIF3E
MCM7,EZH2
MCM7,HMGB2
MCM7,MCM3
MCM7,MCM4
MCM7,MCM6
MCM7,PCNA
MED15,CD36
MED15,CEBPA
MED15,EGR2
MED15,FABP4
MED15,KLF4
MED15,LPL
MED15,MED1
MED15,MED21
MED15,MED27
MED15,NCOA3
MED15,THRAP3
MED15,TNF
MED1,CD36
MED1,CEBPA
MED1,EGR2
MED1,FABP4
MED1,GLIPR1
MED1,HIF1A
MED1,KLF4
MED1,LPL
MED1,MED15
MED1,MED21
MED1,MED27
MED1,NCOA3
MED1,NR4A1
MED1,PLIN2
MED1,SIN3B
MED1,SP1
MED1,THRAP3
MED1,TNF
MED1,VDR
MED21,CD36
MED21,CEBPA
MED21,EGR2
MED21,FABP4
MED21,KLF4
MED21,LPL
MED21,MED1
MED21,MED15
MED21,MED27
MED21,NCOA3
MED21,THRAP3
MED21,TNF
MED27,CD36
MED27,CEBPA
MED27,EGR2
MED27,FABP4
MED27,KLF4
MED27,LPL
MED27,MED1
MED27,MED15
MED27,MED21
MED27,NCOA3
MED27,THRAP3
MED27,TNF
MEF2A,4933434E20RIK
MEF2A,ATP5O
MEF2A,BATF3
MEF2A,CCL3
MEF2A,CFP
MEF2A,CNOT6
MEF2A,CRIPT
MEF2A,DAZAP2
MEF2A,FLI1
MEF2A,FOS
MEF2A,FOSL2
MEF2A,HIST1H2BC
MEF2A,HMG20A
MEF2A,HOPX
MEF2A,ID3
MEF2A,KLF6
MEF2A,LDB1
MEF2A,NAA20
MEF2A,NCOR1
MEF2A,NDUFA2
MEF2A,PER1
MEF2A,PFN1
MEF2A,PHB2
MEF2A,PSME1
MEF2A,RLIM
MEF2A,RPL36AL
MEF2A,RPS25
MEF2A,S100A4
MEF2A,SMAD2
MEF2A,SMARCE1
MEF2A,TRPS1
MITF,CREBBP
MITF,MAPK1
MITF,MAPK3
MITF,PSMD14
MITF,SMARCA4
MITF,UBC
MLL2,CREBBP
MTA2,CHD4
MTA2,CHD7
MTA2,GATAD2A
MTA2,HDAC1
MTA2,MBD2
MTA2,RBBP4
MTA2,RBBP7
MTA2,RUNX1
MYD88,CXCL1
MYD88,CXCL2
MYD88,IL1B
MYD88,TNF
NCOA3,CD36
NCOA3,CEBPA
NCOA3,CREBBP
NCOA3,EGR2
NCOA3,EHMT2
NCOA3,FABP4
NCOA3,GLIPR1
NCOA3,HIF1A
NCOA3,LASS2
NCOA3,LGALS3
NCOA3,LPL
NCOA3,MED1
NCOA3,MED15
NCOA3,MED21
NCOA3,MED27
NCOA3,PER1
NCOA3,PLIN2
NCOA3,PRDX5
NCOA3,SIN3B
NCOA3,SIRT2
NCOA3,SP1
NCOA3,TIAL1
NCOA3,TNF
NCOA3,TRPS1
NCOR2,RBPJ
NFAT5,MAPK14
NFAT5,TNF
NFAT5,VDAC3
NFE2L2,ATF3
NFE2L2,CDKN1A
NFE2L2,CREBBP
NFE2L2,LASS2
NFE2L2,PTMA
NFE2L2,UBC
NFKB1,BCL2A1A
NFKB1,BCL2A1B
NFKB1,CCL3
NFKB1,CCL4
NFKB1,CD14
NFKB1,HDAC1
NFKB1,HIF1A
NFKB1,IL1R2
NFKB1,IL1RN
NFKB1,MAPK1
NFKB1,MAPK3
NFKB1,MYD88
NFKB1,NFKBIB
NFKB1,RELA
NFKB1,SDC4
NFKB1,SQSTM1
NFKBIA,AKT1
NFKBIA,IL1B
NFKBIA,NFKBIB
NFKBIA,REL
NFKBIA,RELA
NFKBIA,SQSTM1
NFKBIA,SUMO2
NFKBIA,TNF
NFKBIA,TNFAIP3
NFKBIA,TRP53
NFKBIA,UBC
NFKBIB,AKT1
NFKBIB,NFKB1
NFKBIB,NFKBIA
NFKBIB,REL
NFKBIB,RELA
NFKBIB,STAT6
NFKBIB,TNF
NFKBIZ,CXCL1
NFKBIZ,IL1A
NFKBIZ,IL1B
NFKBIZ,RELA
NFKBIZ,TNFAIP3
NFKBIZ,ZFP36
NME2,MAPK14
NME2,POLR1D
NME2,POLR2A
NME2,POLR2B
NME2,POLR2C
NME2,POLR2D
NME2,POLR2E
NME2,POLR2F
NME2,POLR2G
NME2,POLR2H
NME2,POLR2I
NME2,POLR2J
NME2,POLR3K
NME2,ZNRD1
NONO,PER1
NONO,SFPI1
NONO,SMARCA4
NONO,YWHAE
NOTCH2,RBPJ
NR3C1,1810027O10RIK
NR3C1,ATP5G3
NR3C1,ATP5L
NR3C1,CIC
NR3C1,CREM
NR3C1,HMGB2
NR3C1,HSP90AB1
NR3C1,MAPK3
NR3C1,MCM7
NR3C1,MYL6
NR3C1,PFDN5
NR3C1,POLR2A
NR3C1,POLR2G
NR3C1,PRELID1
NR3C1,PSME1
NR3C1,RPS15
NR3C1,SGK1
NR3C1,SSR4
NR3C1,TIAL1
NR3C1,YEATS4
NR4A1,MED1
NR4A1,VDR
PA2G4,RPL4
PARP1,CENPB
PARP1,DNMT1
PARP1,PCNA
PARP1,SMAD4
PARP1,TRIM28
PARP1,UBC
PBRM1,SMARCA4
PER1,EWSR1
PER1,NCOA3
PER1,NONO
PER1,SFPQ
PER1,UBC
PHB2,HDAC1
POLR1D,NME2
POLR2A,ACTB
POLR2A,EZH2
POLR2A,IRF1
POLR2A,NME2
POLR2A,SMARCA4
POLR2A,TCEB3
POLR2B,EWSR1
POLR2B,GTF2A1
POLR2B,GTF2B
POLR2B,GTF2F1
POLR2B,NME2
POLR2B,PCBP2
POLR2B,POLR2D
POLR2B,POLR2E
POLR2B,POLR2F
POLR2B,POLR2G
POLR2B,POLR2H
POLR2B,POLR2I
POLR2B,POLR2J
POLR2B,POLR2K
POLR2B,RDBP
POLR2B,SNRPD1
POLR2B,SNRPG
POLR2B,SRSF1
POLR2B,SRSF6
POLR2B,SRSF9
POLR2B,SUPT4H1
POLR2B,SUPT5H
POLR2B,TAF6
POLR2B,TAF9
POLR2B,TCEA1
POLR2B,TCEB1
POLR2B,TCEB2
POLR2B,TCEB3
POLR2C,NME2
POLR2C,POLR2J
POLR2D,GTF2A1
POLR2D,GTF2B
POLR2D,GTF2F1
POLR2D,NME2
POLR2D,PCBP2
POLR2D,POLR2B
POLR2D,POLR2E
POLR2D,POLR2F
POLR2D,POLR2G
POLR2D,POLR2H
POLR2D,POLR2I
POLR2D,POLR2J
POLR2D,POLR2K
POLR2D,RDBP
POLR2D,SNRPD1
POLR2D,SNRPG
POLR2D,SRSF1
POLR2D,SRSF6
POLR2D,SRSF9
POLR2D,SUPT4H1
POLR2D,SUPT5H
POLR2D,TAF6
POLR2D,TAF9
POLR2D,TCEA1
POLR2D,TCEB1
POLR2D,TCEB2
POLR2D,TCEB3
POLR2E,EIF3I
POLR2E,GTF2A1
POLR2E,GTF2B
POLR2E,GTF2F1
POLR2E,NME2
POLR2E,PCBP2
POLR2E,POLR2B
POLR2E,POLR2D
POLR2E,POLR2F
POLR2E,POLR2G
POLR2E,POLR2H
POLR2E,POLR2I
POLR2E,POLR2J
POLR2E,POLR2K
POLR2E,POLR3K
POLR2E,RDBP
POLR2E,RPL19
POLR2E,RPL8
POLR2E,RPS15
POLR2E,SNRPD1
POLR2E,SNRPG
POLR2E,SRSF1
POLR2E,SRSF6
POLR2E,SRSF9
POLR2E,SSB
POLR2E,SUPT4H1
POLR2E,SUPT5H
POLR2E,TAF6
POLR2E,TAF9
POLR2E,TCEA1
POLR2E,TCEB1
POLR2E,TCEB2
POLR2E,TCEB3
POLR2E,ZNRD1
POLR2F,BANF1
POLR2F,GTF2A1
POLR2F,GTF2B
POLR2F,GTF2F1
POLR2F,NME2
POLR2F,PCBP2
POLR2F,POLR2B
POLR2F,POLR2D
POLR2F,POLR2E
POLR2F,POLR2G
POLR2F,POLR2H
POLR2F,POLR2I
POLR2F,POLR2J
POLR2F,POLR2K
POLR2F,POLR3K
POLR2F,RDBP
POLR2F,RPL19
POLR2F,RPL23
POLR2F,RPL37A
POLR2F,RPL8
POLR2F,RPLP0
POLR2F,RPS15
POLR2F,RPSA
POLR2F,SNRPD1
POLR2F,SNRPG
POLR2F,SRSF1
POLR2F,SRSF6
POLR2F,SRSF9
POLR2F,SSB
POLR2F,SUPT4H1
POLR2F,SUPT5H
POLR2F,TAF6
POLR2F,TAF9
POLR2F,TCEA1
POLR2F,TCEB1
POLR2F,TCEB2
POLR2F,TCEB3
POLR2F,ZNRD1
POLR2G,GTF2A1
POLR2G,GTF2B
POLR2G,GTF2F1
POLR2G,NME2
POLR2G,PCBP2
POLR2G,POLR2B
POLR2G,POLR2D
POLR2G,POLR2E
POLR2G,POLR2F
POLR2G,POLR2H
POLR2G,POLR2I
POLR2G,POLR2J
POLR2G,POLR2K
POLR2G,RDBP
POLR2G,RPL19
POLR2G,RPL4
POLR2G,RPLP0
POLR2G,SNRPD1
POLR2G,SNRPG
POLR2G,SRSF1
POLR2G,SRSF6
POLR2G,SRSF9
POLR2G,SUPT4H1
POLR2G,SUPT5H
POLR2G,TAF6
POLR2G,TAF9
POLR2G,TCEA1
POLR2G,TCEB1
POLR2G,TCEB2
POLR2G,TCEB3
POLR2H,GTF2A1
POLR2H,GTF2B
POLR2H,GTF2F1
POLR2H,NME2
POLR2H,PCBP2
POLR2H,POLR2B
POLR2H,POLR2D
POLR2H,POLR2E
POLR2H,POLR2F
POLR2H,POLR2G
POLR2H,POLR2I
POLR2H,POLR2J
POLR2H,POLR2K
POLR2H,POLR3K
POLR2H,RDBP
POLR2H,SNRPD1
POLR2H,SNRPG
POLR2H,SRSF1
POLR2H,SRSF6
POLR2H,SRSF9
POLR2H,SSB
POLR2H,SUPT4H1
POLR2H,SUPT5H
POLR2H,TAF6
POLR2H,TAF9
POLR2H,TCEA1
POLR2H,TCEB1
POLR2H,TCEB2
POLR2H,TCEB3
POLR2H,ZNRD1
POLR2I,GTF2A1
POLR2I,GTF2B
POLR2I,GTF2F1
POLR2I,NDUFB7
POLR2I,NME2
POLR2I,PCBP2
POLR2I,PCNA
POLR2I,POLR2B
POLR2I,POLR2D
POLR2I,POLR2E
POLR2I,POLR2F
POLR2I,POLR2G
POLR2I,POLR2H
POLR2I,POLR2J
POLR2I,POLR2K
POLR2I,RDBP
POLR2I,SNRPD1
POLR2I,SNRPG
POLR2I,SRSF1
POLR2I,SRSF6
POLR2I,SRSF9
POLR2I,SUPT4H1
POLR2I,SUPT5H
POLR2I,TAF6
POLR2I,TAF9
POLR2I,TCEA1
POLR2I,TCEB1
POLR2I,TCEB2
POLR2I,TCEB3
POLR2I,UQCR11
POLR2I,ZNRD1
POLR2J,GTF2A1
POLR2J,GTF2B
POLR2J,GTF2F1
POLR2J,NME2
POLR2J,PCBP2
POLR2J,POLR2B
POLR2J,POLR2C
POLR2J,POLR2D
POLR2J,POLR2E
POLR2J,POLR2F
POLR2J,POLR2G
POLR2J,POLR2H
POLR2J,POLR2I
POLR2J,POLR2K
POLR2J,RDBP
POLR2J,SNRPD1
POLR2J,SNRPG
POLR2J,SRSF1
POLR2J,SRSF6
POLR2J,SRSF9
POLR2J,SUPT4H1
POLR2J,SUPT5H
POLR2J,TAF6
POLR2J,TAF9
POLR2J,TCEA1
POLR2J,TCEB1
POLR2J,TCEB2
POLR2J,TCEB3
POLR2K,GTF2A1
POLR2K,GTF2B
POLR2K,GTF2F1
POLR2K,PCBP2
POLR2K,POLR2B
POLR2K,POLR2D
POLR2K,POLR2E
POLR2K,POLR2F
POLR2K,POLR2G
POLR2K,POLR2H
POLR2K,POLR2I
POLR2K,POLR2J
POLR2K,POLR3K
POLR2K,RDBP
POLR2K,SNRPD1
POLR2K,SNRPG
POLR2K,SRSF1
POLR2K,SRSF6
POLR2K,SRSF9
POLR2K,SSB
POLR2K,SUPT4H1
POLR2K,SUPT5H
POLR2K,TAF6
POLR2K,TAF9
POLR2K,TCEA1
POLR2K,TCEB1
POLR2K,TCEB2
POLR2K,TCEB3
POLR2K,ZNRD1
POLR3K,NME2
POLR3K,PCNA
POLR3K,POLR2E
POLR3K,POLR2F
POLR3K,POLR2H
POLR3K,POLR2K
POLR3K,SSB
RBBP4,EZH2
RBBP4,GATAD2A
RBBP4,H3F3A
RBBP4,HDAC1
RBBP4,KDM2B
RBBP4,MBD2
RBBP4,MTA2
RBBP4,NPM1
RBBP4,PCNA
RBBP4,RBBP7
RBBP4,RBL2
RBBP4,RUNX1
RBBP4,SUZ12
RBBP4,TRP53
RBBP7,EZH2
RBBP7,GATAD2A
RBBP7,HDAC1
RBBP7,MBD2
RBBP7,MTA2
RBBP7,NPM1
RBBP7,PCNA
RBBP7,RBBP4
RBBP7,SUMO1
RBBP7,SUZ12
RBL2,CDKN1A
RBL2,EZH2
RBL2,H3F3A
RBL2,HDAC1
RBL2,RBBP4
RBL2,SMAD4
RBL2,TFDP1
RBM39,KHDRBS1
RBPJ,CHD7
RBPJ,CREBBP
RBPJ,CTBP1
RBPJ,HDAC1
RBPJ,NCOR2
RBPJ,NOTCH2
RDBP,GTF2F1
RDBP,HSP90AB1
RDBP,POLR2B
RDBP,POLR2D
RDBP,POLR2E
RDBP,POLR2F
RDBP,POLR2G
RDBP,POLR2H
RDBP,POLR2I
RDBP,POLR2J
RDBP,POLR2K
RDBP,SUPT4H1
RDBP,SUPT5H
RDBP,TCEA1
RDBP,TCEB1
RDBP,TCEB2
RDBP,TCEB3
RELA,AHR
RELA,BCL2A1A
RELA,BCL2A1B
RELA,CCL17
RELA,CCL3
RELA,CCL4
RELA,CD14
RELA,CD74
RELA,CREBBP
REL,ACTB
RELA,CTNNB1
RELA,CXCL1
RELA,CXCL2
RELA,CXXC1
RELA,DAZAP2
RELA,DEK
RELA,DENND4A
RELA,HDAC1
RELA,HIF1A
RELA,HSPA8
RELA,IL1A
RELA,IL1B
RELA,IL1R2
RELA,JUN
RELA,LASS2
RELA,MAFF
RELA,MAPK1
RELA,MAPK14
RELA,MAPK3
RELA,MITF
RELA,MYD88
RELA,NFKBIA
RELA,NFKBIB
RELA,NFKBIZ
RELA,PCNA
RELA,REL
REL,ARL6IP5
RELA,S100A6
RELA,SP1
RELA,SQSTM1
RELA,STAT6
RELA,TARDBP
RELA,TLR4
RELA,UBC
RELA,ZMYND11
REL,CCL17
REL,CD74
REL,CHD4
REL,CXCL1
REL,DAZAP2
REL,DENND4A
REL,H2-EB1
REL,IL1A
REL,IRF4
REL,IRF5
REL,NFAT5
REL,NFKB1
REL,NFKBIA
REL,NFKBIB
REL,NFKBIZ
REL,POLR2H
REL,PTMA
REL,RELA
REL,SDC4
REL,STAT6
REL,SUMO2
REL,TCF7L2
REL,TLR2
REL,TRP53
REL,UBA52
RFC1,PCNA
RNF4,TRPS1
RNPS1,SRRM1
RUNX1,JUP
SERTAD2,CREBBP
SERTAD2,LASS2
SF1,EGR1
SF1,SUMO1
SF1,UBC
SFPI1,CBFA2T3
SFPI1,CD14
SFPI1,CREBBP
SFPI1,DAB2
SFPI1,FCGR3
SFPI1,FLI1
SFPI1,ID2
SFPI1,IRF4
SFPI1,ITGB2
SFPI1,NFKB1
SFPI1,NONO
SFPI1,RUNX1
SFPI1,TBPL1
SFPI1,TLR4
SFPQ,PER1
SFPQ,SMARCA4
SFPQ,YWHAE
SFPQ,YWHAZ
SIN3B,HDAC1
SIN3B,MED1
SIN3B,NCOA3
SIRT2,EWSR1
SIRT2,NCOA3
SKIL,UBC
SKI,SMAD4
SKI,UBC
SMAD2,CREBBP
SMAD2,DDX5
SMAD2,MAPK1
SMAD2,MAPK3
SMAD2,MEF2A
SMAD2,RUNX1
SMAD2,SMAD4
SMAD2,SP1
SMAD2,TFDP1
SMAD2,UBC
SMAD2,ZEB2
SMAD2,ZMYM2
SMAD4,CREBBP
SMAD4,DDX5
SMAD4,GTF2I
SMAD4,HDAC1
SMAD4,MAPK1
SMAD4,MAPK3
SMAD4,PARP1
SMAD4,RBL2
SMAD4,SKI
SMAD4,SMAD2
SMAD4,SP1
SMAD4,SUMO1
SMAD4,TCF7L2
SMAD4,TFDP1
SMAD4,TGIF1
SMAD4,ZMYM2
SMARCA4,ACTG1
SMARCA4,ARID1A
SMARCA4,ARID1B
SMARCA4,ATF3
SMARCA4,CHD7
SMARCA4,CTNNB1
SMARCA4,DDX5
SMARCA4,DPF2
SMARCA4,ETS2
SMARCA4,FOS
SMARCA4,H3F3A
SMARCA4,HDAC1
SMARCA4,KDM6B
SMARCA4,KLF4
SMARCA4,NONO
SMARCA4,PBRM1
SMARCA4,POLR2A
SMARCA4,RUNX1
SMARCA4,SFPQ
SMARCA4,SMARCB1
SMARCA4,SMARCC2
SMARCA4,SMARCE1
SMARCA4,STAT6
SMARCA4,TOP2B
SMARCA4,TRP53
SMARCA5,BAZ1A
SMARCA5,H3F3A
SMARCB1,ARID1A
SMARCB1,ETS2
SMARCB1,FOS
SMARCB1,JUN
SMARCB1,RUNX1
SMARCB1,SMARCA4
SMARCB1,SMARCC2
SMARCB1,SMARCE1
SMARCB1,TOP2B
SMARCB1,YEATS4
SMARCB1,YWHAZ
SMARCC2,ARID1A
SMARCC2,CHD7
SMARCC2,RUNX1
SMARCC2,SMARCA4
SMARCC2,SMARCB1
SMARCC2,SMARCE1
SMARCC2,TOP2B
SMARCE1,ARID1A
SMARCE1,CHD7
SMARCE1,ETS2
SMARCE1,RUNX1
SMARCE1,SMARCA4
SMARCE1,SMARCB1
SMARCE1,SMARCC2
SMARCE1,TOP2B
SNAPC5,FOS
SNAPC5,JUN
SND1,GTF2E2
SNRPB,SNRPD1
SNRPD1,CDC5L
SNRPD1,GTF2F1
SNRPD1,PCBP2
SNRPD1,PCNA
SNRPD1,POLR2B
SNRPD1,POLR2D
SNRPD1,POLR2E
SNRPD1,POLR2F
SNRPD1,POLR2G
SNRPD1,POLR2H
SNRPD1,POLR2I
SNRPD1,POLR2J
SNRPD1,POLR2K
SNRPD1,SNRPB
SNRPD1,SNRPG
SNRPD1,SRSF1
SNRPD1,SRSF6
SNRPD1,SRSF9
SP1,APRT
SP1,CCL17
SP1,CD24A
SP1,CTSL
SP1,FCGR2B
SP1,GYG
SP1,HDAC1
SP1,HINT1
SP1,MAPK14
SP1,MAPK3
SP1,MDH2
SP1,MED1
SP1,MT1
SP1,NCOA3
SP1,PDPN
SP1,PER1
SP1,PGK1
SP1,PPIA
SP1,REL
SP1,RELA
SP1,SFPI1
SP1,SMAD2
SP1,SMAD4
SP1,STAT3
SP1,TRP53
SP1,VDR
SP1,VIM
SRRM1,RNPS1
SRSF1,GTF2F1
SRSF1,KHDRBS1
SRSF1,PCBP2
SRSF1,POLR2B
SRSF1,POLR2D
SRSF1,POLR2E
SRSF1,POLR2F
SRSF1,POLR2G
SRSF1,POLR2H
SRSF1,POLR2I
SRSF1,POLR2J
SRSF1,POLR2K
SRSF1,SNRPD1
SRSF1,SNRPG
SRSF1,SRSF3
SRSF1,SRSF6
SRSF1,SRSF9
SRSF1,TCERG1
SRSF2,NPM1
SRSF3,SRSF1
SRSF6,GTF2F1
SRSF6,PCBP2
SRSF6,POLR2B
SRSF6,POLR2D
SRSF6,POLR2E
SRSF6,POLR2F
SRSF6,POLR2G
SRSF6,POLR2H
SRSF6,POLR2I
SRSF6,POLR2J
SRSF6,POLR2K
SRSF6,SNRPD1
SRSF6,SNRPG
SRSF6,SRSF1
SRSF6,SRSF9
SRSF9,GTF2F1
SRSF9,PCBP2
SRSF9,POLR2B
SRSF9,POLR2D
SRSF9,POLR2E
SRSF9,POLR2F
SRSF9,POLR2G
SRSF9,POLR2H
SRSF9,POLR2I
SRSF9,POLR2J
SRSF9,POLR2K
SRSF9,SNRPD1
SRSF9,SNRPG
SRSF9,SRSF1
SRSF9,SRSF6
SSB,COPS2
SSB,DNAJC2
SSB,NPM1
SSB,POLR2E
SSB,POLR2F
SSB,POLR2H
SSB,POLR2K
SSB,POLR3K
SSRP1,H3F3A
STAT1,ACTB
STAT1,AHR
STAT1,APRT
STAT1,ATF3
STAT1,ATP5H
STAT1,B2M
STAT1,BCLAF1
STAT1,BTF3
STAT1,CD74
STAT1,CISH
STAT1,CNOT6
STAT1,COX5B
STAT1,CREBBP
STAT1,CREM
STAT1,CSTB
STAT1,DENND4A
STAT1,DUSP1
STAT1,EHMT2
STAT1,ETV3
STAT1,FCER1G
STAT1,FCF1
STAT1,FOS
STAT1,FOSB
STAT1,GNB2L1
STAT1,GNGT2
STAT1,H2-AA
STAT1,H2-K1
STAT1,HIST1H1C
STAT1,ID3
STAT1,ILK
STAT1,IRF2
STAT1,IRF4
STAT1,IRF5
STAT1,JUN
STAT1,MAPK1
STAT1,MAPK14
STAT1,MAPK3
STAT1,MED1
STAT1,MTA2
STAT1,MYD88
STAT1,NEDD8
STAT1,PLAUR
STAT1,POLR2A
STAT1,RAP1B
STAT1,RBPJ
STAT1,RPL26
STAT1,SOD1
STAT1,SRSF5
STAT1,STAT3
STAT1,STAT6
STAT1,SUMO1
STAT1,TNF
STAT1,TRIM30A
STAT1,UBC
STAT1,UBE2K
STAT1,UBTF
STAT1,UQCRH
STAT1,VDR
STAT1,ZFP148
STAT3,ACTB
STAT3,APRT
STAT3,ARID1B
STAT3,ARPC5
STAT3,ATP5H
STAT3,BCLAF1
STAT3,BHLHE40
STAT3,BTF3
STAT3,CD74
STAT3,CDKN1A
STAT3,CHMP2A
STAT3,CISH
STAT3,CNOT6
STAT3,COX5B
STAT3,CREBBP
STAT3,CREM
STAT3,DENND4A
STAT3,DPF2
STAT3,EHMT2
STAT3,ETV3
STAT3,H2-DMA
STAT3,HAX1
STAT3,HSP90AB1
STAT3,ID3
STAT3,ILK
STAT3,IRF1
STAT3,JUN
STAT3,LIPA
STAT3,MAPK1
STAT3,MAPK14
STAT3,MAPK3
STAT3,MYD88
STAT3,NR3C1
STAT3,POLR2A
STAT3,POLR2C
STAT3,RNPS1
STAT3,RPL26
STAT3,RPS27L
STAT3,SAT1
STAT3,SMAD4
STAT3,SOD1
STAT3,STAT1
STAT3,STAT6
STAT3,TFDP1
STAT3,TGIF1
STAT3,TLR4
STAT3,TUBB5
STAT3,TWF1
STAT3,UBTF
STAT3,VIM
STAT3,ZFP36
STAT6,ATP5H
STAT6,BCLAF1
STAT6,CISH
STAT6,CNOT6
STAT6,COX5B
STAT6,CREBBP
STAT6,CREM
STAT6,DENND4A
STAT6,EHMT2
STAT6,ETV3
STAT6,ID3
STAT6,ILK
STAT6,IRF1
STAT6,IRF4
STAT6,JUN
STAT6,LITAF
STAT6,NFKBIB
STAT6,PFN1
STAT6,RPL26
STAT6,SMARCA4
STAT6,SOD1
STAT6,STAT1
STAT6,STAT3
STAT6,TLR4
SUPT16H,H3F3A
SUPT16H,SUPT4H1
SUPT16H,SUPT6H
SUPT4H1,GTF2F1
SUPT4H1,POLR2B
SUPT4H1,POLR2D
SUPT4H1,POLR2E
SUPT4H1,POLR2F
SUPT4H1,POLR2G
SUPT4H1,POLR2H
SUPT4H1,POLR2I
SUPT4H1,POLR2J
SUPT4H1,POLR2K
SUPT4H1,RDBP
SUPT4H1,SUPT16H
SUPT4H1,SUPT5H
SUPT4H1,TCEA1
SUPT4H1,TCEB1
SUPT4H1,TCEB2
SUPT4H1,TCEB3
SUPT5H,GTF2F1
SUPT5H,POLR2B
SUPT5H,POLR2D
SUPT5H,POLR2E
SUPT5H,POLR2F
SUPT5H,POLR2G
SUPT5H,POLR2H
SUPT5H,POLR2I
SUPT5H,POLR2J
SUPT5H,POLR2K
SUPT5H,RDBP
SUPT5H,SUPT4H1
SUPT5H,SUPT6H
SUPT5H,TCEA1
SUPT5H,TCEB1
SUPT5H,TCEB2
SUPT5H,TCEB3
SUPT6H,SUPT16H
SUPT6H,SUPT5H
SUZ12,CTCF
SUZ12,EZH2
SUZ12,H3F3A
SUZ12,KDM5A
SUZ12,RBBP4
SUZ12,RBBP7
TAF6,GTF2A1
TAF6,GTF2B
TAF6,GTF2F1
TAF6,POLR2B
TAF6,POLR2D
TAF6,POLR2E
TAF6,POLR2F
TAF6,POLR2G
TAF6,POLR2H
TAF6,POLR2I
TAF6,POLR2J
TAF6,POLR2K
TAF6,TAF7
TAF6,TAF9
TAF7,TAF6
TAF7,TAF9
TAF9,APRT
TAF9,GTF2A1
TAF9,GTF2B
TAF9,GTF2F1
TAF9,KPNA2
TAF9,POLR2B
TAF9,POLR2D
TAF9,POLR2E
TAF9,POLR2F
TAF9,POLR2G
TAF9,POLR2H
TAF9,POLR2I
TAF9,POLR2J
TAF9,POLR2K
TAF9,PSMD14
TAF9,TAF6
TAF9,TAF7
TARBP2,PCBP2
TARDBP,GTF2E2
TARDBP,LDB1
TARDBP,RELA
TARDBP,UBC
TAX1BP3,CTNNB1
TBPL1,ETS2
TBPL1,SFPI1
TBPL1,TRP53
TCEA1,GTF2F1
TCEA1,POLR2B
TCEA1,POLR2D
TCEA1,POLR2E
TCEA1,POLR2F
TCEA1,POLR2G
TCEA1,POLR2H
TCEA1,POLR2I
TCEA1,POLR2J
TCEA1,POLR2K
TCEA1,RDBP
TCEA1,SUPT4H1
TCEA1,SUPT5H
TCEA1,TCEB1
TCEA1,TCEB2
TCEA1,TCEB3
TCEB1,GNB2L1
TCEB1,GTF2F1
TCEB1,HIF1A
TCEB1,POLR2B
TCEB1,POLR2D
TCEB1,POLR2E
TCEB1,POLR2F
TCEB1,POLR2G
TCEB1,POLR2H
TCEB1,POLR2I
TCEB1,POLR2J
TCEB1,POLR2K
TCEB1,RDBP
TCEB1,SUPT4H1
TCEB1,SUPT5H
TCEB1,TCEA1
TCEB1,TCEB2
TCEB1,TCEB3
TCEB2,GTF2F1
TCEB2,HIF1A
TCEB2,NDUFA7
TCEB2,NEDD8
TCEB2,POLR2B
TCEB2,POLR2D
TCEB2,POLR2E
TCEB2,POLR2F
TCEB2,POLR2G
TCEB2,POLR2H
TCEB2,POLR2I
TCEB2,POLR2J
TCEB2,POLR2K
TCEB2,RDBP
TCEB2,SUPT4H1
TCEB2,SUPT5H
TCEB2,TCEA1
TCEB2,TCEB1
TCEB2,TCEB3
TCEB3,ELL2
TCEB3,GTF2F1
TCEB3,POLR2A
TCEB3,POLR2B
TCEB3,POLR2D
TCEB3,POLR2E
TCEB3,POLR2F
TCEB3,POLR2G
TCEB3,POLR2H
TCEB3,POLR2I
TCEB3,POLR2J
TCEB3,POLR2K
TCEB3,RDBP
TCEB3,SUPT4H1
TCEB3,SUPT5H
TCEB3,TCEA1
TCEB3,TCEB1
TCEB3,TCEB2
TCERG1,SRSF1
TCF12,CHD4
TCF12,ID3
TCF7L2,CREBBP
TCF7L2,CTBP1
TCF7L2,CTNNB1
TCF7L2,HDAC1
TCF7L2,JUN
TCF7L2,JUP
TCF7L2,MITF
TCF7L2,SMAD4
TFDP1,RBL2
TFDP1,SMAD2
TFDP1,SMAD4
TGIF1,ARHGDIB
TGIF1,BC028528
TGIF1,CAPZA2
TGIF1,CTCF
TGIF1,DENND4A
TGIF1,ID2
TGIF1,IVNS1ABP
TGIF1,MLL3
TGIF1,NR3C1
TGIF1,PFN1
TGIF1,PSMB8
TGIF1,RPL7
TGIF1,RPS25
TGIF1,SMAD4
TGIF1,SRSF6
TGIF1,SSRP1
TGIF1,YWHAZ
THRAP3,MED1
THRAP3,MED15
THRAP3,MED21
THRAP3,MED27
TIAL1,NCOA3
TNFAIP3,NFKB1
TNFAIP3,NFKBIA
TNFAIP3,NFKBIZ
TNFAIP3,TNF
TNFAIP3,TNIP3
TOB1,CNOT8
TOP2B,ARID1A
TOP2B,SMARCA4
TOP2B,SMARCB1
TOP2B,SMARCC2
TOP2B,SMARCE1
TOX4,PPP1CA
TRIM28,CBX3
TRIM28,DNMT1
TRIM28,PARP1
TRIM28,SRRT
TRIM28,YWHAE
TRP53,AKT1
TRP53,ARID1A
TRP53,CDC42
TRP53,CIC
TRP53,CIITA
TRP53,CREBBP
TRP53,DDB1
TRP53,DNMT1
TRP53,DPF2
TRP53,EEF1A1
TRP53,EGR2
TRP53,EHMT2
TRP53,ETS2
TRP53,H3F3A
TRP53,HDAC1
TRP53,HIF1A
TRP53,HNRNPAB
TRP53,HSP90AB1
TRP53,HTATIP2
TRP53,ING1
TRP53,KDM6B
TRP53,MAPK14
TRP53,MAPK3
TRP53,MCM4
TRP53,MIF
TRP53,NFKBIA
TRP53,NPM1
TRP53,PER1
TRP53,PFN1
TRP53,PPIA
TRP53,PPP1CA
TRP53,PRDX5
TRP53,PREB
TRP53,RBBP4
TRP53,RPLP2
TRP53,RPS15
TRP53,RPS19
TRP53,S100A4
TRP53,S100A6
TRP53,SFPI1
TRP53,SKI
TRP53,SKIL
TRP53,SMARCA4
TRP53,SP1
TRP53,SPP1
TRP53,SSRP1
TRP53,STAT1
TRP53,STMN1
TRP53,SUMO1
TRP53,TBPL1
TRP53,TGIF1
TRP53,TRERF1
TRP53,TUBB5
TRP53,UBC
TRP53,UBTF
TRP53,VPS28
TRPS1,EWSR1
TRPS1,NCOA3
TRPS1,RNF4
TSG101,CDKN1A
TSG101,CHMP2A
TSG101,UBC
TSG101,VPS28
UBP1,EWSR1
UBTF,CTCF
UBTF,CTCFL
UBTF,HDAC1
UPF1,FAU
UPF1,RPL10A
UPF1,RPL18A
UPF1,RPL19
UPF1,RPL23
UPF1,RPL37A
UPF1,RPL38
UPF1,RPL4
UPF1,RPL5
UPF1,RPL8
UPF1,RPLP0
UPF1,RPLP1
UPF1,RPS15
UPF1,RPS17
UPF1,RPS3
USF2,COX5B
USF2,MITF
USF2,RPS14
VDR,GTF2B
VDR,MAPK14
VDR,MED1
VDR,MYD88
VDR,NR4A1
VDR,STAT1
WBP11,PPP1CA
YBX1,YWHAE
YEATS4,SMARCB1
ZBTB7A,HDAC1
ZEB2,SMAD2
ZFP36,BTG2
ZFP36,DUSP1
ZFP36,JUNB
ZFP36,NFKBIZ
ZFP36,TNF
ZFX,1810027O10RIK
ZFX,4933434E20RIK
ZFX,6720456B07RIK
ZFX,ACTG1
ZFX,AES
ZFX,AFF4
ZFX,AIP
ZFX,AKT1
ZFX,ARID1B
ZFX,ATP5B
ZFX,ATP5G2
ZFX,ATP5G3
ZFX,ATP5J
ZFX,ATP6V1F
ZFX,ATPIF1
ZFX,BTF3
ZFX,BTG2
ZFX,CALR
ZFX,CANX
ZFX,CBFB
ZFX,CBX3
ZFX,CD63
ZFX,CD81
ZFX,CFL1
ZFX,CHD1
ZFX,CHMP2A
ZFX,CNOT6L
ZFX,COMMD3
ZFX,COPS2
ZFX,COX4I1
ZFX,COX5A
ZFX,COX7C
ZFX,COX8A
ZFX,CREB3
ZFX,CSDA
ZFX,CTBP1
ZFX,CTCF
ZFX,CTSL
ZFX,D8ERTD738E
ZFX,DDB1
ZFX,DDX5
ZFX,DNMT3A
ZFX,DSTN
ZFX,EEF1A1
ZFX,EHMT2
ZFX,EIF3E
ZFX,EIF5A
ZFX,ERH
ZFX,ETS2
ZFX,EWSR1
ZFX,FIS1
ZFX,FOXJ3
ZFX,FTL1
ZFX,FXR1
ZFX,GPX4
ZFX,GTF2I
ZFX,H2-DMA
ZFX,HDGF
ZFX,HIF1A
ZFX,HIST1H1C
ZFX,HMGA1
ZFX,HMGB1
ZFX,HMGB2
ZFX,HNRNPAB
ZFX,HNRNPD
ZFX,HSPA5
ZFX,HSPA8
ZFX,ID2
ZFX,IDH1
ZFX,LAMP1
ZFX,LASS2
ZFX,LGALS1
ZFX,MALAT1
ZFX,MAPK1
ZFX,MAPK14
ZFX,MATR3
ZFX,MDM2
ZFX,MED15
ZFX,MED21
ZFX,MED8
ZFX,MEF2A
ZFX,MLL2
ZFX,MLL3
ZFX,MRFAP1
ZFX,MYD88
ZFX,MYEF2
ZFX,MYEOV2
ZFX,MYST2
ZFX,NCOA3
ZFX,NCOR1
ZFX,NDUFA12
ZFX,NDUFA2
ZFX,NDUFS6
ZFX,NFKB1
ZFX,NFKBIA
ZFX,NME2
ZFX,NPM1
ZFX,NSD1
ZFX,OAZ1
ZFX,PARP1
ZFX,PBRM1
ZFX,PCBP2
ZFX,PCNP
ZFX,PHB2
ZFX,PLD3
ZFX,POLDIP3
ZFX,POLR1D
ZFX,POLR2H
ZFX,PPIA
ZFX,PRDX1
ZFX,PSMA1
ZFX,PSMA2
ZFX,PSMA3
ZFX,PSMA4
ZFX,PSMA5
ZFX,PSMA6
ZFX,PSMB5
ZFX,PSMB6
ZFX,PSMD14
ZFX,PTGES3
ZFX,PTMA
ZFX,PTP4A1
ZFX,PTP4A2
ZFX,RBL2
ZFX,RBM39
ZFX,RELA
ZFX,RNF4
ZFX,RPL14
ZFX,RPL19
ZFX,RPL23
ZFX,RPL27
ZFX,RPL28
ZFX,RPL3
ZFX,RPL30
ZFX,RPL35
ZFX,RPL36AL
ZFX,RPL38
ZFX,RPL4
ZFX,RPLP0
ZFX,RPS14
ZFX,RPS17
ZFX,RPS19
ZFX,RPS20
ZFX,RPS27A
ZFX,RPS27L
ZFX,RPS5
ZFX,RPS6
ZFX,RUVBL2
ZFX,SBDS
ZFX,SDHB
ZFX,SERTAD2
ZFX,SF1
ZFX,SFPQ
ZFX,SGK1
ZFX,SHFM1
ZFX,SIN3B
ZFX,SKI
ZFX,SMAD2
ZFX,SMAD4
ZFX,SMARCA5
ZFX,SMARCC2
ZFX,SMARCE1
ZFX,SNRPB
ZFX,SNRPD1
ZFX,SNX2
ZFX,SOD1
ZFX,SQSTM1
ZFX,SRSF1
ZFX,SSRP1
ZFX,SUB1
ZFX,SUMO1
ZFX,TARDBP
ZFX,TBCA
ZFX,TCEB1
ZFX,TCEB3
ZFX,TCERG1
ZFX,TCF12
ZFX,TFDP1
ZFX,THRAP3
ZFX,TMSB4X
ZFX,TOP2B
ZFX,TPM4
ZFX,TREX1
ZFX,TRIM28
ZFX,TSC22D4
ZFX,TUBA1B
ZFX,TXN1
ZFX,UBA52
ZFX,UBC
ZFX,UBE2K
ZFX,UBP1
ZFX,UBTF
ZFX,UPF1
ZFX,UQCRB
ZFX,UQCRH
ZFX,USF2
ZFX,USMG5
ZFX,VAMP8
ZFX,WBP11
ZFX,YBX1
ZFX,YWHAE
ZFX,ZBTB7A
ZFX,ZFHX3
ZFX,ZFML
ZFX,ZFP148
ZFX,ZFP36L1
ZFX,ZFP410
ZFX,ZMYM2
ZFX,ZMYND11
ZMYM2,SMAD2
ZMYM2,SMAD4
ZMYND11,MAPK1
ZMYND11,RELA
ZNRD1,NME2
ZNRD1,PCNA
ZNRD1,POLR2E
ZNRD1,POLR2F
ZNRD1,POLR2H
ZNRD1,POLR2I
ZNRD1,POLR2K
