Gene1,Gene2
AATF,CDKN1A
AATF,MYC
AATF,TP53
AHR,BRCA1
AHR,CCND1
AHR,MYC
AHR,PCNA
APEX1,CCL2
ATF3,ASNS
ATF3,DDIT3
ATF3,TP53
BDP1,MYC
BDP1,TP53
BIN1,MYC
BRCA1,BRCA2
BRCA1,CCNB1
BRCA1,CCND1
BRCA1,CDKN1A
BRCA1,DDB2
BRCA1,DDIT3
BRCA1,EGFR
BRCA1,EGR1
BRCA1,HMGA2
BRCA1,IRF9
BRCA1,MAD2L1
BRCA1,MYC
BRCA1,SIRT1
BRCA1,STAT2
BRCA1,TFF1
BRCA2,RAD51
BTG2,CCND1
CDX2,CDKN1A
CDX2,MEP1A
CEBPA,AFP
CEBPA,ALB
CEBPA,CCL2
CEBPA,HSD17B11
CEBPA,MYC
CEBPA,SPP1
CEBPD,DDIT3
CEBPD,PDGFRA
CEBPD,POU5F1
CHD8,BRCA1
CHD8,MYC
CNBP,MYC
CREB1,FOXA1
CREB1,GRPR
CREB1,JUN
CREB1,LAPTM4B
CREB1,NR2F6
CREB1,NR5A2
CREB1,STMN1
CTBP1,BRCA1
CTBP1,BRCA2
DDIT3,ANKRD1
DDIT3,ASNS
DDIT3,ATG5
DDIT3,CEBPA
DDIT3,SIRT1
DDIT3,SIRT2
DDIT3,TF
DNMT1,BIRC5
DNMT1,BMP2
DNMT1,HDAC1
DNMT1,IL32
DNMT1,MSH2
DNMT1,SFRP1
DNMT1,TP53
DNMT3A,CDKN1A
DNMT3A,POU5F1
DNMT3A,SFRP1
E2F3,AURKA
E2F3,CCNB1
E2F3,CDK1
E2F3,CDKN1A
E2F3,PLK1
E2F3,TFE3
E2F4,AURKB
E2F4,BIRC5
E2F4,BRCA1
E2F4,CCNB1
E2F4,CCND1
E2F4,HCFC1
E2F4,MYC
E2F4,PLK1
E2F4,RAD51
E2F5,MYC
E2F8,CCND1
EGR1,AKR1B1
EGR1,ATF3
EGR1,CCND1
EGR1,CDKN1A
EGR1,EGFR
EGR1,F3
EGR1,STMN1
EGR1,TCF4
EGR1,TP53
EHMT2,BIRC5
EHMT2,CDKN1A
ELF1,BRCA2
ENO1,MYC
ENO1,MYCN
ETS1,ANPEP
ETS1,CDKN1A
ETS1,EGR1
ETS1,GRPR
ETS1,PARP1
ETS1,TP53
ETV4,ETS1
EZH2,ALDH1A1
EZH2,AXL
EZH2,BRCA1
EZH2,CCND1
EZH2,CDKN1A
EZH2,HDAC1
EZH2,MST1
EZH2,MYC
EZH2,PCNA
EZH2,POLR3D
EZH2,SFRP1
EZH2,TP53
FHL2,CCND1
FHL2,CDKN1A
FOSL1,EZH2
FOSL2,BRCA1
FOSL2,FOSL1
FOXA1,APOB
FOXA1,BRCA1
FOXA1,MYC
FOXA1,TFF1
FOXA2,APOA1
FOXA2,NR5A2
FOXA2,PAX6
FOXA2,TFF1
FOXM1,BRIP1
FOXM1,BTG2
FOXM1,CCNB1
FOXM1,FGB
FOXM1,MYC
FOXO1,EGR1
FOXO1,PDGFA
FUBP1,CDKN1A
FUBP1,MYC
GATA6,APOA1
GATA6,DAB2
GLI1,JUN
GLI1,PDGFRA
GLI1,SFRP1
GLI2,FOXA2
GLI2,JUN
GLI2,PDGFRA
GTF2I,SIRT1
HCFC1,E2F4
HDAC1,APOC3
HDAC1,BIRC5
HDAC1,BRCA2
HDAC1,CCND1
HDAC1,CDKN1A
HDAC1,DNMT1
HDAC1,EGFR
HDAC1,EGR1
HDAC1,PCNA
HDAC1,POU5F1
HDAC1,PSIP1
HDAC1,SFRP1
HDAC1,SPP1
HDAC1,TFF1
HDAC1,TP53
HDAC2,CCL2
HDAC2,CDKN1A
HDAC2,DNMT1
HDAC2,MYC
HDAC2,MYCN
HIF3A,EPAS1
HIPK2,CDKN1A
HIPK2,MEF2C
HIPK2,TP53
HMGA1,BRCA1
HMGA1,TP53
HMGN1,PCNA
HMGN1,TFF1
HNF4A,AFP
HNF4A,APOA1
HNF4A,APOA2
HNF4A,APOB
HNF4A,APOC3
HNF4A,CDKN1A
HNF4A,MTTP
HNF4A,MYC
HNF4A,PPARA
ID3,TCF3
ILF2,ILF3
ILF3,BIRC5
ING1,AFP
ING1,CDKN1A
ING1,PCNA
ING1,TP53
IRF1,CCNB1
IRF1,CDK1
IRF1,CDK4
IRF1,CDKN1A
IRF1,TP53
IRF1,TRIM22
IRF3,CCL2
IRF9,CDKN1A
IRF9,SP100
JUN,APOC3
JUN,ATF3
JUN,BRCA1
JUN,CA2
JUN,CCL2
JUN,CCND1
JUN,CDKN1A
JUN,DDIT3
JUN,EGFR
JUN,ETS1
JUN,EZH2
JUN,F3
JUN,FOSL1
JUN,LGALS3
JUN,MYC
JUN,PPARA
JUN,RARG
JUN,STMN1
JUN,TFF1
JUN,TP53
JUND,CCND1
JUND,CDKN1A
JUND,F3
JUND,FOSL1
JUND,SOX4
KDM4C,JAG1
KLF5,BIRC5
KLF5,CCNB1
KLF5,CCND1
KLF5,FOXO1
KLF6,ATF3
KLF6,CCND1
KLF6,CDKN1A
KLF6,PMAIP1
KLF6,PTTG1
LIN28A,CCND1
MEF2C,JUN
MYBL2,CCND1
MYBL2,MYC
MYC,ATF3
MYC,CCNB1
MYC,CCND1
MYC,CDK4
MYC,CDKN1A
MYC,CEBPA
MYC,CHEK1
MYC,CHEK2
MYC,EBNA1BP2
MYC,FOXM1
MYC,GATA4
MYC,HDAC2
MYC,ID2
MYC,MAPK1
MYC,MST1
MYC,PCNA
MYC,PMAIP1
MYC,SFRP1
MYC,SRSF1
MYC,TFRC
MYC,TP53
MYC,UBE2C
MYCN,BIRC5
MYCN,CDKN1A
MYCN,GRHL1
MYCN,HDAC2
MYCN,HMGA1
MYCN,ID2
MYCN,MCM2
MYCN,MCM3
MYCN,MCM4
MYCN,MCM5
MYCN,MCM6
MYCN,MCM7
MYCN,MCM8
MYCN,MYBL2
MYCN,TP53
NANOG,AFP
NANOG,CCND1
NANOG,CDX2
NANOG,GATA4
NANOG,GATA6
NANOG,L1TD1
NANOG,LAMB1
NANOG,MTF2
NANOG,NODAL
NANOG,POU5F1
NCOA1,CDKN1A
NFIB,CDKN1A
NFIB,WFDC2
NOTCH3,ASPH
NPM1,CCND1
NPM1,CDKN1A
NPM1,DNMT1
NPM1,TAF1A
NPM1,USP7
NR2F2,POU5F1
NR2F2,PPARA
NR2F6,APOA2
NR2F6,APOB
NR2F6,APOC3
NR3C1,BRCA1
NR3C1,CCND1
NR3C1,CDK4
NR3C1,CDKN1A
NR3C1,ETS1
NR3C1,SPP1
NR3C1,SRF
NR3C1,TP53
NUPR1,CDKN1A
NUPR1,TP53
OTX2,AURKA
OTX2,HESX1
OTX2,PAX6
PARP1,BRCA2
PARP1,CDKN1A
PARP1,FOXO1
PARP1,JUN
PBX1,NANOG
PHB2,BTG2
PIAS2,MYCN
PITX1,JUN
POU2F1,CCND1
POU2F1,CDX2
POU2F1,MAD2L1
POU2F1,SNAPC1
POU2F1,SPP1
POU2F1,TK1
POU5F1,CDKN1A
POU5F1,CDX2
POU5F1,DDC
POU5F1,EOMES
POU5F1,GATA6
POU5F1,ID2
POU5F1,L1TD1
POU5F1,NANOG
POU5F1,SOX2
POU5F1,SPP1
POU5F1,TDGF1
POU5F1,THY1
POU5F1,ZFP42
PPARA,APOA4
PPARA,APOB
PPARA,APOC3
PPARA,PLIN2
PPARA,SLC25A20
PRDM1,MYC
PRDM1,PCNA
PRDM14,POU5F1
PREB,CCL2
PTMA,CDKN1A
PTTG1,CCNB1
PTTG1,CDK1
PTTG1,ID3
PTTG1,LGALS1
PTTG1,MYC
RBMX,EGR1
RBMX,FOSL1
RBMX,JUND
REST,LIN28A
RFX5,HDAC2
RUVBL1,TP53
SALL3,DNMT3A
SALL4,POU5F1
SIRT1,BCL11A
SIRT1,CCND1
SIRT1,CDKN1A
SIRT1,EZH2
SIRT1,LIN28A
SIRT1,MYC
SIRT1,PAX6
SIRT1,TBX3
SIRT1,TP53
SIRT2,AFP
SIRT2,CDKN1A
SMAD2,AHR
SMAD2,CDKN1A
SMAD2,GLI1
SMAD3,AHR
SMAD3,APOC3
SMAD3,CDKN1A
SMAD3,FOXA2
SMAD3,GLI2
SMAD3,JUN
SMAD3,MXD1
SMAD3,MYC
SMAD3,ZFP36
SMARCA4,CCND1
SMARCA4,CDKN1A
SOX2,ASXL1
SOX2,CCND1
SOX2,L1TD1
SOX2,PAX6
SP100,ETS1
SP4,BIRC5
SP4,CCND1
SRF,CREB1
SRF,FHL2
SRF,FOSL1
SRF,HMGXB4
SRF,LMO7
SRF,TAGLN
SRSF1,MYC
SSB,LAMB1
STAT2,CCL2
STAT2,IRF1
TAF5,CDKN1A
TBL1X,MYC
TBX3,CDKN1A
TCF3,CDKN1A
TCF3,MYC
TCF3,POU5F1
TCF4,BIRC5
TCF4,CCND1
TCF4,JUN
TCF4,MYC
TCF4,VCAN
TFAP2C,CDKN1A
TFAP2C,CRABP2
TFDP1,CDK1
TFDP1,MYBL2
TFDP1,NRIP1
TFDP1,PCNA
TFDP1,RRM1
TFDP1,TP53
TNFAIP3,JUN
TP53,AFP
TP53,ANKRD1
TP53,ATF3
TP53,BIRC5
TP53,BRCA1
TP53,BRCA2
TP53,BTG2
TP53,CCNB1
TP53,CCNB2
TP53,CCND1
TP53,CDK1
TP53,CDK4
TP53,CDKN1A
TP53,CHEK1
TP53,CHEK2
TP53,DDB2
TP53,DNMT1
TP53,E2F3
TP53,E2F7
TP53,EGFR
TP53,EGR1
TP53,EZH2
TP53,FOXM1
TP53,GLI2
TP53,HIPK2
TP53,HNF4A
TP53,ID2
TP53,ING1
TP53,MCM7
TP53,MYC
TP53,PIAS3
TP53,PLK1
TP53,PMAIP1
TP53,PRC1
TP53,PTTG1
TP53,SMAD3
TP53,TRIM22
TP53,UHRF1
TP53,VCAN
TRIM28,E2F3
TRIM28,E2F4
UHRF1,TOP2A
WDR5,MYC
XBP1,CCL2
XBP1,DDIT3
XRCC5,ETS1
YBX1,AGT
YBX1,ANAPC4
YBX1,CCNB1
YBX1,CDC20
YBX1,CDKN3
YBX1,CKS2
YBX1,EGFR
YBX1,KPNA2
YBX1,MYCN
YBX1,TOP2A
YEATS4,TP53
ZBTB16,CEBPA
ZBTB16,ID2
ZFHX3,AFP
ZFHX3,CDKN1A
ZIC2,TCF4
ZNF143,BUB1B
ZNF300,CDKN1A
ZNF300,MYC
AATF,CHEK1
AATF,CHEK2
AATF,PAWR
AEBP1,TCF3
AEBP2,EED
AEBP2,RBBP4
AES,GTF2E1
AES,POU2F1
AES,PRDM1
AHR,APEH
AHR,ATF3
AHR,BCL11A
AHR,BCL11B
AHR,C1GALT1
AHR,CAMK2D
AHR,CBX3
AHR,CDCA7L
AHR,CKS1B
AHR,CNBP
AHR,CREB1
AHR,CTDSPL
AHR,DDAH1
AHR,EGR1
AHR,EHMT2
AHR,ETV4
AHR,EWSR1
AHR,EZH2
AHR,FOXA2
AHR,FOXO1
AHR,FOXP1
AHR,G6PC3
AHR,GPC3
AHR,GSN
AHR,GTF2F2
AHR,HERPUD1
AHR,HMGA1
AHR,HMGN2
AHR,HNRNPUL1
AHR,IQGAP2
AHR,IRF1
AHR,ISG15
AHR,JAG1
AHR,LAMC1
AHR,MATR3
AHR,MED30
AHR,MTF2
AHR,NCOA1
AHR,NME2
AHR,NR2F2
AHR,NR3C1
AHR,NRIP1
AHR,NSD1
AHR,OTX2
AHR,PDGFA
AHR,PIAS2
AHR,PIM2
AHR,POLR1D
AHR,PPARA
AHR,PRMT5
AHR,PTMA
AHR,RAD51
AHR,RARG
AHR,RBBP7
AHR,SLC7A3
AHR,SMAD5
AHR,SMARCA4
AHR,SOX2
AHR,SP4
AHR,SRSF6
AHR,SSBP3
AHR,TAF7
AHR,TBL1X
AHR,THAP1
AHR,TNNI3
AHR,TRIM27
AHR,XRCC6
AHR,YARS
AHR,ZFHX3
AHR,ZIC2
AHR,ZNHIT3
APEX1,FEN1
APEX1,HDAC1
APEX1,HMGB2
APEX1,PCNA
APEX1,POLB
APEX1,TP53
APEX1,XRCC6
ASCC3,SKIL
ATF3,B4GALT3
ATF3,CENPE
ATF3,CRABP2
ATF3,ELL2
ATF3,FOSB
ATF3,GATA4
ATF3,GPM6B
ATF3,HCFC1
ATF3,ICA1
ATF3,JUN
ATF3,JUND
ATF3,KAT7
ATF3,LHX1
ATF3,MAFF
ATF3,MXD1
ATF3,MYBL2
ATF3,NEDD1
ATF3,NR3C1
ATF3,NUF2
ATF3,PAX6
ATF3,PEG3
ATF3,PRKCE
ATF3,RAD51C
ATF3,SIRT2
ATF3,SKIL
ATF3,SLC7A3
ATF3,SMAD3
ATF3,SRSF1
ATF3,SSBP3
ATF3,TGIF2
ATF3,ZFHX3
ATF3,ZWILCH
BCL11A,NR2F2
BCL11B,NR2F2
BCOR,HDAC1
BCOR,USP7
BPTF,ACADVL
BPTF,BTG1
BPTF,CCDC82
BPTF,CDCA3
BPTF,COPS5
BPTF,CREB3L3
BPTF,CUEDC2
BPTF,DAB2
BPTF,ETV1
BPTF,HIST1H1E
BPTF,MAZ
BPTF,MEF2C
BPTF,NNAT
BPTF,NR2F2
BPTF,PIM2
BPTF,RRM1
BPTF,SERTAD3
BPTF,SP4
BPTF,TGIF1
BPTF,ZFP36
BRCA1,AKR1B1
BRCA1,AURKA
BRCA1,BRIP1
BRCA1,CDK1
BRCA1,CDK4
BRCA1,CHEK2
BRCA1,CTBP1
BRCA1,DCLRE1C
BRCA1,E2F4
BRCA1,ETS1
BRCA1,FANCD2
BRCA1,FHL2
BRCA1,HDAC1
BRCA1,HDAC2
BRCA1,JUN
BRCA1,JUND
BRCA1,KPNA2
BRCA1,MED21
BRCA1,PCNA
BRCA1,POLR2K
BRCA1,POU2F1
BRCA1,RAD51
BRCA1,RBBP4
BRCA1,RBBP7
BRCA1,RFC1
BRCA1,SMAD2
BRCA1,SMAD3
BRCA1,SMARCA4
BRCA1,TOP2A
BRCA1,TP53
BRCA2,BRCA1
BRCA2,BUB1B
BRCA2,CDK1
BRCA2,FANCD2
BRCA2,PLK1
BRCA2,SMAD3
BRCA2,TP53
BRIP1,BRCA1
BTF3,MED21
BTF3,POLR2B
BTG1,CNOT7
BTG1,THRB
BTG2,CNOT7
CBX3,DSN1
CBX3,HIST1H1E
CBX3,SP100
CBX3,TRIM28
CDX2,MAPK1
CDX2,PAX6
CEBPA,ACADVL
CEBPA,AEBP1
CEBPA,AGT
CEBPA,APEH
CEBPA,APOA1
CEBPA,APOB
CEBPA,ASXL1
CEBPA,ATF3
CEBPA,BCL11B
CEBPA,CCNB1
CEBPA,CCND1
CEBPA,CCS
CEBPA,CDK4
CEBPA,CDKN1A
CEBPA,CDKN3
CEBPA,CEBPD
CEBPA,COMMD3
CEBPA,CREB1
CEBPA,CUEDC2
CEBPA,DDIT3
CEBPA,E2F3
CEBPA,E2F4
CEBPA,F3
CEBPA,FANCB
CEBPA,FGA
CEBPA,FOSL1
CEBPA,FOXP1
CEBPA,GATA4
CEBPA,GLIS3
CEBPA,GPC3
CEBPA,HMGCS2
CEBPA,HMGN2
CEBPA,HMGN3
CEBPA,HNF4A
CEBPA,HP
CEBPA,HPX
CEBPA,ID2
CEBPA,ID3
CEBPA,IQGAP2
CEBPA,IVNS1ABP
CEBPA,KAT7
CEBPA,LAMC1
CEBPA,MAF
CEBPA,MRPS27
CEBPA,NCOA6
CEBPA,NFYB
CEBPA,NIP7
CEBPA,NR1H3
CEBPA,NR2F2
CEBPA,NR3C1
CEBPA,NRIP1
CEBPA,NUPR1
CEBPA,ORC4
CEBPA,PAX6
CEBPA,PCNA
CEBPA,PDGFA
CEBPA,PDGFRA
CEBPA,PIM2
CEBPA,PITX1
CEBPA,POLR2D
CEBPA,PREB
CEBPA,PSAT1
CEBPA,RFC1
CEBPA,RUNX1T1
CEBPA,SEC14L2
CEBPA,STC1
CEBPA,TCF4
CEBPA,TF
CEBPA,TFDP2
CEBPA,TFE3
CEBPA,TK1
CEBPA,TOP2A
CEBPA,TP53
CEBPA,UHRF1
CEBPA,VTN
CEBPD,CCND1
CEBPD,CEBPA
CEBPD,F3
CEBPD,HPX
CEBPD,TF
CEBPZ,NFYB
CEBPZ,TP53
CHAF1A,BLM
CHAF1A,PCNA
CHAF1A,TCERG1
CHAF1A,TRIM28
CNOT7,BTG1
CNOT7,BTG2
CNOT7,CDK1
CNOT7,CDK4
COPS2,COPS5
COPS2,NIF3L1
COPS2,THRB
COPS2,TP53
COPS5,COPS2
COPS5,F2RL1
COPS5,HNF4A
COPS5,JUN
COPS5,JUND
COPS5,NCOA1
COPS5,SMAD2
COPS5,TP53
COPS5,UCHL1
CREB1,ACY1
CREB1,AIMP2
CREB1,APEX1
CREB1,ARL6IP6
CREB1,ATF3
CREB1,ATG5
CREB1,B4GALT3
CREB1,BIN1
CREB1,BRCA1
CREB1,BTG2
CREB1,C11orf1
CREB1,CAMK2D
CREB1,CCND1
CREB1,CHEK1
CREB1,CNOT7
CREB1,CREB3L2
CREB1,DDX5
CREB1,DGAT1
CREB1,DRAP1
CREB1,EGR1
CREB1,ELAVL2
CREB1,F3
CREB1,FOSB
CREB1,GATA4
CREB1,GLI2
CREB1,GPM6B
CREB1,GTF2F2
CREB1,HCFC1
CREB1,HMGN1
CREB1,ID2
CREB1,ID3
CREB1,IRF1
CREB1,IVNS1ABP
CREB1,JARID2
CREB1,KAT7
CREB1,KLF5
CREB1,LAMB1
CREB1,LAMC1
CREB1,LCMT1
CREB1,LHX1
CREB1,MAF
CREB1,MAFF
CREB1,MAP1B
CREB1,MCM2
CREB1,MED14
CREB1,MED21
CREB1,MEF2C
CREB1,MLF1
CREB1,NR3C1
CREB1,NSD1
CREB1,PAK1IP1
CREB1,PAPOLA
CREB1,PAX6
CREB1,PEF1
CREB1,PITX2
CREB1,POLB
CREB1,PPARA
CREB1,PRKCE
CREB1,PTMA
CREB1,PWP1
CREB1,RNF19A
CREB1,SEC11C
CREB1,SGK1
CREB1,SKIL
CREB1,SMARCA4
CREB1,SMARCA5
CREB1,SP4
CREB1,SRF
CREB1,SRSF1
CREB1,SSBP3
CREB1,SULF2
CREB1,SUV39H2
CREB1,TF
CREB1,TFRC
CREB1,TGIF2
CREB1,THRAP3
CREB1,UMPS
CREB1,USP44
CREB1,VEZF1
CREB1,ZBTB16
CREB1,ZNF644
CREB1,ZNRD1
CREB3L3,USP7
CSDE1,HNRNPD
CSRP2,EEF1A1
CTBP1,FOXP1
CTBP1,HDAC1
CTBP1,HDAC2
CTBP1,NRIP1
CTBP1,RBPJ
CTBP1,TCF7L1
CTBP1,TGIF1
DAB2,CDK1
DAB2,ITGB5
DAB2,SMAD2
DAB2,SMAD3
DAXX,DNMT1
DAXX,ETS1
DAXX,HDAC1
DAXX,HDAC2
DAXX,HIPK2
DAXX,TP53
DAXX,USP7
DDB2,HDAC1
DDIT3,APEH
DDIT3,ASXL1
DDIT3,ATF3
DDIT3,BCL11B
DDIT3,CCS
DDIT3,E2F4
DDIT3,FANCB
DDIT3,FOXP1
DDIT3,HMGN3
DDIT3,ID2
DDIT3,ID3
DDIT3,IQGAP2
DDIT3,JUN
DDIT3,JUND
DDIT3,LAMC1
DDIT3,MRPS27
DDIT3,NIP7
DDIT3,PDGFA
DDIT3,RUNX1T1
DDIT3,VTN
DDIT3,XBP1
DDX20,GEMIN2
DDX20,HDAC2
DDX20,SNRPB
DDX20,SNRPD1
DDX54,NR3C1
DDX5,FBL
DDX5,NCOA1
DDX5,SMAD3
DDX5,TP53
DEK,SRRM1
DNMT1,DAXX
DNMT1,DNMT3A
DNMT1,DNMT3B
DNMT1,EED
DNMT1,EZH2
DNMT1,HDAC2
DNMT1,PCNA
DNMT1,TRIM27
DNMT3A,DNMT1
DNMT3A,DNMT3B
DNMT3A,EED
DNMT3A,EZH2
DNMT3A,HDAC1
DNMT3A,MYC
DR1,DRAP1
DRAP1,DR1
DRAP1,FOXH1
DRAP1,NFYB
DRAP1,TAF9B
DRAP1,TK1
DRAP1,TTF2
E2F3,ARL6IP6
E2F3,CA2
E2F3,CBX3
E2F3,CNBP
E2F3,CNOT10
E2F3,CREG1
E2F3,CSDE1
E2F3,CSRP2
E2F3,CTDSPL
E2F3,DAXX
E2F3,DCTPP1
E2F3,DEK
E2F3,DNMT1
E2F3,ETS1
E2F3,FAM64A
E2F3,GLI2
E2F3,GMNN
E2F3,GTF3C2
E2F3,HAT1
E2F3,HCFC1
E2F3,HMGA1
E2F3,HMGB2
E2F3,HNRNPD
E2F3,HNRNPUL1
E2F3,MCM3
E2F3,MCM4
E2F3,MCM5
E2F3,MCM6
E2F3,MCM7
E2F3,MELK
E2F3,MYBL2
E2F3,MYCN
E2F3,ORC2
E2F3,OTX2
E2F3,PAX6
E2F3,PCNA
E2F3,PDGFA
E2F3,PEG3
E2F3,PHF5A
E2F3,PPP1R7
E2F3,PRKCE
E2F3,PRPS2
E2F3,PTMA
E2F3,RAD51
E2F3,SLC25A20
E2F3,SMARCE1
E2F3,SMC4
E2F3,SOX4
E2F3,SRRM1
E2F3,SRSF1
E2F3,SRSF2
E2F3,SSBP3
E2F3,STMN1
E2F3,TADA3
E2F3,TAF7
E2F3,TCF4
E2F3,TFDP1
E2F3,TFDP2
E2F3,UHRF1
E2F3,USP44
E2F3,XRCC6
E2F3,ZNF644
E2F4,ANLN
E2F4,ARL6IP6
E2F4,BCL11A
E2F4,CA2
E2F4,CBX3
E2F4,CDK1
E2F4,CENPE
E2F4,CHEK1
E2F4,CKS1B
E2F4,CKS2
E2F4,CNBP
E2F4,CNOT10
E2F4,CREG1
E2F4,CSDE1
E2F4,CSRP2
E2F4,CTDSPL
E2F4,CUTC
E2F4,DAXX
E2F4,DCTPP1
E2F4,DEK
E2F4,DNMT1
E2F4,DUT
E2F4,E2F3
E2F4,ETS1
E2F4,EXOSC9
E2F4,F3
E2F4,FAM64A
E2F4,FEN1
E2F4,GLI2
E2F4,GMNN
E2F4,GTF3C2
E2F4,HAT1
E2F4,HMGA1
E2F4,HMGB2
E2F4,HMGN2
E2F4,HMMR
E2F4,HNF4A
E2F4,HNRNPD
E2F4,HNRNPUL1
E2F4,ID3
E2F4,ITGB3BP
E2F4,JUN
E2F4,KHDRBS1
E2F4,KIF22
E2F4,LGALS1
E2F4,MAD2L1
E2F4,MCM3
E2F4,MCM4
E2F4,MCM5
E2F4,MCM6
E2F4,MCM7
E2F4,MCM8
E2F4,MED21
E2F4,MELK
E2F4,MSH2
E2F4,MTHFD1
E2F4,MYBL2
E2F4,MYCN
E2F4,NEK2
E2F4,ORC2
E2F4,OTX2
E2F4,PAX6
E2F4,PCNA
E2F4,PDGFA
E2F4,PEG3
E2F4,PHF5A
E2F4,PIM2
E2F4,POLR2D
E2F4,POLR2F
E2F4,POLR3D
E2F4,PPP1R7
E2F4,PRC1
E2F4,PRKCE
E2F4,PRPS2
E2F4,PTMA
E2F4,PTTG1
E2F4,RFC2
E2F4,RFC4
E2F4,RRM1
E2F4,S100A6
E2F4,SLC25A20
E2F4,SMAD2
E2F4,SMAD3
E2F4,SMARCA4
E2F4,SMARCE1
E2F4,SMC4
E2F4,SOX4
E2F4,SRRM1
E2F4,SRSF1
E2F4,SRSF2
E2F4,SSBP3
E2F4,STMN1
E2F4,TADA3
E2F4,TAF7
E2F4,TCF4
E2F4,TEAD4
E2F4,TFAP2C
E2F4,TFDP1
E2F4,TFDP2
E2F4,TFRC
E2F4,TK1
E2F4,TOP2A
E2F4,TP53
E2F4,UHRF1
E2F4,UMPS
E2F4,USP44
E2F4,XRCC6
E2F4,ZNF644
E2F5,ARL6IP6
E2F5,CA2
E2F5,CBX3
E2F5,CNBP
E2F5,CNOT10
E2F5,CREG1
E2F5,CSDE1
E2F5,CSRP2
E2F5,CTDSPL
E2F5,DAXX
E2F5,DCTPP1
E2F5,DEK
E2F5,DNMT1
E2F5,E2F3
E2F5,ETS1
E2F5,FAM64A
E2F5,GLI2
E2F5,GMNN
E2F5,GTF3C2
E2F5,HAT1
E2F5,HCFC1
E2F5,HMGA1
E2F5,HMGB2
E2F5,HNRNPD
E2F5,HNRNPUL1
E2F5,MCM3
E2F5,MCM4
E2F5,MCM5
E2F5,MCM6
E2F5,MCM7
E2F5,MELK
E2F5,MYBL2
E2F5,MYCN
E2F5,ORC2
E2F5,OTX2
E2F5,PAX6
E2F5,PCNA
E2F5,PDGFA
E2F5,PEG3
E2F5,PHF5A
E2F5,PPP1R7
E2F5,PRKCE
E2F5,PRPS2
E2F5,PTMA
E2F5,RAD51
E2F5,SLC25A20
E2F5,SMAD2
E2F5,SMAD3
E2F5,SMARCE1
E2F5,SMC4
E2F5,SOX4
E2F5,SRRM1
E2F5,SRSF1
E2F5,SRSF2
E2F5,SSBP3
E2F5,STMN1
E2F5,TADA3
E2F5,TAF7
E2F5,TCF4
E2F5,TFDP1
E2F5,UHRF1
E2F5,USP44
E2F5,XRCC6
E2F5,ZNF644
E2F7,ARL6IP6
E2F7,CA2
E2F7,CBX3
E2F7,CNBP
E2F7,CNOT10
E2F7,CREG1
E2F7,CSDE1
E2F7,CSRP2
E2F7,CTDSPL
E2F7,DAXX
E2F7,DCTPP1
E2F7,DEK
E2F7,DNMT1
E2F7,E2F3
E2F7,ETS1
E2F7,FAM64A
E2F7,GLI2
E2F7,GMNN
E2F7,GTF3C2
E2F7,HAT1
E2F7,HCFC1
E2F7,HMGA1
E2F7,HMGB2
E2F7,HNRNPD
E2F7,HNRNPUL1
E2F7,MCM3
E2F7,MCM4
E2F7,MCM5
E2F7,MCM6
E2F7,MCM7
E2F7,MELK
E2F7,MYBL2
E2F7,MYCN
E2F7,ORC2
E2F7,OTX2
E2F7,PAX6
E2F7,PCNA
E2F7,PDGFA
E2F7,PEG3
E2F7,PHF5A
E2F7,PPP1R7
E2F7,PRKCE
E2F7,PRPS2
E2F7,PTMA
E2F7,RAD51
E2F7,SLC25A20
E2F7,SMARCE1
E2F7,SMC4
E2F7,SOX4
E2F7,SRRM1
E2F7,SRSF1
E2F7,SRSF2
E2F7,SSBP3
E2F7,STMN1
E2F7,TADA3
E2F7,TAF7
E2F7,TCF4
E2F7,UHRF1
E2F7,USP44
E2F7,XRCC6
E2F7,ZNF644
ECD,NR3C1
EED,AEBP2
EED,DNMT1
EED,DNMT3A
EED,DNMT3B
EED,EZH2
EED,HDAC1
EED,HDAC2
EEF1A1,CKS2
EEF1A1,CSRP2
EEF1A1,PAFAH1B3
EEF1A1,SMAD2
EEF1A1,TGIF1
EEF1A1,TTR
EEF1A1,WARS
EEF1A1,XPO5
EEF1A1,ZBTB16
EGR1,ACADVL
EGR1,AEBP2
EGR1,AFF4
EGR1,AGTRAP
EGR1,ALG6
EGR1,AMZ2
EGR1,ANKRD1
EGR1,ANXA3
EGR1,APOA1
EGR1,APOC2
EGR1,ARID3B
EGR1,ARL6IP6
EGR1,B4GALT3
EGR1,BCOR
EGR1,BPTF
EGR1,BTG2
EGR1,BZW2
EGR1,C9orf72
EGR1,CBX3
EGR1,CCDC82
EGR1,CD9
EGR1,CDK4
EGR1,CEBPA
EGR1,CENPN
EGR1,CENPW
EGR1,CEP70
EGR1,CHAF1A
EGR1,CNBP
EGR1,CNOT10
EGR1,CNOT7
EGR1,CRABP2
EGR1,CREB1
EGR1,CREB3L2
EGR1,CTBP1
EGR1,CTDSPL
EGR1,CTSC
EGR1,DDAH1
EGR1,DDIT3
EGR1,DDX20
EGR1,DDX5
EGR1,DEDD
EGR1,DKC1
EGR1,DLGAP5
EGR1,DNAH14
EGR1,DNAJC2
EGR1,DNMT3B
EGR1,DNPEP
EGR1,DOT1L
EGR1,DPCD
EGR1,DR1
EGR1,DRAP1
EGR1,E2F3
EGR1,EBNA1BP2
EGR1,EEF1A1
EGR1,EHMT1
EGR1,EHMT2
EGR1,ENO1
EGR1,EPAS1
EGR1,ESPL1
EGR1,ETV4
EGR1,EZH2
EGR1,FAM64A
EGR1,FANCB
EGR1,FANCI
EGR1,FOSB
EGR1,FOSL2
EGR1,FOXH1
EGR1,FOXM1
EGR1,G6PC3
EGR1,GABPB1
EGR1,GATAD2B
EGR1,GGCT
EGR1,GMEB1
EGR1,GNPNAT1
EGR1,GRHL1
EGR1,GSN
EGR1,GTF2I
EGR1,HCFC1
EGR1,HMGA1
EGR1,HMGCL
EGR1,HMGN1
EGR1,HMGN2
EGR1,HNRNPAB
EGR1,HNRNPD
EGR1,HNRNPUL1
EGR1,HPRT1
EGR1,ID2
EGR1,IFITM1
EGR1,ILF3
EGR1,ING5
EGR1,ISY1
EGR1,ITGB3BP
EGR1,IVNS1ABP
EGR1,JARID2
EGR1,JMJD1C
EGR1,JUN
EGR1,JUND
EGR1,KAT7
EGR1,KDELR3
EGR1,KDM4C
EGR1,KHDRBS1
EGR1,KIF22
EGR1,KLF3
EGR1,KLF6
EGR1,LCMT1
EGR1,LITAF
EGR1,MAFF
EGR1,MAPK1
EGR1,MATR3
EGR1,MAZ
EGR1,MCM8
EGR1,MIS18BP1
EGR1,MSH2
EGR1,MTF2
EGR1,NFATC2
EGR1,NFYB
EGR1,NR1H3
EGR1,NR3C1
EGR1,NRIP1
EGR1,NT5DC2
EGR1,NUDT15
EGR1,NUP35
EGR1,ODF2L
EGR1,ORC4
EGR1,PAPOLA
EGR1,PARP1
EGR1,PDCD11
EGR1,PDGFA
EGR1,PDLIM7
EGR1,PEMT
EGR1,PITX1
EGR1,PITX2
EGR1,PLAGL2
EGR1,PLCD1
EGR1,PMS1
EGR1,POLR2L
EGR1,PPARA
EGR1,PRIM1
EGR1,PSIP1
EGR1,PTMA
EGR1,PUS7L
EGR1,RAD51C
EGR1,RAI14
EGR1,RARG
EGR1,RBBP7
EGR1,RBM39
EGR1,REST
EGR1,RFXANK
EGR1,RNASEH2A
EGR1,RNF19A
EGR1,RREB1
EGR1,RUVBL1
EGR1,SERPINB1
EGR1,SHISA2
EGR1,SIRT1
EGR1,SKIL
EGR1,SMAD3
EGR1,SMARCA4
EGR1,SMARCD2
EGR1,SOX2
EGR1,SP4
EGR1,SRRM1
EGR1,SRSF1
EGR1,SRSF6
EGR1,SSBP2
EGR1,SSBP3
EGR1,TADA3
EGR1,TAF11
EGR1,TAF5
EGR1,TBPL1
EGR1,TCF25
EGR1,TCFL5
EGR1,TEAD2
EGR1,TF
EGR1,TFE3
EGR1,TFRC
EGR1,THRAP3
EGR1,THRB
EGR1,THYN1
EGR1,TIMM21
EGR1,TMEM120A
EGR1,TNFAIP3
EGR1,TOP2B
EGR1,TOPORS
EGR1,TRERF1
EGR1,TRIM27
EGR1,TUBB6
EGR1,U2AF1
EGR1,WARS
EGR1,WDHD1
EGR1,XPO5
EGR1,XRCC6
EGR1,YAF2
EGR1,YBX1
EGR1,ZFP36
EGR1,ZHX1
EGR1,ZNF160
EGR1,ZNF33A
EGR1,ZNF398
EGR1,ZNF644
EHMT2,HIST1H1B
EHMT2,KLF6
ELF1,HMGA1
ELF1,NFYB
EPAS1,SMAD3
EPAS1,TCEB1
EPAS1,TCEB2
ERCC8,CBR1
ERCC8,GTF2H2
ESPL1,PTTG1
ETS1,AXL
ETS1,BRCA2
ETS1,CCND1
ETS1,CDK4
ETS1,COPS2
ETS1,DAXX
ETS1,ETV4
ETS1,FOSL1
ETS1,JUN
ETS1,LCP1
ETS1,MAF
ETS1,MAPK1
ETS1,MYC
ETS1,NNAT
ETS1,NR3C1
ETS1,SMAD3
ETS1,SP100
ETS1,SPP1
ETS1,TDP2
ETS1,TFRC
ETV4,BRCA1
ETV4,SHMT2
ETV4,SPP1
ETV4,SRF
EWSR1,ACTL6A
EWSR1,AGT
EWSR1,CUEDC2
EWSR1,HERPUD1
EWSR1,HMGA1
EWSR1,POLR2G
EWSR1,POU5F1
EWSR1,SALL2
EWSR1,SSBP2
EWSR1,SUV39H2
EWSR1,USP7
EWSR1,VPS72
EZH2,DNMT1
EZH2,DNMT3A
EZH2,DNMT3B
EZH2,EED
FHL2,BRCA1
FHL2,FOXO1
FHL2,ITGB5
FHL2,MCM7
FHL2,SRF
FHL2,ZBTB16
FHL2,ZNF638
FOSB,ACADVL
FOSB,ANXA3
FOSB,BCOR
FOSB,CAPN12
FOSB,CRABP2
FOSB,DRAP1
FOSB,EEF1A1
FOSB,EFTUD2
FOSB,ELL2
FOSB,EWSR1
FOSB,F3
FOSB,FOSL1
FOSB,GATA4
FOSB,GRPR
FOSB,ICA1
FOSB,JUND
FOSB,KAT7
FOSB,KLF5
FOSB,PAWR
FOSB,PIM2
FOSB,RARG
FOSB,RBBP7
FOSB,RBP4
FOSB,SMARCA5
FOSB,TCF3
FOSB,TCOF1
FOSB,TNNI3
FOSB,TOPORS
FOSB,TUBB6
FOSB,ZFP36
FOSL1,ACADVL
FOSL1,ANXA3
FOSL1,BCOR
FOSL1,CRABP2
FOSL1,DRAP1
FOSL1,EEF1A1
FOSL1,EFTUD2
FOSL1,EWSR1
FOSL1,F3
FOSL1,GRPR
FOSL1,ICA1
FOSL1,JUN
FOSL1,PAWR
FOSL1,RARG
FOSL1,RBBP7
FOSL1,TCF3
FOSL1,TNNI3
FOSL1,TUBB6
FOSL1,ZFP36
FOSL2,JUN
FOSL2,JUND
FOXA1,ACAD11
FOXA1,AEBP2
FOXA1,AHSG
FOXA1,AMBP
FOXA1,ANKRD1
FOXA1,CACYBP
FOXA1,COMMD3
FOXA1,ECT2
FOXA1,EFNA1
FOXA1,ELL2
FOXA1,FABP1
FOXA1,FGB
FOXA1,FOXP1
FOXA1,GNPNAT1
FOXA1,GTF3C2
FOXA1,HTATSF1
FOXA1,ID2
FOXA1,MCM7
FOXA1,NR2F2
FOXA1,PYGL
FOXA1,RAB34
FOXA1,RBP4
FOXA1,RRM2
FOXA1,SEPP1
FOXA1,SERPIND1
FOXA1,SMAD3
FOXA1,SSBP3
FOXA1,TF
FOXA1,TGIF1
FOXA1,UGT2B11
FOXA1,VCAN
FOXA1,VEZF1
FOXA1,YAE1D1
FOXA2,AEBP2
FOXA2,AMBP
FOXA2,ANG
FOXA2,AURKB
FOXA2,COMMD3
FOXA2,DNMT3B
FOXA2,ECT2
FOXA2,EFNA1
FOXA2,ELL2
FOXA2,FABP1
FOXA2,FAM13A
FOXA2,FOXP1
FOXA2,GSN
FOXA2,GTF3C2
FOXA2,HCFC1
FOXA2,HPX
FOXA2,HTATSF1
FOXA2,ID2
FOXA2,KIF20B
FOXA2,MCM5
FOXA2,MCM7
FOXA2,NCOA1
FOXA2,NR1H3
FOXA2,NR2F2
FOXA2,OTX2
FOXA2,PDZK1
FOXA2,POLR3E
FOXA2,RBP4
FOXA2,RHOBTB3
FOXA2,RNASE4
FOXA2,RRM2
FOXA2,SERPIND1
FOXA2,SMAD3
FOXA2,SPINK1
FOXA2,TBX3
FOXA2,TF
FOXA2,TGIF1
FOXA2,UGT2B11
FOXA2,VEZF1
FOXA2,YAE1D1
FOXA2,ZWILCH
FOXH1,DRAP1
FOXH1,SMAD2
FOXH1,SMAD3
FOXM1,CDK1
FOXO1,AATF
FOXO1,BCOR
FOXO1,BSCL2
FOXO1,BTG1
FOXO1,COQ3
FOXO1,DDAH1
FOXO1,E2F3
FOXO1,EFNA1
FOXO1,ETV5
FOXO1,FHL2
FOXO1,FOXP1
FOXO1,HNF4A
FOXO1,ICA1
FOXO1,ID2
FOXO1,JAG1
FOXO1,MAFF
FOXO1,OTX2
FOXO1,PRDM1
FOXO1,PTTG1
FOXO1,RUNX1T1
FOXO1,SEMA3E
FOXO1,SIRT1
FOXO1,SMAD3
FOXO1,TFDP2
FOXO1,TGIF1
FOXO1,THRB
FOXO1,TRERF1
FOXO1,VCAN
FOXO1,ZBTB16
FOXO1,ZWILCH
FOXP1,CTBP1
FUBP1,AIMP2
GABPB1,HCFC1
GABPB1,YAF2
GATA4,JARID2
GATA4,MEF2C
GATA4,SRF
GATAD2B,SMAD2
GLI1,BMP2
GLI1,FOXA2
GLI1,GLI2
GLI1,ZIC2
GLI2,BMP2
GLI2,CREB1
GLI2,GLI1
GLI2,ZIC2
GMEB1,SMAD3
GTF2E1,AES
GTF2E1,GTF2F2
GTF2E1,TAF6
GTF2E1,TCEA1
GTF2F2,AHR
GTF2F2,CREB1
GTF2F2,GTF2E1
GTF2F2,HTATSF1
GTF2F2,JUN
GTF2F2,KLF5
GTF2F2,TAF5
GTF2H2,ERCC8
GTF2I,MYC
GTF2I,PIAS2
GTF2I,SMAD2
GTF2I,SRF
GTF3C2,GTF3C4
GTF3C4,GTF3C2
GTF3C4,GTF3C5
GTF3C5,GTF3C4
H1F0,KPNA2
HCFC1,GABPB1
HCFC1,JUN
HCFC1,PSIP1
HCFC1,THAP11
HDAC1,APEX1
HDAC1,BCOR
HDAC1,BRCA1
HDAC1,BUB1
HDAC1,BUB1B
HDAC1,CDC20
HDAC1,CTBP1
HDAC1,DAXX
HDAC1,DDB2
HDAC1,DNMT3A
HDAC1,DNMT3B
HDAC1,EED
HDAC1,EZH2
HDAC1,HDAC2
HDAC1,HIF1AN
HDAC1,ING1
HDAC1,NR2F2
HDAC1,NRIP1
HDAC1,PHB2
HDAC1,PIAS3
HDAC1,PITX2
HDAC1,PTMA
HDAC1,RBBP4
HDAC1,RBBP7
HDAC1,RBPJ
HDAC1,RFC1
HDAC1,RFC4
HDAC1,RUNX1T1
HDAC1,RUVBL2
HDAC1,SMAD2
HDAC1,STAT2
HDAC1,TGIF1
HDAC1,TGIF2
HDAC1,TOP2A
HDAC1,TOP2B
HDAC1,TPD52L1
HDAC1,TRIM27
HDAC1,ZBTB16
HDAC2,BRCA1
HDAC2,CDC20
HDAC2,CTBP1
HDAC2,DAXX
HDAC2,DDX20
HDAC2,DNMT3B
HDAC2,EED
HDAC2,HDAC1
HDAC2,HIF1AN
HDAC2,ING1
HDAC2,MXD1
HDAC2,NRIP1
HDAC2,PA2G4
HDAC2,PHB2
HDAC2,PTMA
HDAC2,RBBP4
HDAC2,RBBP7
HDAC2,RBPJ
HDAC2,RFX5
HDAC2,SMARCA5
HDAC2,THRB
HDAC2,TOP2A
HDAC2,TP53
HIF1AN,HDAC1
HIF1AN,HDAC2
HIPK2,DAXX
HIPK2,DDX39A
HIPK2,HMGA1
HIPK2,PAX6
HIPK2,SMAD2
HIPK2,SP100
HIST1H1B,EHMT2
HIST1H1B,MELK
HIST1H1B,SIRT1
HIST1H1C,F10
HIST1H1E,CBX3
HMGA1,CDK1
HMGA1,ELF1
HMGA1,EWSR1
HMGA1,HIPK2
HMGA1,IRF1
HMGA1,JUN
HMGA1,RARG
HMGA1,RNF4
HMGA1,SRF
HMGA2,CDK1
HMGA2,PIAS3
HMGA2,SMAD3
HMGB2,APEX1
HMGB2,POU2F1
HMGB2,POU5F1
HMGB2,TP53
HMGN1,HMGN2
HMGN2,HMGN1
HMGN3,THRB
HNF4A,AASS
HNF4A,ACADVL
HNF4A,ACOX2
HNF4A,ACY1
HNF4A,AES
HNF4A,AMBP
HNF4A,APOA4
HNF4A,APOC2
HNF4A,ARL6IP6
HNF4A,ASXL1
HNF4A,ATL2
HNF4A,AURKA
HNF4A,BCL11A
HNF4A,BPHL
HNF4A,C1GALT1
HNF4A,CBR1
HNF4A,CCS
HNF4A,CEBPA
HNF4A,COPS5
HNF4A,CRABP2
HNF4A,CREB3L3
HNF4A,CRYZL1
HNF4A,CUEDC2
HNF4A,DCLRE1C
HNF4A,DDIT3
HNF4A,DNMT3A
HNF4A,DNPEP
HNF4A,E2F5
HNF4A,ECHDC2
HNF4A,EEF1A1
HNF4A,EHMT1
HNF4A,ELF1
HNF4A,EPHX2
HNF4A,EXOSC9
HNF4A,F10
HNF4A,FGB
HNF4A,FOXA2
HNF4A,FOXO1
HNF4A,FOXP1
HNF4A,GALK1
HNF4A,GMNN
HNF4A,GRHL1
HNF4A,GSN
HNF4A,HIPK2
HNF4A,HNRNPD
HNF4A,HP
HNF4A,HSD17B11
HNF4A,JUND
HNF4A,KLF6
HNF4A,LAMB2
HNF4A,LGALS2
HNF4A,LRR1
HNF4A,MAF
HNF4A,MED14
HNF4A,MEP1A
HNF4A,MGST2
HNF4A,MTFP1
HNF4A,MTUS1
HNF4A,NCOA1
HNF4A,NCOA6
HNF4A,NEK2
HNF4A,NFATC2
HNF4A,NR1H3
HNF4A,NR2F2
HNF4A,NR2F6
HNF4A,NRIP1
HNF4A,ORC2
HNF4A,PDZK1
HNF4A,PHB2
HNF4A,PHF5A
HNF4A,PLA2G12B
HNF4A,PON2
HNF4A,PYGL
HNF4A,RARG
HNF4A,RBP2
HNF4A,REST
HNF4A,RREB1
HNF4A,SGK1
HNF4A,SIRT1
HNF4A,SMAD2
HNF4A,SMAD3
HNF4A,SMARCD2
HNF4A,STAT2
HNF4A,SUB1
HNF4A,TCF7L1
HNF4A,TCOF1
HNF4A,TFDP2
HNF4A,TGIF1
HNF4A,TK1
HNF4A,TOP2A
HNF4A,TP53
HNF4A,TTR
HNF4A,UHRF1
HNF4A,YEATS4
HNF4A,ZNF567
HNF4A,ZNF589
HNF4A,ZNHIT3
HNRNPD,CSDE1
HNRNPD,YBX1
HNRNPK,KHDRBS1
HNRNPK,MATR3
HNRNPK,RBMX
HNRNPK,SRSF3
HNRNPK,YBX1
HNRNPUL1,TP53
HTATSF1,GTF2F2
ID2,TCF3
ID2,TCF4
ID3,RUNX1T1
ID3,TCF4
ILF3,XPO5
ING1,HDAC1
ING1,HDAC2
ING1,RBBP4
ING1,RBBP7
ING3,NR1H3
ING5,MCM6
ING5,TADA3
ING5,TP53
IRF1,ACTC1
IRF1,APOA2
IRF1,ATF3
IRF1,BCL11A
IRF1,BST2
IRF1,C11orf1
IRF1,DPCD
IRF1,E2F3
IRF1,EPAS1
IRF1,ETV4
IRF1,F3
IRF1,FLRT2
IRF1,FOSL2
IRF1,GRHL1
IRF1,HMGA1
IRF1,IRF9
IRF1,ISG15
IRF1,LDB2
IRF1,MEF2C
IRF1,OTX2
IRF1,PAX6
IRF1,RHOBTB3
IRF1,RUNX1T1
IRF1,SLC38A2
IRF1,TCF4
IRF1,TGIF1
IRF1,TMEM69
IRF1,ZFHX3
IRF9,STAT2
JARID2,GATA4
JMJD1C,THRB
JUN,ACADVL
JUN,AIMP2
JUN,ANLN
JUN,ANXA3
JUN,APOC1
JUN,ASPH
JUN,ASXL1
JUN,BCOR
JUN,BST2
JUN,BTG2
JUN,C3orf14
JUN,CAMK2D
JUN,CAPG
JUN,CAPN12
JUN,CD9
JUN,CDK4
JUN,COPS5
JUN,CRABP2
JUN,CREB3L4
JUND,ACADVL
JUND,ANXA3
JUND,ATF3
JUND,BCOR
JUND,BRCA1
JUND,CAPN12
JUND,COPS5
JUND,CRABP2
JUND,DDIT3
JUND,DRAP1
JUND,EEF1A1
JUND,EFTUD2
JUND,ELL2
JUND,EWSR1
JUND,FOSB
JUND,FOSL2
JUND,GATA4
JUND,GRPR
JUND,ICA1
JUND,KAT7
JUND,KLF5
JUND,MAPK1
JUND,PAWR
JUN,DPCD
JUND,PIM2
JUN,DRAP1
JUND,RARG
JUND,RBBP7
JUND,RBP4
JUND,SMAD3
JUND,SMARCA5
JUND,TCF3
JUND,TCOF1
JUND,TNNI3
JUND,TOPORS
JUND,TUBB6
JUND,ZFP36
JUN,EEF1A1
JUN,EFTUD2
JUN,EGR1
JUN,ELF1
JUN,ELL2
JUN,ETV5
JUN,EWSR1
JUN,FLRT2
JUN,FOSB
JUN,FOSL2
JUN,GATA4
JUN,GRPR
JUN,GTF2F2
JUN,GYG1
JUN,HCFC1
JUN,HMGA1
JUN,HMGN1
JUN,ICA1
JUN,IMP4
JUN,ITIH4
JUN,JMJD1C
JUN,JUND
JUN,KAT7
JUN,KDM4C
JUN,KLF5
JUN,LAMC1
JUN,LCP1
JUN,MAF
JUN,MAFF
JUN,MAPK1
JUN,MLF1
JUN,MTFP1
JUN,MXD1
JUN,MYBBP1A
JUN,NCOA1
JUN,NEDD1
JUN,NR2F6
JUN,NR3C1
JUN,NRIP1
JUN,NVL
JUN,ORC2
JUN,PAWR
JUN,PAX6
JUN,PEG3
JUN,PIM2
JUN,PLCD1
JUN,POLR1D
JUN,PPFIBP2
JUN,PSAT1
JUN,PWP1
JUN,RAB25
JUN,RAI14
JUN,RBBP7
JUN,RBM39
JUN,RBP4
JUN,RBPJ
JUN,RFX5
JUN,RRM2
JUN,SAAL1
JUN,SKIL
JUN,SLC7A3
JUN,SMAD2
JUN,SMAD3
JUN,SMARCA5
JUN,SPP1
JUN,SRSF2
JUN,TCF25
JUN,TCF3
JUN,TCF4
JUN,TCOF1
JUN,TFE3
JUN,TFRC
JUN,TGIF1
JUN,THOC1
JUN,TNFAIP3
JUN,TNNI3
JUN,TOP2A
JUN,TOPORS
JUN,TPM2
JUN,TRIM25
JUN,TUBB6
JUN,ZFP36
JUN,ZNF217
JUN,ZNRD1
KAT7,CEP70
KAT7,MCM2
KAT7,POLB
KHDRBS1,CDK1
KHDRBS1,HNRNPK
KHDRBS1,MAPK1
KHDRBS1,SMAD2
KLF5,GTF2F2
KLF6,EHMT2
KLF6,TP53
KNTC1,ZWILCH
MAF,ETS1
MAF,JUN
MAF,SMARCA5
MAPK1,CCND1
MAPK1,CDK4
MATR3,HNRNPK
MATR3,TTF2
MAZ,BPTF
MCM2,CCNB2
MCM2,CDK4
MCM2,KAT7
MCM2,MCM3
MCM2,MCM4
MCM2,MCM5
MCM2,MCM6
MCM2,MCM7
MCM2,ORC2
MCM2,ORC4
MCM2,PLK1
MCM3,HAUS1
MCM3,MCM2
MCM3,MCM4
MCM3,MCM5
MCM3,MCM6
MCM3,MCM7
MCM3,ORC2
MCM3,ORC4
MCM3,PLK1
MCM3,SUPT16H
MCM4,CDK1
MCM4,MCM2
MCM4,MCM3
MCM4,MCM6
MCM4,MCM7
MCM4,MCM8
MCM4,ORC2
MCM4,ORC4
MCM4,SSRP1
MCM4,SUPT16H
MCM5,MCM2
MCM5,MCM3
MCM5,MCM7
MCM5,ORC2
MCM5,ORC4
MCM6,GMNN
MCM6,ING5
MCM6,MCM2
MCM6,MCM3
MCM6,MCM4
MCM6,MCM7
MCM6,MCM8
MCM6,ORC2
MCM6,ORC4
MCM7,FHL2
MCM7,MCM2
MCM7,MCM3
MCM7,MCM4
MCM7,MCM5
MCM7,MCM6
MCM7,MCM8
MCM7,ORC2
MCM7,ORC4
MCM7,PLK1
MCM8,MCM4
MCM8,MCM6
MCM8,MCM7
MED14,HNF4A
MED14,NR3C1
MED14,STAT2
MED21,BRCA1
MED21,BTF3
MED21,TCEB3
MED21,THRB
MEF2C,APOA2
MEF2C,CCNB1
MEF2C,CDK1
MEF2C,GATA4
MEF2C,NUP88
MEF2C,SMAD2
MLXIPL,NIF3L1
MTF2,SMAD3
MXD1,HDAC2
MXD1,MYC
MXD1,MYCN
MYBBP1A,JUN
MYBBP1A,PCNA
MYBL2,PARP1
MYBL2,TTF2
MYC,ACADSB
MYC,ACOT7
MYC,ACTL6A
MYC,ACY1
MYC,ADNP
MYC,ADSL
MYC,AGTRAP
MYC,AHSG
MYC,AIMP2
MYC,ALDH9A1
MYC,AMBP
MYC,ANAPC7
MYC,ANLN
MYC,ANP32E
MYC,APEH
MYC,APEX1
MYC,APOC1
MYC,ASCC3
MYC,ASPH
MYC,ASXL1
MYC,ATG5
MYC,ATIC
MYC,ATP1B3
MYC,B4GALT3
MYC,BCL11B
MYC,BCOR
MYC,BCS1L
MYC,BIN1
MYC,BIRC5
MYC,BLVRA
MYCBP,MYC
MYCBP,SSRP1
MYC,BPTF
MYC,BRCA1
MYC,BRCA2
MYC,BRIX1
MYC,BTG1
MYC,BZW2
MYC,C11orf1
MYC,C12orf10
MYC,C19orf48
MYC,C1GALT1
MYC,CBR1
MYC,CBX3
MYC,CDK1
MYC,CEBPZ
MYC,CENPF
MYC,CENPK
MYC,CENPN
MYC,CHAF1A
MYC,CIDEB
MYC,CKS1B
MYC,CKS2
MYC,CMC1
MYC,COMMD10
MYC,COMMD3
MYC,COPS2
MYC,CRAT
MYC,CREB1
MYC,CREB3L4
MYC,CREG1
MYC,CSDE1
MYC,CTSC
MYC,CXXC1
MYC,DAXX
MYC,DCAF13
MYC,DCTPP1
MYC,DDIT3
MYC,DDX20
MYC,DDX39A
MYC,DDX5
MYC,DDX54
MYC,DEK
MYC,DEPDC7
MYC,DKC1
MYC,DNAJC2
MYC,DNMT3A
MYC,DNPEP
MYC,DPAGT1
MYC,DPH5
MYC,DRAP1
MYC,DUT
MYC,E2F5
MYC,EEF1E1
MYC,EFNA1
MYC,EFTUD2
MYC,EHMT2
MYC,EIF5B
MYC,ENO1
MYC,ERCC8
MYC,ETV1
MYC,ETV4
MYC,EWSR1
MYC,FANCD2
MYC,FEN1
MYC,FKBP11
MYC,FOSL1
MYC,FOXA1
MYC,FOXH1
MYC,FOXP1
MYC,FXR1
MYC,G6PC3
MYC,GABPB1
MYC,GGCT
MYC,GMNN
MYC,GPN3
MYC,GTF2H2
MYC,GTF2I
MYC,GTF3C2
MYC,GTF3C4
MYC,GYG1
MYC,HERPUD1
MYC,HIF3A
MYC,HMGA1
MYC,HMGN2
MYC,HMGN4
MYC,HMMR
MYC,HNRNPAB
MYC,HNRNPK
MYC,HNRNPR
MYC,HNRNPUL1
MYC,ICA1
MYC,ID3
MYC,IFITM2
MYC,IFITM3
MYC,ILF3
MYC,IMP4
MYC,ING1
MYC,ING5
MYC,IQGAP2
MYC,IRF3
MYC,IRF9
MYC,ITGB3BP
MYC,IVNS1ABP
MYC,JARID2
MYC,JUN
MYC,JUND
MYC,KHDRBS1
MYC,KIF20B
MYC,LAMB2
MYC,LAMC1
MYC,LAPTM4B
MYC,LCMT1
MYC,LDB2
MYC,LGALS1
MYC,MAD2L1
MYC,MAFF
MYC,MATR3
MYC,MCM3
MYC,MCM5
MYC,MCM7
MYC,MCM8
MYC,MED20
MYC,MEST
MYC,MPHOSPH9
MYC,MSH2
MYC,MTAP
MYC,MTF2
MYC,MTFP1
MYC,MTHFD1
MYC,MTUS1
MYC,MXD1
MYC,MYBBP1A
MYC,MYBL2
MYC,MYCBP
MYC,NAA15
MYC,NDUFAF4
MYC,NFYB
MYC,NME2
MYCN,MXD1
MYC,NOP16
MYC,NPM1
MYC,NPRL2
MYC,NR2F2
MYC,NSD1
MYC,NT5DC2
MYC,NUP37
MYC,NUP88
MYCN,YAF2
MYC,ORC4
MYC,PA2G4
MYC,PAK1IP1
MYC,PARP1
MYC,PARPBP
MYC,PAWR
MYC,PHB2
MYC,PIAS2
MYC,PIAS3
MYC,PLAGL2
MYC,PLK1
MYC,PMS1
MYC,POLB
MYC,POLR1B
MYC,POLR1C
MYC,POLR1E
MYC,POLR2D
MYC,POLR2I
MYC,POLR2L
MYC,POLR3D
MYC,POLR3E
MYC,POU2F1
MYC,PPIL1
MYC,PPP1R7
MYC,PPT1
MYC,PRPS2
MYC,PSAT1
MYC,PSMG1
MYC,PTMA
MYC,PUS7L
MYC,PWP1
MYC,PYGL
MYC,QTRTD1
MYC,RAB34
MYC,RAD51
MYC,RAI14
MYC,RARG
MYC,RBBP4
MYC,RBM39
MYC,RFC2
MYC,RFC4
MYC,RFX5
MYC,RHOBTB3
MYC,RNF138
MYC,RNF19A
MYC,RNF2
MYC,RNF4
MYC,RRM2
MYC,RSU1
MYC,SEC11C
MYC,SEMA3E
MYC,SERPIND1
MYC,SGK1
MYC,SHMT2
MYC,SIRT1
MYC,SMAD2
MYC,SMAD3
MYC,SMARCA4
MYC,SNAPC1
MYC,SNRPB
MYC,SOX11
MYC,SRSF2
MYC,SRSF6
MYC,SSB
MYC,SSRP1
MYC,STMN1
MYC,STX8
MYC,SUPV3L1
MYC,TAF11
MYC,TAF1B
MYC,TAF6
MYC,TBL1X
MYC,TBX3
MYC,TCERG1
MYC,TCF25
MYC,TCF3
MYC,TCF7L1
MYC,TCFL5
MYC,TCOF1
MYC,TEAD4
MYC,TEX10
MYC,TGIF2
MYC,THRAP3
MYC,TIMELESS
MYC,TIMM21
MYC,TIMM9
MYC,TMEM120A
MYC,TMEM69
MYC,TNFAIP3
MYC,TNNI3
MYC,TPM2
MYC,TRIM25
MYC,TRIM27
MYC,TRIP13
MYC,TTF2
MYC,U2AF1
MYC,UCHL1
MYC,UCP2
MYC,UHRF1
MYC,UTP18
MYC,WDR43
MYC,WDR5
MYC,WDYHV1
MYC,WIPI1
MYC,XBP1
MYC,XPO5
MYC,XRCC6
MYC,YARS
MYC,YBX1
MYC,ZBTB24
MYC,ZFP36
MYC,ZFP64
MYC,ZFYVE21
MYC,ZIC3
MYC,ZNF146
MYC,ZNF202
MYC,ZNF239
MYC,ZNF398
MYC,ZNF581
MYC,ZNF589
MYC,ZNF644
MYC,ZNHIT3
MYC,ZNRD1
NAA15,XRCC5
NAA15,XRCC6
NCOA1,AHR
NCOA1,CCND1
NCOA1,COPS5
NCOA1,DDX5
NCOA1,FOXA2
NCOA1,HNF4A
NCOA1,JUN
NCOA1,MAPK1
NCOA1,NR1I3
NCOA1,NR2F6
NCOA1,NR3C1
NCOA1,PPARA
NCOA1,RARG
NCOA1,SMARCE1
NCOA1,SRF
NCOA1,TEAD2
NCOA1,THRB
NCOA6,CEBPA
NCOA6,HNF4A
NCOA6,NR1H3
NCOA6,NR3C1
NCOA6,PARP1
NCOA6,RBM39
NCOA6,SMAD2
NCOA6,SMAD3
NCOA6,THRB
NCOA6,XRCC5
NCOA6,XRCC6
NFATC2,CHD8
NFATC2,EGR1
NFATC2,ETV1
NFATC2,ID2
NFATC2,NR2F2
NFATC2,SF3B3
NFATC2,TAF11
NFYB,AURKA
NFYB,BTG1
NFYB,CEBPZ
NFYB,CENPF
NFYB,CKS1B
NFYB,CNBP
NFYB,DDIT3
NFYB,DPYSL2
NFYB,DRAP1
NFYB,ELAVL2
NFYB,ELF1
NFYB,ESPL1
NFYB,HMGA2
NFYB,IRF1
NFYB,MYC
NFYB,NIF3L1
NFYB,NUP37
NFYB,PA2G4
NFYB,PEG3
NFYB,PHF5A
NFYB,SIRT2
NFYB,SMAD2
NFYB,TCF4
NFYB,TP53
NFYB,UBE2T
NFYB,YBX1
NME2,TERF1
NONO,CA2
NONO,ZNRD1
NOTCH3,JAG1
NOTCH3,RBPJ
NPM1,CDK1
NPM1,PARP1
NPM1,PLK1
NPM1,TCERG1
NPM1,TP53
NR1H3,ING3
NR1H3,NCOA6
NR1H3,NRIP1
NR1H3,PPARA
NR1H3,SIRT1
NR1I3,NCOA1
NR2F2,BCL11A
NR2F2,BCL11B
NR2F2,CCL2
NR2F2,DGAT1
NR2F2,DROSHA
NR2F2,E2F4
NR2F2,GLI1
NR2F2,HDAC1
NR2F2,NR2F6
NR2F2,NR3C1
NR2F2,NR5A2
NR2F2,SKIL
NR2F2,TFRC
NR2F2,TRERF1
NR2F2,WDR43
NR2F6,NCOA1
NR2F6,NR2F2
NR2F6,NR3C1
NR2F6,THRB
NR3C1,ADNP
NR3C1,CEBPA
NR3C1,CREB1
NR3C1,DDIT4
NR3C1,DDX54
NR3C1,E2F4
NR3C1,ECD
NR3C1,FOXP1
NR3C1,HIF3A
NR3C1,HMGB2
NR3C1,HNRNPUL1
NR3C1,JUN
NR3C1,KPNA2
NR3C1,MAF
NR3C1,MAPK1
NR3C1,MCM7
NR3C1,MED14
NR3C1,NCOA1
NR3C1,NCOA6
NR3C1,NR1H3
NR3C1,NR2F2
NR3C1,NR2F6
NR3C1,NRIP1
NR3C1,PBX1
NR3C1,POU2F1
NR3C1,PPFIBP2
NR3C1,PRC1
NR3C1,RAB25
NR3C1,RBP2
NR3C1,RRM1
NR3C1,SGK1
NR3C1,SMAD3
NR3C1,SMAD5
NR3C1,SMARCA4
NR3C1,SMARCC1
NR3C1,SMARCE1
NR3C1,TCF4
NR3C1,TRIM28
NR3C1,YEATS4
NR3C1,ZBTB16
NR5A2,ALB
NR5A2,NRIP1
NR5A2,POLR2D
NRIP1,AHR
NRIP1,CEP70
NRIP1,CTBP1
NRIP1,HDAC1
NRIP1,HDAC2
NRIP1,HNF4A
NRIP1,JUN
NRIP1,NR1H3
NRIP1,NR3C1
NRIP1,NR5A2
NRIP1,PPARA
NRIP1,THRB
ORC2,MCM2
ORC2,MCM3
ORC2,MCM4
ORC2,MCM5
ORC2,MCM6
ORC2,MCM7
ORC2,ORC4
ORC2,XRCC5
OTX2,FOXA2
PA2G4,HDAC2
PAPOLA,CPSF3
PAPOLA,SMAD2
PARP1,MYBL2
PARP1,NCOA6
PARP1,NPM1
PARP1,PCNA
PARP1,POU2F1
PARP1,TCF4
PARP1,TP53
PARP1,XRCC5
PARP1,XRCC6
PAWR,AATF
PAWR,THAP1
PAX6,ASNS
PAX6,CDX2
PAX6,ETS1
PAX6,ETV4
PAX6,FOXP1
PAX6,GLIS3
PAX6,HESX1
PAX6,HIPK2
PAX6,HTATSF1
PAX6,JARID2
PAX6,MEF2C
PAX6,NFIB
PAX6,PAPOLA
PAX6,PBX1
PAX6,SERTAD3
PAX6,SLC35D2
PAX6,SMARCA4
PAX6,TAF11
PAX6,TAF5
PAX6,TCF4
PAX6,YARS
PAX6,ZFHX3
PAX6,ZFP42
PAX6,ZIC3
PBX1,AATF
PBX1,ACADVL
PBX1,BCL11A
PBX1,BCOR
PBX1,BCS1L
PBX1,CAPN12
PBX1,GPM6B
PBX1,GRPR
PBX1,IVNS1ABP
PBX1,MEF2C
PBX1,NR3C1
PBX1,PAX6
PBX1,PHGDH
PBX1,POLR1C
PBX1,TBL1X
PBX1,UCHL1
PBX1,UGP2
PCGF6,RNF2
PEG3,USP7
PHB2,HDAC1
PHB2,HDAC2
PHB2,PTMA
PIAS2,GTF2I
PIAS2,MYC
PIAS2,STAT2
PIAS3,HDAC1
PIAS3,HMGA2
PIAS3,MYC
PIAS3,SKIL
PIAS3,SMAD2
PIAS3,SMAD3
PIAS3,STAT2
PIAS3,ZFHX3
PITX1,EGR1
PITX2,HDAC1
POLR1B,POLR1E
POLR1C,POLR1D
POLR1C,POLR1E
POLR1D,POLR1C
POLR1E,POLR1B
POLR1E,POLR1C
POLR2B,BTF3
POLR2B,POLR2D
POLR2B,POLR2L
POLR2D,NR5A2
POLR2D,POLR2B
POLR2D,POLR2G
POLR2D,POLR2K
POLR2D,POLR2L
POLR2F,POLR2G
POLR2G,EWSR1
POLR2G,POLR2D
POLR2G,POLR2F
POLR2K,BRCA1
POLR2K,POLR2D
POLR2L,POLR2B
POLR2L,POLR2D
POLR3D,POLR3E
POLR3E,POLR3D
POU2F1,AES
POU2F1,AKR1B1
POU2F1,ALB
POU2F1,APOA2
POU2F1,ASPH
POU2F1,ASXL1
POU2F1,ATF3
POU2F1,BCOR
POU2F1,BMP2
POU2F1,BPHL
POU2F1,BRCA1
POU2F1,BRIP1
POU2F1,BTF3
POU2F1,BUB1B
POU2F1,CDC20
POU2F1,COPS5
POU2F1,COQ3
POU2F1,CRYZL1
POU2F1,DAB2
POU2F1,DAXX
POU2F1,DNMT3A
POU2F1,DPYSL2
POU2F1,ELF1
POU2F1,ESRG
POU2F1,ETS1
POU2F1,ETV1
POU2F1,F2RL1
POU2F1,FOXA1
POU2F1,FOXA2
POU2F1,FOXP1
POU2F1,GLIS3
POU2F1,GPC3
POU2F1,GYG1
POU2F1,HCFC1
POU2F1,HDAC1
POU2F1,HMGA1
POU2F1,HMGA2
POU2F1,HMGB2
POU2F1,HNF1B
POU2F1,HPN
POU2F1,ID2
POU2F1,ING1
POU2F1,JARID2
POU2F1,JUND
POU2F1,LDB2
POU2F1,LEAP2
POU2F1,MAF
POU2F1,MED30
POU2F1,MEF2C
POU2F1,MTUS1
POU2F1,MYC
POU2F1,MYCN
POU2F1,NAA15
POU2F1,NFIB
POU2F1,NFKBIZ
POU2F1,NIF3L1
POU2F1,NR2F2
POU2F1,NR3C1
POU2F1,NT5DC2
POU2F1,NUP93
POU2F1,OTX2
POU2F1,PARP1
POU2F1,PAX6
POU2F1,PITX2
POU2F1,PLCD1
POU2F1,POP5
POU2F1,PRDM1
POU2F1,RAD54B
POU2F1,RARG
POU2F1,RBBP7
POU2F1,RUNX1T1
POU2F1,SALL3
POU2F1,SEMA3E
POU2F1,SLC35D2
POU2F1,SLC7A6
POU2F1,SMAD2
POU2F1,SMAD3
POU2F1,SMAD5
POU2F1,SOX11
POU2F1,SOX2
POU2F1,SSBP3
POU2F1,STAT2
POU2F1,TARBP2
POU2F1,TBL1X
POU2F1,TCF4
POU2F1,XRCC6
POU2F1,ZFHX3
POU2F1,ZIC3
POU5F1,ATF3
POU5F1,BMP2
POU5F1,COQ3
POU5F1,CRYZL1
POU5F1,DAXX
POU5F1,DNMT3A
POU5F1,DPYSL2
POU5F1,ELF1
POU5F1,EWSR1
POU5F1,F2RL1
POU5F1,FOXA1
POU5F1,HMGA1
POU5F1,HMGB2
POU5F1,HNF1B
POU5F1,HPN
POU5F1,ING1
POU5F1,LDB2
POU5F1,MEF2C
POU5F1,MTUS1
POU5F1,NAA15
POU5F1,PAX6
POU5F1,PRDM1
POU5F1,RARG
POU5F1,SALL3
POU5F1,SEMA3E
POU5F1,SMAD2
POU5F1,SMAD3
POU5F1,TARBP2
POU5F1,TCF4
POU5F1,ZFHX3
POU5F1,ZIC3
PPARA,ACAA1
PPARA,ACOX2
PPARA,APOA1
PPARA,APOA2
PPARA,CCND1
PPARA,DUT
PPARA,FABP1
PPARA,FGB
PPARA,HMGCS2
PPARA,MAPK1
PPARA,MYC
PPARA,NCOA1
PPARA,NR1H3
PPARA,NRIP1
PPARA,SCD5
PRDM1,AES
PSIP1,HCFC1
PSIP1,SRSF1
PTMA,CCNB1
PTMA,CDK1
PTMA,CDK4
PTMA,HDAC1
PTMA,HDAC2
PTMA,KPNA2
PTMA,PCNA
PTMA,PHB2
PTTG1,ANAPC4
PTTG1,ANAPC7
PTTG1,CDC20
PTTG1,ESPL1
PTTG1,TP53
PTTG1,XRCC6
RAD51,BLM
RAD51,BRCA1
RAD51,BRCA2
RAD51,CHEK1
RAD51,FANCD2
RAD51,RAD51AP1
RAD51,RAD51C
RAD51,RAD54B
RAD51,TP53
RAD54B,RAD51
RARG,CCND1
RARG,CRABP2
RARG,HMGA1
RARG,JUN
RARG,KLF5
RARG,MAPK1
RARG,NCOA1
RARG,SMAD3
RBBP4,AEBP2
RBBP4,BRCA1
RBBP4,HDAC1
RBBP4,HDAC2
RBBP4,ING1
RBBP4,RBBP7
RBBP4,XRCC6
RBBP7,BRCA1
RBBP7,HDAC1
RBBP7,HDAC2
RBBP7,ING1
RBBP7,RBBP4
RBM39,JUN
RBM39,NCOA6
RBMX,HNRNPK
RBPJ,CTBP1
RBPJ,HDAC1
RBPJ,HDAC2
RBPJ,NOTCH3
REST,ARID3B
REST,C3orf14
REST,CIDEB
REST,CNBP
REST,DDIT4
REST,DGAT1
REST,DNMT3A
REST,EFNA1
REST,EGR1
REST,ELAVL2
REST,EPAS1
REST,EWSR1
REST,EXOSC3
REST,HCFC1
REST,HNRNPUL1
REST,IRF9
REST,MAD2L1
REST,MORN2
REST,MST1
REST,NDUFAF5
REST,NPRL2
REST,NRIP1
REST,NUDT15
REST,PMAIP1
REST,POLR3E
REST,POU2F1
REST,RARG
REST,RRM2
REST,RSU1
REST,SKA3
REST,SOX11
REST,TGIF1
REST,THYN1
REST,TRIM27
REST,UTP18
REST,VTN
REST,WDR74
REST,ZIC2
REST,ZNF74
REST,ZNHIT3
RFC1,BRCA1
RFC1,CCND1
RFC1,CDK4
RFC1,CEBPA
RFC1,HDAC1
RFC1,PCNA
RFC1,RFC2
RFX5,RFXANK
RFXANK,RFX5
RNF2,PCGF6
RNF4,HMGA1
RNPS1,SRSF6
RREB1,ACADVL
RREB1,AEBP1
RREB1,AES
RREB1,B4GALT3
RREB1,BCL11A
RREB1,BCOR
RREB1,CAPN12
RREB1,CDCA3
RREB1,CHD8
RREB1,DDIT3
RREB1,DGAT1
RREB1,DNMT3B
RREB1,G6PC3
RREB1,H1F0
RREB1,HNRNPUL1
RREB1,KNTC1
RREB1,MAZ
RREB1,NFIB
RREB1,NR3C1
RREB1,OAZ2
RREB1,PBX1
RREB1,SIRT2
RREB1,SOX11
RREB1,SP4
RREB1,SUPT16H
RREB1,TRERF1
RREB1,TRIM27
RREB1,VEZF1
RREB1,ZIC2
RREB1,ZNF581
RUNX1T1,CEBPA
RUNX1T1,HDAC1
RUNX1T1,ID3
RUNX1T1,TAF9B
RUNX1T1,TCF3
RUNX1T1,TCF4
RUNX1T1,WBP11
RUNX1T1,ZBTB16
RUVBL1,ACTL6A
RUVBL1,DKC1
RUVBL1,RUVBL2
RUVBL1,TCF7L1
RUVBL2,DPCD
RUVBL2,HDAC1
RUVBL2,RUVBL1
SALL2,EWSR1
SIRT1,FOXO1
SIRT1,HIST1H1B
SIRT1,HNF4A
SIRT1,NR1H3
SKIL,ASCC3
SKIL,C12orf10
SKIL,PIAS3
SKIL,SMAD2
SKIL,SMAD3
SKIL,TDP2
SKIL,TTF2
SKIL,XRCC6
SKIL,ZBTB3
SMAD2,BRCA1
SMAD2,CDK4
SMAD2,COPS5
SMAD2,DAB2
SMAD2,E2F4
SMAD2,E2F5
SMAD2,EEF1A1
SMAD2,FOXH1
SMAD2,GATAD2B
SMAD2,GTF2I
SMAD2,HDAC1
SMAD2,HIPK2
SMAD2,HNF4A
SMAD2,JUN
SMAD2,KHDRBS1
SMAD2,LITAF
SMAD2,MAPK1
SMAD2,MEF2C
SMAD2,MYC
SMAD2,NCOA6
SMAD2,PAPOLA
SMAD2,PIAS3
SMAD2,PITX2
SMAD2,RAB34
SMAD2,SKIL
SMAD2,SMAD3
SMAD2,TFDP1
SMAD2,TGIF1
SMAD2,TNNT1
SMAD2,TP53
SMAD3,AKR1B1
SMAD3,ANKRD1
SMAD3,APOB
SMAD3,ATF3
SMAD3,BRCA1
SMAD3,BRCA2
SMAD3,CCL2
SMAD3,CDK4
SMAD3,DAB2
SMAD3,DDX5
SMAD3,E2F4
SMAD3,E2F5
SMAD3,EPAS1
SMAD3,ETS1
SMAD3,FOXH1
SMAD3,FOXO1
SMAD3,GMEB1
SMAD3,HMGA2
SMAD3,HNF4A
SMAD3,JUND
SMAD3,LAMC1
SMAD3,MAPK1
SMAD3,MTF2
SMAD3,NCOA6
SMAD3,NR3C1
SMAD3,PIAS3
SMAD3,PITX2
SMAD3,RARG
SMAD3,SKIL
SMAD3,SMAD2
SMAD3,TFDP1
SMAD3,TFE3
SMAD3,TGIF2
SMAD3,TP53
SMAD3,XRCC6
SMAD3,YBX1
SMAD3,ZBTB16
SMAD3,ZDHHC4
SMAD5,BMPR1A
SMAD5,ID2
SMAD5,ID3
SMAD5,MAPK1
SMAD5,SUV39H2
SMARCA4,ACTL6A
SMARCA4,AHR
SMARCA4,ARID2
SMARCA4,BRCA1
SMARCA4,CREB1
SMARCA4,NR3C1
SMARCA4,PAX6
SMARCA4,SMARCC1
SMARCA4,SMARCE1
SMARCA4,STAT2
SMARCA4,TP53
SMARCA5,CREB1
SMARCA5,DNMT3B
SMARCA5,HDAC2
SMARCA5,MAF
SMARCC1,NR3C1
SMARCC1,SMARCA4
SMARCE1,ARID2
SMARCE1,NCOA1
SMARCE1,NR3C1
SMARCE1,SMARCA4
SNRPB,DDX20
SNRPB,PRMT5
SNRPB,SNRPD1
SNRPD1,DDX20
SNRPD1,GEMIN2
SNRPD1,PRMT5
SNRPD1,SNRPB
SOX2,POU2F1
SOX2,POU5F1
SP100,CBX3
SP100,HIPK2
SP4,CDKN1A
SRF,ACADVL
SRF,ACOT7
SRF,ACTC1
SRF,ANXA3
SRF,APOA2
SRF,ASL
SRF,ATF3
SRF,BZW2
SRF,CBX3
SRF,CCDC82
SRF,CCL2
SRF,CDKN1A
SRF,CHD8
SRF,CHEK1
SRF,CREG1
SRF,DDAH1
SRF,EGR1
SRF,EHMT2
SRF,ELL2
SRF,ETV4
SRF,EXOSC9
SRF,FEN1
SRF,FOSB
SRF,FOSL2
SRF,FOXP1
SRF,GATA4
SRF,GLIPR2
SRF,GPC3
SRF,GTF2I
SRF,H1F0
SRF,HIST1H1B
SRF,HMGA1
SRF,IL32
SRF,ISG15
SRF,ITIH4
SRF,JUND
SRF,MATR3
SRF,MUSTN1
SRF,NCOA1
SRF,NEIL2
SRF,NNAT
SRF,NR2F2
SRF,NR2F6
SRF,PAPOLA
SRF,PAX6
SRF,PBX1
SRF,PDCD11
SRF,PDGFA
SRF,PRDM1
SRF,RHOBTB3
SRF,RNF19A
SRF,RSU1
SRF,SSRP1
SRF,TADA3
SRF,TAF5
SRF,TCF3
SRF,TCF4
SRF,TTC39C
SRF,TUBB6
SRF,UTRN
SRF,ZFP36
SRF,ZIC3
SRF,ZNF644
SRF,ZNF93
SRRM1,DEK
SRSF1,GEMIN2
SRSF1,PSIP1
SRSF1,TCERG1
SRSF1,U2AF1
SRSF2,GEMIN2
SRSF2,U2AF1
SRSF2,ZRANB2
SRSF3,GEMIN2
SRSF3,HNRNPK
SRSF6,RNPS1
SSBP2,EWSR1
SSRP1,MCM4
SSRP1,MYCBP
SSRP1,SRF
STAT2,ACADVL
STAT2,AEBP1
STAT2,AMBP
STAT2,ANAPC4
STAT2,ASPH
STAT2,BCOR
STAT2,C3orf14
STAT2,CCND1
STAT2,CIDEB
STAT2,DCLRE1C
STAT2,DEDD
STAT2,EGR1
STAT2,EHMT2
STAT2,ETV5
STAT2,F3
STAT2,FGA
STAT2,FOXP1
STAT2,HDAC1
STAT2,ID3
STAT2,IRF9
STAT2,ITIH4
STAT2,JUN
STAT2,KLF5
STAT2,MED14
STAT2,MTUS1
STAT2,MYC
STAT2,NR3C1
STAT2,ORC4
STAT2,PIAS2
STAT2,PIAS3
STAT2,PRDM1
STAT2,RARG
STAT2,RFX5
STAT2,SERTAD3
STAT2,SMARCA4
STAT2,SSBP2
STAT2,TCF4
STAT2,TFAP2C
STAT2,TFDP2
STAT2,UTRN
STAT2,VCAN
STAT2,VRK1
STAT2,ZBTB3
STAT2,ZFHX3
SUB1,HNF4A
SUB1,PCNA
SUPT16H,MCM3
SUPT16H,MCM4
SUV39H2,EWSR1
SUV39H2,SMAD5
TADA3,ING5
TADA3,TP53
TAF11,TAF5
TAF11,TAF6
TAF11,TAF7
TAF1A,TAF1B
TAF1A,TP53
TAF1B,MYC
TAF1B,TAF1A
TAF1B,TP53
TAF5,GTF2F2
TAF5,TAF11
TAF5,TAF6
TAF5,TAF7
TAF6,GTF2E1
TAF6,TAF11
TAF6,TAF5
TAF6,TAF7
TAF7,AHR
TAF7,TAF11
TAF7,TAF5
TAF7,TAF6
TAF9B,DRAP1
TAF9B,RUNX1T1
TAF9B,TP53
TARDBP,ZHX1
TCEA1,GTF2E1
TCEB1,EPAS1
TCEB1,TCEB2
TCEB2,EPAS1
TCEB2,TCEB1
TCEB2,TCEB3
TCEB3,MED21
TCEB3,TCEB2
TCERG1,CHAF1A
TCERG1,NPM1
TCERG1,SRSF1
TCF3,ACADVL
TCF3,ADSL
TCF3,AEBP1
TCF3,APEH
TCF3,ARL6IP6
TCF3,CAPG
TCF3,DDIT3
TCF3,DNMT3A
TCF3,DPCD
TCF3,DPEP1
TCF3,DPYSL2
TCF3,DRAP1
TCF3,ELAVL2
TCF3,EOMES
TCF3,EPAS1
TCF3,ETS1
TCF3,ETV4
TCF3,EYA3
TCF3,FOXP1
TCF3,GPM6B
TCF3,HNF4A
TCF3,ID2
TCF3,ID3
TCF3,LAPTM4B
TCF3,MAPK1
TCF3,MEF2C
TCF3,NAA15
TCF3,NUDT1
TCF3,NUP93
TCF3,PIM2
TCF3,PITX2
TCF3,POLR1D
TCF3,PPARA
TCF3,PPFIBP2
TCF3,PPT1
TCF3,RNF19A
TCF3,RUNX1T1
TCF3,SHISA2
TCF3,SMAD5
TCF3,SRF
TCF3,SSBP3
TCF3,TFDP2
TCF3,TGIF1
TCF3,TPD52L1
TCF3,ZBTB16
TCF3,ZRANB2
TCF4,DDIT3
TCF4,EGF
TCF4,EOMES
TCF4,EYA3
TCF4,GNRH2
TCF4,HMGA1
TCF4,ID2
TCF4,ID3
TCF4,NAA15
TCF4,PARP1
TCF4,RNF19A
TCF4,RNF4
TCF4,RUNX1T1
TCF4,SMAD3
TCF4,SMAD5
TCF4,XRCC5
TCF4,XRCC6
TCF7L1,BIRC5
TCF7L1,CCND1
TCF7L1,CTBP1
TCF7L1,FOSL1
TCF7L1,JUN
TCF7L1,MYC
TCF7L1,RUVBL1
TCOF1,PCNA
TEAD2,NCOA1
TFAP2C,ABT1
TFAP2C,ACADVL
TFAP2C,ACOT7
TFAP2C,ACTC1
TFAP2C,ACY1
TFAP2C,AIMP2
TFAP2C,ANKRD1
TFAP2C,ANLN
TFAP2C,APEH
TFAP2C,APOA2
TFAP2C,ASCC3
TFAP2C,ASNS
TFAP2C,ASPH
TFAP2C,ATF3
TFAP2C,ATP1B3
TFAP2C,BRCA2
TFAP2C,BST2
TFAP2C,BUB1B
TFAP2C,C19orf48
TFAP2C,C1GALT1
TFAP2C,CDCA7L
TFAP2C,CDX2
TFAP2C,CEBPD
TFAP2C,CKS2
TFAP2C,COPS5
TFAP2C,CTBP1
TFAP2C,DDAH1
TFAP2C,DDX5
TFAP2C,DDX54
TFAP2C,DPH5
TFAP2C,DSN1
TFAP2C,DUT
TFAP2C,EED
TFAP2C,EFNA1
TFAP2C,EOMES
TFAP2C,F2RL1
TFAP2C,FOSL2
TFAP2C,FOXH1
TFAP2C,FOXO1
TFAP2C,FUCA1
TFAP2C,GALM
TFAP2C,GATA6
TFAP2C,GNPNAT1
TFAP2C,GSN
TFAP2C,H1F0
TFAP2C,HMGA1
TFAP2C,HMGCL
TFAP2C,HNRNPH2
TFAP2C,HNRNPR
TFAP2C,HPRT1
TFAP2C,ID3
TFAP2C,IL6ST
TFAP2C,IRF1
TFAP2C,ISG15
TFAP2C,ITGB5
TFAP2C,ITIH4
TFAP2C,JARID2
TFAP2C,JUND
TFAP2C,KAT7
TFAP2C,LAMB2
TFAP2C,LGALS3
TFAP2C,LHX1
TFAP2C,LITAF
TFAP2C,MATR3
TFAP2C,MAZ
TFAP2C,MCM2
TFAP2C,MCM3
TFAP2C,MELK
TFAP2C,MEST
TFAP2C,MTMR2
TFAP2C,NCAPG
TFAP2C,NEK2
TFAP2C,NOTCH3
TFAP2C,NPRL2
TFAP2C,NR1H3
TFAP2C,NR2F6
TFAP2C,NR3C1
TFAP2C,NSD1
TFAP2C,ORC2
TFAP2C,PARP1
TFAP2C,PDZK1
TFAP2C,PLAGL2
TFAP2C,PMS1
TFAP2C,POLR1C
TFAP2C,POLR2K
TFAP2C,POLR2L
TFAP2C,POU2F1
TFAP2C,POU5F1
TFAP2C,PRC1
TFAP2C,PTMA
TFAP2C,PYGL
TFAP2C,RAI14
TFAP2C,RBPJ
TFAP2C,REST
TFAP2C,RNF2
TFAP2C,RRM2
TFAP2C,RUVBL2
TFAP2C,S100A6
TFAP2C,SDAD1
TFAP2C,SERTAD3
TFAP2C,SGK1
TFAP2C,SHMT2
TFAP2C,SKIL
TFAP2C,SLC38A2
TFAP2C,SLC7A7
TFAP2C,SMARCC1
TFAP2C,SMARCD2
TFAP2C,SRF
TFAP2C,SSBP2
TFAP2C,STC1
TFAP2C,SULT1A2
TFAP2C,TAF11
TFAP2C,TARBP2
TFAP2C,TBL1X
TFAP2C,TEAD2
TFAP2C,TEAD4
TFAP2C,TERF1
TFAP2C,TFRC
TFAP2C,TGIF1
TFAP2C,THYN1
TFAP2C,TMEM37
TFAP2C,TNNI3
TFAP2C,TOP2A
TFAP2C,TP53
TFAP2C,TPM2
TFAP2C,TRERF1
TFAP2C,TRIM25
TFAP2C,TUBB6
TFAP2C,UBE2C
TFAP2C,UTP18
TFAP2C,WDR54
TFAP2C,YARS
TFAP2C,YBX1
TFAP2C,ZDHHC4
TFAP2C,ZHX1
TFAP2C,ZIC2
TFAP2C,ZNF143
TFAP2C,ZNF766
TFDP1,E2F3
TFDP1,E2F4
TFDP1,E2F5
TFDP1,MYC
TFDP1,SMAD2
TFDP1,SMAD3
TFDP2,E2F3
TFDP2,E2F4
TFDP2,MYC
TFE3,E2F3
TFE3,SMAD3
TGIF1,ACTC1
TGIF1,CREB3L2
TGIF1,CTBP1
TGIF1,EEF1A1
TGIF1,EEF1E1
TGIF1,ELAVL2
TGIF1,GPC3
TGIF1,HDAC1
TGIF1,ID2
TGIF1,IQGAP2
TGIF1,IRF1
TGIF1,IVNS1ABP
TGIF1,JAZF1
TGIF1,JUN
TGIF1,MAPK1
TGIF1,MEF2C
TGIF1,NR2F6
TGIF1,PRMT5
TGIF1,SMAD2
TGIF1,SRSF6
TGIF1,SSRP1
TGIF1,TGIF2
TGIF1,WARS
TGIF2,HDAC1
TGIF2,SMAD3
THRB,BTG1
THRB,CCND1
THRB,COPS2
THRB,FOXO1
THRB,HDAC2
THRB,HMGN3
THRB,JMJD1C
THRB,MED21
THRB,NCOA1
THRB,NCOA6
THRB,NR2F6
THRB,NRIP1
THRB,TP53
THRB,TRIP13
THRB,ZNHIT3
TIMELESS,CHEK1
TIMELESS,TIPIN
TOP2B,HDAC1
TOP2B,TOP2A
TOP2B,TP53
TOP2B,XRCC5
TOPORS,CREB3L4
TOPORS,DPCD
TOPORS,ELAVL2
TOPORS,EOMES
TOPORS,FEN1
TOPORS,FOSB
TOPORS,FOXP1
TOPORS,ITGB3BP
TOPORS,LAMB1
TOPORS,PITX2
TOPORS,SALL2
TOPORS,SMARCC1
TOPORS,SP4
TOPORS,TCF4
TOPORS,TP53
TP53,ANXA3
TP53,APEX1
TP53,AURKA
TP53,BLM
TP53,BRIX1
TP53,BTG1
TP53,CEBPA
TP53,CEBPZ
TP53,COPS2
TP53,COPS5
TP53,DAXX
TP53,DDIT4
TP53,DDX5
TP53,DEDD
TP53,DPF2
TP53,E2F4
TP53,E2F5
TP53,EEF1A1
TP53,EHMT2
TP53,ESRG
TP53,ETS1
TP53,ETV4
TP53,ETV5
TP53,FAM64A
TP53,HDAC1
TP53,HDAC2
TP53,HMGB2
TP53,HMGN2
TP53,HNRNPUL1
TP53,ING5
TP53,KLF6
TP53,KPNA2
TP53,LGALS3
TP53,LHX1
TP53,LITAF
TP53,MAPK1
TP53,MCM2
TP53,MSH2
TP53,MST1
TP53,NFIB
TP53,NFYB
TP53,NOP16
TP53,NPM1
TP53,NPRL2
TP53,NR3C1
TP53,PAFAH1B3
TP53,PARP1
TP53,PCNA
TP53,PEG3
TP53,PPFIBP2
TP53,PPP1R7
TP53,PREB
TP53,PRIM1
TP53,RAD51
TP53,RRM2
TP53,S100A6
TP53,SALL3
TP53,SIRT1
TP53,SMAD2
TP53,SMARCA4
TP53,SOX4
TP53,STMN1
TP53,TADA3
TP53,TAF1A
TP53,TAF1B
TP53,TAF5
TP53,TAF9B
TP53,TCF7L1
TP53,TFAP2C
TP53,TFDP1
TP53,TFRC
TP53,TGIF1
TP53,THRB
TP53,TK1
TP53,TOP2A
TP53,TOP2B
TP53,TOPORS
TP53,TRERF1
TP53,USP7
TP53,VRK1
TP53,XRCC5
TP53,XRCC6
TP53,YBX1
TP53,ZBTB3
TP53,ZHX1
TP53,ZNF581
TRIM22,USP7
TRIM27,DNMT1
TRIM27,HDAC1
TRIM27,ZBTB16
TRIM28,CBX3
TRIM28,CHAF1A
TRIM28,NR3C1
TRIM28,ZNF354A
TRIM28,ZNF74
TRIP13,NIF3L1
TRIP13,THRB
TRIP13,WDYHV1
TTF2,DRAP1
TTF2,MATR3
TTF2,MYBL2
TTF2,SKIL
WBP11,RUNX1T1
XBP1,AATF
XBP1,CAMK2D
XBP1,DDAH1
XBP1,DNMT3A
XBP1,DRAP1
XBP1,ELAVL2
XBP1,ELF1
XBP1,FOXP1
XBP1,HNRNPH2
XBP1,LIN28A
XBP1,MCM2
XBP1,MCM6
XBP1,NCOA6
XBP1,NR2F2
XBP1,NSD1
XBP1,P4HA2
XBP1,RARG
XBP1,RUNX1T1
XBP1,SRSF1
XBP1,SRSF2
XBP1,STMN1
XBP1,TGIF1
XBP1,TRIM25
XBP1,ZBTB16
XRCC5,NAA15
XRCC5,NCOA6
XRCC5,ORC2
XRCC5,PARP1
XRCC5,PCNA
XRCC5,SGOL1
XRCC5,TCF4
XRCC5,TOP2B
XRCC5,XRCC6
XRCC6,APEX1
XRCC6,CDKN1A
XRCC6,CHEK1
XRCC6,EGFR
XRCC6,NAA15
XRCC6,NCOA6
XRCC6,PAFAH1B3
XRCC6,PARP1
XRCC6,PCNA
XRCC6,POU2F1
XRCC6,PTTG1
XRCC6,RBBP4
XRCC6,SGOL1
XRCC6,SKIL
XRCC6,SMAD3
XRCC6,TCF4
XRCC6,TP53
XRCC6,XRCC5
YAF2,GABPB1
YAF2,MYCN
YBX1,HNRNPD
YBX1,HNRNPK
YBX1,MAPK1
YBX1,NFYB
YBX1,PCNA
YBX1,SMAD3
YBX1,TP53
ZBTB16,CDK1
ZBTB16,CEP70
ZBTB16,EEF1A1
ZBTB16,FHL2
ZBTB16,HDAC1
ZBTB16,NR3C1
ZBTB16,PAFAH1B3
ZBTB16,PMAIP1
ZBTB16,RUNX1T1
ZBTB16,SMAD3
ZBTB16,TERF1
ZBTB16,TRIM27
ZBTB3,SKIL
ZFHX3,PIAS3
ZFP36,MAPK1
ZHX1,PAFAH1B3
ZHX1,TARDBP
ZHX1,TERF1
ZHX1,TP53
ZIC2,BSCL2
ZIC2,CETN3
ZIC2,CSDE1
ZIC2,GATA6
ZIC2,GLI1
ZIC2,GLI2
ZIC2,HPX
ZIC2,JAG1
ZIC2,NR2F2
ZIC2,PLAGL2
ZIC2,PPFIBP2
ZIC2,RARG
ZIC2,RUNX1T1
ZIC2,SSRP1
ZIC2,TPD52L1
ZIC2,TRERF1
ZNF354A,TRIM28
ZNF638,FHL2
ZNF74,TRIM28
ZNHIT3,HNF4A
ZNHIT3,THRB
ZNRD1,NONO
ZRANB2,SRSF2
ZRANB2,U2AF1
CEBPA,ACOX2
CEBPA,ALDH1A1
CEBPA,APOC3
CEBPA,CAMK2D
CEBPA,DNAH14
CEBPA,EGFR
CEBPA,EPAS1
CEBPA,FAM13A
CEBPA,FOXA2
CEBPA,HIPK2
CEBPA,JAZF1
CEBPA,JMJD1C
CEBPA,LAMB1
CEBPA,LITAF
CEBPA,MTUS1
CEBPA,NFIB
CEBPA,PLIN2
CEBPA,PRKCE
CEBPA,PYGL
CEBPA,RBPJ
CEBPA,RHOBTB3
CEBPA,RREB1
CEBPA,SGK1
CEBPA,SIL1
CEBPA,SMAD3
CEBPA,THOC1
CEBPA,TNFAIP3
CEBPA,UTRN
CEBPA,ZBTB16
E2F4,BCOR
E2F4,BRCA2
E2F4,BRIP1
E2F4,CENPU
E2F4,DDX39A
E2F4,DLGAP5
E2F4,DROSHA
E2F4,E2F8
E2F4,EPAS1
E2F4,FOXM1
E2F4,HELLS
E2F4,HIST1H1C
E2F4,HNRNPAB
E2F4,ING5
E2F4,KIAA0101
E2F4,MMS22L
E2F4,NR3C1
E2F4,NUSAP1
E2F4,P4HA2
E2F4,POU2F1
E2F4,RAD54B
E2F4,RRM2
E2F4,SLC38A1
E2F4,SMARCA5
E2F4,TAF5
E2F4,TIMM21
E2F4,TRIM28
E2F4,TRIP13
E2F4,TTF2
E2F4,UBE2C
E2F4,UBE2T
E2F4,ZFYVE21
E2F7,E2F8
EGR1,AES
EGR1,APEX1
EGR1,DNMT3A
EGR1,FAM13A
EGR1,FOSL1
EGR1,IRF1
EGR1,KLF5
EGR1,MYC
EGR1,NFIB
EGR1,NOTCH3
EGR1,SPP1
EGR1,TCF3
EGR1,TGIF1
EGR1,ZNF638
EPAS1,DDIT4
EPAS1,FAM13A
EPAS1,POU5F1
ETS1,BCOR
ETS1,CD9
ETS1,DDIT4
ETS1,DNMT1
ETS1,DPYSL2
ETS1,E2F3
ETS1,EEF1A1
ETS1,EPAS1
ETS1,FOXP1
ETS1,GSN
ETS1,HDGF
ETS1,HMGN4
ETS1,HNRNPUL1
ETS1,ID3
ETS1,ING1
ETS1,ITGB5
ETS1,JMJD1C
ETS1,KLF6
ETS1,NFIB
ETS1,PRKCE
ETS1,PTMA
ETS1,RAD51
ETS1,RAI14
ETS1,RARG
ETS1,RBM39
ETS1,RNASE4
ETS1,SGK1
ETS1,SLC38A2
ETS1,SMOX
ETS1,SSBP3
ETS1,TCF4
ETS1,TGIF1
ETS1,TGIF2
ETS1,UTRN
ETS1,ZFP36
FOSL2,TGIF1
FOXA1,APOA1
FOXA1,BRIP1
FOXA1,CAMK2D
FOXA1,CEBPA
FOXA1,EGFR
FOXA1,ERBB4
FOXA1,FAM13A
FOXA1,GLIS3
FOXA1,GULP1
FOXA1,ICA1
FOXA1,IQGAP2
FOXA1,JARID2
FOXA1,JAZF1
FOXA1,JMJD1C
FOXA1,KDM4C
FOXA1,LMO7
FOXA1,MEF2C
FOXA1,MTUS1
FOXA1,NFIB
FOXA1,PAWR
FOXA1,PBX1
FOXA1,POU2F1
FOXA1,PPFIBP2
FOXA1,PRKCE
FOXA1,RBPJ
FOXA1,SCAPER
FOXA1,SIL1
FOXA1,SLC38A1
FOXA1,SSBP2
FOXA1,TFPI
FOXA1,TPD52L1
FOXA1,TTR
FOXA1,UTRN
FOXA1,ZBTB16
FOXA2,TTR
FOXM1,AURKB
FOXM1,BIRC5
FOXM1,BRCA2
FOXM1,CCND1
FOXM1,CDKN1A
FOXM1,CDX2
FOXM1,CENPF
FOXM1,CKS1B
FOXM1,PLK1
FOXM1,PPFIBP2
FOXO1,CCNB1
FOXO1,CCNB2
FOXO1,CCND1
FOXO1,CDKN1A
FOXO1,MCM5
FOXO1,SEPP1
FOXP1,BCL11A
FOXP1,CAMK2D
FOXP1,CDKN1A
FOXP1,FAM13A
FOXP1,GLIS3
FOXP1,KDM4C
FOXP1,LAMC1
FOXP1,PARP1
FOXP1,PMAIP1
FOXP1,POU2F1
FOXP1,RBPJ
FOXP1,SMARCC1
FOXP1,SSBP2
FOXP1,TCF4
FOXP1,UTRN
FOXP1,ZBTB16
GLI2,PCNA
HNF4A,ACOT7
HNF4A,AGT
HNF4A,ALDH1A1
HNF4A,ANXA4
HNF4A,BCOR
HNF4A,CAMK2D
HNF4A,CDX2
HNF4A,CTSE
HNF4A,DPYSL2
HNF4A,EGFR
HNF4A,EPAS1
HNF4A,ETV4
HNF4A,F2
HNF4A,FAM13A
HNF4A,FGA
HNF4A,FHL2
HNF4A,G6PC3
HNF4A,GATA4
HNF4A,GLIS3
HNF4A,IQGAP2
HNF4A,ITGB5
HNF4A,KDM4C
HNF4A,LMO7
HNF4A,NFIB
HNF4A,NFKBIZ
HNF4A,PEMT
HNF4A,PPFIBP2
HNF4A,PRKCE
HNF4A,RHOBTB3
HNF4A,SEPP1
HNF4A,SIL1
HNF4A,SLC35D2
HNF4A,SSBP3
HNF4A,SULF2
HNF4A,TBL1X
HNF4A,TMEM37
HNF4A,USP7
HNF4A,UTRN
HNF4A,ZBTB16
HNF4A,ZFHX3
MAZ,MYC
MEF2C,TCF4
MYCN,EGFR
NFYB,CCNB1
NFYB,CRYZL1
NFYB,PCNA
NR2F2,APOA1
NR2F2,APOA2
NR2F2,APOB
NR2F2,APOC2
NR2F2,APOC3
NR2F2,HNF4A
NR2F2,TF
NR3C1,NR1I3
PAX6,NANOG
PAX6,POU5F1
PRDM14,BCL11A
PRDM14,BCOR
PRDM14,CD9
PRDM14,DNMT3A
PRDM14,FOSL2
PRDM14,GLI2
PRDM14,NFATC2
PRDM14,PTMA
PRDM14,RAB25
PRDM14,TCF7L1
SMAD3,GLIS3
SOX2,BBS9
SOX2,DNAH14
SOX2,ERBB4
SOX2,ETV1
SOX2,FAM13A
SOX2,FOXP1
SOX2,GLI2
SOX2,JAG1
SOX2,JMJD1C
SOX2,KDM4C
SOX2,LDB2
SOX2,MAP1B
SOX2,NANOG
SOX2,RBPJ
STAT2,BST2
TFAP2C,BCOR
TFAP2C,BRIP1
TFAP2C,EHMT1
TFAP2C,FOXA1
TFAP2C,FOXP1
TFAP2C,MTUS1
TFAP2C,MYC
TFAP2C,NFATC2
TFAP2C,PBX1
TFAP2C,PPFIBP2
TFAP2C,PRKCE
TFAP2C,RREB1
TFAP2C,SIL1
TFAP2C,SLC38A1
TFAP2C,SMAD3
TFAP2C,SSBP3
TFAP2C,SULF2
TFAP2C,TFF1
TFAP2C,TPD52L1
TFAP2C,UTRN
TFAP2C,ZFHX3
TFAP2C,ZNF217
TFDP1,HNRNPUL1
TFDP1,PTMA
TP53,AEBP2
TP53,ANXA4
TP53,ASCC3
TP53,AXL
TP53,CAMK2D
TP53,DERA
TP53,DTWD1
TP53,ERBB4
TP53,FHL2
TP53,FOXP1
TP53,GSN
TP53,KDM4C
TP53,MED4
TP53,PRDM1
TP53,PRKCE
TP53,RBPJ
TP53,RRM1
TP53,SULF2
TP53,UQCC1
TP53,UTRN
