Gene1,Gene2
E2F4,MYCN
E2F4,RAD51
E2F4,RB1
EGR1,BIRC5
EGR1,CDKN1C
EGR1,ICAM1
EGR1,JUN
EGR1,LTB
EGR1,NDRG1
EGR1,TK1
EGR1,IL12A
ELF1,CSF1R
ELF1,DNTT
ELF1,FCER1G
EPAS1,ABCG2
EYA2,MTOR
FOXO1,CCR2
FOXO1,CDKN1A
FOXO1,EGR1
FOXO1,IKZF1
FOXO1,PIK3R1
FOXO1,SELL
FOXO1,TRIB3
GATA2,SPI1
GFI1B,MEIS1
HCFC1,RB1
HDAC2,CDKN1A
HDAC2,NFKBIA
IKZF1,MYC
IRF8,ABL1
IRF8,IL12A
IRF8,SPI1
IRF9,IRF7
JUN,CSF1R
JUN,GCLC
JUN,ICAM1
JUN,KRT18
JUN,ODC1
JUN,RELB
JUN,SPI1
KLF6,CDKN1A
MAPK1,EGR1
MEIS1,FLT3
MYB,CDKN1A
MYB,CSF1R
MYB,CSF3R
MYB,MYC
MYB,PRTN3
MYC,BCL2
MYC,CAD
MYC,CCNB1
MYC,CDCA7
MYC,CDKN1A
MYC,HDAC2
MYC,NDRG1
MYC,NFIA
MYC,ODC1
MYC,ZFP36
MYCN,HDAC2
MYCN,NDRG1
MYCN,PTDSS1
NDN,CDK1
NDN,MYC
NFAT5,BCL2
NFATC2,BACE1
NFATC2,CCNA2
NFE2,HMBS
NFE2,TYMS
NR3C2,MLLT3
NR3C2,TSC22D3
NUPR1,CCNA2
NUPR1,TCF19
PLAG1,EGR1
RARB,JUN
RB1,BIRC5
RB1,CDKN1A
RB1,ELF1
RB1,JUN
RB1,SPI1
REL,IL12A
REL,MYC
REL,RORC
RELB,MYB
RELB,MYC
RUNX1T1,BCL2
SALL2,CDKN1A
SATB1,BCL2
SATB1,SPI1
SLA2,CSF1R
SMARCA2,CCNA2
SMARCA2,CD44
SPI1,CSF1R
SPI1,ELANE
SPI1,ELF1
SPI1,FCER1G
SPI1,FES
SPI1,FLT3
SPI1,IGHM
SPI1,IRF8
SPI1,NCF1
SPI1,TEC
SPI1,TLR4
STAT2,IRF7
YBX1,SLC2A3
ZBTB16,CDKN1A
ABL1,CISH
ABL1,MYC
ABL1,RB1
BTG2,ZFP36
CBFB,TIE1
CENPK,AURKB
CENPK,BIRC5
CENPK,BUB1B
CENPK,CCNA2
CENPK,CCNB1
CENPK,CDC20
CENPK,CDCA5
CENPK,CENPA
CENPK,CENPE
CENPK,CENPL
CENPK,CENPO
CENPK,CEP55
CENPK,CKAP2L
CENPK,KIF11
CENPK,MIS12
CENPK,MIS18BP1
CENPK,NCAPG
CENPK,NCAPG2
CENPK,NDC80
CENPK,NDE1
CENPK,NUP107
CENPK,NUP85
CENPK,NUSAP1
CENPK,PBK
CENPK,PRIM1
CENPK,RANGAP1
CENPK,SEH1L
CENPK,SHCBP1
CENPK,SPC24
CENPK,SPC25
CENPK,TPX2
CREB5,BCL2
CTR9,ELP2
CTR9,RUVBL2
DDX20,GEMIN5
DDX20,HDAC2
DDX20,NUP107
DDX20,NUP85
DDX20,NUP88
DDX20,PRMT5
DDX20,SEH1L
DDX20,SNRPB
DDX20,STRAP
E2F4,CCNA2
E2F4,CDK1
E2F4,CDKN1A
E2F4,DHFR
E2F4,MYC
E2F4,NDN
E2F4,TOP2A
EGR1,9530082P21RIK
EGR1,AHCYL1
EGR1,APBB1
EGR1,APLP2
EGR1,ARID3B
EGR1,CBX5
EGR1,CLTC
EGR1,COL4A2
EGR1,CTSL
EGR1,D1ERTD622E
EGR1,FLT3
EGR1,H2-DMA
EGR1,HCFC1
EGR1,HNRNPAB
EGR1,HSPA1A
EGR1,HSPH1
EGR1,KLF6
EGR1,LMAN2L
EGR1,MAPK12
EGR1,MECOM
EGR1,MEIS1
EGR1,MIS12
EGR1,MYC
EGR1,NFE2
EGR1,OTUD4
EGR1,PIK3R1
EGR1,PNCK
EGR1,REL
EGR1,REXO2
EGR1,SESN1
EGR1,SLC25A38
EGR1,SLC37A1
EGR1,SOCS2
EGR1,STAG2
EGR1,TRP53I11
EGR1,USP11
EGR1,ZC3H7A
EPAS1,TEK
ERCC8,DCAF13
ERCC8,NFE2
ERCC8,POLD1
ERCC8,POLR2B
ERCC8,XPC
FOXO1,ANKRD44
FOXO1,CD44
FOXO1,CREB5
FOXO1,CSF1R
FOXO1,CTSL
FOXO1,FOXRED1
FOXO1,GFI1B
FOXO1,H2-DMA
FOXO1,LMO4
FOXO1,MIR17HG
FOXO1,MTOR
FOXO1,ORC2
FOXO1,PITPNC1
FOXO1,RUNX1T1
FOXO1,SESN1
FOXO1,SORL1
FOXO1,STT3A
FOXO1,SZT2
FOXO1,TCP11L2
FOXO1,TRP53I11
FOXO1,ZBTB16
GATA2,ALDH18A1
GATA2,CDK6
GATA2,CENPL
GATA2,DNAJC9
GATA2,DUSP1
GATA2,FCGR2B
GATA2,HDAC7
GATA2,HLF
GATA2,JUN
GATA2,NADK
GATA2,OSGIN1
GATA2,RARB
GATA2,RNF122
GATA2,RUNX1T1
GATA2,SNRNP200
GATA2,TCP11L2
GATA2,TEK
GATA2,ZBTB16
GFI1B,HDAC2
GFI1B,RCOR1
GTF2F1,CSTF2
GTF2F1,EFTUD2
GTF2F1,POLR2B
GTF2F1,PRPF4
GTF2F1,SF3B3
GTF2F1,SNRNP200
GTF2F1,SRSF1
GTF2H1,NFE2
H1F0,CDK1
HCFC1,CDK1
HCFC1,NDN
HDAC11,CBX5
HDAC11,CDT1
HDAC11,H2AFX
HDAC11,HDAC2
HDAC11,HDAC7
HDAC2,CBX5
HDAC2,DDX20
HDAC2,GFI1B
HDAC2,H2AFX
HDAC2,HDAC11
HDAC2,HDAC7
HDAC2,IKZF1
HDAC2,MECOM
HDAC2,RB1
HDAC2,SMARCA2
HDAC7,CBX5
HDAC7,H2AFX
HDAC7,HDAC11
HDAC7,HDAC2
HDAC7,MAML3
HLF,GATA2
HMGB2,AURKA
HMGB2,BIRC5
HMGB2,BUB1B
HMGB2,CCNA2
HMGB2,CCNB1
HMGB2,CCNB2
HMGB2,CDC20
HMGB2,CDCA5
HMGB2,CDK1
HMGB2,CDT1
HMGB2,CKS2
HMGB2,KIF22
HMGB2,MCM2
HMGB2,MCM3
HMGB2,MCM4
HMGB2,MCM6
HMGB2,MCM7
HMGB2,MKI67
HMGB2,NCAPG
HMGB2,PBK
HMGB2,PRIM1
HMGB2,RACGAP1
HMGB2,RRM2
HMGB2,SHCBP1
HMGB2,TIPIN
HMGB2,TOP2A
HMGB2,UBE2C
HMGB2,UHRF1
IKZF1,BCL2
IKZF1,DENND2D
IKZF1,EGR1
IKZF1,EZR
IKZF1,GANAB
IKZF1,HDAC2
IKZF1,IFRD2
IKZF1,MPZL1
IKZF1,NCAPD2
IKZF1,NDRG1
IKZF1,RASSF4
IKZF1,SMARCA2
IKZF1,STIP1
IRF6,CD44
IRF6,FDFT1
IRF6,H2-AA
IRF6,ICAM1
IRF6,IRF7
IRF6,IRF8
IRF6,IRF9
IRF6,OAS3
IRF7,CD44
IRF7,DDX60
IRF7,GBP3
IRF7,H2-AA
IRF7,ICAM1
IRF7,IFI44
IRF7,IGTP
IRF7,IIGP1
IRF7,IRF6
IRF7,IRF8
IRF7,IRF9
IRF7,OAS3
IRF7,OASL2
IRF7,RTP4
IRF7,UBA7
IRF7,XAF1
IRF8,CD44
IRF8,H2-AA
IRF8,ICAM1
IRF8,IRF6
IRF8,IRF7
IRF8,IRF9
IRF8,LY86
IRF8,OAS3
IRF9,CD44
IRF9,H2-AA
IRF9,ICAM1
IRF9,IGTP
IRF9,IRF6
IRF9,IRF8
IRF9,OAS3
IRF9,OASL2
IRF9,RTP4
IRF9,STAT2
JARID2,MORC3
JARID2,RB1
JARID2,TRIM35
JUN,9530068E07RIK
JUN,ADK
JUN,ANXA3
JUN,ATP10A
JUN,BTG2
JUN,BTK
JUN,CAMK2D
JUN,CCL4
JUN,CCNA2
JUN,CERK
JUN,CTSL
JUN,EBF1
JUN,EFTUD2
JUN,EGR1
JUN,EMILIN1
JUN,FGL2
JUN,GATA2
JUN,GOLPH3
JUN,GTF2F1
JUN,H2-DMA
JUN,HCFC1
JUN,IL12A
JUN,IRF6
JUN,ITCH
JUN,KIF17
JUN,LSP1
JUN,LY9
JUN,MAPK1
JUN,MAPK12
JUN,MFNG
JUN,MTCH2
JUN,MYB
JUN,NAP1L3
JUN,NDUFA10
JUN,NEDD1
JUN,OBSCN
JUN,PIM2
JUN,PPP1R15A
JUN,PROCR
JUN,PSMC2
JUN,PTGS1
JUN,PTPRS
JUN,RAB37
JUN,RAP1B
JUN,REXO2
JUN,SCARF1
JUN,SDC4
JUN,SHISA5
JUN,SLC20A1
JUN,SMARCA2
JUN,TLE2
JUN,TLR4
JUN,TMEM33
JUN,TRAP1
JUN,TUBA4A
JUN,VDR
JUN,WSB1
JUN,ZFP36
MAML3,HDAC7
MAML3,MYC
MAPK12,IL12A
MAPK1,IL12A
MCM2,ASF1B
MCM2,ATAD2
MCM2,AURKA
MCM2,AURKB
MCM2,BIRC5
MCM2,BUB1B
MCM2,CCNA2
MCM2,CCNB1
MCM2,CCNB2
MCM2,CDC20
MCM2,CDC45
MCM2,CDC7
MCM2,CDCA5
MCM2,CDCA7
MCM2,CDK1
MCM2,CDKN1A
MCM2,CDT1
MCM2,CENPA
MCM2,CENPE
MCM2,CEP55
MCM2,CKAP2
MCM2,CKS1B
MCM2,CKS2
MCM2,DNAJC9
MCM2,EMB
MCM2,FBXO5
MCM2,FIGNL1
MCM2,H2AFX
MCM2,HMGB2
MCM2,KIF11
MCM2,KIF22
MCM2,LIG1
MCM2,MCM10
MCM2,MCM3
MCM2,MCM4
MCM2,MCM6
MCM2,MCM7
MCM2,MKI67
MCM2,MSH6
MCM2,NASP
MCM2,NCAPG
MCM2,NCAPG2
MCM2,NCAPH
MCM2,NDC80
MCM2,ORC2
MCM2,ORC6
MCM2,PBK
MCM2,POLA2
MCM2,POLD1
MCM2,POLE
MCM2,PRIM1
MCM2,PRIM2
MCM2,RACGAP1
MCM2,RB1
MCM2,RPA1
MCM2,RPA2
MCM2,RRM1
MCM2,RRM2
MCM2,SHCBP1
MCM2,SLBP
MCM2,SPC25
MCM2,TIPIN
MCM2,TK1
MCM2,TOP2A
MCM2,TPX2
MCM2,TYMS
MCM2,UBE2C
MCM2,UHRF1
MCM3,ASF1B
MCM3,ATAD2
MCM3,AURKA
MCM3,AURKB
MCM3,BIRC5
MCM3,BUB1B
MCM3,CCNA2
MCM3,CCNB1
MCM3,CCNB2
MCM3,CDC20
MCM3,CDC45
MCM3,CDC7
MCM3,CDCA5
MCM3,CDCA7
MCM3,CDK1
MCM3,CDKN1A
MCM3,CDT1
MCM3,CENPA
MCM3,CEP55
MCM3,CKAP2
MCM3,CKS1B
MCM3,CKS2
MCM3,FBXO5
MCM3,FIGNL1
MCM3,H2AFX
MCM3,HMGB2
MCM3,KIF11
MCM3,KIF20B
MCM3,KIF22
MCM3,LIG1
MCM3,MCM10
MCM3,MCM2
MCM3,MCM4
MCM3,MCM6
MCM3,MCM7
MCM3,MKI67
MCM3,MSH6
MCM3,NASP
MCM3,NCAPG
MCM3,NCAPG2
MCM3,NCAPH
MCM3,NDC80
MCM3,ORC2
MCM3,ORC6
MCM3,PBK
MCM3,POLA2
MCM3,POLD1
MCM3,POLE
MCM3,PRIM1
MCM3,PRIM2
MCM3,RACGAP1
MCM3,RB1
MCM3,RPA1
MCM3,RPA2
MCM3,RRM1
MCM3,RRM2
MCM3,SHCBP1
MCM3,SLBP
MCM3,SPC25
MCM3,TIPIN
MCM3,TK1
MCM3,TOP2A
MCM3,TPX2
MCM3,TYMS
MCM3,UBE2C
MCM3,UHRF1
MCM4,ASF1B
MCM4,ATAD2
MCM4,AURKA
MCM4,AURKB
MCM4,BIRC5
MCM4,BUB1B
MCM4,CCNA2
MCM4,CCNB1
MCM4,CCNB2
MCM4,CDC20
MCM4,CDC45
MCM4,CDC7
MCM4,CDCA5
MCM4,CDCA7
MCM4,CDK1
MCM4,CDKN1A
MCM4,CDT1
MCM4,CKS1B
MCM4,CKS2
MCM4,CSE1L
MCM4,DNAJC9
MCM4,FBXO5
MCM4,FIGNL1
MCM4,HMGB2
MCM4,KIF11
MCM4,KIF22
MCM4,LIG1
MCM4,MCM10
MCM4,MCM2
MCM4,MCM3
MCM4,MCM6
MCM4,MCM7
MCM4,MKI67
MCM4,MSH6
MCM4,NASP
MCM4,NCAPG
MCM4,NCAPG2
MCM4,NCAPH
MCM4,NDC80
MCM4,ORC2
MCM4,ORC6
MCM4,PBK
MCM4,POLA2
MCM4,POLD1
MCM4,POLE
MCM4,PRIM1
MCM4,PRIM2
MCM4,RACGAP1
MCM4,RB1
MCM4,RPA1
MCM4,RPA2
MCM4,RRM1
MCM4,RRM2
MCM4,SHCBP1
MCM4,SLBP
MCM4,TIPIN
MCM4,TK1
MCM4,TOP2A
MCM4,TPX2
MCM4,TYMS
MCM4,UHRF1
MCM5,CDC45
MCM5,CDC7
MCM5,ORC2
MCM5,ORC6
MCM6,ASF1B
MCM6,ATAD2
MCM6,AURKA
MCM6,AURKB
MCM6,BIRC5
MCM6,BUB1B
MCM6,CCNA2
MCM6,CCNB1
MCM6,CCNB2
MCM6,CDC20
MCM6,CDC45
MCM6,CDC7
MCM6,CDCA5
MCM6,CDK1
MCM6,CDKN1A
MCM6,CDT1
MCM6,CENPA
MCM6,CEP55
MCM6,CKAP2
MCM6,CKS1B
MCM6,CKS2
MCM6,FBXO5
MCM6,FIGNL1
MCM6,HMGB2
MCM6,KIF11
MCM6,KIF20B
MCM6,KIF22
MCM6,LIG1
MCM6,MCM10
MCM6,MCM2
MCM6,MCM3
MCM6,MCM4
MCM6,MCM7
MCM6,MKI67
MCM6,MSH6
MCM6,NCAPG
MCM6,NCAPG2
MCM6,NCAPH
MCM6,NDC80
MCM6,ORC2
MCM6,ORC6
MCM6,PBK
MCM6,POLA2
MCM6,POLD1
MCM6,POLE
MCM6,PRIM1
MCM6,PRIM2
MCM6,RACGAP1
MCM6,RB1
MCM6,RPA1
MCM6,RPA2
MCM6,RRM1
MCM6,RRM2
MCM6,SHCBP1
MCM6,SLBP
MCM6,SPC25
MCM6,TIPIN
MCM6,TK1
MCM6,TOP2A
MCM6,TPX2
MCM6,TYMS
MCM6,UBE2C
MCM6,UHRF1
MCM7,ASF1B
MCM7,AURKA
MCM7,AURKB
MCM7,BIRC5
MCM7,BUB1B
MCM7,CCNA2
MCM7,CCNB1
MCM7,CCNB2
MCM7,CDC20
MCM7,CDC45
MCM7,CDC7
MCM7,CDCA5
MCM7,CDCA7
MCM7,CDK1
MCM7,CDKN1A
MCM7,CDT1
MCM7,CENPA
MCM7,CEP55
MCM7,CKAP2
MCM7,CKS1B
MCM7,CKS2
MCM7,DNAJC9
MCM7,FIGNL1
MCM7,H2AFX
MCM7,HMGB2
MCM7,KIF11
MCM7,KIF22
MCM7,LIG1
MCM7,MCM10
MCM7,MCM2
MCM7,MCM3
MCM7,MCM4
MCM7,MCM6
MCM7,MKI67
MCM7,MSH6
MCM7,NASP
MCM7,NCAPG
MCM7,NCAPG2
MCM7,NCAPH
MCM7,NDC80
MCM7,ORC2
MCM7,ORC6
MCM7,PBK
MCM7,POLA2
MCM7,POLD1
MCM7,POLE
MCM7,PRIM1
MCM7,PRIM2
MCM7,RACGAP1
MCM7,RB1
MCM7,RPA1
MCM7,RPA2
MCM7,RRM1
MCM7,RRM2
MCM7,SHCBP1
MCM7,SLBP
MCM7,SPC25
MCM7,TIPIN
MCM7,TK1
MCM7,TOP2A
MCM7,TPX2
MCM7,TYMS
MCM7,UBE2C
MCM7,UHRF1
MECOM,AFAP1L1
MECOM,BUB1
MECOM,CKAP5
MECOM,ELP2
MECOM,EPAS1
MECOM,FBXW11
MECOM,FOXO1
MECOM,GNG11
MECOM,GP9
MECOM,HDAC2
MECOM,IDH1
MECOM,JARID2
MECOM,KCNK5
MECOM,KCTD12
MECOM,KLF6
MECOM,LMO4
MECOM,MGAT1
MECOM,MYCT1
MECOM,PA2G4
MECOM,PDE4B
MECOM,PIM2
MECOM,RELB
MECOM,RGS1
MECOM,RUNX1T1
MECOM,SALL2
MECOM,SATB1
MECOM,SLC16A1
MECOM,ST8SIA4
MECOM,SUPV3L1
MECOM,TRPS1
MECOM,TSPAN14
MECOM,USP37
MECOM,VKORC1L1
MECOM,VPS35
MEIS1,ANGPT1
MEIS1,ARRDC4
MEIS1,CLTC
MEIS1,EFTUD2
MEIS1,EIF1AD
MEIS1,EIF2S1
MEIS1,EIF4ENIF1
MEIS1,FBXO5
MEIS1,FCHO2
MEIS1,H2AFX
MEIS1,IFRD2
MEIS1,NDN
MEIS1,OSBPL8
MEIS1,PBX1
MEIS1,PIK3R1
MEIS1,PIM2
MEIS1,POLR2B
MEIS1,PSME3
MEIS1,RB1
MEIS1,RNF38
MEIS1,SATB1
MEIS1,SESN1
MEIS1,SMARCA2
MEIS1,STT3B
MEIS1,SYK
MEIS1,SYNJ1
MEIS1,TXNDC11
MEIS1,ZEB2
MIS18BP1,CCNB1
MIS18BP1,CENPA
MIS18BP1,CENPK
MIS18BP1,CENPO
MIS18BP1,CEP55
MIS18BP1,KIF11
MIS18BP1,SHCBP1
MIS18BP1,TPX2
MYB,ADK
MYB,AGPS
MYB,APLP2
MYB,ASF1B
MYB,ATAD1
MYB,AURKA
MYB,BCL2
MYB,CDC20
MYB,CDCA8
MYB,CDK1
MYB,CKAP2L
MYB,CLTC
MYB,DDX39
MYB,DNAJC10
MYB,ELANE
MYB,ERLIN1
MYB,ETF1
MYB,FAM102B
MYB,FGFR1OP
MYB,FLOT2
MYB,GANAB
MYB,GYS1
MYB,H2AFX
MYB,HDC
MYB,IDH3A
MYB,ITCH
MYB,JARID2
MYB,LMO4
MYB,MAGED1
MYB,MCM7
MYB,METTL7A1
MYB,MIR17HG
MYB,MPO
MYB,MTCH2
MYB,NEAT1
MYB,NUF2
MYB,OBSL1
MYB,OTUD6B
MYB,PAK1
MYB,PNO1
MYB,PPM1G
MYB,PRMT5
MYB,PTGS1
MYB,PTPN7
MYB,RARB
MYB,REXO2
MYB,RNF38
MYB,RUNX1T1
MYB,RUVBL2
MYB,SESN1
MYB,SETD2
MYB,SH3BGRL
MYB,SNX30
MYB,SORT1
MYB,SPC24
MYB,TACC3
MYB,TBC1D10C
MYB,TESPA1
MYB,TMEM97
MYB,TOP2A
MYB,UPP1
MYB,URB2
MYB,USP11
MYB,ZBTB16
MYB,ZNRF2
MYC,ABCE1
MYC,ABL1
MYC,ADK
MYC,AI506816
MYC,ALDH18A1
MYC,ANGPT1
MYC,AP1S2
MYC,ARFGEF2
MYC,ARRDC4
MYC,ATF7
MYC,AURKA
MYC,BCAP29
MYC,BIRC5
MYC,BYSL
MYC,CBX5
MYC,CCNE2
MYC,CD63
MYC,CDCA8
MYC,CDK6
MYC,CENPK
MYC,CKS1B
MYC,CTSL
MYC,CUL3
MYC,DDX21
MYC,DNTT
MYC,DUSP1
MYC,EFTUD2
MYC,EIF1AD
MYC,EIF2S1
MYC,EIF3B
MYC,EIF4ENIF1
MYC,ERCC8
MYC,EZR
MYC,FARSB
MYC,FGFR1OP
MYC,FLT3
MYC,FOXRED1
MYC,GCLC
MYC,GLRX5
MYC,GMIP
MYC,GNL3
MYC,GNS
MYC,GTF2H1
MYC,H2-DMA
MYC,HDGF
MYC,HEXA
MYC,HNRNPAB
MYC,HYOU1
MYC,IARS
MYC,IFI30
MYC,IFRD2
MYC,IRF9
MYC,ITCH
MYC,LRRC59
MYC,MAML3
MYC,MAPK1
MYC,MAPK12
MYC,MDN1
MYC,MFNG
MYC,MFSD10
MYC,MIR17HG
MYC,MTHFD1
MYC,MXD3
MYC,MYCT1
MYCN,ABCE1
MYCN,ABL2
MYCN,ACOX1
MYCN,ADK
MYCN,ADO
MYCN,AI506816
MYCN,ALDH18A1
MYCN,ATF7
MYCN,AURKA
MYCN,AURKB
MYCN,BCAP29
MYCN,BTK
MYCN,BUB1B
MYCN,CAD
MYCN,CBX5
MYCN,CBX7
MYCN,CCNE2
MYCN,CD63
MYCN,CDCA7
MYCN,CDK1
MYCN,CDT1
MYCN,CHCHD10
MYCN,CHRNB1
MYCN,CKAP2
MYCN,CLTC
MYCN,CSE1L
MYCN,CTSF
MYCN,CTSL
MYCN,DCAF13
MYCN,DDX21
MYCN,DDX39
MYCN,DENND2D
MYCN,DHX33
MYCN,DPP8
MYCN,DTL
MYC,NDUFS1
MYCN,EEF1E1
MYCN,EFTUD2
MYCN,EIF1AD
MYCN,EIF3B
MYCN,EIF4ENIF1
MYCN,ENPP5
MYCN,EPRS
MYCN,ERCC8
MYCN,ERGIC1
MYCN,EZR
MYCN,FAM76B
MYCN,FARSB
MYCN,FASTKD2
MYCN,FASTKD3
MYC,NFAT5
MYCN,FGFR1OP
MYC,NFKBIA
MYCN,GCLC
MYCN,GLB1
MYCN,GMFB
MYCN,GNL3
MYCN,GOLIM4
MYCN,GPD1L
MYCN,GTF2H1
MYCN,H2-DMA
MYCN,HAT1
MYCN,HDGF
MYCN,HEXA
MYCN,HIF3A
MYCN,HNRNPAB
MYCN,HSPA4
MYCN,HYOU1
MYCN,IARS
MYCN,ICAM1
MYCN,IFI30
MYCN,IFRD2
MYCN,ITSN1
MYCN,KCNK5
MYCN,LAP3
MYCN,LIG1
MYCN,LONP1
MYCN,MCM2
MYC,NMD3
MYCN,MDN1
MYCN,ME2
MYCN,METAP1
MYCN,MFSD1
MYCN,MFSD10
MYCN,MIR17HG
MYCN,MTHFD1
MYCN,MTUS1
MYCN,MXD3
MYCN,MYO5A
MYCN,NAA50
MYCN,NADK
MYCN,NDUFS1
MYCN,NFATC2
MYCN,NFKBIA
MYCN,NMD3
MYCN,NOL9
MYCN,NOP2
MYCN,NPTN
MYCN,NUDT19
MYCN,NUP93
MYCN,NUPR1
MYCN,ODC1
MYC,NOL9
MYC,NOP2
MYCN,OSBPL1A
MYCN,OTUD4
MYCN,PA2G4
MYCN,PDIA4
MYCN,PFKFB3
MYCN,PNO1
MYCN,POLE
MYCN,POLR1B
MYCN,PPAT
MYCN,PPID
MYCN,PRC1
MYCN,PRMT7
MYCN,PRODH
MYCN,PSMC2
MYCN,PSME3
MYC,NPTN
MYCN,PTPRS
MYCN,PUS7
MYCN,PWP2
MYCN,RANGAP1
MYCN,RCC1
MYCN,REXO2
MYCN,RGS19
MYCN,RHOF
MYCN,RNF4
MYCN,RPN1
MYCN,SEH1L
MYCN,SF3B3
MYCN,SGMS1
MYCN,SHMT1
MYCN,SLC16A1
MYCN,SLC19A1
MYCN,SLC20A1
MYCN,SLC26A2
MYCN,SLC29A1
MYCN,SLC35E1
MYCN,SNHG5
MYCN,SOCS2
MYCN,SRM
MYCN,STRAP
MYCN,STT3B
MYCN,SUPV3L1
MYCN,TAF12
MYCN,TARS
MYCN,TEX10
MYCN,TFRC
MYCN,THADA
MYCN,TIMM50
MYCN,TMEM97
MYCN,TNFRSF21
MYCN,TNPO1
MYCN,TOMM70A
MYCN,TOPORS
MYCN,TRMT11
MYCN,TRMT6
MYCN,TSC22D1
MYCN,TYMS
MYCN,UBE2C
MYCN,UHRF1
MYC,NUP93
MYC,NUPR1
MYCN,URB2
MYCN,VKORC1L1
MYCN,VPS16
MYCN,WDR4
MYCN,WDR43
MYCN,WDR5
MYCN,WDR55
MYCN,YBX1
MYCN,ZFP451
MYCN,ZFP53
MYCN,ZNRF2
MYC,OBSCN
MYC,PA2G4
MYC,PLA2G12A
MYC,POLA2
MYC,POLR1B
MYC,PPAT
MYC,PPID
MYC,PRC1
MYC,PRDM16
MYC,PRMT7
MYC,PSAT1
MYC,PSME3
MYC,PTPRS
MYC,PUS7
MYC,RANGAP1
MYC,RB1
MYC,RELB
MYC,REXO2
MYC,RNF4
MYC,RTEL1
MYC,SEC23IP
MYC,SGPP1
MYC,SHMT1
MYC,SLC20A1
MYC,SLC29A1
MYC,SOCS2
MYC,SPNS2
MYC,SRM
MYC,SRSF1
MYC,STRAP
MYC,STT3B
MYC,SUPV3L1
MYC,TAF12
MYC,TARS
MYC,TEX10
MYC,TFRC
MYC,TIMM50
MYC,TIMP2
MYC,TMEM246
MYC,TMEM43
MYC,TMEM97
MYC,TNFRSF21
MYC,TNPO1
MYC,TRIM16
MYC,TRMT6
MYC,TUBA4A
MYC,TYMS
MYC,UBE2C
MYC,UHRF1
MYC,UNC93B1
MYC,VKORC1L1
MYC,VPS16
MYC,WDR4
MYC,WDR43
MYC,YBX1
MYC,ZFP451
MYC,ZNRF2
NDN,E2F4
NDN,HCFC1
NDN,MAGED1
NDN,MCM10
NDN,NCAPH
NFAT5,MAPK12
NFATC2,GLRX5
NFATC2,MAPK12
NFATC2,MFSD10
NFATC2,MTMR4
NFATC2,NR3C2
NFATC2,PPP1CB
NFATC2,SATB1
NFATC2,TFG
NFE2,ERCC8
NFE2,GTF2H1
NFE2,ORC2
NFE2,POLR2B
NFE2,WDR5
NFE2,ZDHHC6
NFKBIA,FBXW11
NFKBIA,ICAM1
NFKBIA,REL
NFKBIA,RELB
NFKBIA,TAB1
NR3C2,ATP1B3
ORC2,BIRC5
ORC2,BUB1B
ORC2,CCNB1
ORC2,CDC6
ORC2,CDC7
ORC2,CDK1
ORC2,CDKN1A
ORC2,CDT1
ORC2,CENPA
ORC2,MCM10
ORC2,MCM2
ORC2,MCM3
ORC2,MCM4
ORC2,MCM5
ORC2,MCM6
ORC2,MCM7
ORC2,MIS12
ORC2,NDC80
ORC2,NFE2
ORC2,ORC6
ORC2,POLA2
ORC2,POLE
ORC2,PRIM1
ORC2,RB1
ORC2,RPA1
ORC2,RPA2
ORC2,SPC25
PA2G4,BYSL
PA2G4,EIF2S1
PA2G4,FARSA
PA2G4,FTSJ3
PA2G4,NOP2
PA2G4,PNO1
PA2G4,PRMT5
PA2G4,PWP2
PA2G4,SRM
PBX1,MEIS1
PHF10,SMARCA2
POLR1B,BYSL
POLR1B,CTPS
POLR1B,FTSJ3
POLR1B,NOP2
POLR1B,PNO1
POLR1B,PWP2
POLR2B,ABCE1
POLR2B,CSE1L
POLR2B,CSTF2
POLR2B,CTPS
POLR2B,EFTUD2
POLR2B,ERCC8
POLR2B,GTF2F1
POLR2B,NFE2
POLR2B,PRPF4
POLR2B,SF3B3
POLR2B,SNRNP200
POLR2B,SRSF1
POLR2B,UBA2
RARB,H1F0
RARB,NPDC1
RARB,TGM2
RB1,ABL1
RB1,CCNA2
RB1,CCNE2
RB1,CDK1
RB1,CDK6
RB1,CDT1
RB1,E2F4
RB1,HDAC2
RB1,JARID2
RB1,MCM2
RB1,MCM3
RB1,MCM4
RB1,MCM6
RB1,MCM7
RB1,MYC
RB1,ORC2
RB1,ORC6
RB1,PPP1CB
RELB,CDKN1A
RELB,ICAM1
RELB,NFKBIA
REL,CD74
REL,CUL3
REL,EFTUD2
REL,FOXO1
REL,GNL3
REL,GRINA
REL,GT(ROSA)26SOR
REL,ICAM1
REL,IFRD2
REL,JARID2
REL,MIR17HG
REL,MOGS
REL,NCF1
REL,NFAT5
REL,NFKBIA
REL,NMD3
REL,PGLYRP2
REL,RELB
REL,SDC4
REL,TOR3A
RNF4,TRPS1
RORC,CUL3
RORC,IL17RA
RORC,VDR
RUNX1T1,CSF1R
RUVBL2,CTR9
SATB1,ZBTB16
SMARCA2,ARID2
SMARCA2,HDAC2
SMARCA2,IKZF1
SMARCA2,JUN
SMARCA2,PHF10
SNRPB,DDX20
SNRPB,PRMT5
SPO11,RPA1
SPO11,RPA2
SPO11,TOP3B
SRSF1,CSTF2
SRSF1,EFTUD2
SRSF1,GTF2F1
SRSF1,POLR2B
SRSF1,PRPF4
SRSF1,SF3B3
SRSF1,SNRNP200
STAT2,CISH
STAT2,IRF9
STAT2,MYC
STAT2,SOCS2
STAT2,ZFP36
TOPORS,NEDD1
TRPS1,RNF4
VDR,RARS
VDR,RORC
XPC,ERCC8
XPC,POLD1
XPC,RPA1
XPC,RPA2
XRCC6,H2AFX
XRCC6,MSH6
ZBTB16,ATP6AP2
ZBTB16,CUL3
ZBTB16,GATA2
ZBTB16,NUP88
ZBTB16,SATB1
ZBTB16,TOP2A
ZDHHC6,NFE2
ZFP36,BTG2
ZFP36,DUSP1
ZFP36,STAT2
