Gene1,Gene2
AR,RGPD2
BCL11A,RGPD2
BCL11A,HESX1
CTNNB1,RGPD2
CTNNB1,CER1
CTNNB1,MCC
CTNNB1,AK4
CTNNB1,TLE3
CTNNB1,DKK1
CTNNB1,CXXC1
CTNNB1,SFRP2
CTNNB1,PRICKLE1
CTNNB1,DCLK1
CTNNB1,ETV4
CTNNB1,OTX2
CTNNB1,DKK4
CTNNB1,NEDD9
CTNNB1,TNC
CTNNB1,DUSP4
CTNNB1,WLS
CTNNB1,CYP1B1
CTNNB1,HESX1
CTNNB1,UNC5D
CTNNB1,ASXL1
CTNNB1,ETV1
CTNNB1,ZNF202
CTNNB1,NUP54
CTNNB1,USP44
CTNNB1,RXRG
CTNNB1,ENC1
CTNNB1,PHLDB2
CTNNB1,RGS5
CTNNB1,ETV3
CTNNB1,SMAD2
CTNNB1,KLHL4
CTNNB1,PRDM14
CTNNB1,CRABP2
CTNNB1,VPS13C
CTNNB1,WWTR1
CTNNB1,BTBD10
CTNNB1,COL4A1
CTNNB1,PAM
CTNNB1,NCAM1
CTNNB1,RBPJ
CTNNB1,LPIN1
CTNNB1,LIN28A
CTNNB1,TNFRSF11B
CTNNB1,GPR83
CTNNB1,CD200
CTNNB1,CYP26A1
CTNNB1,BAMBI
CTNNB1,RHOBTB3
CTNNB1,PMAIP1
CTNNB1,PBX1
CTNNB1,PALLD
CTNNB1,PRDM1
CTNNB1,PLAGL1
CTNNB1,CENPK
CTNNB1,PITX2
CTNNB1,FBXO28
CTNNB1,FOXN3
CTNNB1,SAMD3
CTNNB1,HOMER1
CTNNB1,EPCAM
CTNNB1,TCF4
CTNNB1,MATN3
CTNNB1,FOXP1
CTNNB1,DCAF6
CTNNB1,SH3BGRL2
CTNNB1,ZNF142
CTNNB1,ANXA3
CTNNB1,SEMA3E
CTNNB1,POU2F1
CTNNB1,MRPL1
CTNNB1,TTC27
CTNNB1,E2F7
CTNNB1,NCAPG
CTNNB1,HMGA1
CTNNB1,PHB2
CTNNB1,SKA3
CTNNB1,ABCA1
CTNNB1,SNAI2
CTNNB1,GATA4
CTNNB1,ASNS
CTNNB1,SNRPB
CTNNB1,MIA3
DNMT3B,CBX3
DNMT3B,MAFG
DNMT3B,OXTR
EGR1,U2AF1
EGR1,WDHD1
EGR1,NOL11
EGR1,SIRT1
EGR1,PDCD11
EGR1,KAT7
EGR1,TMEM131
EGR1,ARID4B
EGR1,KDELR3
EGR1,POLR1C
EGR1,ZNF764
EGR1,AFF4
EGR1,DNAJC2
EGR1,PTGR1
EGR1,DCAF6
EGR1,CREB3L2
EGR1,EEF1A1
EGR1,KIF15
EGR1,HNRNPD
EGR1,CRABP2
EGR1,ESPL1
EGR1,SFPQ
EGR1,CTNNB1
EGR1,ANKMY2
EGR1,SLC39A8
EGR1,RNF19A
EGR1,SNAI1
EGR1,HMGN2
EGR1,SNX18
EGR1,ASXL1
EGR1,PGM2
EGR1,NUP54
EGR1,PRIM1
EGR1,CASD1
EGR1,SENP7
EGR1,HNRNPAB
EGR1,MEX3C
EGR1,SALL2
EGR1,SMARCD3
EGR1,POLR3G
EGR1,TRIM33
EGR1,TGFB1
EGR1,SKIL
EGR1,YBX1
EGR1,PNPLA8
EGR1,ANKZF1
EGR1,ANKRD26
EGR1,PLAGL1
EGR1,CXXC1
EGR1,CNBP
EGR1,NUCB2
EGR1,APEX1
EGR1,TDRD7
EGR1,KLF8
EGR1,NEDD4
EGR1,MED14
EGR1,ETV4
EGR1,VPS13C
EGR1,CBX3
EGR1,NUP35
EGR1,DNAAF2
EGR1,TEX10
EGR1,ECI2
EGR1,PLAGL2
EGR1,B4GALT4
EGR1,CCDC82
EGR1,FOXJ1
EGR1,REL
EGR1,PSIP1
EGR1,TCF19
EGR1,ZNF160
EGR1,ATG4C
EGR1,ARHGAP42
EGR1,RHOBTB3
EGR1,ARFGAP3
EGR1,HOMER1
EGR1,MIA3
EGR1,JMJD1C
EGR1,RGPD2
EGR1,RBPJ
EGR1,XRCC6
EGR1,NONO
EGR1,NDUFC2-KCTD14
EGR1,TRAPPC8
EGR1,CUX1
EGR1,ZFYVE16
EGR1,TCF4
EGR1,RMI1
EGR1,HNRNPK
EGR1,WDR35
EGR1,FARSB
EGR1,MCM7
EGR1,ETV3
EGR1,ZNF24
EGR1,HIF1A
EGR1,KHSRP
EGR1,ZNF8
EGR1,PRICKLE1
EGR1,ANXA3
EGR1,PARP1
EGR1,TFE3
EGR1,ZNF280B
EGR1,RFESD
EGR1,KIAA1324L
EGR1,SLC36A4
EGR1,TJP2
EGR1,MIF
EGR1,ATP2B4
EGR1,POU2F1
EGR1,RAI14
EGR1,MDM4
EGR1,REV3L
EGR1,MAN1A1
EGR1,YAF2
EGR1,ZNF142
EGR1,RUVBL1
EGR1,MEF2D
EGR1,TIPARP
EGR1,PRKACB
EGR1,RUVBL2
EGR1,PHB2
EGR1,KLF5
EGR1,HCFC1
EGR1,GLDC
EGR1,SLC39A11
EGR1,ZKSCAN1
EGR1,ALG6
EGR1,PRTG
EGR1,RBFOX2
EGR1,ANKRD50
EGR1,ELOVL2
EGR1,GATAD2A
EGR1,ADAMTS3
EGR1,MYOF
EGR1,TP53
EGR1,SEMA6A
EGR1,ZNF398
EGR1,WWTR1
EGR1,ST8SIA4
EGR1,MCM4
EGR1,ZNF202
EGR1,PPARGC1B
EGR1,GRHL2
EGR1,GTF2H2
EGR1,HDGF
EGR1,PDGFA
EGR1,ODC1
EGR1,CDC7
EGR1,CA2
EGR1,STAT3
EGR1,FBXO28
EGR1,LIFR
EGR1,PDE3B
EGR1,ZNF165
EGR1,CITED2
EGR1,JUND
EGR1,ABLIM1
EGR1,ZRANB2
EGR1,ARNT2
EGR1,ELL2
EGR1,DDX54
EGR1,ZNF219
EGR1,TRIP11
EGR1,XRCC5
EGR1,ENC1
EGR1,PER3
EGR1,MXI1
EGR1,LEF1
EGR1,IRF1
EGR1,ARID3B
EGR1,SMAD5
EGR1,LHX1
EGR1,PITX2
EGR1,UTP18
EGR1,AGL
EGR1,E2F4
EGR1,MAML3
EGR1,TADA1
EGR1,MECOM
EGR1,ARID3A
EGR1,SPPL2A
EGR1,WDFY1
EGR1,SNRPB
EGR1,TFB2M
EGR1,PELI2
EGR1,ZNF518B
EGR1,PLXNA2
EGR1,DNMT3A
EGR1,RFXANK
EGR1,RPP40
EGR1,FER
EGR1,PPP1R9A
EGR1,PHF21A
EGR1,DNMT1
EGR1,PLK2
EGR1,NR2C1
EGR1,ARHGAP29
EGR1,TRAF6
EGR1,TBX3
EGR1,ETS1
EGR1,SNRPD1
EGR1,FBXO34
EGR1,NFIC
EGR1,NCOA6
EGR1,LPGAT1
EGR1,SMARCD1
EGR1,NOC3L
EGR1,E2F7
EGR1,TFAP2A
EGR1,ST3GAL6
EGR1,SOX2
EGR1,SLC35A3
EGR1,GATA6
EGR1,MCM2
EGR1,RRN3
EGR1,BAMBI
EGR1,PALLD
EGR1,XRN1
EGR1,CDCA7L
EGR1,MMP16
EGR1,FOXN3
EGR1,SATB1
EGR1,MYBBP1A
EGR1,RTKN2
EGR1,PHLDB2
EGR1,WDR3
EGR1,MSX1
EGR1,EOMES
EGR1,NCAM1
EGR1,WWP1
EGR1,COBLL1
EGR1,BMP4
EGR1,CALB1
EGR1,PDGFRA
EGR1,DUSP4
EGR1,AR
EGR1,PLAU
EGR1,CLDN10
EGR1,MITF
EGR1,IFI16
EGR1,AEBP1
EGR1,PAM
EGR1,MEIS2
EGR1,TEAD4
EGR1,WLS
EGR1,GABRB3
EGR1,ZFHX3
EGR1,FOXK1
EGR1,APBB2
EGR1,FOXF1
EGR1,ALCAM
EGR1,HIST1H1B
EGR1,DCLK1
EGR1,CCDC80
EGR1,COL5A1
EGR1,ZNF521
EGR1,LDB2
EGR1,FLI1
EGR1,ZFP42
EGR1,SPIB
EGR1,RORB
EGR1,TRERF1
EOMES,CER1
EOMES,HESX1
EOMES,DCLK1
EOMES,SAMD3
EOMES,KLHL4
EOMES,HNRNPD
EOMES,KIAA1324L
EOMES,RIPPLY1
EOMES,OTX2
EOMES,NCAM1
EOMES,SMARCD3
EOMES,MATN3
EOMES,TNC
EOMES,ANGPT2
EOMES,VWA5A
EOMES,LIN28A
EOMES,CBX3
EOMES,DNAJC2
EOMES,TLE2
EOMES,ZNF202
EOMES,CA14
EOMES,BTF3
EOMES,CLGN
EOMES,RND3
EOMES,MAMLD1
EOMES,TTC39B
EOMES,SIPA1L2
EOMES,GATA4
EOMES,CREB3L4
EOMES,SEMA3E
EOMES,ALPK2
EOMES,MECOM
EOMES,PIP4K2A
EOMES,POU2F1
EOMES,PLAGL1
EOMES,UNC5D
EOMES,BCAR3
EOMES,C4orf46
EOMES,NUP54
EOMES,NANOG
EOMES,ETV4
EOMES,DAAM1
EOMES,GLRX
EOMES,GYPB
EOMES,DDX54
EOMES,FAM117B
EOMES,PLOD2
EOMES,JMJD1C
EOMES,FOXH1
EOMES,ETV7
EOMES,AFF1
EOMES,PRICKLE1
EOMES,KLHL6
EOMES,TNFRSF11B
EOMES,RAI1
EOMES,DYNC1I1
EOMES,DKK4
EOMES,CEP85L
EOMES,PLAU
EOMES,ATG4C
EOMES,WDR3
EOMES,UPF2
EOMES,ZNF521
EOMES,SLC39A8
EOMES,ETV3
EOMES,FXR1
EOMES,IFI16
EOMES,ETV1
EOMES,CDC7
EOMES,SLITRK2
EOMES,TTK
EOMES,HOPX
EOMES,GSC
EOMES,PRIM1
EOMES,PAM
EOMES,ARHGAP28
EOMES,CPE
EOMES,ATP2B4
EOMES,RAD51
EOMES,RGS5
EOMES,ENC1
EOMES,MFAP4
EOMES,SNAPC3
EOMES,MITF
EOMES,TFAP4
EOMES,SMG6
EOMES,COL4A6
EOMES,EEF1A1
EOMES,ESCO2
EOMES,TEAD4
EOMES,NCOA6
EOMES,TP53
EOMES,WDHD1
EOMES,DKK1
EOMES,MDM4
EOMES,SEMA6A
EOMES,BAMBI
EOMES,ZNF589
EOMES,TMEM64
EOMES,TLE1
EOMES,RNF138
EOMES,GYPE
EOMES,NAA15
EOMES,SALL2
EOMES,CALB1
EOMES,KDELR3
EOMES,GATA6
EOMES,ARID5B
EOMES,NRIP1
EOMES,NDUFC2-KCTD14
EOMES,NFKBIA
EOMES,CALCOCO1
EOMES,CRABP2
EOMES,PREPL
EOMES,MXI1
EOMES,CD9
EOMES,ECI2
EOMES,ISL1
EOMES,AK4
EOMES,RXRG
EOMES,PPM1H
EOMES,NOL11
EOMES,MIA3
EOMES,ZNF83
EOMES,NUAK1
EOMES,RAD51AP1
EOMES,TMEM38B
EOMES,ARL4D
EOMES,SRSF2
EOMES,PGM2
EOMES,SLC39A11
EOMES,LGALSL
EOMES,RBPJ
EOMES,CAMK2D
EOMES,POLR2A
EOMES,HIF1A
EOMES,FLRT2
EOMES,CA2
EOMES,SRSF1
EOMES,ST8SIA1
EOMES,SKA3
EOMES,OAS1
EOMES,SIRT1
EOMES,TLE3
EOMES,STIM2
EOMES,INSIG2
EOMES,TP53INP1
EOMES,ADAMTS3
EOMES,SFPQ
EOMES,NOC3L
EOMES,HDAC9
EOMES,ANKRD13C
EOMES,DNMT1
EOMES,WLS
EOMES,RMI1
EOMES,HNRNPK
EOMES,RGPD2
EOMES,POLR3G
EOMES,KAT7
EOMES,PMP22
EOMES,PALLD
EOMES,DUSP4
EOMES,RAI14
EOMES,KLF8
EOMES,PPT2
EOMES,MRPL1
EOMES,ILF3
EOMES,GPSM2
EOMES,YPEL5
EOMES,BRWD1
EOMES,DNMT3A
EOMES,TCF7L1
EOMES,SERTAD2
EOMES,ASH2L
EOMES,UTP18
EOMES,CTNNB1
EOMES,CCKBR
EOMES,CNKSR3
EOMES,ZRANB2
EOMES,BTBD10
EOMES,TRDN
EOMES,KDM6A
EOMES,TMEM131
EOMES,MRPS35
EOMES,CEP55
EOMES,MAGI3
EOMES,FOXP1
EOMES,ELAVL2
EOMES,ANKRD50
EOMES,PHLDB2
EOMES,MYBBP1A
EOMES,FN1
EOMES,SMAD5
EOMES,SEMA3A
EOMES,DDAH1
EOMES,DCAF6
EOMES,TSPAN12
EOMES,PHLDA1
EOMES,FREM1
EOMES,PCDH7
EOMES,PDE3B
EOMES,CDCA2
EOMES,TIPIN
EOMES,CUX1
EOMES,ZEB1
EOMES,CRX
EOMES,ANKRD1
EOMES,NEDD4
EOMES,UBTF
EOMES,RBFOX2
EOMES,HAS2
EOMES,TIPARP
EOMES,KLF7
EOMES,C3orf14
EOMES,ZNF219
EOMES,STAT3
EOMES,CITED2
EOMES,KLHL28
EOMES,KIF21A
EOMES,ASXL1
EOMES,CCDC138
EOMES,SEMA6D
EOMES,CCDC141
EOMES,SLC6A15
EOMES,KAT6A
EOMES,FAM135A
EOMES,MAML3
EOMES,MAFF
EOMES,SNRPB
EOMES,CSDE1
EOMES,TRIP11
EOMES,TJP2
EOMES,FBN1
EOMES,AFF4
EOMES,SPIB
EOMES,NPM1
EOMES,EMB
EOMES,ARFGAP3
EOMES,FOXN3
EOMES,POLR2G
EOMES,HELZ
EOMES,ATF6
EOMES,VIM
EOMES,PTMA
EOMES,FUBP1
EOMES,PA2G4
EOMES,NFAT5
EOMES,ARID3A
EOMES,PRKACB
EOMES,MED16
EOMES,REV3L
EOMES,PHF21A
EOMES,BUB1B
EOMES,ARHGAP42
EOMES,SNAI2
EOMES,HSD17B11
EOMES,SCD5
EOMES,TCF19
EOMES,MEIS2
EOMES,CREB3L2
EOMES,CAP2
EOMES,NFKBIB
EOMES,SLC35F1
EOMES,PRSS35
EOMES,HOMER1
EOMES,ESRP1
EOMES,REL
EOMES,CCPG1
EOMES,VHL
EOMES,FARSB
EOMES,EXO1
EOMES,ANKRD28
EOMES,KIF15
EOMES,ARID3B
EOMES,JUND
EOMES,NAP1L3
EOMES,MED14
EOMES,HMGA1
EOMES,ZFHX3
EOMES,BCL11A
EOMES,TEX10
EOMES,MCM7
EOMES,MCM4
EOMES,CXXC1
EOMES,EWSR1
EOMES,TDP2
EOMES,NTS
EOMES,KLF5
EOMES,EPCAM
EOMES,PBX1
EOMES,SNX14
EOMES,RFC3
EOMES,GYPA
EOMES,BCLAF1
EOMES,AGL
EOMES,HMGN2
EOMES,MAFG
EOMES,DEPDC1B
EOMES,TGFBR3
EOMES,HCFC1
EZH2,RGPD2
EZH2,POU3F1
EZH2,RSPO3
EZH2,ELOVL2
EZH2,PLAGL1
EZH2,PGR
EZH2,LGR5
EZH2,ZFPM2
EZH2,HOPX
EZH2,SEMA6D
EZH2,CRHBP
EZH2,NFIA
EZH2,ST8SIA1
EZH2,ERBB4
EZH2,LIMCH1
EZH2,CPVL
EZH2,SOX17
EZH2,SATB2
EZH2,PLXNA2
EZH2,GPR83
EZH2,CYP26A1
EZH2,ROR2
EZH2,PRTG
EZH2,TMOD1
EZH2,CCKBR
EZH2,ETV7
EZH2,DUSP4
EZH2,EPB41L3
EZH2,HTRA1
EZH2,FAM89A
EZH2,BMPER
EZH2,CYP1B1
EZH2,GATA4
EZH2,COLEC12
EZH2,LMO2
EZH2,GATM
EZH2,PDGFRA
EZH2,TWIST1
EZH2,MAMLD1
EZH2,SIX6
EZH2,LZTS1
EZH2,SCD5
EZH2,PDE3B
EZH2,HDAC9
EZH2,LEF1
EZH2,NFIC
EZH2,HOXB3
EZH2,NKX3-1
EZH2,SMAD6
EZH2,MECOM
EZH2,ARHGAP29
EZH2,TGFBR3
EZH2,PMP22
EZH2,GSC
EZH2,ESRRG
EZH2,RORB
EZH2,PENK
EZH2,OXTR
EZH2,RAI1
EZH2,YAF2
EZH2,SLCO2A1
EZH2,NFATC1
EZH2,SOX7
EZH2,CHL1
EZH2,UNC5C
EZH2,FBN1
EZH2,PPARA
EZH2,DDAH1
EZH2,NR0B1
EZH2,ZEB1
EZH2,FLI1
EZH2,GABRB2
EZH2,GATA2
EZH2,HAND2
EZH2,TRIM2
EZH2,MEIS1
EZH2,SLC39A8
EZH2,MLLT3
EZH2,BMP4
EZH2,CPE
EZH2,E2F4
EZH2,LMX1B
EZH2,MCC
EZH2,ST3GAL6
EZH2,DACH1
EZH2,CLDN11
EZH2,RFPL2
EZH2,BTG2
EZH2,TDRD7
EZH2,HAND1
EZH2,DCLK1
EZH2,MXI1
EZH2,B3GNT5
EZH2,SERPINE2
EZH2,RAB31
EZH2,MEIS2
EZH2,GAD1
EZH2,BMP2
EZH2,DYNC1I1
EZH2,SLITRK2
EZH2,HOXB7
EZH2,TGFB1
EZH2,FLRT2
EZH2,TBX20
EZH2,DLC1
EZH2,CDH11
EZH2,ELAVL2
EZH2,GLIPR2
EZH2,BHLHE40
EZH2,EOMES
EZH2,OTX2
EZH2,GRHL1
EZH2,MITF
EZH2,PGM2
EZH2,LMO3
EZH2,ELK3
FOXH1,SNX18
FOXH1,CER1
FOXH1,MECOM
FOXH1,MANEA
FOXH1,AFF1
FOXH1,TTC39B
FOXH1,ARHGAP28
FOXH1,MXI1
FOXH1,PSIP1
FOXH1,SEMA3E
FOXH1,CBX3
FOXH1,LGR4
FOXH1,ANGPT2
FOXH1,DEK
FOXH1,MCM4
FOXH1,KIAA1324L
FOXH1,PRDM1
FOXH1,PIP4K2A
FOXH1,ZNF202
FOXH1,HIF3A
FOXH1,OXTR
FOXH1,ACTC1
FOXH1,NANOG
FOXH1,KLHL4
FOXH1,RFPL2
FOXH1,EPHA4
FOXH1,AK4
FOXH1,ELAVL2
FOXH1,NEDD4
FOXH1,CA14
FOXH1,MATN3
FOXH1,STAT2
FOXH1,PAM
FOXH1,SLITRK2
FOXH1,TP53INP1
FOXH1,TLE2
FOXH1,CYP26A1
FOXH1,ROR2
FOXH1,GSC
FOXH1,KLF7
FOXH1,DDX54
FOXH1,ARID3B
FOXH1,ABLIM1
FOXH1,ATP11B
FOXH1,ARID5B
FOXH1,BAMBI
FOXH1,FOXJ1
FOXH1,RIPPLY1
FOXH1,TLE3
FOXH1,NRP2
FOXH1,SKIL
FOXH1,ANKRD1
FOXH1,RGPD2
FOXH1,RAI1
FOXH1,CALB1
FOXH1,ESRRG
FOXH1,DNAJC2
FOXH1,SLC35F1
FOXH1,NUSAP1
FOXH1,SRC
FOXH1,CCNE2
FOXH1,WDHD1
FOXH1,MEIS1
FOXH1,LIMCH1
FOXH1,OTX2
FOXH1,SMARCD3
FOXH1,HNRNPD
FOXH1,ETV1
FOXH1,ALPK2
FOXH1,RGS5
FOXH1,TNC
FOXH1,WDFY1
FOXH1,C4orf46
FOXH1,NFIA
FOXH1,CNKSR3
FOXH1,BTF3
FOXH1,BCAR3
FOXH1,KLF8
FOXH1,FREM1
FOXH1,SEMA6D
FOXH1,RNF13
FOXH1,MAML3
FOXH1,SLC46A3
FOXH1,EWSR1
FOXH1,RXRG
FOXH1,APC
FOXH1,KLHL6
FOXH1,JMJD1C
FOXH1,FAM117B
FOXH1,TLR4
FOXH1,ID1
FOXH1,CCNA2
FOXH1,LGR5
FOXH1,ANKRD28
FOXH1,LIPG
FOXH1,ITM2A
FOXH1,POLR2G
FOXH1,MAGI3
FOXH1,SNX14
FOXH1,ZNF219
FOXH1,RBFOX2
FOXH1,CLDN10
FOXH1,CDK6
FOXH1,PRICKLE1
FOXH1,TJP2
FOXH1,XRCC6
FOXP1,RGPD2
FOXP1,TCF4
FOXP1,CITED2
FOXP1,EXO1
FOXP1,POU2F1
FOXP1,ANKRD28
FOXP1,SUPT16H
FOXP1,MCM7
FOXP1,PSIP1
FOXP1,KLHL12
FOXP1,GTF2H2
FOXP1,MECOM
FOXP1,MAML3
FOXP1,ZNF521
FOXP1,STIM2
FOXP1,NFIA
FOXP1,MCM3
FOXP1,FUBP1
FOXP1,SLC36A4
FOXP1,SETBP1
FOXP1,ARID5B
FOXP1,ZNF585B
FOXP1,DAAM1
FOXP1,TIPARP
FOXP1,CXXC1
FOXP1,PA2G4
FOXP1,MRPL1
FOXP1,CSDE1
FOXP1,HNRNPD
FOXP1,CREB3L4
FOXP1,CASD1
FOXP1,ELOVL2
FOXP1,TDP2
FOXP1,RIN2
FOXP1,ARL4A
FOXP1,CNBP
FOXP1,TRAF6
FOXP1,DTL
FOXP1,TRAPPC8
FOXP1,BCAR3
FOXP1,CCPG1
FOXP1,FXR1
FOXP1,STAT2
FOXP1,RNF19A
FOXP1,TADA1
FOXP1,SNRPB
FOXP1,NOC3L
FOXP1,DNMT3A
FOXP1,TDRD7
FOXP1,SNRPD1
FOXP1,ZNF398
FOXP1,XRN1
FOXP1,NOL11
FOXP1,MDM4
FOXP1,ASNS
FOXP1,SNX18
FOXP1,UTP15
FOXP1,AFF1
FOXP1,ASXL1
FOXP1,CCNA2
FOXP1,NUP54
FOXP1,ANKZF1
FOXP1,TFB2M
FOXP1,TBX3
FOXP1,KLHL28
FOXP1,OTUD6B
FOXP1,AMN1
FOXP1,RBFOX2
FOXP1,PLAGL1
FOXP1,MAFF
FOXP1,KAT6A
FOXP1,SNAPC3
FOXP1,NFAT5
FOXP1,DEPDC1B
FOXP1,TP53
FOXP1,BUB1B
FOXP1,APC
FOXP1,SKIL
FOXP1,YPEL5
FOXP1,DEK
FOXP1,CTNNB1
FOXP1,ANKRD6
FOXP1,NPM1
FOXP1,SSB
FOXP1,POLR2A
FOXP1,CEP290
FOXP1,WDR35
FOXP1,OXTR
FOXP1,POLR2K
FOXP1,C4orf46
FOXP1,AFF4
FOXP1,VPS13C
FOXP1,PDCD11
FOXP1,PHB2
FOXP1,RBM14
FOXP1,PNPLA8
FOXP1,ALG6
FOXP1,FOXN3
FOXP1,CALCOCO1
FOXP1,ENC1
FOXP1,WWP1
FOXP1,KIF15
FOXP1,DAXX
FOXP1,ZNF219
FOXP1,RNF138
FOXP1,PATZ1
FOXP1,PMP22
FOXP1,ZFYVE16
FOXP1,TFAP4
FOXP1,SIRT1
FOXP1,CCDC82
FOXP1,MCM4
FOXP1,STAT3
FOXP1,KLHL4
FOXP1,GCA
FOXP1,PREPL
FOXP1,KIAA1324L
FOXP1,ITPR2
FOXP1,RNF14
FOXP1,BTF3
FOXP1,PARP1
FOXP1,RTKN2
FOXP1,NDUFC2-KCTD14
FOXP1,HMGN2
FOXP1,SMARCD1
FOXP1,DKK1
FOXP1,BCLAF1
FOXP1,SMAD5
FOXP1,SEMA6A
FOXP1,MMP16
FOXP1,TSPAN12
FOXP1,PTMA
FOXP1,RAI1
FOXP1,PPM1H
FOXP1,GATAD2A
FOXP1,LPGAT1
FOXP1,MIA3
FOXP1,PRICKLE1
FOXP1,E2F4
FOXP1,CNKSR3
FOXP1,FBXO34
FOXP1,PLAGL2
FOXP1,TCOF1
FOXP1,ZNF165
FOXP1,ROR2
FOXP1,DNAAF2
FOXP1,ACOX3
FOXP1,TTC39B
FOXP1,ALCAM
FOXP1,STK38L
FOXP1,U2AF1
FOXP1,GLMN
FOXP1,NR2C1
FOXP1,ZNF30
FOXP1,TBC1D4
FOXP1,SRSF2
FOXP1,TEAD1
FOXP1,CEP55
FOXP1,UPF1
FOXP1,MAP4K3
FOXP1,HDGF
FOXP1,TEX10
FOXP1,ST8SIA1
FOXP1,POU2F2
FOXP1,INSIG2
FOXP1,KIF21A
FOXP1,KLF5
FOXP1,ZNF764
FOXP1,IL6ST
FOXP1,ESCO2
FOXP1,TCF7L1
FOXP1,DCAF6
FOXP1,NFKBIB
FOXP1,JUND
FOXP1,ARFGAP3
FOXP1,RNPS1
FOXP1,PRKACB
FOXP1,CAMK2D
FOXP1,E2F7
FOXP1,CCDC138
FOXP1,BRWD1
FOXP1,TEAD4
FOXP1,SORL1
FOXP1,RALB
FOXP1,TRIM27
FOXP1,KAT7
FOXP1,TP53INP1
FOXP1,KLHL24
FOXP1,JMJD1C
FOXP1,RPP40
FOXP1,BAMBI
FOXP1,WDHD1
FOXP1,HIF1A
FOXP1,NRP2
FOXP1,NCAPG
FOXP1,RUVBL2
FOXP1,CTBP1
FOXP1,CDC7
FOXP1,ETV1
FOXP1,PMAIP1
FOXP1,CALB1
FOXP1,UNC5D
FOXP1,EEF1A1
FOXP1,CLDN10
FOXP1,RBPJ
FOXP1,REL
FOXP1,DUSP4
FOXP1,ZNF83
FOXP1,MIF
FOXP1,NDC80
FOXP1,FOXK1
FOXP1,CLGN
FOXP1,TMF1
FOXP1,LDB2
FOXP1,PDGFRA
FOXP1,WDFY1
FOXP1,TTK
FOXP1,POLR2H
FOXP1,MXI1
FOXP1,MEIS1
FOXP1,TRIM33
FOXP1,ARHGAP28
FOXP1,ANKMY2
FOXP1,TMEM47
FOXP1,SALL2
FOXP1,ZNF160
FOXP1,PARN
FOXP1,DAB2
FOXP1,THAP9
FOXP1,RUVBL1
FOXP1,COL4A1
FOXP1,GABRB3
FOXP1,RAD51AP1
FOXP1,RFC3
FOXP1,SLC39A11
FOXP1,TTC27
FOXP1,PURA
FOXP1,VAMP7
FOXP1,MSX1
FOXP1,VHL
FOXP1,NEDD9
FOXP1,KLF7
FOXP1,RND3
FOXP1,BTBD10
FOXP1,IRF1
FOXP1,CPE
FOXP1,HESX1
FOXP1,ETS1
FOXP1,PLK2
FOXP1,FLRT3
FOXP1,CUL1
FOXP1,S1PR3
FOXP1,POLR2D
FOXP1,ARID3B
FOXP1,MITF
FOXP1,CDCA8
FOXP1,ZNF202
FOXP1,GAD1
FOXP1,TNC
FOXP1,PRSS35
FOXP1,DPYSL3
FOXP1,ZIC2
FOXP1,BARX2
FOXP1,ARID4B
FOXP1,ANKRD13C
FOXP1,APBB2
FOXP1,PRIM1
FOXP1,BNIP3
FOXP1,ZNF146
FOXP1,GLDC
FOXP1,ZNF488
FOXP1,ESRRG
FOXP1,ZNF589
FOXP1,SH3RF1
FOXP1,TMSB15B
FOXP1,RMI1
FOXP1,PDE3B
FOXP1,NUAK1
FOXP1,HNRNPK
FOXP1,GPSM2
FOXP1,PPARGC1B
FOXP1,MCM5
FOXP1,DNMT3B
FOXP1,COL5A1
FOXP1,BMPR1A
FOXP1,SKA3
FOXP1,PHC1
FOXP1,LTBP1
FOXP1,PTPRZ1
FOXP1,ID3
FOXP1,MED14
GATA2,TLE3
GATA2,GATA6
GATA2,MAPK10
GATA2,COLEC12
GATA2,ANKRD1
GATA2,ANXA3
GATA2,DLC1
GATA2,PPP1R9A
GATA2,BMP4
GATA3,RFESD
GATA3,MPHOSPH9
GATA3,MAPK10
GATA3,TBX3
GATA3,POU5F1
GATA3,TLE3
GATA3,RBBP4
GATA3,ATF6
GATA3,COLEC12
GATA3,MITF
GATA3,ANXA3
GATA3,CD9
GATA3,ELMOD2
GATA3,GATA6
GATA3,TEAD4
GATA3,MME
GATA3,BMP4
GATA3,BTBD10
GATA3,DLC1
GATA3,BTG2
GATA3,ZNF165
GATA3,DAB2
GATA3,ANKRD1
GATA3,POLR2G
GATA3,VWA5A
GATA3,MECOM
GATA3,NR3C1
GATA3,NHLH2
GATA3,BMPR1A
GATA3,TCF4
GATA3,BCAR3
GATA3,SYNE2
GATA3,PLAGL1
GATA3,SMAD5
GATA3,CAMK2D
GATA3,RNF19A
GATA3,ST8SIA1
GATA3,PPP1R9A
GATA3,HSD17B11
GATA3,TRIM22
GATA3,CREB3L2
GATA3,TLE2
GATA3,ST3GAL6
GATA3,JMJD1C
GATA3,SEMA3E
GATA3,PALLD
GATA3,ZNF587
GATA3,RALB
GATA3,HMGA1
GATA3,MYBL2
GATA3,RGS5
GATA3,ZNF202
GATA3,MCCC1
GATA3,BAMBI
GATA3,ZFHX3
GATA3,LMO2
GATA3,CCKBR
GATA3,CCDC141
GATA3,SERPINE2
GATA3,B4GALT4
GATA3,KLHL4
GATA3,DNMT3A
GATA3,EPHA4
GATA3,SIPA1L2
GATA3,CLDN10
GATA3,NTS
GATA4,CCDC141
GATA4,ANKRD1
GATA4,VWA5A
GATA4,C4orf46
GATA4,COLEC12
GATA4,RGS5
GATA4,MPHOSPH9
GATA4,SRSF1
GATA4,ILF3
GATA4,ALPK2
GATA4,TEAD4
GATA4,RAI14
GATA4,SMAD5
GATA4,GATA6
GATA4,SMARCD3
GATA4,DAB2
GATA4,BTBD10
GATA4,CEP85L
GATA4,KHSRP
GATA4,ANXA3
GATA4,HIF1A
GATA4,TNC
GATA4,MECOM
GATA4,ALCAM
GATA4,TCF4
GATA4,BTF3
GATA4,PAM
GATA4,ST8SIA1
GATA4,SLC39A8
GATA4,ANGPT2
GATA4,PLAGL1
GATA4,TTK
GATA4,AIP
GATA4,KIAA1324L
GATA4,NCOA6
GATA4,DMBX1
GATA4,NOC3L
GATA4,ODC1
GATA4,ZNF202
GATA4,CALB1
GATA4,ST3GAL6
GATA4,RIN2
GATA4,SAMD3
GATA4,HESX1
GATA4,PER3
GATA6,RGS5
GATA6,C4orf46
GATA6,TEAD4
GATA6,RGPD2
GATA6,CCDC141
GATA6,CEP85L
GATA6,ANKRD1
GATA6,VWA5A
GATA6,COLEC12
GATA6,PLAGL1
GATA6,BTBD10
GATA6,SLC39A8
GATA6,HIF1A
GATA6,TNC
GATA6,ST8SIA1
GATA6,SMARCD3
GATA6,FOXP1
GATA6,CALB1
GATA6,DMBX1
GATA6,NCOA6
GATA6,ZNF202
GATA6,ALPK2
HAND2,CBFA2T2
HAND2,ALPK2
HAND2,CDK6
HAND2,NR3C1
JUND,STAT3
JUND,ZNF165
JUND,TEAD1
JUND,TRIP6
JUND,VIM
JUND,MCM4
JUND,NFAT5
JUND,ZKSCAN1
JUND,KAT6A
JUND,RGPD2
JUND,CAP2
JUND,DNMT1
JUND,ANKRD1
JUND,CHEK2
JUND,NFYB
JUND,ZNF219
JUND,KLHL12
JUND,CAMK2D
JUND,MIA3
JUND,MAFF
JUND,SUPT7L
JUND,RAI14
JUND,POLR1A
JUND,EPCAM
JUND,NDC80
JUND,CENPK
JUND,RBPJ
JUND,ID1
JUND,NUP54
JUND,ACOX3
JUND,C4orf46
JUND,UTP18
JUND,PNPLA8
JUND,NOL11
JUND,RNPS1
JUND,TP53
JUND,ANKMY2
JUND,ZNF512
JUND,EWSR1
JUND,PSIP1
JUND,MRPL1
JUND,MRPS30
JUND,JMJD1C
JUND,MCC
JUND,ILF2
JUND,PPT2
JUND,KIF15
JUND,HCFC1
JUND,ABLIM1
JUND,FBXO34
JUND,VWA5A
JUND,RFC3
JUND,SRSF2
JUND,NDUFC2-KCTD14
JUND,DNAJC2
JUND,TRUB1
JUND,MRPS35
JUND,HOMER1
JUND,CREB3L2
JUND,RFXANK
JUND,ZNF764
JUND,AFF1
JUND,MBIP
JUND,POLR1B
JUND,NUAK1
JUND,POLR2A
JUND,TJP2
JUND,SNRPB
JUND,TFB2M
JUND,DDX54
JUND,RAD51AP1
JUND,C3orf14
JUND,FLRT3
JUND,CTNNB1
JUND,ANXA3
JUND,VAMP7
JUND,MEIS1
JUND,LGALSL
JUND,ENO1
JUND,PHB2
JUND,ARID3B
JUND,CDCA7L
JUND,ELL2
JUND,TFE3
JUND,SNRPD1
JUND,ASB9
JUND,GTF2H2
JUND,SF1
JUND,TDP2
JUND,MDM4
JUND,FBXO28
JUND,BAG3
JUND,DAAM1
JUND,MAML3
JUND,SLC36A4
JUND,SKIL
JUND,FER
JUND,YPEL5
JUND,CRABP2
JUND,ILF3
JUND,UTP15
JUND,SRSF1
JUND,DLC1
JUND,ANKRD13C
JUND,MAFG
JUND,TRIP11
JUND,PA2G4
JUND,TNC
JUND,ZNF589
JUND,HNRNPD
JUND,SLC35A3
JUND,RUVBL1
JUND,TMF1
JUND,CHAF1A
JUND,RUVBL2
JUND,ZBTB10
JUND,TCF4
JUND,HMGA1
JUND,TRAPPC8
JUND,TBX3
JUND,XRN1
JUND,ITGA5
JUND,RRN3
JUND,WDHD1
JUND,KAT7
JUND,MCM7
JUND,GATA3
JUND,EEF1A1
JUND,ZNF398
JUND,PAM
JUND,SAP18
JUND,TRAF6
JUND,PALLD
JUND,CITED2
JUND,WWP1
JUND,PREPL
JUND,NUP35
JUND,IFI16
JUND,CPE
JUND,ASXL1
JUND,APBB2
JUND,CSDE1
JUND,BTG2
JUND,STK38L
JUND,NAA15
JUND,GATM
JUND,PHLDB2
JUND,NOC3L
JUND,TRIM28
JUND,MCCC1
JUND,ZNF142
JUND,E2F4
JUND,ZRANB2
JUND,RBFOX2
JUND,DCLK1
JUND,DTL
JUND,REV3L
JUND,U2AF1
JUND,PDLIM3
JUND,CCNA2
JUND,AFF4
JUND,ETV4
JUND,ETV3
JUND,RTKN2
JUND,CXXC1
JUND,SRSF3
JUND,FARSB
JUND,ARID5B
JUND,ZNF24
JUND,GDAP1
JUND,SEMA6A
JUND,APEX1
JUND,KIF21A
JUND,CCDC138
JUND,RNF19A
JUND,CEP55
JUND,CCPG1
JUND,PLAGL2
JUND,SMAD5
JUND,FN1
JUND,STAT2
JUND,ALCAM
JUND,RBM14
JUND,ZNF83
JUND,POLB
JUND,FAM135A
JUND,MXI1
JUND,ARL4A
JUND,FXR1
JUND,TRIM2
JUND,FOXK1
JUND,RMI1
JUND,HNRNPK
JUND,BCAR3
JUND,SFPQ
JUND,NCAM1
JUND,CBX3
JUND,XRCC5
JUND,WDR12
JUND,SLC19A2
JUND,ZNF587
JUND,MEF2D
JUND,ASNS
JUND,CDCA2
JUND,HIF1A
JUND,GPC6
JUND,AMN1
JUND,SLC39A11
JUND,WDFY1
JUND,NFKBIA
JUND,SNX18
JUND,KLF7
JUND,BRWD1
JUND,TDRD7
JUND,HNRNPAB
JUND,ZNF521
JUND,ARID3A
JUND,ZNF202
JUND,DCAF6
JUND,SIRT1
JUND,STT3B
JUND,RNF14
JUND,NPM1
JUND,PARN
JUND,BCLAF1
JUND,TEX10
JUND,CNBP
JUND,WDR35
JUND,ELAVL2
JUND,PHF21A
JUND,SLC46A3
JUND,TFAP4
JUND,TIPIN
JUND,SSB
JUND,MED16
JUND,CUX1
JUND,SEMA3A
JUND,SOS2
JUND,MECOM
JUND,ACTC1
JUND,FOXP1
JUND,BLM
JUND,GCA
JUND,UNC5D
JUND,CCDC82
JUND,PPM1H
JUND,YBX1
JUND,KLHL4
JUND,MEIS2
JUND,ZNF8
JUND,LMX1B
JUND,HDGF
JUND,RFPL2
JUND,ESRRG
JUND,PAWR
JUND,TRIM25
JUND,FOXN3
JUND,MYBL2
JUND,ARL4D
JUND,SOX5
JUND,UPF1
JUND,DAB2
JUND,DNAJB14
JUND,DECR1
JUND,NUSAP1
JUND,TMEM131
JUND,CCND1
JUND,PRICKLE1
JUND,ELOVL2
JUND,SNAI1
JUND,FAM117B
JUND,HELZ
JUND,OXTR
JUND,RBMX
JUND,RNF138
JUND,DNMT3A
JUND,RPP40
JUND,ANKRD50
JUND,PLOD2
JUND,PITX2
JUND,ESPL1
JUND,ZNF160
JUND,MCM2
JUND,CPVL
JUND,SOX4
JUND,POU2F2
JUND,E2F3
JUND,FLI1
JUND,PRMT6
JUND,FOXD3
JUND,SOX13
JUND,SERTAD2
JUND,HIST1H1B
JUND,CDC7
JUND,SALL2
JUND,B4GALT4
JUND,CALB1
JUND,ITPR2
JUND,RARG
JUND,VHL
JUND,GPSM2
JUND,GLMN
JUND,HMGN2
JUND,MIF
JUND,PHLDA1
JUND,KIAA1324L
JUND,DNA2
JUND,GATAD2A
JUND,ADAMTS3
JUND,PTMA
JUND,NCOA6
JUND,PRKACB
JUND,TP53INP1
JUND,PMAIP1
JUND,SRC
JUND,TMSB15B
JUND,ESRP1
JUND,MSX1
JUND,PDGFRA
JUND,ARFGAP3
JUND,SATB1
JUND,SH3BGRL2
JUND,E2F7
JUND,H1F0
JUND,NTS
JUND,SORL1
JUND,GABRB3
JUND,CER1
JUND,RRAS2
JUND,SLC39A8
JUND,COL1A2
JUND,PRSS35
JUND,CDK6
JUND,ENC1
JUND,LDB2
JUND,NFIC
JUND,COBLL1
JUND,ARHGAP28
JUND,DNMT3B
JUND,CUL1
JUND,DPYSL3
JUND,MALT1
JUND,TIMP3
JUND,CCKBR
JUND,USP44
JUND,ANKRD6
JUND,JPH1
JUND,SHOX2
JUND,CSRP2
JUND,RGS5
JUND,HEG1
JUND,KDR
JUND,MYOCD
JUND,PTPRZ1
JUND,NANOG
JUND,SETBP1
JUND,SLITRK2
JUND,ROR2
KLF5,BTBD10
KLF5,SNAPC3
KLF5,ASXL1
KLF5,SKA3
KLF5,TIPIN
KLF5,CDC20
KLF5,STK17B
KLF5,NCAPG
KLF5,BCLAF1
KLF5,STK38L
KLF5,NOL11
KLF5,DCAF6
KLF5,FUBP1
KLF5,RMI1
KLF5,HNRNPK
KLF5,CSDE1
KLF5,FAM135A
KLF5,BUB1B
KLF5,PURA
KLF5,CHAF1A
KLF5,DDHD2
KLF5,SMARCC1
KLF5,SUPT16H
KLF5,SF1
KLF5,GCA
KLF5,POLR1C
KLF5,RBPJ
KLF5,MAFF
KLF5,SRSF10
KLF5,ASH2L
KLF5,NFATC3
KLF5,NPM1
KLF5,MCM4
KLF5,PFKFB2
KLF5,AGL
KLF5,ANKRD13C
KLF5,ZNF219
KLF5,SAP18
KLF5,REV3L
KLF5,RFC3
KLF5,NOC3L
KLF5,PLOD2
KLF5,PRTG
LEF1,ETV4
LEF1,TLE3
LEF1,PRICKLE1
LEF1,DKK4
LEF1,DCLK1
LEF1,SUPT7L
LEF1,CER1
LEF1,VPS13C
LEF1,TNC
LEF1,NEDD9
LEF1,POLR1B
LEF1,WWTR1
LEF1,RFESD
LEF1,ETV3
LEF1,UPF2
LEF1,CTNNB1
LEF1,DUSP4
LEF1,DKK1
LEF1,TFDP1
LEF1,MDM4
LEF1,ANKRD26
LEF1,ARHGAP28
LEF1,LRIG3
LEF1,RFXANK
LEF1,AK4
LEF1,RBM14
LEF1,OTX2
LEF1,MIA3
LEF1,ARFGAP3
LEF1,KLHL4
LEF1,DCAF6
MLLT3,RGPD2
MXI1,TTC27
MXI1,KIF23
MXI1,NUP35
MXI1,DPH2
MXI1,UTP15
MXI1,CDC20
MXI1,TFB2M
MXI1,SLC39A11
MXI1,MYBBP1A
MXI1,FARSB
MXI1,NPM1
MXI1,POLR1C
MXI1,PDCD11
MXI1,NOC3L
MXI1,WDR12
MXI1,POLR1B
MXI1,FOXJ1
MXI1,NUP54
MXI1,PHB2
MXI1,CCNA2
MXI1,NT5DC3
MXI1,DYNC2LI1
MXI1,KIF15
MXI1,WDR3
MXI1,SKA3
MXI1,POLR2I
MXI1,BUB1B
MXI1,RUVBL1
MXI1,RIOK1
MXI1,ACOX3
MXI1,SNRPD1
MXI1,STAT3
MXI1,ZNF146
MXI1,CCNE2
MXI1,APEX1
MXI1,ZNF202
MXI1,DNAJC2
MXI1,RGPD2
MXI1,MRPL1
MXI1,ZNF587
MXI1,RPP40
MXI1,HIF1A
MXI1,ELMOD2
MXI1,ZNF142
MXI1,HMGN2
MXI1,NCAPG
MXI1,SLC19A2
MXI1,NAA15
MXI1,POLR2K
MXI1,UHRF1
MXI1,ARL4A
MXI1,NOL11
MXI1,E2F3
MXI1,ZBTB10
MXI1,YBX1
MXI1,CREB3L4
MXI1,WDR35
MXI1,YPEL5
MXI1,AGPAT5
MXI1,GTF2H2
MXI1,PREPL
MXI1,PA2G4
MXI1,JUND
MXI1,BTBD10
MXI1,HNRNPAB
MXI1,FAM117B
MXI1,WDHD1
MXI1,MXD4
MXI1,SLC39A8
MXI1,DAXX
MXI1,TP53
MXI1,TIPIN
MXI1,TMF1
MXI1,DNAAF2
MXI1,HNRNPD
MXI1,KAT6A
MXI1,MCCC1
MXI1,DTL
MXI1,RALB
MXI1,DCAF6
MXI1,CDCA8
MXI1,CEP290
MXI1,MCM7
MXI1,CCDC138
MXI1,ZRANB2
MXI1,RAD51AP1
MXI1,KLHL12
MXI1,ABLIM1
MXI1,OTUD6B
MXI1,POLB
MXI1,KLHL28
MXI1,ASH2L
MXI1,ADAMTS3
MXI1,ILF3
MXI1,MIA3
MXI1,CCPG1
MXI1,ASXL1
MXI1,SSB
MXI1,ESPL1
MXI1,TRAPPC8
MXI1,ZNF165
MXI1,NUCB2
MXI1,FOXN3
MXI1,PPT2
MXI1,SLC35A3
MXI1,FUBP1
MXI1,SF1
MXI1,POLR2F
MXI1,RFESD
MXI1,FAM135A
MXI1,CXXC1
MXI1,SMARCD1
MXI1,C4orf46
MXI1,RNF138
MXI1,PGM2
MXI1,CALCOCO1
MXI1,ILF2
MXI1,PURA
MXI1,SNRPB
MXI1,DDX54
MXI1,CHAF1A
MXI1,NFKBIB
MXI1,MITF
MXI1,ANKMY2
MXI1,CREB3L2
MXI1,ID1
MXI1,CDK6
MXI1,GDAP1
MXI1,ANKRD28
MXI1,ATG4C
MXI1,PFKFB2
MXI1,DNMT3A
MXI1,NR2C1
MXI1,SAP18
MXI1,E2F7
MXI1,MAFF
MXI1,CSDE1
MXI1,SRSF10
MXI1,NFIA
MXI1,CTNNB1
MXI1,RBPJ
MXI1,SENP7
MXI1,PAWR
MXI1,RBFOX2
MXI1,CALB1
MXI1,KAT7
MXI1,PPARGC1B
MXI1,RMI1
MXI1,HNRNPK
MXI1,MAPK10
MXI1,REL
MXI1,SUPT7L
MXI1,CDC7
MXI1,ANKRD13C
MXI1,ARHGAP28
MXI1,SLC6A15
MXI1,LIMCH1
MXI1,LDB2
MXI1,TCF4
MXI1,GCA
MXI1,PPM1H
MXI1,COBLL1
MXI1,ZNF219
MXI1,SOX2
MXI1,TRIM2
MXI1,IFI16
MXI1,NCAM1
MXI1,APBB1
MXI1,GABRB3
MXI1,TFDP1
MXI1,TMEM64
MXI1,HESX1
MXI1,SIX6
MXI1,CCDC81
MXI1,SPP1
MXI1,SLC35F1
NANOG,OTX2
NANOG,HESX1
NANOG,PRICKLE1
NANOG,CER1
NANOG,AK4
NANOG,DNMT3B
NANOG,ZNF202
NANOG,DCLK1
NANOG,ETV1
NANOG,TNC
NANOG,SFRP2
NANOG,PRDM14
NANOG,SMAD6
NANOG,RGS5
NANOG,WDHD1
NANOG,ST8SIA4
NANOG,RGPD2
NANOG,ETV4
NANOG,KLHL4
NANOG,PLAGL1
NANOG,IFI16
NANOG,AKAP2
NANOG,GRHL2
NANOG,WLS
NANOG,HDAC9
NANOG,IGDCC4
NANOG,CD200
NANOG,TFAP2A
NANOG,USP44
NANOG,TLE2
NANOG,PAM
NANOG,KHSRP
NANOG,TLE3
NANOG,PHLDB2
NANOG,RBM14
NANOG,CNBP
NANOG,PPM1H
NANOG,FOXP1
NANOG,MECOM
NANOG,SALL2
NANOG,ASXL1
NANOG,SFPQ
NANOG,ZNF589
NANOG,ADAMTS3
NANOG,TTC39B
NANOG,NEDD9
NANOG,LPIN1
NANOG,ID1
NANOG,ANXA3
NANOG,PALLD
NANOG,TRIM22
NANOG,VIM
NANOG,PBX1
NANOG,KLF5
NANOG,BAMBI
NANOG,ATP2B4
NANOG,FOXD3
NANOG,ELAVL2
NANOG,FOXN3
NANOG,SRSF1
NANOG,PFKFB2
NANOG,C4orf46
NANOG,SNAPC3
NANOG,TCF4
NANOG,POU2F1
NANOG,EHMT2
NANOG,MDM4
NANOG,PTMA
NANOG,NUP54
NANOG,POLR1B
NANOG,SAMD3
NANOG,RNF19A
NANOG,TFB2M
NANOG,PHB2
NANOG,ILF2
NANOG,HNRNPD
NANOG,UNC5D
NANOG,GTF2H2
NANOG,DKK1
NANOG,THY1
NANOG,PITX2
NANOG,NFIA
NANOG,ASNS
NANOG,SUPT7L
NANOG,RBMX
NANOG,CCNE2
NANOG,EPCAM
NANOG,FN1
NANOG,SOX5
NANOG,CDC7
NANOG,ESRP1
NANOG,CCNA2
NANOG,DSCC1
NANOG,MED16
NANOG,JMJD1C
NANOG,ZRANB2
NANOG,RPE
NANOG,PREPL
NANOG,GSC
NANOG,LIN28A
NANOG,CREB3L4
NANOG,ARHGAP42
NANOG,ENC1
NANOG,NCAM1
NANOG,CALCOCO1
NANOG,RMI1
NANOG,HNRNPK
NANOG,KLHL12
NANOG,PDCD11
NANOG,CNTRL
NANOG,ATG4C
NANOG,KLHL28
NANOG,ANKRD28
NANOG,RBBP4
NANOG,CXXC1
NANOG,PMAIP1
NANOG,ARL4A
NANOG,ILF3
NANOG,TBX3
NANOG,BCLAF1
NANOG,MBIP
NANOG,RXRG
NANOG,NFKBIB
NANOG,BUB1B
NANOG,ANKZF1
NANOG,RHOBTB3
NANOG,KIF15
NANOG,AFF1
NANOG,MCM3
NANOG,MIA3
NANOG,PROM1
NANOG,RBPJ
NANOG,PRDM1
NANOG,CHEK2
NANOG,RBFOX2
NANOG,EEF1A1
NANOG,FXR1
NANOG,ZNF521
NANOG,NCAPG
NANOG,RUVBL1
NANOG,PRIM1
NANOG,MFAP4
NANOG,RAD51AP1
NANOG,MCM6
NANOG,MXD4
NANOG,XRCC6
NANOG,PNPLA8
NANOG,SKIL
NANOG,NUCB2
NANOG,RRAS2
NANOG,FAM117B
NANOG,STAT3
NANOG,PHLDA1
NANOG,NPM1
NANOG,ISL1
NANOG,MEX3C
NANOG,SNRPD1
NANOG,ZNF146
NANOG,HAS2
NANOG,YBX1
NANOG,ZNF764
NANOG,CRABP2
NANOG,KAT7
NANOG,KIAA1324L
NANOG,ARHGAP28
NANOG,SNAI2
NANOG,CCND1
NANOG,SLC35A3
NANOG,ZNF585B
NANOG,MRPL1
NANOG,ELMOD2
NANOG,EXO1
NANOG,MXI1
NANOG,ZNF30
NANOG,POLR2A
NANOG,NAA15
NANOG,STT3B
NANOG,FBXO34
NANOG,SEMA3E
NANOG,CCDC82
NANOG,SOX4
NANOG,KAT6A
NANOG,FER
NANOG,ARID5B
NANOG,LRAT
NANOG,ZNF24
NANOG,RAD51
NANOG,ELL2
NANOG,CREB3L2
NANOG,NUP35
NANOG,TJP2
NANOG,KIF23
NANOG,SATB1
NANOG,CCDC138
NANOG,MRPS30
NANOG,SEMA6A
NANOG,VASH2
NANOG,SRSF2
NANOG,ANKRD50
NANOG,CYP1B1
NANOG,PA2G4
NANOG,DNAAF2
NANOG,TP53
NANOG,CEP85L
NANOG,GPR83
NANOG,MRPS35
NANOG,BLM
NANOG,SSB
NANOG,TRUB1
NANOG,WDR35
NANOG,ZNF8
NANOG,MYOCD
NANOG,GPC6
NANOG,ZNF83
NANOG,SMAD2
NANOG,SNX18
NANOG,RNPS1
NANOG,KLHL24
NANOG,PLAGL2
NANOG,NDC80
NANOG,NOL11
NANOG,UPF2
NANOG,TRIM2
NANOG,POLR1A
NANOG,SF1
NANOG,WDFY1
NANOG,AGPAT5
NANOG,GATM
NANOG,CENPK
NANOG,BARX2
NANOG,SMARCC1
NANOG,FARSB
NANOG,KIF21A
NANOG,MSX1
NANOG,ITPR2
NANOG,SNX14
NANOG,FAM135A
NANOG,SKA3
NANOG,NUSAP1
NANOG,CLGN
NANOG,ZNF587
NANOG,ETV3
NANOG,TEAD1
NANOG,COL1A2
NANOG,TGFBR3
NANOG,CD9
NANOG,CAMK2D
NANOG,HDGF
NANOG,CCNB2
NANOG,TRIP6
NANOG,ESRRG
NANOG,PLK1
NANOG,JPH1
NANOG,ACOX3
NANOG,TDRD7
NANOG,DUSP4
NANOG,ZNF518B
NANOG,ZFP42
NANOG,AIP
NANOG,VWA5A
NANOG,TCOF1
NANOG,MITF
NANOG,LGR5
NANOG,SUPT16H
NANOG,ANKRD1
NANOG,KLF8
NANOG,CEBPZ
NANOG,DNMT1
NANOG,DLGAP5
NANOG,POU2F2
NANOG,MAFG
NANOG,ZNF142
NANOG,BTF3
NANOG,XRCC5
NANOG,COL4A1
NANOG,SAP18
NANOG,DCAF6
NANOG,TDP2
NANOG,SIRT1
NANOG,PLOD2
NANOG,ASB9
NANOG,THAP9
NANOG,POLR1C
NANOG,TBC1D4
NANOG,UTP15
NANOG,LRRCC1
NANOG,DNAJC2
NANOG,WDR12
NANOG,TRIP11
NANOG,TFE3
NANOG,SLC46A3
NANOG,DEPDC1B
NANOG,SEMA6D
NANOG,NOC3L
NANOG,TMEM64
NANOG,PSIP1
NANOG,CDK6
NANOG,ARID3B
NANOG,SOS2
NANOG,NFAT5
NANOG,DAAM1
NANOG,GLDC
NANOG,CLDN10
NANOG,IRF1
NANOG,DAXX
NANOG,CEP55
NANOG,APC
NANOG,SERTAD2
NANOG,NTS
NANOG,RRN3
NANOG,NFKBIA
NANOG,RFC3
NANOG,DPH2
NANOG,NFYB
NANOG,FOXH1
NANOG,DNA2
NANOG,CDCA2
NANOG,CBFA2T2
NANOG,RIOK1
NANOG,BRWD1
NANOG,TRIM33
NANOG,ARID4B
NANOG,CPVL
NANOG,ARHGAP29
NANOG,CBX3
NANOG,RALB
NANOG,CITED2
NANOG,UTP18
NANOG,TIPIN
NANOG,JUND
NANOG,KLF7
NANOG,WWTR1
NANOG,SNRPB
NANOG,SH3RF1
NANOG,GRPR
NANOG,DYNC2LI1
NANOG,INSIG2
NANOG,ELOVL2
NANOG,CUX1
NANOG,CSDE1
NANOG,NR2C1
NANOG,BTBD10
OTX2,POU2F1
OTX2,HNRNPD
OTX2,MLLT3
OTX2,PLAGL1
OTX2,TCOF1
OTX2,CCNA2
OTX2,KHSRP
OTX2,PALLD
OTX2,SRSF2
OTX2,CCPG1
OTX2,HIF1A
OTX2,ATF6
OTX2,ZNF202
OTX2,C4orf46
OTX2,JMJD1C
OTX2,SNX18
OTX2,ESRRG
OTX2,EMB
OTX2,MIA3
OTX2,COL1A2
OTX2,GSC
OTX2,RUVBL1
OTX2,RBBP4
OTX2,AFF1
OTX2,PA2G4
OTX2,HESX1
OTX2,ELAVL2
OTX2,SF1
OTX2,DPYSL3
OTX2,PHB2
OTX2,RNF19A
OTX2,CBFA2T2
OTX2,HMGA1
OTX2,CTNNB1
OTX2,TNC
OTX2,ARHGAP28
OTX2,E2F3
OTX2,CALCOCO1
OTX2,TP53
OTX2,TADA1
OTX2,RAD51AP1
OTX2,CEP290
OTX2,CNKSR3
OTX2,CD9
OTX2,PRIM1
OTX2,CDC20
OTX2,SNRPB
OTX2,CDCA2
OTX2,SOX4
OTX2,CRX
OTX2,WDR3
OTX2,RGPD2
OTX2,FLRT3
OTX2,UNC5D
OTX2,MRPL1
OTX2,YBX1
OTX2,NUP54
OTX2,ILF2
OTX2,RND3
OTX2,STAT3
OTX2,SRSF1
OTX2,SUPT7L
OTX2,BTF3
OTX2,NEDD4
OTX2,RBPJ
OTX2,BCLAF1
OTX2,PFKFB2
OTX2,PLXNA2
OTX2,RNF138
OTX2,EWSR1
OTX2,APEX1
OTX2,ANKRD28
OTX2,TIPIN
OTX2,XRN1
OTX2,ATP11B
OTX2,CBX3
OTX2,APC
OTX2,TRIP11
OTX2,DNMT3A
OTX2,ZNF24
OTX2,ISL1
OTX2,WDR12
OTX2,TCF4
OTX2,TFB2M
OTX2,RFXANK
OTX2,CER1
OTX2,TRIM2
OTX2,PDCD11
OTX2,SLC39A11
OTX2,AFF4
OTX2,ZNF589
OTX2,FUBP1
OTX2,ACOX3
OTX2,NCAPG
OTX2,WDR5
OTX2,PNPLA8
OTX2,OTUD6B
OTX2,BUB1B
OTX2,MCM6
OTX2,PIP4K2A
OTX2,NRIP1
OTX2,LGR4
OTX2,REV3L
OTX2,POLR2A
OTX2,EXO1
OTX2,CSDE1
OTX2,KLHL12
OTX2,NOL11
OTX2,ATG4C
OTX2,BCL11B
OTX2,CHAF1A
OTX2,ZNF165
OTX2,KLHL28
OTX2,KLHL4
OTX2,FOXN3
OTX2,CREB3L2
OTX2,SAP18
OTX2,PELI2
OTX2,SKIL
OTX2,TLE2
OTX2,FAM135A
OTX2,NANOG
OTX2,RFPL2
OTX2,KIF15
OTX2,SNAPC3
OTX2,ANKZF1
OTX2,ARL4D
OTX2,TBC1D4
OTX2,DTL
OTX2,GATM
OTX2,EHMT2
OTX2,PBXIP1
OTX2,PLK1
OTX2,CALB1
OTX2,MCCC1
OTX2,ARL4A
OTX2,STAT2
OTX2,RORB
OTX2,WLS
OTX2,NUP35
OTX2,SEMA3A
OTX2,ZNF585B
OTX2,MAFG
OTX2,POLR2K
OTX2,PAM
OTX2,PPP1R9A
OTX2,ELL2
OTX2,DNAAF2
OTX2,FBXO5
OTX2,SUPT16H
OTX2,KLF5
OTX2,NR2C1
OTX2,ATP2B4
OTX2,DCAF6
OTX2,PTMA
OTX2,WDHD1
OTX2,WWP1
OTX2,ID1
OTX2,SLC19A2
OTX2,CXXC1
OTX2,LTBP1
OTX2,SIRT1
OTX2,AIP
OTX2,ETV4
OTX2,SLC39A8
OTX2,CHEK2
OTX2,MXI1
OTX2,EPB41L3
OTX2,NFKBIB
OTX2,PROM1
OTX2,RUVBL2
OTX2,HSD17B11
OTX2,KLF7
OTX2,RTKN2
OTX2,NFIA
OTX2,ZNF764
OTX2,GPR83
OTX2,ALG6
OTX2,YPEL5
OTX2,VWA5A
OTX2,NUSAP1
OTX2,HNRNPAB
OTX2,SATB1
OTX2,ATRX
OTX2,ENC1
OTX2,STC1
OTX2,MBIP
OTX2,FBN1
OTX2,DDHD2
OTX2,ESPL1
OTX2,BRWD1
OTX2,SKA3
OTX2,TGFB1
OTX2,ZNF587
OTX2,ARID4B
OTX2,SLA2
OTX2,CEP55
OTX2,CEP85L
OTX2,DEPDC1B
OTX2,DLGAP5
OTX2,SNRPD1
OTX2,NEDD9
OTX2,ASXL1
OTX2,NOC3L
OTX2,NONO
OTX2,HDAC9
OTX2,TTC39B
OTX2,PPM1H
OTX2,PREPL
OTX2,SRSF10
OTX2,CA14
OTX2,ZNF146
OTX2,CEBPZ
OTX2,TLE3
OTX2,GDAP1
OTX2,FBXO28
OTX2,VPS13C
OTX2,NPM1
OTX2,MCM7
OTX2,FER
OTX2,POLR1A
OTX2,MEX3C
OTX2,SLC35F1
OTX2,MRPS35
OTX2,COMMD10
OTX2,ALPK2
OTX2,KRCC1
OTX2,MCM3
OTX2,FXR1
OTX2,HELZ
OTX2,CCDC82
OTX2,COL5A2
OTX2,RAD51
OTX2,FOXP1
OTX2,NLGN4X
OTX2,LRRCC1
OTX2,ITPR2
OTX2,HAS2
OTX2,ZNF83
OTX2,PRICKLE1
OTX2,RBFOX2
OTX2,KIF23
OTX2,TRAF6
OTX2,SALL2
OTX2,NCAM1
OTX2,LMO2
OTX2,SATB2
OTX2,DAXX
OTX2,TMSB15B
OTX2,LRR1
OTX2,MIF
OTX2,ST8SIA1
OTX2,NR3C1
OTX2,NAA15
OTX2,C3orf14
OTX2,USP44
OTX2,DCLK1
OTX2,ADAMTS3
OTX2,TSPAN12
OTX2,ZNF30
OTX2,CRABP2
OTX2,U2AF1
OTX2,ANKRD50
OTX2,SEMA6D
OTX2,SMAD5
OTX2,RNF13
OTX2,KLHL24
OTX2,RGS5
OTX2,THAP9
OTX2,DKK4
OTX2,RBMX
OTX2,ARHGAP42
OTX2,KIAA1324L
OTX2,TRAPPC8
OTX2,PARP1
OTX2,IFI16
OTX2,AGL
OTX2,MYCN
OTX2,PGM2
OTX2,CCNE2
OTX2,CLDN11
OTX2,TJP2
OTX2,PBX1
OTX2,CAP2
OTX2,GRPR
OTX2,CPVL
OTX2,CDK6
OTX2,CCDC80
OTX2,ALCAM
OTX2,PHF21A
OTX2,MAN1A1
OTX2,ITGA6
OTX2,EZH2
OTX2,COL5A1
OTX2,BMP4
OTX2,SH3BGRL2
OTX2,GRHL2
OTX2,PLOD2
OTX2,ZEB1
OTX2,PLCB4
OTX2,MSX1
OTX2,AK4
OTX2,RHOBTB3
OTX2,CSRP2
OTX2,NFATC1
OTX2,CDCA7L
OTX2,CD200
OTX2,JPH1
OTX2,ZNF488
OTX2,SEMA5A
OTX2,ST8SIA4
OTX2,BAMBI
OTX2,ESRP1
OTX2,TFAP2A
OTX2,PTPRZ1
OTX2,ZNF142
OTX2,COL4A6
OTX2,ZNF518B
OTX2,RIOK1
OTX2,TEAD4
OTX2,RRAS2
OTX2,ISCA1
OTX2,DNMT3B
OTX2,MECOM
OTX2,DLC1
OTX2,PIK3R5
OTX2,MATN3
OTX2,MMP16
OTX2,NFATC3
OTX2,TMEM64
OTX2,ZKSCAN1
OTX2,ANKRD6
OTX2,GCA
OTX2,QPCT
OTX2,DSCC1
OTX2,PHLDB2
OTX2,SERPINE2
OTX2,ETV1
OTX2,VIM
POU5F1,STAT3
POU5F1,PRICKLE1
POU5F1,NANOG
POU5F1,HDAC9
POU5F1,POLR2A
POU5F1,CD200
POU5F1,RGPD2
POU5F1,USP44
POU5F1,E2F7
POU5F1,OTX2
POU5F1,FOXP1
POU5F1,PLAGL1
POU5F1,HESX1
POU5F1,AFF1
POU5F1,ETV1
POU5F1,PHLDB2
POU5F1,ARHGAP42
POU5F1,KAT6A
POU5F1,AK4
POU5F1,DCLK1
POU5F1,POU2F1
POU5F1,KLF5
POU5F1,NFAT5
POU5F1,TRIM22
POU5F1,ZNF589
POU5F1,ANKRD26
POU5F1,CER1
POU5F1,ZNF202
POU5F1,PITX2
POU5F1,FOXN3
POU5F1,ETV4
POU5F1,ENC1
POU5F1,GPC6
POU5F1,SUPT7L
POU5F1,AKAP2
POU5F1,PBX1
POU5F1,SFRP2
POU5F1,GTF2H2
POU5F1,ESRP1
POU5F1,ASXL1
POU5F1,CDC7
POU5F1,ANKRD28
POU5F1,NFIA
POU5F1,RRAS2
POU5F1,TNC
POU5F1,MRPL1
POU5F1,HNRNPD
POU5F1,CASD1
POU5F1,WLS
POU5F1,TCF4
POU5F1,LIPG
POU5F1,KLF7
POU5F1,LPIN1
POU5F1,SEMA6D
POU5F1,RUVBL1
POU5F1,SLC35A3
POU5F1,FOXH1
POU5F1,NCAM1
POU5F1,MMP16
POU5F1,LGR4
POU5F1,DKK1
POU5F1,PHB2
POU5F1,E2F3
POU5F1,PAM
POU5F1,CTNNB1
POU5F1,ZNF165
POU5F1,ARHGAP28
POU5F1,NFYB
POU5F1,CDCA2
POU5F1,TLE1
POU5F1,CCNB2
POU5F1,TDP2
POU5F1,SLC39A11
POU5F1,WWTR1
POU5F1,SALL2
POU5F1,NDUFC2-KCTD14
POU5F1,MIA3
POU5F1,GCA
POU5F1,HMGA1
POU5F1,TLE3
POU5F1,TGFB1
POU5F1,NUP54
POU5F1,SNAPC3
POU5F1,RND3
POU5F1,PSIP1
POU5F1,NCAPG
POU5F1,NOC3L
PRDM1,SP110
PRDM1,MIA3
PRDM1,EEF1A1
PRDM1,FOXP1
PRDM1,NKX3-1
PRDM1,RGPD2
PRDM1,NR2C1
PRDM1,MECOM
PRDM1,RND3
PRDM1,CNKSR3
PRDM1,PREPL
PRDM1,CER1
PRDM1,CLGN
PRDM1,SEMA3E
PRDM1,ANGPT2
SMAD2,CER1
SMAD2,SKIL
SMAD2,RGPD2
SMAD2,SNX18
SMAD2,SMAD6
SMAD2,ID1
SMAD2,AFF1
SMAD2,NANOG
SMAD2,KIAA1324L
SMAD2,CBX3
SMAD2,ABLIM1
SMAD2,SMARCD3
SMAD2,BAMBI
SMAD2,ENC1
SMAD2,JMJD1C
SMAD2,TSPAN12
SMAD2,MANEA
SMAD2,MCM7
SMAD2,PMAIP1
SMAD2,KAT6A
SMAD2,EMB
SMAD2,TTC39B
SMAD2,SEMA3E
SMAD2,PURA
SMAD2,ARHGAP28
SMAD2,RTKN2
SMAD2,BRWD1
SMAD2,ZNF202
SMAD2,SNX14
SMAD2,CTNNB1
SMAD2,AFF4
SMAD2,MAML3
SMAD2,TIPARP
SMAD2,CCPG1
SMAD2,HNRNPD
SMAD2,MATN3
SMAD2,DCLK1
SMAD2,E2F3
SMAD2,SLC35A3
SMAD2,PRDM1
SMAD2,SIRT1
SMAD2,WDFY1
SMAD2,RNF14
SMAD2,PHLDB2
SMAD2,ETS1
SMAD2,MECOM
SMAD2,PSIP1
SMAD2,ZNF521
SMAD2,PRICKLE1
SMAD2,FOXN3
SMAD2,NUSAP1
SMAD2,ARL4A
SMAD2,GTF2H2
SMAD2,SORL1
SMAD2,SEMA6A
SMAD2,ANKRD50
SMAD2,PPM1H
SMAD2,MCM4
SMAD2,ELAVL2
SMAD2,SKA3
SMAD2,RAI1
SMAD2,MXI1
SMAD2,DPYSL3
SMAD2,FXR1
SMAD2,ZFHX3
SMAD2,RIPPLY1
SMAD2,NFAT5
SMAD2,DNMT3A
SMAD2,ADAMTS3
SMAD2,SOS2
SMAD2,TRIM2
SMAD2,FER
SMAD2,MRPS35
SMAD2,NUAK1
SMAD2,STAT2
SMAD2,NFYB
SMAD2,OTX2
SMAD2,NCAM1
SMAD2,ETV1
SMAD2,PLOD2
SMAD2,SLC6A15
SMAD2,RXRG
SMAD2,ANGPT2
SMAD2,AK4
SMAD2,RBPJ
SMAD2,NRIP1
SMAD2,FUBP1
SMAD2,MFAP4
SMAD2,SPPL2A
SMAD2,KLHL4
SMAD2,NFIA
SMAD2,KDR
SMAD2,CA2
SMAD2,TFB2M
SMAD2,TP53INP1
SMAD2,MCC
SMAD2,U2AF1
SMAD2,FAM117B
SMAD2,BMPR1A
SMAD2,DKK1
SMAD2,ZEB1
SMAD2,TLE3
SMAD2,WDR35
SMAD2,NDUFC2-KCTD14
SMAD2,TLE2
SMAD2,ANKRD6
SMAD2,ZNF398
SMAD2,TADA1
SMAD2,CASD1
SMAD2,GSC
SMAD2,GCA
SMAD2,ESRRG
SMAD2,CALB1
SMAD2,SRSF3
SMAD2,PREPL
SMAD2,FZD5
SMAD2,ZNF165
SMAD2,H1F0
SMAD2,AMN1
SMAD2,PHF21A
SMAD2,HIF1A
SMAD2,TEAD4
SMAD2,PAWR
SMAD2,ARHGAP42
SMAD2,CA14
SMAD2,STIM2
SMAD2,MEIS2
SMAD2,ARID5B
SMAD2,ZFYVE16
SMAD2,TRAF6
SMAD2,SATB1
SMAD2,OXTR
SMAD2,DEK
SMAD2,SNAI1
SMAD2,RRAS2
SMAD2,EPCAM
SMAD2,PALLD
SMAD2,NFKBIA
SMAD2,KLHL12
SMAD2,HEG1
SMAD2,ASNS
SMAD2,PGM2
SMAD2,MED14
SMAD2,KIF21A
SMAD2,ARHGAP29
SMAD2,TNC
SMAD2,LMX1B
SMAD2,AGL
SMAD2,ZNF471
SMAD2,PRSS35
SMAD2,GATA4
SMAD2,ELMO1
SMAD2,RFESD
SMAD2,ZNF8
SMAD2,HNRNPAB
SMAD2,BCAR3
SNAI2,ACOX3
SNAI2,SLC35F1
SNAI2,RBPJ
SNAI2,ARL4A
SNAI2,RIOK1
SNAI2,GCA
SNAI2,COBLL1
SNAI2,ARID3B
SNAI2,TDRD7
SNAI2,LIPG
SNAI2,PRDM1
SNAI2,GRHL1
SNAI2,ODC1
SNAI2,PLXNA2
SNAI2,SNAI1
SNAI2,GLDC
SNAI2,DCAF6
SNAI2,PARP1
SNAI2,POU2F1
SNAI2,ZDHHC21
SNAI2,CLGN
SNAI2,SKIL
SNAI2,MAGI3
SNAI2,BCAR3
SNAI2,MYBL2
SNAI2,PRMT6
SNAI2,EPCAM
SNAI2,INSIG2
SNAI2,CITED2
SNAI2,VPS13C
SNAI2,KIAA1324L
SNAI2,PAWR
SNAI2,ARHGAP29
SNAI2,SFMBT1
SNAI2,SALL2
SNAI2,STAT3
SNAI2,AGPAT5
SNAI2,PPP1R9A
SNAI2,PSIP1
SNAI2,TIPARP
SNAI2,SEMA6D
SNAI2,GATA2
SNAI2,SATB1
SNAI2,PLAU
SNAI2,ASNS
SNAI2,TRIM2
SNAI2,EPB41L3
SNAI2,ELMO1
SNAI2,GABRB2
SOX17,CXXC1
SOX17,PREPL
SOX17,DAXX
SOX17,KAT7
SOX17,NR3C1
SOX17,NUP35
SOX17,SNAPC3
SOX17,KIF15
SOX17,TMEM131
SOX17,ALPK2
SOX17,TTC39B
SOX17,C4orf46
SOX17,POLB
SOX17,PTMA
SOX17,OTX2
SOX17,LIN28A
SOX17,THY1
SOX17,SLC39A8
SOX17,ILF2
SOX17,PHB2
SOX17,FBXO28
SOX17,CSDE1
SOX17,AIP
SOX2,HDAC9
SOX2,OTX2
SOX2,TNC
SOX2,DNMT3B
SOX2,PTMA
SOX2,PRICKLE1
SOX2,HESX1
SOX2,USP44
SOX2,NANOG
SOX2,ETV4
SOX2,LIMCH1
SOX2,RGPD2
SOX2,AKAP2
SOX2,NEDD9
SOX2,SFRP2
SOX2,KIF21A
SOX2,CER1
SOX2,SNAPC3
SOX2,PTPRZ1
SOX2,FOXP1
SOX2,ETV1
SOX2,C4orf46
SOX2,GRHL2
SOX2,CD200
SOX2,VASH2
SOX2,IFI16
SOX2,MCCC1
SOX2,WLS
SOX2,RNF19A
SOX2,ANKRD6
SOX2,POLB
SOX2,AFF1
SOX2,ARHGAP42
SOX2,LRIG3
SOX2,POLR1C
SOX2,ESRP1
SOX2,ZHX3
SOX2,SFPQ
SOX2,SALL2
SOX2,ILF2
SOX2,CDK6
SOX2,PLAGL1
SOX2,MAPK10
SOX2,EEF1A1
SOX2,TRIM22
SOX2,MRPS30
SOX2,PBXIP1
SOX2,TJP2
SOX2,SMAD6
SOX2,CITED2
SOX2,ZNF202
SOX2,TLE3
SOX2,PALLD
SOX2,ABLIM1
SOX2,APEX1
SOX2,RBBP4
SOX2,RAI14
SOX2,TCF4
SOX2,DMBX1
SOX2,TRIM2
SOX2,ABCA1
SOX2,RBPJ
SOX2,TP53
SOX2,KHSRP
SOX2,BCL11B
SOX2,SOX5
SOX2,RBMX
SOX2,KLF7
SOX2,ZNF8
SOX2,ZNF589
SOX2,NONO
SOX2,ARID4B
SOX2,FOXN3
SOX2,NFIA
SOX2,KLHL24
SOX2,KLHL4
SOX2,ISCA1
SOX2,ID1
SOX2,KLF5
SOX2,POU2F1
SOX2,KAT7
SOX2,ESRRG
SOX2,TMF1
SOX2,ACOX3
SOX2,LTBP1
SOX2,CDC7
SOX2,APC
SOX2,MCM7
SOX2,RGS5
SOX2,NUSAP1
SOX2,EGF
SOX2,ZNF24
SOX2,BLM
SOX2,ILF3
SOX2,TTC39B
SOX2,E2F7
SOX2,TRIM28
SOX2,NFATC3
SOX2,BAMBI
SOX2,FUBP1
SOX2,PHB2
SOX2,ANKRD28
SOX2,CALCOCO1
SOX2,ENC1
SOX2,LZTS1
SOX2,FXR1
SOX2,FEZ1
SOX2,ST8SIA1
SOX2,ARL4D
SOX2,RBFOX2
SOX2,ATP2B4
SOX2,DCLK1
SOX2,STAT3
SOX2,GPC6
SOX2,ZNF764
SOX2,E2F3
SOX2,ELAVL2
SOX2,MXI1
SOX2,CAP2
SOX2,HNRNPD
SOX2,RND3
SOX2,HSD17B11
SOX2,PHLDB2
SOX2,AFF4
SOX2,ZNF146
SOX2,BCAR3
SOX2,CCNB2
SOX2,STAT2
SOX2,TFAP2A
SOX2,ZNF521
SOX2,NCAM1
SOX2,NRIP1
SOX2,CAMK2D
SOX2,POLR2H
SOX2,MAFG
SOX2,TRAF6
SOX2,PSIP1
SOX2,PAM
SOX2,MIA3
SOX2,HNRNPAB
SOX2,CSDE1
SOX2,AK4
SOX2,INSIG2
SOX2,DEPDC1B
SOX2,ZBTB10
SOX2,DTL
SOX2,KIF23
SOX2,LGALSL
SOX2,SMARCD3
SOX2,ANKRD50
SOX2,SF1
SOX2,RAD51AP1
SOX2,SOX4
SOX2,MYCN
SOX2,DAB2
SOX2,GDAP1
SOX2,HEG1
SOX2,YPEL5
SOX2,SCD5
SOX2,BTBD10
SOX2,ELMO1
SOX2,KAT6A
SOX2,DNMT1
SOX2,SLC36A4
SOX2,DUSP4
SOX2,ZNF142
SOX2,ARID5B
SOX2,LMO2
SOX2,TMSB15B
SOX2,RUVBL2
SOX2,MCM4
SOX2,CA14
SOX2,JPH1
SOX2,GLRX
SOX2,DLGAP5
SOX2,EPHA4
SOX2,PREPL
SOX2,LUM
SOX2,ZBTB38
SOX2,RUNX1
SOX2,MEIS1
SOX2,PRSS35
SOX2,CCPG1
SOX2,SIRT1
SOX2,ASXL1
SOX2,RFXANK
SOX2,SEMA6A
SOX2,FN1
SOX2,TRERF1
SOX2,XRCC5
SOX2,LIFR
SOX2,JMJD1C
SOX2,CCNA2
SOX2,ANKRD13C
SOX2,ZNF30
SOX2,ZNF219
SOX2,THAP9
SOX2,SRSF1
SOX2,BUB1B
SOX2,PARP1
SOX2,ASNS
SOX2,MAFF
SOX2,ESCO2
SOX2,MYOF
SOX2,HAS2
SOX2,PHC1
SOX2,SRSF3
SOX2,DKK1
SOX2,CNKSR3
SOX2,SLC39A8
SOX2,CHAF1A
SOX2,CSRP2
SOX2,UHRF1
SOX2,TSPAN12
SOX2,MEF2D
SOX2,KIAA1324L
SOX2,CBX3
SOX2,TRUB1
SOX2,OTUD6B
SOX2,APBB2
SOX2,PRTG
SOX2,PLK1
SOX2,SEMA3A
SOX2,NAP1L3
SOX2,LIPG
SOX2,MITF
SOX2,BMPR1A
SOX2,WWTR1
SOX2,MATN3
SOX2,TADA1
SOX2,PPT2
SOX2,POLR2K
SOX2,TLE2
SOX2,SAP18
SOX2,RORB
SOX2,NR2C1
SOX2,UPF2
SOX2,MDM4
SOX2,STC1
SOX2,MYBBP1A
SOX2,AIP
SOX2,CXXC1
SOX2,TCOF1
SOX2,SUPT16H
SOX2,HIF3A
SOX2,SH3BGRL
SOX2,FAM117B
SOX2,TFB2M
SOX2,WDR12
SOX2,SYNE2
SOX2,COL5A2
SOX2,SNAI2
SOX2,ATF6
SOX2,PRDM14
STAT3,RGPD2
STAT3,ANKRD13C
STAT3,ODC1
STAT3,ALG6
STAT3,APEX1
STAT3,ILF2
STAT3,POLR2H
STAT3,UPF2
STAT3,ZFYVE16
STAT3,RBPJ
STAT3,ZNF146
STAT3,ZRANB2
STAT3,NFKBIB
STAT3,FBXO34
STAT3,MCM6
STAT3,HOMER1
STAT3,PLK1
STAT3,CCPG1
STAT3,LRR1
STAT3,HNRNPAB
STAT3,CDC20
STAT3,STK38L
STAT3,HMGN2
STAT3,XRCC6
STAT3,ZNF202
STAT3,AGPAT5
STAT3,ELL2
STAT3,SEMA6A
STAT3,CLGN
STAT3,TEAD1
STAT3,TRPS1
TCF4,DUSP4
TEAD4,TEAD1
TEAD4,ANKRD1
TEAD4,ILF2
TEAD4,TRIP6
TEAD4,BCAR3
TEAD4,SERTAD2
TEAD4,CREB3L2
TEAD4,MED16
TEAD4,SORL1
TEAD4,MCCC1
TEAD4,ETV4
TEAD4,RGPD2
TEAD4,SRSF3
TEAD4,CDK6
TEAD4,RAI14
TEAD4,TRUB1
TEAD4,HELZ
TEAD4,RNF19A
TEAD4,DUSP4
TEAD4,TCF4
TEAD4,MCC
TEAD4,ILF3
TEAD4,RGS5
TEAD4,ANXA3
TEAD4,COBLL1
TEAD4,CNTRL
TEAD4,ATG4C
TEAD4,HNRNPD
TEAD4,HIF3A
TEAD4,STAT3
TEAD4,MATN3
TEAD4,RARG
TEAD4,KIF15
TEAD4,TCF19
TEAD4,MCM5
TEAD4,SIRT1
TEAD4,CALB1
TEAD4,TMEM64
TEAD4,CSDE1
TEAD4,ANKRD13C
TEAD4,ZNF165
TEAD4,C3orf14
TEAD4,CTNNB1
TEAD4,ATF6
TEAD4,DLC1
TEAD4,RBFOX2
TEAD4,CXXC1
TEAD4,ZFHX3
TEAD4,ETS1
TEAD4,SFPQ
TEAD4,PLK2
TEAD4,DAB2
TEAD4,MBIP
TEAD4,MCM7
TEAD4,PAWR
TEAD4,SRSF2
TEAD4,MRPL1
TEAD4,GTF2H2
TEAD4,REV3L
TEAD4,RPP40
TEAD4,XRCC5
TEAD4,IFI16
TEAD4,PREPL
TEAD4,GDAP1
TEAD4,NOL11
TEAD4,SLC39A8
TEAD4,CITED2
TEAD4,TMF1
TEAD4,SLC35A3
TEAD4,SUPT7L
TEAD4,STAT2
TEAD4,BMPR1A
TEAD4,ZNF219
TEAD4,AFF1
TEAD4,ANKRD50
TEAD4,ASXL1
TEAD4,NUP54
TEAD4,NDUFC2-KCTD14
TEAD4,AGL
TEAD4,FUBP1
TEAD4,SRSF1
TEAD4,ZNF589
TEAD4,LIMCH1
TEAD4,BUB1B
TEAD4,KAT6A
TEAD4,MAML3
TEAD4,CEP290
TEAD4,RUNX1
TEAD4,ID1
TEAD4,PNPLA8
TEAD4,IL6ST
TEAD4,AIP
TEAD4,TJP2
TEAD4,COL4A6
TEAD4,SNRPB
TEAD4,KIF23
TEAD4,RRAS2
TEAD4,EEF1A1
TEAD4,ARL4A
TEAD4,BCLAF1
TEAD4,GRHL1
TEAD4,ELL2
TEAD4,RBPJ
TEAD4,NFAT5
TEAD4,SUPT16H
TEAD4,PDCD11
TEAD4,POLR2H
TEAD4,FER
TEAD4,TDRD7
TEAD4,PHB2
TEAD4,CDCA7L
TEAD4,PALLD
TEAD4,ZRANB2
TEAD4,FXR1
TEAD4,ZFYVE16
TEAD4,MEIS1
TEAD4,DNMT3A
TEAD4,FBXO28
TEAD4,OTUD6B
TEAD4,KLHL12
TEAD4,TTC27
TEAD4,ARID5B
TEAD4,CAP2
TEAD4,NDC80
TEAD4,CDC7
TEAD4,RAD51AP1
TEAD4,TFAP4
TEAD4,ESCO2
TEAD4,ITM2A
TEAD4,REL
TEAD4,PARN
TEAD4,SLC19A2
TEAD4,STIM2
TEAD4,DNAJC2
TEAD4,CCDC138
TEAD4,ELMO1
TEAD4,PAM
TEAD4,SLC35F1
TEAD4,RRN3
TEAD4,PPM1H
TEAD4,POLR1C
TEAD4,BRWD1
TEAD4,MIA3
TEAD4,SNRPD1
TEAD4,WDFY1
TEAD4,TFAP2A
TEAD4,RMI1
TEAD4,HNRNPK
TEAD4,JMJD1C
TEAD4,KAT7
TEAD4,TTK
TEAD4,ETV1
TEAD4,RAD51
TEAD4,ATP2B4
TEAD4,LPGAT1
TEAD4,NFKBIB
TEAD4,TRAF6
TEAD4,DKK1
TEAD4,MRPS35
TEAD4,NFYB
TEAD4,SLC39A11
TEAD4,NUP35
TEAD4,HNRNPAB
TEAD4,WWP1
TEAD4,ZBTB38
TEAD4,SSB
TEAD4,RUVBL1
TEAD4,WWTR1
TEAD4,SEMA6A
TEAD4,PGM2
TEAD4,NFIA
TEAD4,SLC46A3
TEAD4,LTBP1
TEAD4,APBB2
TEAD4,SNAI1
TEAD4,TCF7L1
TEAD4,NR2C1
TEAD4,RBBP4
TEAD4,PLAGL2
TEAD4,SMARCC1
TEAD4,COL1A2
TEAD4,MEF2D
TEAD4,ZNF398
TEAD4,E2F4
TEAD4,TADA1
TEAD4,TFE3
TEAD4,RFESD
TEAD4,ACOX3
TEAD4,C4orf46
TEAD4,LPIN1
TEAD4,USP44
TEAD4,FBXO34
TEAD4,VIM
TEAD4,NOC3L
TEAD4,NCAM1
TEAD4,ALCAM
TEAD4,LIN28A
TEAD4,FOXN3
TEAD4,PDGFRA
TEAD4,PDCD4
TEAD4,ASNS
TEAD4,TRIP11
TEAD4,TRIM2
TEAD4,TP53
TEAD4,SERPINE2
TEAD4,TBX3
TEAD4,TIPARP
TEAD4,PITX2
TEAD4,DNA2
TEAD4,EHMT2
TEAD4,ZNF30
TEAD4,GCA
TEAD4,VHL
TEAD4,INSIG2
TEAD4,APBB1
TEAD4,TNC
TEAD4,MXI1
TEAD4,ANKZF1
TEAD4,AKAP2
TEAD4,ESRP1
TEAD4,CA2
TEAD4,GAD1
TEAD4,DTL
TEAD4,CCPG1
TEAD4,DYNC2LI1
TEAD4,RND3
TEAD4,E2F3
TEAD4,MEX3C
TEAD4,ST8SIA1
TEAD4,RHOBTB3
TEAD4,KIAA1324L
TEAD4,FOXD3
TEAD4,NR3C1
TEAD4,PA2G4
TEAD4,OXTR
TEAD4,MCM4
TEAD4,VWA5A
TEAD4,TEX10
TEAD4,CSRP2
TEAD4,MLLT3
TEAD4,KLF5
TEAD4,MRPS30
TEAD4,PLSCR4
TEAD4,DNMT1
TEAD4,DEPDC1B
TEAD4,CCNA2
TEAD4,SNAPC3
TEAD4,SOX5
TEAD4,UNC5D
TEAD4,SNX18
TEAD4,CPVL
TEAD4,APC
TEAD4,LRR1
TEAD4,FLRT3
TEAD4,NAA15
TEAD4,CCNE2
TEAD4,U2AF1
TEAD4,JPH1
TEAD4,CDC20
TEAD4,PLOD2
TEAD4,EWSR1
TEAD4,RNPS1
TEAD4,GATM
TEAD4,SMG6
TEAD4,ISCA1
TEAD4,OTX2
TEAD4,GABRB3
TEAD4,CDH11
TEAD4,POLR2D
TEAD4,FEZ1
TEAD4,HLA-DRB1
TEAD4,KLF7
TEAD4,PMP22
TEAD4,PHF21A
TEAD4,WDHD1
TEAD4,XRCC6
TEAD4,CER1
TEAD4,S1PR3
TEAD4,CYP26A1
TEAD4,PPARA
TEAD4,SKA3
TEAD4,SLC6A15
TEAD4,MECOM
TEAD4,SH3BGRL
TEAD4,MMP16
TEAD4,ZNF521
TEAD4,SALL2
TEAD4,FBN1
TEAD4,CLGN
TEAD4,EPHA4
TEAD4,ALG6
TEAD4,PENK
TEAD4,TMEM131
TEAD4,BMP4
TEAD4,FOXK1
TEAD4,ZNF585B
TEAD4,SIX6
TEAD4,SNAI2
TEAD4,COL4A1
TEAD4,KDR
TEAD4,EPB41L3
TEAD4,EMB
TEAD4,NANOG
TEAD4,TFDP1
TEAD4,FOXJ1
TEAD4,SATB1
TEAD4,SCD5
TEAD4,AMN1
TEAD4,DPYSL3
TEAD4,ARHGAP28
TEAD4,ETV7
TEAD4,MXD4
TEAD4,ZIC2
TEAD4,HESX1
TEAD4,MAPK10
TEAD4,HDGF
TFAP2A,BAG3
TFAP2A,NOC3L
TFAP2A,CDC7
TFAP2A,MED16
TFAP2A,ANKMY2
TFAP2A,MCM2
TFAP2A,PA2G4
TFAP2A,SETBP1
TFAP2A,TEAD1
TFAP2A,SRSF1
TFAP2A,DEPDC1B
TFAP2A,AKAP2
TFAP2A,ZNF24
TFAP2A,ZNF280B
TFAP2A,FZD5
TFAP2A,ALG6
TFAP2A,HNRNPD
TFAP2A,TRIM27
TFAP2A,PRKACB
TFAP2A,DDHD2
TFAP2A,UTP18
TFAP2A,DAB2
TFAP2A,ADAMTS3
TFAP2A,FUBP1
TFAP2A,MSX1
TFAP2A,LIN28A
TFAP2A,MIF
TFAP2A,SNAPC3
TFAP2A,MCM3
TFAP2A,SKIL
TFAP2A,NFIA
TFAP2A,PRTG
TFAP2A,IRF1
TFAP2A,HPRT1
TFAP2A,CA2
TFAP2A,DLC1
TFAP2A,DCAF6
TFAP2A,ZFHX3
TFAP2A,CEP290
TFAP2A,MCM6
TFAP2A,REL
TFAP2A,DDX54
TFAP2A,MCC
TFAP2A,CHEK2
TFAP2A,CCND1
TFAP2A,NUAK1
TFAP2A,GLIPR2
TFAP2A,GPSM2
TFAP2A,PARP1
TFAP2A,PLOD2
TFAP2A,SERTAD2
TFAP2A,TBC1D4
TFAP2A,SLC19A2
TFAP2A,SH3RF1
TFAP2A,DDAH1
TFAP2A,WDHD1
TFAP2A,ESPL1
TFAP2A,BCLAF1
TFAP2A,ZNF8
TFAP2A,ANKRD6
TFAP2A,ARID3B
TFAP2A,KLHL12
TFAP2A,ENO1
TFAP2A,CDCA7L
TFAP2A,GATAD2A
TFAP2A,ISCA1
TFAP2A,ZDHHC21
TFAP2A,SNX14
TFAP2A,TNC
TFAP2A,COL5A1
TFAP2A,RALB
TFAP2A,ITPR2
TFAP2A,UTP15
TFAP2A,CCDC82
TFAP2A,ARHGAP28
TFAP2A,ODC1
TFAP2A,TDRD7
TFAP2A,DNAAF2
TFAP2A,LIFR
TFAP2A,ANKRD50
TFAP2A,RUVBL2
TFAP2A,FER
TFAP2A,MXD4
TFAP2A,MYOCD
TFAP2A,ZNF488
TFAP2A,ASNS
TFAP2A,KIF21A
TFAP2A,PHLDB2
TFAP2A,EPHA4
TFAP2A,TRIM25
TFAP2A,XRN1
TFAP2A,RHOBTB3
TFAP2A,APBB2
TFAP2A,PPP1R9A
TFAP2A,NCAPG
TFAP2A,BAMBI
TFAP2A,SYNE2
TFAP2A,TIPIN
TFAP2A,PDCD4
TFAP2A,KHSRP
TFAP2A,TIMP3
TFAP2A,VPS13C
TFAP2A,NFKBIB
TFAP2A,RARG
TFAP2A,PHC1
TFAP2A,TSPAN12
TFAP2A,TCF7L1
TFAP2A,CRABP2
TFAP2A,PPARA
TFAP2A,NOL11
TFAP2A,MRPS35
TFAP2A,VASH2
TFAP2A,CTNNB1
TFAP2A,ARL4A
TFAP2A,LDB2
TFAP2A,HEG1
TFAP2A,RNF138
TFAP2A,RNPS1
TFAP2A,RMI1
TFAP2A,HNRNPK
TFAP2A,MFAP4
TFAP2A,MAFG
TFAP2A,FOXJ1
TFAP2A,AFF1
TFAP2A,YAF2
TFAP2A,VHL
TFAP2A,FAM117B
TFAP2A,TADA1
TFAP2A,ENC1
TFAP2A,EGF
TFAP2A,TRIM2
TFAP2A,CDK6
TFAP2A,ZBTB10
TFAP2A,ATG4C
TFAP2A,GTF2H2
TFAP2A,ARID3A
TFAP2A,NUCB2
TFAP2A,RNF14
TFAP2A,HELZ
TFAP2A,BUB1B
TFAP2A,PPT2
TFAP2A,CDCA2
TFAP2A,MEF2D
TFAP2A,SLC36A4
TFAP2A,C3orf14
TFAP2A,CBFA2T2
TFAP2A,TP53INP1
TFAP2A,PARN
TFAP2A,CDH11
TFAP2A,ZNF239
TFAP2A,KAT6A
TFAP2A,COL1A2
TFAP2A,CHAF1A
TFAP2A,POLR1C
TFAP2A,TGFBR3
TFAP2A,LIMD1
TFAP2A,KLHL24
TFAP2A,ZNF585B
TFAP2A,RGPD2
TFAP2A,HMGN2
TFAP2A,DNMT1
TFAP2A,TMEM47
TFAP2A,ARID5B
TFAP2A,TMEM38B
TFAP2A,DEDD2
TFAP2A,HMGA1
TFAP2A,HAS2
TFAP2A,SNAI1
TFAP2A,KIF23
TFAP2A,FOXP1
TFAP2A,ELMOD2
TFAP2A,SH3BGRL2
TFAP2A,ANKRD28
TFAP2A,ANKRD1
TFAP2A,COL5A2
TFAP2A,AFF4
TFAP2A,TDP2
TFAP2A,DNMT3A
TFAP2A,MIA3
TFAP2A,SLC39A11
TFAP2A,POLR2D
TFAP2A,SERPINE2
TFAP2A,SUPT16H
TFAP2A,GATA2
TFAP2A,TRERF1
TFAP2A,THY1
TFAP2A,SUPT7L
TFAP2A,MATN3
TFAP2A,APC
TFAP2A,NT5DC3
TFAP2A,CITED2
TFAP2A,PER3
TFAP2A,IFI16
TFAP2A,TGFB1
TFAP2A,CEP85L
TFAP2A,ROR2
TFAP2A,SATB2
TFAP2A,VWA5A
TFAP2A,PLCB4
TFAP2A,LPIN1
TFAP2A,TEAD4
TFAP2A,COBLL1
TFAP2A,DUSP4
TFAP2A,TIPARP
TFAP2A,RAB31
TFAP2A,PDGFRA
TFAP2A,CLDN11
TFAP2A,NDC80
TFAP2A,MYOF
TFAP2A,ZBTB38
TFAP2A,PLSCR4
TFAP2A,DNMT3B
TFAP2A,RBFOX2
TFAP2A,CPE
TFAP2A,MME
TFAP2A,ZNF398
TFAP2A,KLF7
TFAP2A,HOMER1
TFAP2A,ABLIM1
TFAP2A,CUL1
TFAP2A,STT3B
TFAP2A,RTKN2
TFAP2A,RPP40
TFAP2A,ETV1
TFAP2A,PLAGL2
TFAP2A,SPPL2A
TFAP2A,MALT1
TFAP2A,CTBP1
TFAP2A,EPB41L3
TFAP2A,PSIP1
TFAP2A,REV3L
TFAP2A,BMPR1A
TFAP2A,CASD1
TFAP2A,NR3C1
TFAP2A,ARHGAP29
TFAP2A,SMAD6
TFAP2A,BLM
TFAP2A,UNC5D
TFAP2A,MEIS2
TFAP2A,S1PR3
TFAP2A,LGR4
TFAP2A,FXR1
TFAP2A,AIP
TFAP2A,IL6ST
TFAP2A,MANEA
TFAP2A,FAM89A
TFAP2A,RRAS2
TFAP2A,RAI14
TFAP2A,MCCC1
TFAP2A,PRICKLE1
TFAP2A,ANXA3
TFAP2A,GABRB2
TFAP2A,CBX3
TFAP2A,WDFY1
TFAP2A,PDE3B
TFAP2A,LTBP1
TFAP2A,CXXC1
TFAP2A,ZNF589
TFAP2A,ECI2
TFAP2A,MECOM
TFAP2A,FBN1
TFAP2A,BCAR3
TFAP2A,FAM135A
TFAP2A,PDLIM3
TFAP2A,ANKZF1
TFAP2A,JMJD1C
TFAP2A,RAD51
TFAP2A,RNF19A
TFAP2A,KDM6A
TFAP2A,TLE3
TFAP2A,POLR1B
TFAP2A,E2F7
TFAP2A,SEMA6D
TFAP2A,FN1
TFAP2A,TEX10
TFAP2A,MXI1
TFAP2A,CPVL
TFAP2A,PHLDA1
TFAP2A,CLGN
TFAP2A,DLGAP5
TFAP2A,SERHL2
TFAP2A,ITGA6
TFAP2A,NFKBIA
TFAP2A,POLR2H
TFAP2A,ZBTB2
TFAP2A,CUX1
TFAP2A,DNAJB14
TFAP2A,PRDM14
TFAP2A,NFAT5
TFAP2A,ITGA5
TFAP2A,RUVBL1
TFAP2A,FBXO5
TFAP2A,TCF4
TFAP2A,POU5F1
TFAP2A,HCFC1
TFAP2A,E2F4
TFAP2A,SSB
TFAP2A,FARSB
TFAP2A,DAXX
TFAP2A,SIRT1
TFAP2A,ARFGAP3
TFAP2A,SMAD2
TFAP2A,MAFF
TFAP2A,GDAP1
TFAP2A,XRCC5
TFAP2A,APBB1
TFAP2A,SYNC
TFAP2A,DSCC1
TFAP2A,ASH2L
TFAP2A,UBTF
TFAP2A,PTMA
TFAP2A,NFATC1
TFAP2A,NEDD4
TFAP2A,FLRT2
TFAP2A,SRC
TFAP2A,ZNF521
TFAP2A,LRIG3
TFAP2A,SLC35A3
TFAP2A,JUND
TFAP2A,NUSAP1
TFAP2A,CCNB2
TFAP2A,TFAP4
TFAP2A,ZFPM2
TFAP2A,STC1
TFAP2A,PALLD
TFAP2A,RBBP8
TFAP2A,POLR2I
TFAP2A,GLMN
TFAP2A,VIM
TFAP2A,TMEM64
TFAP2A,E2F3
TFAP2A,DCLK1
TFAP2A,SFPQ
TFAP2A,PNPLA8
TFAP2A,WDR35
TFAP2A,NRP2
TFAP2A,SOS2
TFAP2A,AEBP1
TFAP2A,POU3F1
TFAP2A,TRAF6
TFAP2A,POU2F1
TFAP2A,CDC20
TFAP2A,MYBL2
TFAP2A,DPYSL3
TFAP2A,SKA3
TFAP2A,CNKSR3
TFAP2A,TJP2
TFAP2A,LPGAT1
TFAP2A,NFE2L3
TFAP2A,RBM14
TFAP2A,CCPG1
TFAP2A,ELK3
TFAP2A,SLC6A15
TFAP2A,ATP11B
TFAP2A,ETS1
TFAP2A,LEF1
TFAP2A,TRIP6
TFAP2A,COLEC12
TFAP2A,MCM4
TFAP2A,POLR2K
TFAP2A,SEMA3A
TFAP2A,WDR12
TFAP2A,TRIP13
TFAP2A,TLE2
TFAP2A,TWIST1
TFAP2A,TFDP1
TFAP2A,GNG11
TFAP2A,EEF1A1
TFAP2A,AK4
TFAP2A,PURA
TFAP2A,ARHGAP42
TFAP2A,MEX3C
TFAP2A,NFIC
TFAP2A,BMP4
TFAP2A,SMG6
TFAP2A,SFRP2
TFAP2A,PAM
TFAP2A,RSPO3
TFAP2A,INSIG2
TFAP2A,KLHL28
TFAP2A,BHLHE40
TFAP2A,AES
TFAP2A,POLR2A
TFAP2A,ZNF764
TFAP2A,ZNF160
TFAP2A,RRN3
TFAP2A,NR0B1
TFAP2A,RPE
TFAP2A,RAVER2
TFAP2A,RBPJ
TFAP2A,ZNF142
TFAP2A,LGALSL
TFAP2A,EZH2
TFAP2A,ETV4
TFAP2A,MYCN
TFAP2A,COL4A1
TFAP2A,SMARCC1
TFAP2A,PRSS35
TFAP2A,MCM7
TFAP2A,ZNF83
TFAP2A,CSRP2
TFAP2A,CYP1B1
TFAP2A,GATM
TFAP2A,UPF1
TFAP2A,ESCO2
TFAP2A,CCDC138
TFAP2A,RAI1
TFAP2A,APEX1
TFAP2A,BRWD1
TFAP2A,USP44
TFAP2A,TTC39B
TFAP2A,MAN1A1
TFAP2A,ZFYVE16
TFAP2A,MPHOSPH9
TFAP2A,TRIM28
TFAP2A,SENP7
TFAP2A,PTPRZ1
TFAP2A,TBX3
TFAP2A,STAT3
TFAP2A,CCNA2
TFAP2A,ETV3
TFAP2A,SULF2
TFAP2A,SLC39A8
TFAP2A,ASXL1
TFAP2A,PLAGL1
TFAP2A,STIM2
TFAP2A,RNF13
TFAP2A,CD200
TFAP2A,SOX5
TFAP2A,DPF2
TFAP2A,WWTR1
TFAP2A,ARNT2
TFAP2A,CEP55
TFAP2A,KIF15
TFAP2A,ALYREF
TFAP2A,SNAI2
TFAP2A,PPARGC1B
TFAP2A,RFESD
TFAP2A,PAWR
TFAP2A,STK17B
TFAP2A,VPS54
TFAP2A,NUP54
TFAP2A,HTRA1
TFAP2A,BNIP3
TFAP2A,ZNF30
TFAP2A,POU2F2
TFAP2A,STK38L
TFAP2A,LZTS1
TFAP2A,SCD5
TFAP2A,TTK
TFAP2A,PRPS2
TFAP2A,FBXO28
TFAP2A,DAAM1
TFAP2A,NCAM1
TFAP2A,CCNE2
TFAP2A,YBX1
TFAP2A,HDGF
TFAP2A,NAA15
TFAP2A,SOX3
TFAP2A,GINS2
TFAP2A,DEK
TFAP2A,SMAD5
TFAP2A,ZEB1
TFAP2A,CAMK2D
TFAP2A,SLCO2A1
TFAP2A,NONO
TFAP2A,WLS
TFAP2A,PATZ1
TFAP2A,GATA4
TFAP2A,PHB2
TFAP2A,MLLT3
TFAP2A,NFYB
TFAP2A,WDR3
TFAP2A,MRPL1
TFAP2A,MRPS30
TFAP2A,MYBBP1A
TFAP2A,STAT2
TFAP2A,RIN2
TFAP2A,ATP2B4
TFAP2A,QPCT
TFAP2A,ZNF219
TFAP2A,FLI1
TFAP2A,WWP1
TFAP2A,ASS1
TFAP2A,YPEL5
TFAP2A,SF1
TFAP2A,HNRNPAB
TFAP2A,RGS5
TFAP2A,MED14
TFAP2A,HIF1A
TFAP2A,ASB9
TFAP2A,CAP2
TFAP2A,B4GALT4
TFAP2A,U2AF1
TFAP2A,HIF3A
TFAP2A,SEMA6A
TFAP2A,PLK1
TFAP2A,AMN1
TFAP2A,ANKRD26
TFAP2A,JPH1
TFAP2A,RFC3
TFAP2A,SNRPD1
TFAP2A,FOXN3
TFAP2A,PIK3R5
TFAP2A,PGM2
TFAP2A,LIMCH1
TFAP2A,TMSB15B
TFAP2A,GCA
TFAP2A,SMARCD1
TFAP2A,LMX1B
TFAP2A,EXO1
TFAP2A,DNA2
TFAP2A,MAGI3
TFAP2A,ACOX3
TFAP2A,ETV7
TFAP2A,ANKRD13C
TFAP2A,TRIM33
TFAP2A,NCOA6
TFAP2A,SNRPB
TFAP2A,PITX2
TFAP2A,HDAC9
TFAP2A,BMP2
TFAP2A,ID1
TFAP2A,CLDN10
TFAP2A,KIAA1324L
TFAP2A,ZNF471
TFAP2A,SRSF3
TFAP2A,SNX18
TFAP2A,NKX3-1
TFAP2A,ELOVL2
TFAP2A,NRIP1
TFAP2A,LRR1
TFAP2A,WDR5
TFAP2A,EHMT2
TFAP2A,ESRRG
TFAP2A,TBX20
TFAP2A,KAT7
TFAP2A,ESRP1
TFAP2A,SFMBT1
TFAP2A,ARID4B
TFAP2A,EWSR1
TFAP2A,STK3
TFAP2A,PPM1H
TFAP2A,ZNF516
TFAP2A,PIP4K2A
TFAP2A,NFATC3
TFAP2A,APOBEC3C
TFAP2A,TP53
TFAP2A,BMPER
TFAP2A,AMIGO2
TFAP2A,POLR3G
TFAP2A,NR2C1
TFAP2A,PLK2
TFAP2A,RBBP4
TFAP2A,PHF21A
TFAP2A,ILF3
TFAP2A,ISL1
TFAP2A,UPF2
TFAP2A,SOX17
TFAP2A,PRIM1
TFAP2A,RUNX1
TFAP2A,ELMO1
TFAP2A,ELAVL2
TFAP2A,TFB2M
TFAP2A,CREB3L2
TFAP2A,CDCA8
TFAP2A,SRSF10
TFAP2A,DECR1
TFAP2A,CSDE1
TFAP2A,SLITRK2
TFAP2A,CRHBP
TFAP2A,MAP4K3
TFAP2A,EPCAM
TFAP2A,GATA6
TFAP2A,TNFRSF11B
TFAP2A,CNTRL
TFAP2A,SATB1
TFAP2A,FOXK1
TFAP2A,BTF3
TFAP2A,C4orf46
TFAP2A,SH3BGRL
TFAP2A,ZNF146
TFAP2A,TGFB1I1
TFAP2A,KDR
TFAP2A,SAMD3
TFAP2A,DTL
TFAP2A,FST
TFAP2A,SRSF2
TFAP2A,SAP18
TFAP2A,AGL
TFAP2A,PTGR1
TFAP2A,MAML3
TFAP2A,RIOK1
TFAP2A,GRHL1
TFAP2A,ZNF512
TFAP2A,MMP16
TFAP2A,FEZ1
TFAP2A,PREPL
TFAP2A,SORL1
TFAP2A,NDUFC2-KCTD14
TFAP2A,AGPAT5
TFAP2A,FOXJ2
TFAP2A,SOX13
TFAP2A,SMARCD3
TFAP2A,GPC3
TFAP2A,AR
TFAP2A,SLC46A3
TFAP2A,NLGN4X
TFAP2A,LMO2
TFAP2A,MDM4
TFAP2A,TLE1
TFAP2A,NUDT11
TFAP2A,SP110
TFAP2A,KLHL4
TFAP2A,PCDH7
TFAP2A,EMB
TFAP2A,PRMT6
TFAP2A,SEMA3E
TFAP2A,DKK1
TFAP2A,SALL2
TFAP2A,THAP9
TFAP2A,NEDD9
TFAP2A,TTC27
TFAP2A,EGR1
TFAP2A,PMAIP1
TFAP2A,LIPG
TFAP2A,MITF
TFAP2A,COMMD10
TFAP2A,SEMA5A
TFAP2A,TCOF1
TFAP2A,NFIB
TFAP2A,CD9
TFAP2A,UHRF1
TFAP2A,PFKFB2
TFAP2A,PELI2
TFAP2A,ZNF202
TFAP2A,ZRANB2
TFAP2A,FBXO34
TFAP2A,ZNF518B
TFAP2A,ST3GAL6
TFAP2A,KRCC1
TFAP2A,RAD51AP1
TFAP2A,RXRG
TFAP2A,HSD17B11
TFAP2A,DYNC1I1
TFAP2A,KLF5
TFAP2A,EOMES
TFAP2A,ARL4D
TFAP2A,ID3
TFAP2A,GLDC
TFAP2A,DNAJC2
TFAP2A,OXTR
TFAP2A,SLC35F1
TFAP2A,ILF2
TFAP2A,FREM1
TFAP2A,TRPS1
TFAP2A,TMF1
TFAP2A,PMP22
TFAP2A,PROM1
TFAP2A,XRCC6
TFAP2A,GLRX
TFAP2A,RFPL2
TFAP2A,NUP35
TFAP2A,LHX1
TFAP2A,CENPK
TFAP2A,ELL2
TFAP2A,CALCOCO1
TFAP2A,TFE3
TFAP2A,KLF8
TFAP2A,HOPX
TFAP2A,TCF19
TFAP2A,ATF6
TFAP2A,WNT5A
TFAP2A,CTSK
TFAP2A,CNBP
TFAP2A,ZNF165
TFAP2A,RFXANK
TFAP2A,FOXD3
TFAP2A,ABCA1
TFAP2A,ERCC6L
TFAP2A,GATA3
TFAP2A,CBR1
TFAP2A,ZKSCAN1
TFAP2A,PCDH10
TFAP2A,ALCAM
TFAP2A,ZEB2
TFAP2A,LMO3
TFAP2A,GABRB3
TFAP2A,HAPLN1
TFAP2A,HIST1H1B
TFAP2A,LRRCC1
TFAP2A,GSC
TFAP2A,ANGPT2
TFAP2A,PLXNA2
TFAP2A,CEBPZ
TFAP2A,NIPSNAP3A
TFAP2A,IGDCC4
TFAP2A,MLLT6
TFAP2A,SOX7
TFAP2A,TRIP11
TFAP2A,ITM2A
TFAP2A,SOX2
TFAP2A,CHL1
TFAP2A,MBIP
TFAP2A,BTG2
TFAP2A,UNC5C
TFAP2A,MAPK10
TFAP2A,LUM
TFAP2A,SFRP1
TFAP2A,SIX6
TFAP2A,CYP26A1
TFAP2A,MCM5
TFAP2A,GPC6
TFAP2A,CALB1
TFAP2A,COL4A6
TFAP2A,ZNF587
TFAP2A,B3GNT5
TFAP2A,BCL11A
TFAP2A,PBXIP1
TFAP2A,ST8SIA4
TFAP2A,BCL11B
TFAP2A,NXT2
TP53,REV3L
TP53,PRDM1
TP53,TRIM22
TP53,TP53INP1
TP53,E2F7
TP53,BTG2
TP53,PMAIP1
TP53,UTP15
TP53,FLRT2
TP53,WDHD1
TP53,ABLIM1
TP53,TMEM131
TP53,GTF2H2
TP53,KLHL12
TP53,SLA2
TP53,TMF1
TP53,ETV7
TP53,SUPT7L
TP53,RAD51AP1
TP53,TRAF6
TP53,ZNF764
TP53,POU3F1
TP53,TIPIN
TP53,THAP9
TP53,DEPDC1B
TRIM28,ZNF280B
TRIM28,JMJD1C
TRIM28,GTF2H2
TRIM28,C3orf14
TRIM28,STC1
TRIM28,ACOX3
TRIM28,TDP2
TRIM28,SLC35A3
TRIM28,BCAR3
TRIM28,ASNS
TRIM28,RBBP4
TRIM28,PHF21A
TRIM28,NFAT5
TRIM28,MEX3C
TRIM28,ABLIM1
TRIM28,HNRNPD
TRIM28,POLR3G
TRIM28,AMN1
TRIM28,ELOVL2
TRIM28,TADA1
TRIM28,KAT6A
TRIM28,CBR1
TRIM28,PAM
TRIM28,PRDM1
TRIM28,ELMO1
TRIM28,WDHD1
TRIM28,ZFPM2
TRIM28,PRICKLE1
TRIM28,TCF4
TRIM28,CALB1
TRIM28,SLC39A8
TRIM28,TRIM25
TRIM28,GCA
TRIM28,DACH1
TRIM28,KIAA1324L
TRIM28,ST8SIA1
TRIM28,DDHD2
TRIM28,ZNF160
TRIM28,SATB1
TRIM28,TMEM131
TRIM28,POLR2D
TRIM28,AFF1
TRIM28,NAP1L3
TRIM28,PURA
TRIM28,TEX10
TRIM28,GLRX
TRIM28,MCC
TRIM28,PLOD2
TRIM28,ODC1
TRIM28,ADAMTS3
TRIM28,COBLL1
TRIM28,SRSF10
TRIM28,CSRP2
TRIM28,SSB
TRIM28,MLLT3
TRIM28,SPP1
TRIM28,OXTR
TRIM28,MAP4K3
TRIM28,PER3
TRIM28,STIM2
TRIM28,PMP22
TRIM28,PAWR
TRIM28,RBPJ
TRIM28,TTC39B
TRIM28,ZNF521
TRIM28,PRSS35
TRIM28,SH3BGRL2
TRIM28,MXD4
TRIM28,RTKN2
TRIM28,WDR35
TRIM28,SEMA6D
TRIM28,SULF2
TRIM28,TGFB1I1
TRIM28,TEAD4
TRIM28,CCND1
TRIM28,LRAT
TRIM28,CCKBR
TRIM28,BMP4
ZFP42,ACOX3
ZFP42,TRUB1
ZFP42,CENPK
ZFP42,CCNA2
ZFP42,RNPS1
ZFP42,POLR2K
ZFP42,WDFY1
ZFP42,U2AF1
ZFP42,NDC80
ZFP42,MIA3
ZFP42,UTP15
ZFP42,KIF15
ZFP42,MBIP
ZFP42,OTUD6B
ZFP42,KLHL12
ZFP42,WDHD1
ZFP42,XRN1
ZFP42,EXO1
ZFP42,DYNC2LI1
ZFP42,PPT2
ZFP42,PHLDB2
ZFP42,PHC1
ZFP42,TLE1
ZFP42,DEPDC1B
ZFP42,NUP54
ZFP42,RNF138
ZFP42,FOXJ2
ZFP42,TTK
ZFP42,ZNF160
ZFP42,POLB
ZFP42,NFAT5
ZFP42,ZNF165
ZFP42,PALLD
ZFP42,JUND
TEAD4,HOMER1
TEAD4,EPCAM
TEAD4,TRIM33
TEAD4,POLR2A
EGR1,SFRP2
EGR1,POLR2A
EGR1,FUS
NANOG,NFE2L3
NANOG,TCF7L1
NANOG,PSMD9
NANOG,KLF6
JUND,AGL
JUND,GTF3C4
JUND,SMAD6
JUND,TCEA1
JUND,CDCA8
JUND,PPP1R9A
JUND,CEBPZ
JUND,POLR3E
JUND,SRSF6
JUND,EGR1
JUND,SFRP2
JUND,BMP4
JUND,POLR2D
JUND,PTGR1
JUND,POLR1C
JUND,ANKRD26
JUND,ASH2L
JUND,TRIP13
JUND,TTC27
JUND,THAP9
JUND,PFKFB2
JUND,CCDC81
JUND,ISCA1
JUND,MBOAT1
JUND,NEDD4
JUND,AIP
JUND,RIOK1
JUND,SKA3
JUND,DSCC1
JUND,EZH2
JUND,RPE
JUND,TCF7L1
JUND,XRCC6
JUND,NT5DC3
JUND,TTC39B
JUND,EPHA4
JUND,GRHL2
JUND,WLS
JUND,SRSF10
JUND,HSD17B11
JUND,INSIG2
JUND,PRDM1
JUND,EGF
JUND,ALG6
JUND,CCNE2
JUND,IRF1
JUND,LRAT
JUND,PDCD4
JUND,TNFRSF11B
JUND,MAN1A1
JUND,CRX
JUND,RHOBTB3
JUND,ATP2B4
JUND,TADA1
MXI1,PHLDA1
MXI1,COL4A1
MXI1,CDCA2
MXI1,HDGF
MXI1,DPYSL3
MXI1,TEX10
MXI1,MYBL2
MXI1,TIPARP
MXI1,SRC
MXI1,CEP55
MXI1,POLR2D
MXI1,ITPR2
MXI1,POLR2H
MXI1,TRAF6
MXI1,CAMK2D
MXI1,ANKRD26
MXI1,WDFY1
MXI1,KLF7
MXI1,CPVL
MXI1,NFATC3
MXI1,EXO1
MXI1,MYOCD
MXI1,SEMA6D
MXI1,SEMA6A
MXI1,DDHD2
MXI1,EOMES
MXI1,AFF4
MXI1,TFAP2A
MXI1,RBMX
MXI1,ANXA3
MXI1,BAMBI
MXI1,PHF21A
MXI1,STK38L
MXI1,TMSB15B
MXI1,BRWD1
MXI1,DYNC1I1
MXI1,NRP2
MXI1,E2F4
MXI1,CER1
MXI1,ZNF764
MXI1,MCM5
MXI1,ZNF239
MXI1,ARHGAP42
MXI1,PARP1
MXI1,GPSM2
MXI1,DNA2
MXI1,MLLT3
MXI1,TRIP13
MXI1,SEMA3A
MXI1,VHL
MXI1,WLS
MXI1,INSIG2
MXI1,KLHL24
MXI1,TLE3
MXI1,RRN3
MXI1,ZNF398
MXI1,TSPAN12
MXI1,KIAA1324L
MXI1,CNKSR3
MXI1,NDC80
MXI1,RAD51
MXI1,SOX4
MXI1,CEBPZ
MXI1,EGR1
MXI1,MDM4
MXI1,MAN1A1
MXI1,MAML3
MXI1,NONO
MXI1,STAT2
MXI1,SNX18
MXI1,TEAD4
MXI1,RHOBTB3
MXI1,ZKSCAN1
MXI1,XRN1
MXI1,ETV3
MXI1,GPC6
BCL11A,PAM
BCL11A,KLF6
BCL11A,TJP2
BCL11A,NUP54
BCL11A,TCF7L1
BCL11A,USP44
BCL11A,LIN28A
BCL11A,SNX16
BCL11A,HIST1H1B
BCL11A,SFRP2
BCL11A,PSMD9
BCL11A,CER1
BCL11A,KAT6A
