Gene1,Gene2
AES,LEF1
AES,RND3
APC,DNMT1
APC,ODC1
AR,BTG2
AR,CDC6
AR,CDH11
AR,CDH2
AR,CDK6
AR,CTNNB1
AR,ETV1
AR,FN1
AR,IFI16
AR,KLF5
AR,NKX3-1
AR,PNRC1
AR,TRPS1
AR,VIM
AR,WEE1
ARID3A,CDC6
BTF3,EPHB2
BTF3,RRAS2
BTG2,CCND1
CEBPZ,APC
CEBPZ,COL11A1
CEBPZ,COL1A2
CIITA,COL1A1
CIITA,COL1A2
CIITA,HLA-DQB1
CIITA,HLA-DRB1
CIITA,HLA-DRB5
CIITA,IRF1
CIITA,SIRT1
CTBP1,CLDN7
CTNNB1,AR
CTNNB1,CCND1
CTNNB1,FST
CTNNB1,VIM
CUX1,WNT5A
DAXX,AIRE
DEK,HLA-DQB1
DNMT1,BMP2
DNMT1,EPCAM
DNMT1,GAD1
DNMT1,PROM1
DNMT1,SFRP1
DNMT1,TIMP3
DNMT1,TP53
DNMT3A,POU5F1
DNMT3A,SFRP1
E2F3,CCNA2
E2F3,CDC6
E2F3,CUX1
E2F3,PLK1
E2F3,TFE3
E2F4,AR
E2F4,AURKB
E2F4,CCND1
E2F4,CUX1
E2F4,HCFC1
E2F4,MCM10
E2F4,PLK1
E2F4,RAD51
E2F4,TTK
EGR1,AR
EGR1,CCND1
EGR1,F3
EGR1,FGF2
EGR1,FN1
EGR1,HIF1A
EGR1,PLAU
EGR1,TCF4
EGR1,TP53
ENO1,MYCN
ESRRG,NR0B1
ETS1,ANGPT2
ETS1,BMP4
ETS1,COL1A1
ETS1,EGR1
ETS1,FLI1
ETS1,GRPR
ETS1,NKX3-1
ETS1,PARP1
ETS1,PLAU
ETS1,SPRY2
ETS1,TFAP2A
ETS1,TNC
ETS1,TP53
ETV1,AR
ETV4,EGLN1
ETV4,ETS1
ETV4,MMP2
ETV4,VIM
ETV7,ETS1
EWSR1,MITF
EWSR1,NR0B1
EWSR1,PHLDA1
EZH2,APC
EZH2,CCND1
EZH2,CIITA
EZH2,MMP2
EZH2,PCNA
EZH2,SATB1
EZH2,SFRP1
EZH2,SNAI2
EZH2,TP53
EZH2,TWIST1
FLI1,COL1A2
FLI1,PHLDA1
FOXD3,MITF
FOXD3,RND3
FOXD3,SPP1
FOXH1,AR
FUS,AR
GATA2,ANGPT2
GATA2,AR
GATA3,TGFBR3
GATA3,ZEB1
GATA4,HDAC9
GATA6,DAB2
GATA6,DKK1
GATA6,PLAU
HAND2,GATA4
HCFC1,E2F4
HDAC9,CITED2
HDAC9,TP53
HDGF,VIM
HIF1A,APEX1
HIF1A,AR
HIF1A,ARNT2
HIF1A,ASS1
HIF1A,BNIP3
HIF1A,CCND1
HIF1A,E2F3
HIF1A,EGLN1
HIF1A,ENO1
HIF1A,FAM162A
HIF1A,FGF2
HIF1A,MIF
HIF1A,MMP2
HIF1A,NR3C1
HIF1A,PLAU
HIF1A,PPARA
HIF1A,SLC29A1
HIF1A,SLC2A1
HIF1A,STAT3
HIF1A,TWIST1
HIF1A,VHL
HIF1A,VIM
HIF3A,HIF1A
HLX,PAK1
HMGA1,TP53
HMGA1,TWIST1
HOXB4,PROM1
HOXB7,CCND1
HOXB7,FGF2
HOXB7,MMP2
HOXB7,PDGFA
HOXB7,WNT5A
IFI16,TP53
ILF2,ILF3
ILF3,HLA-DRB1
ILF3,PLAU
IRF1,CIITA
IRF1,TP53
IRF1,TRIM22
JUND,CCND1
JUND,CLU
JUND,F3
JUND,ITGAV
JUND,NTS
JUND,SOX4
JUND,TGFB1
KLF5,CCND1
KLF5,HIF1A
KLF6,CCND1
KLF6,PMAIP1
KLF8,CDH2
KLF8,FN1
KLF8,VIM
LEF1,AR
LEF1,CCND1
LEF1,CD1D
LEF1,CTNNB1
LEF1,MITF
LEF1,SNAI2
LEF1,TCF4
LIMD1,HIF1A
LIN28A,CCND1
LMO2,ANGPT2
LMO2,FGF2
LMO2,GYPA
LMO2,LEF1
LMO2,NFATC1
LMO2,ZEB1
LMX1B,COL4A1
LMX1B,NLRP2
MAFF,OXTR
MDM4,TP53
MEIS1,AR
MEIS1,SOX3
MITF,CTSK
MITF,HIF1A
MITF,HOXB4
MSX1,DKK1
MXD4,ODC1
MXI1,MYCN
MYBL2,CCND1
MYBL2,COL1A1
MYCN,CIITA
MYCN,CLU
MYCN,DKK3
MYCN,GRHL1
MYCN,HMGA1
MYCN,MCM10
MYCN,MCM2
MYCN,MCM3
MYCN,MCM4
MYCN,MCM5
MYCN,MCM6
MYCN,MCM7
MYCN,MXI1
MYCN,MYBL2
MYCN,TP53
MYCN,TP53INP1
NANOG,CCND1
NANOG,CDK6
NANOG,DKK1
NANOG,KDR
NANOG,GATA2
NANOG,GATA4
NANOG,GATA6
NANOG,LAMB1
NANOG,POU5F1
NANOG,SEMA6A
NFIA,PCK2
NFIC,COL1A1
NFIC,ITGA5
NFYB,HOXB7
NFYB,LPIN1
NFYB,SOX3
NKX3-1,AR
NKX3-1,CCND1
NKX3-1,SIX6
NPM1,CCND1
NPM1,DNMT1
NR0B1,ESRRG
NR0B1,PBX1
NR3C1,CCND1
NR3C1,CDK6
NR3C1,ETS1
NR3C1,PNRC1
NR3C1,SPP1
NR3C1,TP53
OTX2,CCNG2
OTX2,CDC25C
OTX2,HESX1
PA2G4,AR
PARP1,FBN1
PARP1,FN1
PARP1,SNAI1
PARP1,VIM
PBX1,NANOG
PBX1,SOX3
PGR,CCND1
PHB2,BTG2
PITX2,LEF1
PITX2,WNT5A
POU2AF1,SPIB
POU2AF1,TK1
POU2F1,AR
POU2F1,CCND1
POU2F1,GCM1
POU2F1,ID1
POU2F1,MAD2L1
POU2F1,PLAU
POU2F1,POU2AF1
POU2F1,SNAI2
POU2F1,SPP1
POU2F1,TK1
POU2F1,TWIST1
POU2F2,SPIB
POU2F2,SPP1
POU2F2,TK1
POU5F1,BMP4
POU5F1,DKK1
POU5F1,EOMES
POU5F1,GATA6
POU5F1,HLX
POU5F1,ITGA6
POU5F1,NANOG
POU5F1,SEMA6A
POU5F1,SOX2
POU5F1,SPP1
POU5F1,THY1
POU5F1,ZFP42
PPARA,NFKBIA
PRDM1,CIITA
PRDM1,LMO2
PRDM1,PCNA
PRDM14,POU5F1
PURA,AR
PURA,PCNA
RBMX,EGR1
RBMX,JUND
REL,EPHB2
REL,F3
RFXANK,HLA-DQB1
RFXANK,HLA-DRB1
RFXANK,HLA-DRB5
RNF14,CCND1
RUNX1,MAD2L1
RUNX1,MECOM
RUNX1,NCAM1
RUVBL1,TP53
SALL3,DNMT3A
SALL3,HDAC9
SATB1,GATA3
SATB2,UPF3B
SF1,NR0B1
SIRT1,BCL11A
SIRT1,CCND1
SIRT1,COL1A2
SIRT1,CTNNB1
SIRT1,EGLN1
SIRT1,ESRRG
SIRT1,EZH2
SIRT1,HIF1A
SIRT1,LIN28A
SIRT1,TBX3
SIRT1,TP53
SMG6,UPF1
SNAI1,CDH2
SNAI1,FN1
SNAI2,CDH2
SNAI2,POU5F1
SOX17,FN1
SOX17,NFAT5
SOX2,ASXL1
SOX2,BMP4
SOX2,CCND1
SOX2,DKK1
SOX2,ISL1
SOX2,ITGA6
SOX2,SEMA6A
SOX2,VIM
SOX4,NCAM1
SOX4,NKX3-1
SP100,ETS1
SSB,LAMB1
STAT2,IRF1
STAT3,ABCA1
STAT3,AR
STAT3,CCND1
STAT3,DNMT1
STAT3,FGF2
STAT3,HIF1A
STAT3,IRF1
STAT3,LTBP1
STAT3,MMP2
STAT3,NANOG
STAT3,OAS1
STAT3,POU2F1
STAT3,PPARA
STAT3,PRDM1
STAT3,TGFB1
STAT3,TP53
STAT3,TWIST1
TCF4,CCND1
TCF4,FST
TCF4,HECA
TCF4,LGR5
TCF4,MITF
TCF4,VIM
TFAP2A,COL1A1
TFAP2A,CRABP2
TFAP2A,CRX
TFAP2A,ETS1
TFAP2A,MMP2
TFAP2A,NR3C1
TFAP2A,SPRY2
TFAP4,SALL2
TFDP1,MYBL2
TFDP1,NRIP1
TFDP1,PCNA
TFDP1,TP53
TLE3,RUNX1
TP53,ANKRD1
TP53,BTG2
TP53,CCNA2
TP53,CCNB2
TP53,CCND1
TP53,CHEK2
TP53,CTNNB1
TP53,DKK1
TP53,DNMT1
TP53,E2F3
TP53,E2F7
TP53,EGR1
TP53,EPHA2
TP53,EZH2
TP53,FGF2
TP53,FUS
TP53,ID1
TP53,IFI16
TP53,MCM7
TP53,MDM4
TP53,MMP2
TP53,NKX3-1
TP53,PLAGL1
TP53,PLK1
TP53,PMAIP1
TP53,SLC2A1
TP53,STAT3
TP53,TRIM22
TP53,UHRF1
TRIM28,E2F3
TRIM28,E2F4
TRIM28,ID1
TRIP6,CDK6
TWIST1,CDH2
TWIST1,DKK1
TWIST1,FN1
TWIST1,MMP2
TWIST1,YBX1
UHRF1,TOP2A
UPF2,UPF1
VHL,ANGPT2
VHL,AR
VHL,CA12
VHL,CCND1
VHL,COL4A2
VHL,DAB2
VHL,HIF1A
VHL,BHLHE40
VHL,TCF4
VHL,TP53
WWP1,ERBB4
WWP1,TGFBR1
WWTR1,ASNS
XRCC5,ETS1
YBX1,AR
YBX1,CDC20
YBX1,CDKN3
YBX1,MMP2
YBX1,MYCN
YBX1,RBBP8
YBX1,TOP2A
ZBTB2,TP53
ZEB1,AR
ZEB1,EPCAM
ZEB1,GRHL2
ZEB1,POU5F1
ZEB2,ITGA5
ZEB2,POU5F1
ZEB2,VIM
ZIC2,TCF4
ZNF160,TLR4
ZNF202,ABCA1
ZNF24,CCND1
ZNF24,CTNNB1
AES,AR
AES,MSX1
AES,POU2F1
AES,PRDM1
AES,SIX6
AFF1,MLLT3
AIP,PPARA
ALS2CR8,LMO3
ALYREF,LEF1
ANKRD1,TTN
ANKZF1,AURKB
ANKZF1,CA2
APC,CTBP1
APC,CTNNB1
APC,KIFAP3
APC,TFAP2A
APC,TUBA4A
APEX1,HIF1A
APEX1,PCNA
APEX1,POLB
APEX1,TP53
APEX1,XRCC6
AR,ADAMTS3
AR,AES
AR,CCND1
AR,CITED2
AR,CRABP2
AR,CYP26A1
AR,DAXX
AR,DCAF6
AR,ETS1
AR,FGF2
AR,GATA3
AR,HIF1A
AR,HOXB4
ARID3A,E2F4
ARID3A,SP100
ARID3A,TP53
ARID5B,ACSS3
ARID5B,ANKRD13C
ARID5B,BUB1B
ARID5B,CASK
ARID5B,CCDC138
ARID5B,DPH2
ARID5B,DUSP10
ARID5B,EHD3
ARID5B,ESCO2
ARID5B,HAPLN1
ARID5B,LRRN1
ARID5B,LUM
ARID5B,MAPKAPK3
ARID5B,MEF2D
ARID5B,PHLPP1
ARID5B,PITX2
ARID5B,PTDSS1
ARID5B,SEMA3A
ARID5B,SHISA6
ARID5B,TLE2
ARID5B,TMEM38B
ARID5B,ZEB2
ARID5B,ZFHX3
AR,IL6ST
AR,JMJD1C
AR,KAT7
AR,KHSRP
AR,KIF1A
AR,MED14
AR,MIF
AR,MYBBP1A
AR,MYCN
AR,NCOA6
AR,NEDD9
AR,NFKBIA
AR,NONO
AR,NR0B1
AR,NR2C1
AR,NR3C1
AR,NRIP1
ARNT2,HIF1A
AR,PA2G4
AR,PLAU
AR,POU2F1
AR,POU5F1
AR,PSMC3IP
AR,RARG
AR,RCHY1
AR,RNF14
AR,RUNX1
AR,SART3
AR,SRC
AR,STAT3
AR,SVIL
AR,TCF4
AR,TGFB1
AR,TGFB1I1
AR,TMF1
AR,TNFRSF11B
AR,XRCC5
AR,XRCC6
ASH2L,TGFBR1
ATF6,ADAMTS3
ATF6,ANKRD13C
ATF6,ARRB1
ATF6,ATRX
ATF6,BAMBI
ATF6,CDC14B
ATF6,CEP55
ATF6,CPE
ATF6,CRABP2
ATF6,DACH1
ATF6,DCAF6
ATF6,DNAJC9
ATF6,DYNC2LI1
ATF6,ELL2
ATF6,ENOPH1
ATF6,FAM117B
ATF6,FN1
ATF6,FOXD3
ATF6,FTSJ3
ATF6,GATA3
ATF6,GATA4
ATF6,GOLGB1
ATF6,GPM6B
ATF6,GSC
ATF6,HCFC1
ATF6,HLA-DQB1
ATF6,HNRNPK
ATF6,HOMER1
ATF6,IPO4
ATF6,JUND
ATF6,KAT7
ATF6,KLHL12
ATF6,LGR5
ATF6,LHX1
ATF6,LMX1B
ATF6,MAFF
ATF6,MAGI3
ATF6,MXI1
ATF6,MYBL2
ATF6,NAV2
ATF6,NFKBIB
ATF6,NR3C1
ATF6,PAK1
ATF6,PCDH7
ATF6,PDLIM3
ATF6,PIP5K1B
ATF6,PJA2
ATF6,PPM1K
ATF6,PREPL
ATF6,PTPRM
ATF6,RARG
ATF6,RBM14
ATF6,RIOK1
ATF6,SCG3
ATF6,SKIL
ATF6,SLC16A2
ATF6,SLC7A3
ATF6,SLITRK2
ATF6,SMARCD1
ATF6,SNX16
ATF6,SRSF1
ATF6,STAT3
ATF6,SYNE2
ATF6,TBX20
ATF6,TLE3
ATF6,UCK2
ATF6,ZAP70
ATF6,ZCCHC11
ATF6,ZFHX3
ATF6,ZFP36L2
ATF6,ZWILCH
ATRX,DAXX
ATRX,EZH2
ATRX,RAD51
ATRX,SVIL
BHLHE40,CAMK2D
BHLHE40,EIF5A2
BHLHE40,ENOPH1
BHLHE40,HIF1A
BHLHE40,HPS5
BHLHE40,ILF3
BHLHE40,KLHL12
BHLHE40,LTV1
BHLHE40,PAK1IP1
BHLHE40,STAT3
BHLHE40,VIM
CALCOCO1,NDC80
CBFA2T2,RUNX1
CBX3,SP100
CBX3,TRIM28
CEBPZ,NFYB
CEBPZ,TP53
CHAF1A,BLM
CHAF1A,DBF4
CHAF1A,PCNA
CHAF1A,TRIM28
CIITA,NFYB
CIITA,RFXANK
CITED2,HIF1A
CITED2,TFAP2A
CREB3L2,MITF
CREB3L4,MITF
CREB3L4,PRKACB
CRX,RAX2
CSDE1,HNRNPD
CSRP2,EEF1A1
CTBP1,APC
CTBP1,ELK3
CTBP1,FOXP1
CTBP1,HDAC9
CTBP1,LEF1
CTBP1,MECOM
CTBP1,NRIP1
CTBP1,RBBP8
CTBP1,RBPJ
CTBP1,RUNX1
CTBP1,TCF7L1
CTBP1,ZEB1
CTBP1,ZEB2
CTBP1,ZFPM2
CTNNB1,APC
CTNNB1,CDH11
CTNNB1,CDH2
CTNNB1,CDK6
CTNNB1,FER
CTNNB1,HIF1A
CTNNB1,KDR
CTNNB1,LEF1
CTNNB1,MITF
CTNNB1,PITX2
CTNNB1,PLK1
CTNNB1,PRKACB
CTNNB1,PTPRM
CTNNB1,PTPRZ1
CTNNB1,RUVBL1
CTNNB1,RUVBL2
CTNNB1,SMAD2
CTNNB1,SOX17
CTNNB1,SRC
CTNNB1,TCF4
CTNNB1,TCF7L1
CTNNB1,TFAP2A
CTNNB1,TGFBR1
CUX1,ACTC1
CUX1,ALCAM
CUX1,ALDOC
CUX1,ALS2CR8
CUX1,ANGPT2
CUX1,APBB2
CUX1,ASB9
CUX1,ASXL1
CUX1,BAMBI
CUX1,BCAT2
CUX1,BTF3
CUX1,C2orf69
CUX1,CA12
CUX1,CADM1
CUX1,CAMK2D
CUX1,CBX3
CUX1,CCNA2
CUX1,CHN1
CUX1,CIRH1A
CUX1,CLDN10
CUX1,CLU
CUX1,CRABP2
CUX1,CREB3L4
CUX1,CTSK
CUX1,CYP1B1
CUX1,DACH1
CUX1,DCAF5
CUX1,DNAJB14
CUX1,DOK6
CUX1,DUSP10
CUX1,E2F3
CUX1,EHMT2
CUX1,ELAVL2
CUX1,ENOPH1
CUX1,EPHA1
CUX1,ESRRG
CUX1,ETS1
CUX1,ETV1
CUX1,FAM46A
CUX1,FASTKD3
CUX1,FAT1
CUX1,FLRT2
CUX1,FOXD3
CUX1,FOXN3
CUX1,FTSJ3
CUX1,GABRB3
CUX1,GATA3
CUX1,GATA4
CUX1,HDAC9
CUX1,HOXB3
CUX1,HOXB4
CUX1,HOXB7
CUX1,HS3ST1
CUX1,ID3
CUX1,IFT80
CUX1,IL13RA1
CUX1,JAKMIP2
CUX1,KIAA1324L
CUX1,KLF5
CUX1,KLHL4
CUX1,LAMB1
CUX1,LRP12
CUX1,MAFG
CUX1,MCM5
CUX1,MEIS1
CUX1,MEX3C
CUX1,MORC4
CUX1,NAP1L3
CUX1,NAT10
CUX1,NFIA
CUX1,NFIB
CUX1,NFXL1
CUX1,NFYB
CUX1,NHLH2
CUX1,PA2G4
CUX1,PAQR3
CUX1,PDE4D
CUX1,PITX2
CUX1,PLCB1
CUX1,PLCE1
CUX1,PLEKHA6
CUX1,POU2F1
CUX1,PPP3CA
CUX1,PPT2
CUX1,PRKACB
CUX1,PRMT6
CUX1,PTMA
CUX1,RBM24
CUX1,RBMS3
CUX1,RGS5
CUX1,RNF170
CUX1,RXRG
CUX1,SAAL1
CUX1,SAP18
CUX1,SATB1
CUX1,SDCCAG8
CUX1,SEMA5A
CUX1,SERPINE2
CUX1,SHOX2
CUX1,SLITRK2
CUX1,SMAD6
CUX1,SMG6
CUX1,SULF2
CUX1,SUPT7L
CUX1,SVIL
CUX1,SYNE2
CUX1,SYT1
CUX1,TAOK3
CUX1,TATDN1
CUX1,TCF4
CUX1,TEAD1
CUX1,TFAP2A
CUX1,TLE3
CUX1,TMEM57
CUX1,TOP2A
CUX1,TRPS1
CUX1,TTN
CUX1,WDR12
CUX1,ZCCHC11
CUX1,ZFHX3
CUX1,ZKSCAN1
DAB2,MIB1
DAB2,SMAD2
DAB2,SRC
DAB2,TGFBR1
DAXX,AR
DAXX,ATRX
DAXX,CALCOCO2
DAXX,DNMT1
DAXX,ESRRG
DAXX,ETS1
DAXX,STAT3
DAXX,TGFB1
DAXX,TGFBR1
DAXX,TP53
DDX54,NR3C1
DDX54,PGR
DEK,TFAP2A
DMBX1,OTX2
DNAJC2,HSPA14
DNMT1,DAXX
DNMT1,DNMT3A
DNMT1,DNMT3B
DNMT1,EZH2
DNMT1,PCNA
DNMT1,TRIM27
DNMT3A,DNMT1
DNMT3A,DNMT3B
DNMT3A,EZH2
DNMT3A,ZNF238
E2F3,ACBD6
E2F3,AIF1L
E2F3,APBB2
E2F3,BTBD10
E2F3,C20orf112
E2F3,CA2
E2F3,CBFA2T2
E2F3,CBX3
E2F3,CCNE2
E2F3,CDCA7
E2F3,CDH2
E2F3,CIRH1A
E2F3,CNBP
E2F3,CSDE1
E2F3,CSRP2
E2F3,CTNNB1
E2F3,DAXX
E2F3,DEK
E2F3,DNAJB14
E2F3,DNAJC11
E2F3,DNMT1
E2F3,DTL
E2F3,DUSP4
E2F3,EDEM3
E2F3,ERBB2IP
E2F3,ETS1
E2F3,FAM208A
E2F3,FAM64A
E2F3,FUS
E2F3,GAD1
E2F3,GALNT11
E2F3,HCFC1
E2F3,HMGA1
E2F3,HNRNPD
E2F3,HOXB7
E2F3,IPO4
E2F3,KDM6A
E2F3,MCM10
E2F3,MCM3
E2F3,MCM4
E2F3,MCM5
E2F3,MCM6
E2F3,MCM7
E2F3,MORC4
E2F3,MYBL2
E2F3,MYCN
E2F3,NOG
E2F3,NXT2
E2F3,OTX2
E2F3,PCDH7
E2F3,PCNA
E2F3,PDGFA
E2F3,PGAP1
E2F3,PHC1
E2F3,PLAU
E2F3,POLR2M
E2F3,PPP3CA
E2F3,PRPS2
E2F3,PTMA
E2F3,PTPRZ1
E2F3,RAD51
E2F3,RAI1
E2F3,RASGRP3
E2F3,RPA2
E2F3,SEMA6D
E2F3,SLC16A2
E2F3,SLC35A3
E2F3,SLC39A14
E2F3,SMG6
E2F3,SORL1
E2F3,SOX3
E2F3,SOX4
E2F3,SPRY2
E2F3,SRSF1
E2F3,SRSF2
E2F3,TCF4
E2F3,TFAP4
E2F3,TFDP1
E2F3,TGFBR1
E2F3,TLE3
E2F3,TMEM48
E2F3,TRIM37
E2F3,TYRO3
E2F3,UHRF1
E2F3,UNG
E2F3,USP44
E2F3,WNT5A
E2F3,XRCC6
E2F3,ZEB1
E2F3,ZNF516
E2F4,ABCA1
E2F4,ACBD6
E2F4,AIF1L
E2F4,APBB2
E2F4,ARID3A
E2F4,BCL11A
E2F4,BTBD10
E2F4,C20orf112
E2F4,CA2
E2F4,CBFA2T2
E2F4,CBX3
E2F4,CCNA2
E2F4,CDC6
E2F4,CDCA7
E2F4,CDH2
E2F4,CIRH1A
E2F4,CNBP
E2F4,COL4A1
E2F4,COL4A2
E2F4,CSDE1
E2F4,CSRP2
E2F4,CTNNB1
E2F4,CYP1B1
E2F4,DAXX
E2F4,DBF4
E2F4,DEK
E2F4,DNAJB14
E2F4,DNAJC11
E2F4,DNMT1
E2F4,DTL
E2F4,DUSP4
E2F4,E2F3
E2F4,EDEM3
E2F4,ERBB2IP
E2F4,ETS1
E2F4,F3
E2F4,FAM208A
E2F4,FAM64A
E2F4,FST
E2F4,FUS
E2F4,GAD1
E2F4,GALNT11
E2F4,HMGA1
E2F4,HMGN2
E2F4,HNRNPD
E2F4,HOXB7
E2F4,HTRA1
E2F4,ID3
E2F4,IPO4
E2F4,ITGB3BP
E2F4,KDM6A
E2F4,KIF22
E2F4,MAD2L1
E2F4,MCM3
E2F4,MCM4
E2F4,MCM5
E2F4,MCM6
E2F4,MCM7
E2F4,MORC4
E2F4,MYBL2
E2F4,MYCN
E2F4,NDC80
E2F4,NOG
E2F4,NXT2
E2F4,OTX2
E2F4,PCDH7
E2F4,PCNA
E2F4,PDGFA
E2F4,PGAP1
E2F4,PHC1
E2F4,PIM2
E2F4,PLSCR4
E2F4,POLR2D
E2F4,POLR2F
E2F4,POLR2M
E2F4,PPP3CA
E2F4,PRPS2
E2F4,PTMA
E2F4,PTPRZ1
E2F4,RAD54L
E2F4,RAI1
E2F4,RASGRP3
E2F4,REL
E2F4,RFC3
E2F4,RFC4
E2F4,RPA2
E2F4,SEMA6D
E2F4,SFPQ
E2F4,SLC16A2
E2F4,SLC35A3
E2F4,SLC39A14
E2F4,SMAD2
E2F4,SMG6
E2F4,SORL1
E2F4,SOX3
E2F4,SOX4
E2F4,SPRY2
E2F4,SRSF1
E2F4,SRSF2
E2F4,TCF4
E2F4,TEAD4
E2F4,TFAP4
E2F4,TFDP1
E2F4,TGFBR1
E2F4,TK1
E2F4,TLE3
E2F4,TMEM48
E2F4,TOP2A
E2F4,TP53
E2F4,TRIM37
E2F4,TYRO3
E2F4,UHRF1
E2F4,UNG
E2F4,USP44
E2F4,VHL
E2F4,WEE1
E2F4,WNT5A
E2F4,XRCC6
E2F4,ZEB1
E2F4,ZNF516
E2F7,ACBD6
E2F7,AIF1L
E2F7,APBB2
E2F7,BTBD10
E2F7,C20orf112
E2F7,CA2
E2F7,CBFA2T2
E2F7,CBX3
E2F7,CDC6
E2F7,CDCA7
E2F7,CDH2
E2F7,CIRH1A
E2F7,CNBP
E2F7,CSDE1
E2F7,CSRP2
E2F7,CTNNB1
E2F7,DAXX
E2F7,DEK
E2F7,DNAJB14
E2F7,DNAJC11
E2F7,DNMT1
E2F7,DTL
E2F7,DUSP4
E2F7,E2F3
E2F7,EDEM3
E2F7,ERBB2IP
E2F7,ETS1
E2F7,FAM208A
E2F7,FAM64A
E2F7,FUS
E2F7,GAD1
E2F7,GALNT11
E2F7,HCFC1
E2F7,HMGA1
E2F7,HNRNPD
E2F7,HOXB7
E2F7,IPO4
E2F7,KDM6A
E2F7,MCM10
E2F7,MCM3
E2F7,MCM4
E2F7,MCM5
E2F7,MCM6
E2F7,MCM7
E2F7,MORC4
E2F7,MYBL2
E2F7,MYCN
E2F7,NOG
E2F7,NXT2
E2F7,OTX2
E2F7,PCDH7
E2F7,PCNA
E2F7,PDGFA
E2F7,PGAP1
E2F7,PHC1
E2F7,POLR2M
E2F7,PPP3CA
E2F7,PRPS2
E2F7,PTMA
E2F7,PTPRZ1
E2F7,RAD51
E2F7,RAI1
E2F7,RASGRP3
E2F7,RPA2
E2F7,SEMA6D
E2F7,SLC16A2
E2F7,SLC35A3
E2F7,SLC39A14
E2F7,SMG6
E2F7,SORL1
E2F7,SOX3
E2F7,SOX4
E2F7,SPRY2
E2F7,SRSF1
E2F7,SRSF2
E2F7,TCF4
E2F7,TFAP4
E2F7,TGFBR1
E2F7,TLE3
E2F7,TMEM48
E2F7,TRIM37
E2F7,TYRO3
E2F7,UHRF1
E2F7,UNG
E2F7,USP44
E2F7,WNT5A
E2F7,XRCC6
E2F7,ZEB1
E2F7,ZNF516
EEF1A1,CSRP2
EEF1A1,MLLT3
EEF1A1,RFC5
EEF1A1,RPA2
EEF1A1,SMAD2
EEF1A1,XPO5
EEF1A1,ZNF24
EGR1,ACAD8
EGR1,ACBD6
EGR1,ADAMTS3
EGR1,ADSS
EGR1,AFF4
EGR1,ALDH18A1
EGR1,ALG6
EGR1,ANKMY2
EGR1,ANKRD1
EGR1,ANKRD26
EGR1,ANKRD28
EGR1,ANKRD50
EGR1,ANXA3
EGR1,APBB1
EGR1,ARFGAP3
EGR1,ARHGAP29
EGR1,ARID3B
EGR1,ARID4B
EGR1,ARRB1
EGR1,ATP11B
EGR1,BCAR3
EGR1,BHLHE40
EGR1,BRWD1
EGR1,BTG2
EGR1,C12orf23
EGR1,C18orf21
EGR1,C20orf112
EGR1,CAD
EGR1,CALCOCO2
EGR1,CASD1
EGR1,CBFA2T2
EGR1,CBX3
EGR1,CCDC112
EGR1,CCDC82
EGR1,CCKBR
EGR1,CD9
EGR1,CDK6
EGR1,CHAF1A
EGR1,CLCN3
EGR1,CNBP
EGR1,COL1A1
EGR1,COL4A2
EGR1,CRABP2
EGR1,CREB3L2
EGR1,CTBP1
EGR1,CTNNB1
EGR1,CUL1
EGR1,CUX1
EGR1,DBF4
EGR1,DCAF6
EGR1,DDAH1
EGR1,DENND1A
EGR1,DLGAP5
EGR1,DNAJC11
EGR1,DNAJC16
EGR1,DNAJC2
EGR1,DNMT3B
EGR1,DOK4
EGR1,DPY19L1
EGR1,DSCAM
EGR1,DSE
EGR1,DUSP4
EGR1,DYNC2LI1
EGR1,E2F3
EGR1,EARS2
EGR1,ECI2
EGR1,EEF1A1
EGR1,EHMT2
EGR1,ELOVL2
EGR1,ENO1
EGR1,ENOPH1
EGR1,ERBB2IP
EGR1,ERRFI1
EGR1,ESPL1
EGR1,ETV3
EGR1,ETV4
EGR1,EZH2
EGR1,FAM115A
EGR1,FAM162A
EGR1,FAM46A
EGR1,FAM64A
EGR1,FAM69A
EGR1,FASTKD3
EGR1,FOXH1
EGR1,FOXK1
EGR1,FRMD6
EGR1,FST
EGR1,FUS
EGR1,FYTTD1
EGR1,FZD5
EGR1,FZD7
EGR1,GABRB3
EGR1,GALNT11
EGR1,GGCT
EGR1,GRHL1
EGR1,GXYLT1
EGR1,HCFC1
EGR1,HECA
EGR1,HMGA1
EGR1,HMGN2
EGR1,HNRNPAB
EGR1,HNRNPD
EGR1,HOMER1
EGR1,HOXB3
EGR1,HOXB4
EGR1,HPRT1
EGR1,IL13RA1
EGR1,ILF3
EGR1,IMPAD1
EGR1,INSIG2
EGR1,ITGB3BP
EGR1,JMJD1C
EGR1,JUND
EGR1,KAT7
EGR1,KDELR3
EGR1,KIAA1324L
EGR1,KIAA1841
EGR1,KIF13B
EGR1,KIF15
EGR1,KIF22
EGR1,KIF2C
EGR1,KLF6
EGR1,KRCC1
EGR1,LAP3
EGR1,LCMT1
EGR1,LEF1
EGR1,LEPRE1
EGR1,LIFR
EGR1,LMO3
EGR1,MAFF
EGR1,MAK16
EGR1,MALT1
EGR1,MAN1A1
EGR1,MAN2A1
EGR1,MEF2D
EGR1,MEIS1
EGR1,METAP1
EGR1,MFN2
EGR1,MIA3
EGR1,MIB1
EGR1,MICU1
EGR1,MLF1IP
EGR1,MLL3
EGR1,MND1
EGR1,MPHOSPH6
EGR1,NAV2
EGR1,NDUFC2-KCTD14
EGR1,NEDD4
EGR1,NFXL1
EGR1,NFYB
EGR1,NIPSNAP1
EGR1,NOG
EGR1,NOL11
EGR1,NR3C1
EGR1,NRIP1
EGR1,NT5DC3
EGR1,NUCB2
EGR1,NUMB
EGR1,NUP35
EGR1,PAK1
EGR1,PARP1
EGR1,PCK2
EGR1,PDCD11
EGR1,PDGFA
EGR1,PGM2
EGR1,PIP4K2A
EGR1,PITX2
EGR1,PJA2
EGR1,PLAGL1
EGR1,PLAGL2
EGR1,PNPLA8
EGR1,PNRC1
EGR1,PODXL
EGR1,POLA1
EGR1,POLR2H
EGR1,POLR3G
EGR1,POU3F1
EGR1,PPARA
EGR1,PPARGC1B
EGR1,PPAT
EGR1,PPP3CA
EGR1,PPT2
EGR1,PRICKLE1
EGR1,PRIM1
EGR1,PSIP1
EGR1,PSMC3IP
EGR1,PTDSS1
EGR1,PTGR1
EGR1,PTMA
EGR1,PURA
EGR1,PUS7
EGR1,RAB31
EGR1,RABGAP1L
EGR1,RAI14
EGR1,RARG
EGR1,RBFOX2
EGR1,REL
EGR1,REV3L
EGR1,RFESD
EGR1,RFXANK
EGR1,RNF19A
EGR1,RUNX1
EGR1,RUVBL1
EGR1,SAMD8
EGR1,SATB2
EGR1,SEMA5A
EGR1,SERPINB1
EGR1,SF1
EGR1,SFPQ
EGR1,SH2B3
EGR1,SH3BP5
EGR1,SHISA6
EGR1,SHOX2
EGR1,SIRT1
EGR1,SKIL
EGR1,SLC2A1
EGR1,SLC36A4
EGR1,SLC39A8
EGR1,SLC7A8
EGR1,SMARCD3
EGR1,SMYD5
EGR1,SNAI1
EGR1,SNX18
EGR1,SOS2
EGR1,SOX2
EGR1,SPIB
EGR1,SPRED2
EGR1,SPRY2
EGR1,SRGAP1
EGR1,SRSF1
EGR1,SRSF6
EGR1,SSFA2
EGR1,SSX2IP
EGR1,STIM2
EGR1,TFAP4
EGR1,TFE3
EGR1,TGFB1
EGR1,TGFBR1
EGR1,THYN1
EGR1,TIMM21
EGR1,TIMM8A
EGR1,TIMP3
EGR1,TJP2
EGR1,TMEM131
EGR1,TMEM50B
EGR1,TMEM87B
EGR1,TRAPPC8
EGR1,TRERF1
EGR1,TRIB1
EGR1,TRIM27
EGR1,TRIM33
EGR1,TRIM35
EGR1,TRIM37
EGR1,U2AF1
EGR1,UBL3
EGR1,UBTF
EGR1,UCHL3
EGR1,UPF1
EGR1,URB2
EGR1,USP1
EGR1,VAMP7
EGR1,VHL
EGR1,VPS13C
EGR1,WDHD1
EGR1,WNT5A
EGR1,XPO5
EGR1,XRCC6
EGR1,YAF2
EGR1,YBX1
EGR1,YTHDF3
EGR1,ZCCHC11
EGR1,ZCCHC24
EGR1,ZDHHC2
EGR1,ZFP62
EGR1,ZFP90
EGR1,ZNF160
EGR1,ZNF238
EGR1,ZNF280B
EGR1,ZNF3
EGR1,ZNF398
EGR1,ZNF691
EGR1,ZNF764
EGR1,ZSWIM6
EHMT2,CUX1
EHMT2,HIST1H1B
EHMT2,KLF6
EHMT2,LMO2
ELK3,CTBP1
ESRRG,DAXX
ESRRG,NRIP1
ESRRG,PNRC1
ESRRG,PPARGC1B
ETS1,CCND1
ETS1,CIITA
ETS1,DAXX
ETS1,ETV4
ETS1,GATA3
ETS1,ITGA4
ETS1,ITGA5
ETS1,KDR
ETS1,MEIS1
ETS1,MME
ETS1,MMP2
ETS1,NR3C1
ETS1,NRP1
ETS1,RUNX1
ETS1,SP100
ETS1,SPP1
ETS1,SRC
ETS1,TCN2
ETS1,TDP2
ETS1,TLR4
ETV4,FLI1
ETV4,SPP1
EWSR1,ACTL6A
EWSR1,FLI1
EWSR1,HMGA1
EWSR1,KHDRBS2
EWSR1,POLR2G
EWSR1,POU5F1
EWSR1,SALL2
EWSR1,SF1
EWSR1,TRIM37
EWSR1,WWP1
EWSR1,ZNF165
EZH2,ATRX
EZH2,DNMT1
EZH2,DNMT3A
EZH2,DNMT3B
FLI1,CCND1
FLI1,COL1A1
FLI1,EWSR1
FLI1,MMP2
FLI1,POLR2G
FLI1,SF1
FLI1,TDP2
FLI1,TNC
FOXD3,ANKRD28
FOXD3,BHLHB9
FOXD3,CCDC81
FOXD3,CLCN3
FOXD3,COL4A1
FOXD3,CTNNB1
FOXD3,EIF2C4
FOXD3,ERRFI1
FOXD3,FAM208A
FOXD3,FOXN3
FOXD3,GPM6B
FOXD3,HAND2
FOXD3,MEIS1
FOXD3,MXI1
FOXD3,NEDD4
FOXD3,NFIB
FOXD3,NREP
FOXD3,OTX2
FOXD3,POU5F1
FOXD3,RPE
FOXD3,RSPO3
FOXD3,RXRG
FOXD3,SATB1
FOXD3,SCG3
FOXD3,SEMA6A
FOXD3,TBX3
FOXD3,TCF4
FOXD3,TTN
FOXD3,YTHDF3
FOXD3,ZEB2
FOXD3,ZFHX3
FOXD3,ZNF521
FOXH1,SMAD2
FOXJ2,ANKRD1
FOXJ2,APLNR
FOXJ2,ATRNL1
FOXJ2,CALCOCO1
FOXJ2,CITED2
FOXJ2,CLDN10
FOXJ2,CNBP
FOXJ2,CTNNB1
FOXJ2,DDAH1
FOXJ2,ENOPH1
FOXJ2,ESRRG
FOXJ2,ETV1
FOXJ2,FAM120AOS
FOXJ2,FLI1
FOXJ2,FOXP1
FOXJ2,GPM6B
FOXJ2,HELZ
FOXJ2,HESX1
FOXJ2,ITGB3BP
FOXJ2,KIAA1324L
FOXJ2,MAP4K3
FOXJ2,MAPKAPK3
FOXJ2,MXI1
FOXJ2,NFIA
FOXJ2,NUMB
FOXJ2,PCDH10
FOXJ2,PDCD4
FOXJ2,PITX2
FOXJ2,PLCE1
FOXJ2,PPP3CA
FOXJ2,PRDM1
FOXJ2,RORB
FOXJ2,RUNX1
FOXJ2,SALL3
FOXJ2,SATB1
FOXJ2,SEMA3A
FOXJ2,SEMA6D
FOXJ2,SLC39A8
FOXJ2,SUPT7L
FOXJ2,TCF4
FOXJ2,TRIM2
FOXJ2,TRIM27
FOXJ2,TRPS1
FOXJ2,VEZT
FOXJ2,WWP1
FOXJ2,ZEB2
FOXJ2,ZFHX3
FOXP1,CTBP1
FUBP1,TLE1
FUBP1,VIM
FUS,ILF3
FUS,POLR2A
FUS,SF1
FUS,SFPQ
FUS,SRSF10
FUS,SRSF2
FUS,YBX1
FXR1,PRSS23
GATA2,ALDH18A1
GATA2,ANKRD1
GATA2,ATG4C
GATA2,B4GALT4
GATA2,CCNG2
GATA2,CDK6
GATA2,CNKSR3
GATA2,CREB3L4
GATA2,DNMT3A
GATA2,ENO1
GATA2,ESRRG
GATA2,ETV1
GATA2,ETV3
GATA2,ISCA1
GATA2,LAMB1
GATA2,LRIG3
GATA2,NREP
GATA2,NUMB
GATA2,NXT2
GATA2,OIP5
GATA2,PLS1
GATA2,PSIP1
GATA2,PSMD9
GATA2,PTMA
GATA2,RABGAP1L
GATA2,RAI14
GATA2,RBBP4
GATA2,RBFOX2
GATA2,RIOK1
GATA2,SFPQ
GATA2,SH2B3
GATA2,SLC2A1
GATA2,SMAD5
GATA2,SOX2
GATA2,SPRY2
GATA2,ST3GAL6
GATA2,STAT3
GATA2,TGFBR3
GATA2,TP53
GATA2,TRIM35
GATA2,UCHL3
GATA2,ZFC3H1
GATA2,ZNF219
GATA3,ALDH18A1
GATA3,ANKRD1
GATA3,B4GALT4
GATA3,CCNG2
GATA3,CDK6
GATA3,CREB3L4
GATA3,DNMT3A
GATA3,ENO1
GATA3,ESRRG
GATA3,ETS1
GATA3,ETV1
GATA3,ETV3
GATA3,FER
GATA3,GATA2
GATA3,HOXB2
GATA3,LAMB1
GATA3,LMO2
GATA3,LRIG3
GATA3,NOP16
GATA3,NREP
GATA3,NXT2
GATA3,POU2F1
GATA3,PSIP1
GATA3,RAI14
GATA3,RIOK1
GATA3,SATB1
GATA3,SFPQ
GATA3,SH2B3
GATA3,SMAD5
GATA3,SOX2
GATA3,SPRED2
GATA3,SPRY2
GATA3,ST3GAL6
GATA3,STAT2
GATA3,TP53
GATA3,UCHL3
GATA3,ZFPM2
GATA3,ZNF219
GATA4,HAND2
GATA4,ZFPM2
GSC,SMAD2
HAND1,HAND2
HAND2,HAND1
HAND2,NPM1
HCFC1,PDCD2
HCFC1,PPARGC1B
HCFC1,PSIP1
HCFC1,SETD7
HDAC9,CTBP1
HIF1A,BHLHE40
HIF1A,CITED2
HIF1A,CTNNB1
HIF1A,ERRFI1
HIF1A,F3
HIF1A,HIF3A
HIF1A,HOOK1
HIF1A,KDR
HIF1A,PFKFB2
HIF1A,PLSCR4
HIF1A,TGFB1
HIF1A,TP53
HIF3A,EGLN1
HIF3A,VHL
HIST1H1B,EHMT2
HIST1H1B,SIRT1
HMGA1,EWSR1
HMGA1,IRF1
HMGA1,POU3F1
HMGA1,PRMT6
HMGA1,RARG
HNRNPD,CSDE1
HNRNPD,YBX1
HNRNPK,KHDRBS2
HNRNPK,MAPK10
HNRNPK,RBMX
HNRNPK,SRC
HNRNPK,SRSF3
HNRNPK,YBX1
HOXB2,OTX2
HOXB3,OTX2
HOXB4,MEIS1
HOXB6,HOXB7
HOXB7,HOXB6
HOXB7,NFKBIA
ID1,CASK
ID1,IFI16
ID1,TCF4
ID3,IFI16
ID3,TCF4
IFI16,AR
IFI16,ID1
IFI16,ID3
ILF3,FUS
ILF3,TRIP6
ILF3,XPO5
IRF1,ACTC1
IRF1,AFF1
IRF1,AR
IRF1,ASB9
IRF1,BCL11A
IRF1,BHLHB9
IRF1,COL3A1
IRF1,COL4A1
IRF1,COL4A6
IRF1,DUSP10
IRF1,E2F3
IRF1,ESRRG
IRF1,ETV4
IRF1,F3
IRF1,FAM46A
IRF1,FLRT2
IRF1,GRHL1
IRF1,HLX
IRF1,HMGA1
IRF1,HOXB6
IRF1,IFI16
IRF1,KIF13B
IRF1,LDB2
IRF1,LGR4
IRF1,MLLT6
IRF1,OTX2
IRF1,PCDH7
IRF1,PRKACB
IRF1,RHOBTB3
IRF1,RORB
IRF1,SMAD6
IRF1,SMARCD3
IRF1,SP110
IRF1,SPPL2A
IRF1,SPRED2
IRF1,STK3
IRF1,TCF4
IRF1,TDRD7
IRF1,TLE3
IRF1,TRIAP1
IRF1,ZCCHC24
IRF1,ZFHX3
ISL1,LHX1
ISL1,LMO2
JMJD1C,AR
JUND,ANKRD28
JUND,ANXA3
JUND,APBB2
JUND,ASB9
JUND,BHLHE40
JUND,C20orf112
JUND,CAPN2
JUND,COL5A1
JUND,CRABP2
JUND,DUSP4
JUND,EEF1A1
JUND,ELL2
JUND,EWSR1
JUND,FAM46A
JUND,FLI1
JUND,GATA4
JUND,GPR108
JUND,GRPR
JUND,HELZ
JUND,ITGA5
JUND,KAT7
JUND,KLF5
JUND,MAFG
JUND,MALT1
JUND,MAPK10
JUND,NR0B1
JUND,NUAK1
JUND,OSBPL10
JUND,PAWR
JUND,PCDH10
JUND,PCDH17
JUND,PIM2
JUND,POLR2H
JUND,PPP1R9A
JUND,RABGAP1L
JUND,RARG
JUND,RPP40
JUND,SAMD3
JUND,SEMA5A
JUND,SMG6
JUND,SOS2
JUND,STK3
JUND,STX17
JUND,TCOF1
JUND,TPD52L2
JUND,TRIB1
JUND,TRIM33
JUND,TUBA4A
JUND,ZDHHC2
KAT6A,RUNX1
KAT7,AR
KAT7,CALCOCO2
KAT7,MCM2
KAT7,POLB
KAT7,VIM
KAT7,ZNF165
KHDRBS2,EWSR1
KHDRBS2,HNRNPK
KHDRBS2,RBMX
KHSRP,EXOSC3
KHSRP,PARN
KLF6,EHMT2
KLF6,TP53
LEF1,ALYREF
LEF1,CTBP1
LEF1,NCAM1
LEF1,PITX2
LEF1,RUVBL1
LEF1,SMAD2
LEF1,SOX17
LEF1,SPP1
LEF1,TCF7L1
LEF1,TLE1
LEF1,UBTF
LEF1,VIM
LHX1,ISL1
LMO2,BCAS2
LMO2,BCL11A
LMO2,BEND3
LMO2,BEX2
LMO2,CCDC141
LMO2,CCDC82
LMO2,CCNG2
LMO2,CDK6
LMO2,CHD9
LMO2,CLU
LMO2,CYP26A1
LMO2,DNMT3A
LMO2,EHMT2
LMO2,ELMO1
LMO2,EPHA2
LMO2,EPHA4
LMO2,GATA2
LMO2,GATA3
LMO2,ISL1
LMO2,LIFR
LMO2,LRAT
LMO2,LTA4H
LMO2,MAML3
LMO2,MAPRE2
LMO2,MED16
LMO2,MSANTD3-TMEFF1
LMO2,NEDD4
LMO2,NONO
LMO2,NRP2
LMO2,PDGFA
LMO2,PGR
LMO2,PLAGL2
LMO2,PRDM1
LMO2,RAB31
LMO2,RBBP8
LMO2,RBM47
LMO2,RUNX1
LMO2,SETBP1
LMO2,SH2B3
LMO2,SLC39A7
LMO2,SMAD2
LMO2,SMAD5
LMO2,SMAD6
LMO2,SOX3
LMO2,STK3
LMO2,TGFB1
LMO2,TNFRSF21
LMO2,TP53
LMO2,TRIM33
LMO2,ZCCHC24
LMO2,ZFP36L2
LMO3,ALS2CR8
LMO3,MBIP
LMO3,NHLH2
LZTS1,CDC25C
MAFG,VIM
MAML3,RBPJ
MCM2,CCNB2
MCM2,CDC6
MCM2,CDC7
MCM2,CDK6
MCM2,DBF4
MCM2,KAT7
MCM2,MCM10
MCM2,MCM3
MCM2,MCM4
MCM2,MCM5
MCM2,MCM6
MCM2,MCM7
MCM2,PLK1
MCM2,RPA2
MCM3,CDC6
MCM3,CDC7
MCM3,DBF4
MCM3,MCM10
MCM3,MCM2
MCM3,MCM4
MCM3,MCM5
MCM3,MCM6
MCM3,MCM7
MCM3,PLK1
MCM3,POLR2A
MCM3,SUPT16H
MCM4,CDC7
MCM4,DBF4
MCM4,MCM2
MCM4,MCM3
MCM4,MCM6
MCM4,MCM7
MCM4,SUPT16H
MCM5,CDC7
MCM5,DBF4
MCM5,MCM2
MCM5,MCM3
MCM5,MCM7
MCM5,NFKBIA
MCM5,RPA2
MCM6,CDC7
MCM6,DBF4
MCM6,MCM10
MCM6,MCM2
MCM6,MCM3
MCM6,MCM4
MCM6,MCM7
MCM6,MLLT3
MCM7,CDC6
MCM7,CDC7
MCM7,DBF4
MCM7,MBIP
MCM7,MCM10
MCM7,MCM2
MCM7,MCM3
MCM7,MCM4
MCM7,MCM5
MCM7,MCM6
MCM7,NFKBIA
MCM7,PLK1
MDM4,CHEK2
MECOM,CTBP1
MECOM,MAPK10
MED14,AR
MED14,NR3C1
MED14,STAT2
MEIS1,ASXL1
MEIS1,ATF6
MEIS1,C20orf112
MEIS1,CA12
MEIS1,CALB1
MEIS1,CIRH1A
MEIS1,COPS3
MEIS1,CRHBP
MEIS1,CRIM1
MEIS1,CUX1
MEIS1,DACH1
MEIS1,DCAF5
MEIS1,ECI2
MEIS1,ERBB4
MEIS1,ESRP1
MEIS1,ETS1
MEIS1,FBN1
MEIS1,FBXO5
MEIS1,FLI1
MEIS1,FOXN3
MEIS1,FOXP1
MEIS1,FREM1
MEIS1,GSC
MEIS1,HAND1
MEIS1,HMGN2
MEIS1,HOMER1
MEIS1,HOXB4
MEIS1,IFRD2
MEIS1,ITGA5
MEIS1,LDOC1L
MEIS1,LIN28A
MEIS1,LMO3
MEIS1,MAPKAPK3
MEIS1,MEIS2
MEIS1,NHLH2
MEIS1,NRP2
MEIS1,PBX1
MEIS1,PCDH10
MEIS1,PIM2
MEIS1,PITX2
MEIS1,PLCB1
MEIS1,PLXNA2
MEIS1,PSMC3IP
MEIS1,RPE
MEIS1,SATB1
MEIS1,SH2B3
MEIS1,SIX6
MEIS1,SMARCC1
MEIS1,SMARCD1
MEIS1,SOX2
MEIS1,SOX4
MEIS1,STK3
MEIS1,STT3B
MEIS1,TCF4
MEIS1,TEAD4
MEIS1,TIAM1
MEIS1,UCHL3
MEIS1,UTP15
MEIS1,ZEB2
MEIS1,ZFHX3
MIF,APBB1
MIF,ARL4A
MIF,BCAR3
MIF,BMP2
MIF,CBFA2T2
MIF,CDK6
MIF,CEBPZ
MIF,E2F3
MIF,HECA
MIF,ID1
MIF,ITGA4
MIF,LIPG
MIF,OTUD6B
MIF,PHB2
MIF,PLCB4
MIF,POLR3G
MIF,PSMC3IP
MIF,RAVER2
MIF,RXRG
MIF,SALL2
MIF,SATB1
MIF,SDCCAG8
MIF,SEPP1
MIF,SSX2IP
MIF,TAOK3
MIF,TIMP3
MIF,UPF2
MITF,CTNNB1
MITF,LEF1
MITF,OTX2
MITF,PATZ1
MITF,TFE3
MLLT3,AFF1
MLLT3,EEF1A1
MLLT3,MCM6
MSX1,AES
MSX1,POU2F1
MSX1,TLE1
MSX1,TP53
MXI1,ABCA1
MXI1,ACTL6A
MXI1,AGL
MXI1,AGPAT5
MXI1,AK4
MXI1,AKAP1
MXI1,ALDOC
MXI1,ALG6
MXI1,AMN1
MXI1,ANKRD28
MXI1,APEX1
MXI1,ARID3A
MXI1,ARL4A
MXI1,ASXL1
MXI1,ATF6
MXI1,BEND3
MXI1,BHLHE40
MXI1,BNIP3
MXI1,BOD1
MXI1,BRWD1
MXI1,BUB1B
MXI1,C12orf23
MXI1,C20orf112
MXI1,CAD
MXI1,CAPN2
MXI1,CBR1
MXI1,CCND1
MXI1,CCNE2
MXI1,CDC7
MXI1,CDCA7
MXI1,CDK6
MXI1,CEP85L
MXI1,CHAF1A
MXI1,CHD9
MXI1,CIRH1A
MXI1,CITED2
MXI1,CLCN4
MXI1,COMMD10
MXI1,COMMD3
MXI1,COMMD3-BMI1
MXI1,COX10
MXI1,CPSF3
MXI1,CRABP2
MXI1,CSDE1
MXI1,CUX1
MXI1,DDX54
MXI1,DLC1
MXI1,DNA2
MXI1,DNAAF2
MXI1,DNAJB14
MXI1,DNAJC2
MXI1,DPH2
MXI1,E2F3
MXI1,EDEM3
MXI1,EEF1A1
MXI1,EHMT2
MXI1,EIF5A2
MXI1,ENC1
MXI1,ENO1
MXI1,ENOPH1
MXI1,ETV1
MXI1,ETV4
MXI1,EWSR1
MXI1,EZH2
MXI1,FARSB
MXI1,FOXH1
MXI1,FOXK1
MXI1,GALNT7
MXI1,GATA2
MXI1,GEMIN4
MXI1,GLRX
MXI1,GPR108
MXI1,GPR125
MXI1,GPSM2
MXI1,GTF3C4
MXI1,GYPB
MXI1,HEATR1
MXI1,HIAT1
MXI1,HIF1A
MXI1,HIF3A
MXI1,HMGA1
MXI1,HOXB3
MXI1,HOXB4
MXI1,HOXB7
MXI1,HPS5
MXI1,HRSP12
MXI1,IFRD2
MXI1,IFT81
MXI1,ILF3
MXI1,IMP4
MXI1,IPO4
MXI1,JUND
MXI1,KAT6A
MXI1,KHSRP
MXI1,KIAA1804
MXI1,KLHL28
MXI1,LAP3
MXI1,LCMT1
MXI1,LEF1
MXI1,LIMD1
MXI1,LRIG3
MXI1,LYAR
MXI1,MAP7
MXI1,MAPKAPK3
MXI1,MAPRE2
MXI1,MBTD1
MXI1,MCCC1
MXI1,MCM7
MXI1,MEF2D
MXI1,MIF
MXI1,MLF1IP
MXI1,MOB3B
MXI1,MPHOSPH6
MXI1,MXD4
MXI1,MYBBP1A
MXI1,NAA15
MXI1,NAA25
MXI1,NAT10
MXI1,NCOA6
MXI1,NFIB
MXI1,NFIC
MXI1,NIPSNAP1
MXI1,NOL11
MXI1,NOP2
MXI1,NPM1
MXI1,NR2C1
MXI1,ODC1
MXI1,OSBPL10
MXI1,PAK1IP1
MXI1,PARN
MXI1,PATZ1
MXI1,PAWR
MXI1,PDE3B
MXI1,PGAP2
MXI1,PGM2
MXI1,PLAGL1
MXI1,PLK1
MXI1,POLA1
MXI1,POLR1B
MXI1,POLR2D
MXI1,POLR2F
MXI1,POLR2H
MXI1,POLR3G
MXI1,POU3F1
MXI1,PPARGC1B
MXI1,PPAT
MXI1,PRTG
MXI1,PTDSS1
MXI1,PTMA
MXI1,PURA
MXI1,RABEPK
MXI1,RAD54L
MXI1,RAI14
MXI1,RCHY1
MXI1,RFC4
MXI1,RFESD
MXI1,RHOBTB3
MXI1,RIOK1
MXI1,RNF138
MXI1,RPF2
MXI1,RPP40
MXI1,RUNX1
MXI1,S100A10
MXI1,SART3
MXI1,SATB2
MXI1,SERHL2
MXI1,SETD7
MXI1,SH2B3
MXI1,SLC29A1
MXI1,SLC39A14
MXI1,SLC39A7
MXI1,SLC39A8
MXI1,SLC43A3
MXI1,SLC5A6
MXI1,SLC6A15
MXI1,SLC7A5
MXI1,SLC7A8
MXI1,SMAD2
MXI1,SMARCD1
MXI1,SMARCD3
MXI1,SMG6
MXI1,SMYD2
MXI1,SNAI1
MXI1,SNAI2
MXI1,SNAPC4
MXI1,SORD
MXI1,SPG20
MXI1,SRC
MXI1,SRSF2
MXI1,SRSF6
MXI1,SSX2IP
MXI1,STAT3
MXI1,STT3B
MXI1,TATDN1
MXI1,TBX3
MXI1,TCOF1
MXI1,TEAD4
MXI1,TFAP4
MXI1,TFB2M
MXI1,TFDP1
MXI1,THY1
MXI1,TIMM8A
MXI1,TLE3
MXI1,TMEM126B
MXI1,TMF1
MXI1,TP53INP1
MXI1,TPD52L2
MXI1,TRIB1
MXI1,TRIM25
MXI1,TRIP13
MXI1,TRIP6
MXI1,TUBA4A
MXI1,TXLNG
MXI1,UHRF1
MXI1,UNG
MXI1,UPF2
MXI1,URB2
MXI1,UTP14A
MXI1,UTP18
MXI1,WDFY1
MXI1,WDR3
MXI1,WDR35
MXI1,WDR75
MXI1,WEE1
MXI1,YAF2
MXI1,YBX1
MXI1,ZFP36L2
MXI1,ZFP62
MXI1,ZNF146
MXI1,ZNF202
MXI1,ZNF239
MXI1,ZNF24
MXI1,ZNF317
MXI1,ZNF587
MXI1,ZNF589
MXI1,ZNF8
MYBBP1A,AR
MYBBP1A,PCNA
MYBL2,CCNA2
MYBL2,PARP1
MYCN,YAF2
NAA15,XRCC5
NAA15,XRCC6
NCOA6,NR3C1
NCOA6,PARP1
NCOA6,RBM14
NCOA6,RORB
NCOA6,RXRG
NCOA6,SMAD2
NCOA6,XRCC5
NCOA6,XRCC6
NFAT5,PPP3CA
NFAT5,TBC1D4
NFATC1,ANKMY2
NFATC1,ANKRD28
NFATC1,C5orf62
NFATC1,CDH11
NFATC1,ETV1
NFATC1,HOXB6
NFATC1,LIFR
NFATC1,PPP3CA
NFATC1,SATB1
NFATC1,VIM
NFATC3,ANKMY2
NFATC3,ANKRD28
NFATC3,C5orf62
NFATC3,CDH11
NFATC3,ETV1
NFATC3,HOXB6
NFATC3,LIFR
NFATC3,PPP3CA
NFATC3,SATB1
NFATC3,VIM
NFIA,NR3C1
NFIA,TP53
NFIB,NFIC
NFIC,AHNAK
NFIC,ALG6
NFIC,ANKRD28
NFIC,BCL11A
NFIC,CCNE2
NFIC,COL3A1
NFIC,DTL
NFIC,E2F3
NFIC,ESRRG
NFIC,ETV4
NFIC,F3
NFIC,FN1
NFIC,FREM1
NFIC,FRMD4B
NFIC,FST
NFIC,GLRX
NFIC,GRHL1
NFIC,GRP
NFIC,HOXB6
NFIC,ITGAV
NFIC,KLF7
NFIC,LGR4
NFIC,MFAP4
NFIC,NFATC3
NFIC,NFIB
NFIC,NOG
NFIC,NR3C1
NFIC,PCK2
NFIC,PPIL1
NFIC,RAD54L
NFIC,REV3L
NFIC,SALL3
NFIC,SETD7
NFIC,SLCO2A1
NFIC,SPIB
NFIC,SYT1
NFIC,TFAP2A
NFIC,TMEM47
NFIC,TP53
NFIC,UBTF
NFKBIA,ARRB1
NFKBIA,CAPN2
NFKBIA,CUL1
NFKBIA,HOXB7
NFKBIA,MAP3K2
NFKBIA,MCM5
NFKBIA,MCM7
NFKBIA,NFKBIB
NFKBIA,REL
NFKBIA,SRC
NFKBIA,TP53
NFKBIB,CUL1
NFKBIB,MCC
NFKBIB,NFKBIA
NFKBIB,PDCD2
NFKBIB,POLR1A
NFKBIB,POLR1B
NFKBIB,POLR1C
NFKBIB,POLR2H
NFKBIB,REL
NFYB,AARS
NFYB,CEBPZ
NFYB,CIITA
NFYB,CNBP
NFYB,DUSP10
NFYB,ELAVL2
NFYB,ELMO1
NFYB,ERRFI1
NFYB,ESPL1
NFYB,HLA-DQB1
NFYB,IRF1
NFYB,ITGA4
NFYB,KLHL4
NFYB,LIX1
NFYB,LMO2
NFYB,LRRC16A
NFYB,MAPKAPK3
NFYB,NAGA
NFYB,NIF3L1
NFYB,PA2G4
NFYB,PRCP
NFYB,RBM14
NFYB,SLC7A8
NFYB,SMAD2
NFYB,TCF4
NFYB,TIAM1
NFYB,TP53
NFYB,TTK
NFYB,TTN
NFYB,YBX1
NHLH2,LMO3
NKX3-1,CADM1
NKX3-1,FAM69A
NKX3-1,FOXP1
NKX3-1,NIPSNAP3A
NKX3-1,NREP
NKX3-1,OSBPL10
NKX3-1,PIP4K2A
NKX3-1,SATB2
NKX3-1,SEMA5A
NKX3-1,SLC7A8
NKX3-1,SOX2
NKX3-1,TFAP2A
NKX3-1,TRPS1
NKX3-1,ZBTB10
NONO,AR
NONO,CA2
NONO,POLR2A
NONO,SFPQ
NPM1,HAND2
NPM1,NOP2
NPM1,PARP1
NPM1,PLK1
NPM1,TFAP2A
NPM1,TP53
NR0B1,AR
NR0B1,NRIP1
NR2C1,AR
NR2C1,NRIP1
NR3C1,ABLIM1
NR3C1,AR
NR3C1,C20orf112
NR3C1,CASK
NR3C1,CHD9
NR3C1,DCAF6
NR3C1,DDX54
NR3C1,DKK1
NR3C1,E2F4
NR3C1,ELMO1
NR3C1,FOXP1
NR3C1,HIF3A
NR3C1,LIFR
NR3C1,MCM7
NR3C1,MED14
NR3C1,NCOA6
NR3C1,NFKBIB
NR3C1,NRIP1
NR3C1,PBX1
NR3C1,POLDIP3
NR3C1,POLR2A
NR3C1,POU2F1
NR3C1,POU2F2
NR3C1,PSMC3IP
NR3C1,RNF14
NR3C1,SFRP2
NR3C1,SLC7A8
NR3C1,SMAD5
NR3C1,SMARCC1
NR3C1,SMARCD1
NR3C1,SNX18
NR3C1,SOX3
NR3C1,STAT3
NR3C1,STK3
NR3C1,SYT1
NR3C1,TCF4
NR3C1,TGFB1I1
NR3C1,TIMM8A
NR3C1,TRIM28
NRIP1,AR
NRIP1,CTBP1
NRIP1,ESRRG
NRIP1,NR0B1
NRIP1,NR2C1
NRIP1,NR3C1
NRIP1,PPARA
NRIP1,RORB
OTX2,DMBX1
OTX2,MITF
PARN,KHSRP
PARN,MPHOSPH6
PARP1,MYBL2
PARP1,NCOA6
PARP1,NPM1
PARP1,PCNA
PARP1,POLA1
PARP1,POU2F1
PARP1,RBM14
PARP1,TCF4
PARP1,TP53
PARP1,XRCC5
PARP1,XRCC6
PATZ1,ADAMTS3
PATZ1,AKAP2
PATZ1,ARID5B
PATZ1,BCAR3
PATZ1,BCL11B
PATZ1,C20orf112
PATZ1,COLEC12
PATZ1,DACH1
PATZ1,DCAF5
PATZ1,DEK
PATZ1,DSCAM
PATZ1,ETV4
PATZ1,FOXJ2
PATZ1,HNRNPAB
PATZ1,HOXB4
PATZ1,KDM6A
PATZ1,KRCC1
PATZ1,LECT1
PATZ1,LHFP
PATZ1,LIN28A
PATZ1,MAN2A1
PATZ1,MITF
PATZ1,MLL3
PATZ1,MXI1
PATZ1,NAV2
PATZ1,NOG
PATZ1,PHC1
PATZ1,PLCB1
PATZ1,PPT2
PATZ1,RMI1
PATZ1,SETBP1
PATZ1,SLC2A1
PATZ1,SMAD6
PATZ1,SOX17
PATZ1,STT3B
PATZ1,STX6
PATZ1,TCF4
PATZ1,TMEM57
PATZ1,TP53
PATZ1,TRERF1
PATZ1,UBTF
PATZ1,UTP18
PATZ1,YBX1
PATZ1,YPEL5
PATZ1,ZCCHC24
PAWR,RRAS2
PBX1,APBB2
PBX1,BCL11A
PBX1,COL5A2
PBX1,DEPDC1B
PBX1,ESRRG
PBX1,GINS2
PBX1,GPM6B
PBX1,GRPR
PBX1,HAS2
PBX1,HOXB2
PBX1,MEIS1
PBX1,NR3C1
PBX1,NUMB
PBX1,PCDH17
PBX1,PHLDB2
PBX1,POLR1C
PBX1,PRICKLE1
PBX1,PTPRZ1
PBX1,RIOK1
PBX1,RND3
PBX1,RORB
PBX1,SEPHS1
PBX1,SETD7
PBX1,SMARCD3
PBX1,ST8SIA4
PBX1,TATDN1
PBX1,TRPS1
PBX1,VANGL1
PBX1,ZNF516
PER3,CUL1
PGR,BCAS2
PGR,CCNA2
PGR,DDX54
PGR,EGF
PGR,ITGA6
PGR,MAPK10
PGR,PIK3R5
PGR,POU2F1
PGR,SRC
PGR,XRCC6
PHB2,PTMA
PHB2,UPF2
PHF17,VHL
PITX2,CTNNB1
PLAGL1,TP53
PLAGL2,RCHY1
POLR1A,NFKBIB
POLR1A,RRN3
POLR1B,NFKBIB
POLR1B,RRN3
POLR1C,NFKBIB
POLR2A,ACTL6A
POLR2A,CPSF3
POLR2A,FUS
POLR2A,ITCH
POLR2A,MCM3
POLR2A,NONO
POLR2A,POLR2D
POLR2A,POLR2F
POLR2A,POLR2G
POLR2A,POLR2H
POLR2A,TCEA1
POLR2A,UPF1
POLR2A,XRCC5
POLR2D,POLR2A
POLR2D,POLR2G
POLR2D,POLR2H
POLR2D,POLR2K
POLR2F,POLR2A
POLR2F,POLR2G
POLR2G,EWSR1
POLR2G,POLR2A
POLR2G,POLR2D
POLR2G,POLR2F
POLR2G,POLR2H
POLR2G,VHL
POLR2H,NFKBIB
POLR2H,POLR2A
POLR2H,POLR2D
POLR2H,POLR2G
POLR2H,POLR2I
POLR2H,POLR2K
POLR2I,POLR2H
POLR2K,POLR2D
POLR2K,POLR2H
POU2AF1,POU2F1
POU2AF1,POU2F2
POU2F1,AES
POU2F1,ALDOC
POU2F1,APBB1
POU2F1,APC
POU2F1,ARHGAP42
POU2F1,ASB9
POU2F1,ASXL1
POU2F1,BEND3
POU2F1,BMP2
POU2F1,BTF3
POU2F1,BUB1B
POU2F1,CADM1
POU2F1,CBFA2T2
POU2F1,CCKBR
POU2F1,CDC20
POU2F1,CDC6
POU2F1,CDCA2
POU2F1,CHL1
POU2F1,CITED2
POU2F1,COBLL1
POU2F1,COL1A1
POU2F1,CTSK
POU2F1,CYP26A1
POU2F1,DAB2
POU2F1,DAXX
POU2F1,DCAF6
POU2F1,DKK1
POU2F1,DKK3
POU2F1,DLC1
POU2F1,DNMT3A
POU2F1,DPYSL3
POU2F1,DRAM2
POU2F1,DSE
POU2F1,EIF5A2
POU2F1,ELOVL2
POU2F1,ESRRG
POU2F1,ETS1
POU2F1,ETV1
POU2F1,FAM188A
POU2F1,FAM20A
POU2F1,FBXO28
POU2F1,FEZ1
POU2F1,FN1
POU2F1,FOXN3
POU2F1,FOXP1
POU2F1,FREM1
POU2F1,GABRB3
POU2F1,GCNT1
POU2F1,GCNT2
POU2F1,GPC3
POU2F1,GSC
POU2F1,HCFC1
POU2F1,HEG1
POU2F1,HMGA1
POU2F1,HSPA14
POU2F1,ISL1
POU2F1,JUND
POU2F1,KIAA1841
POU2F1,LDB2
POU2F1,LEF1
POU2F1,LEPREL1
POU2F1,LGR4
POU2F1,LIFR
POU2F1,LMO2
POU2F1,LMO3
POU2F1,LRRN1
POU2F1,LTBP1
POU2F1,LUM
POU2F1,MAML3
POU2F1,MECOM
POU2F1,MED16
POU2F1,MEF2D
POU2F1,MEIS1
POU2F1,MEIS2
POU2F1,MITF
POU2F1,MSX1
POU2F1,MTERF
POU2F1,MYCN
POU2F1,MYOCD
POU2F1,NAA15
POU2F1,NCAM1
POU2F1,NEDD4
POU2F1,NFIA
POU2F1,NFIB
POU2F1,NFIC
POU2F1,NHSL1
POU2F1,NIF3L1
POU2F1,NR3C1
POU2F1,NRP2
POU2F1,NTS
POU2F1,ODZ4
POU2F1,OTX2
POU2F1,PALLD
POU2F1,PARP1
POU2F1,PATZ1
POU2F1,PDE4D
POU2F1,PER3
POU2F1,PGR
POU2F1,PHF17
POU2F1,PITX2
POU2F1,PLCE1
POU2F1,PLEKHA6
POU2F1,PMP22
POU2F1,PODXL
POU2F1,POLR2A
POU2F1,POP5
POU2F1,POU3F1
POU2F1,PRDM1
POU2F1,PREPL
POU2F1,PRIC285
POU2F1,PROSER1
POU2F1,PTPRZ1
POU2F1,RABGAP1L
POU2F1,RARG
POU2F1,RBFOX2
POU2F1,RCAN2
POU2F1,REL
POU2F1,RIN2
POU2F1,RMI1
POU2F1,RPE
POU2F1,RSPO3
POU2F1,RUNX1
POU2F1,SALL3
POU2F1,SATB1
POU2F1,SATB2
POU2F1,SDC2
POU2F1,SEMA3E
POU2F1,SEMA6A
POU2F1,SEMA6D
POU2F1,SETBP1
POU2F1,SFRP2
POU2F1,SMAD2
POU2F1,SMAD5
POU2F1,SMG6
POU2F1,SNAPC4
POU2F1,SOX2
POU2F1,SOX3
POU2F1,SOX5
POU2F1,SPRY2
POU2F1,STAT2
POU2F1,STIM2
POU2F1,STK3
POU2F1,STX12
POU2F1,SYNE2
POU2F1,TCF4
POU2F1,TFAP2A
POU2F1,TFAP4
POU2F1,TFB2M
POU2F1,TIMM8A
POU2F1,TLR4
POU2F1,TMEM126B
POU2F1,TRPS1
POU2F1,TSPAN13
POU2F1,TTC39B
POU2F1,UBL3
POU2F1,UNC5C
POU2F1,UPF3B
POU2F1,VANGL1
POU2F1,VSNL1
POU2F1,WDR67
POU2F1,XRCC6
POU2F1,ZBTB10
POU2F1,ZDHHC2
POU2F1,ZFC3H1
POU2F1,ZFHX3
POU2F1,ZFPM2
POU2F1,ZIC3
POU2F1,ZNF238
POU2F1,ZSWIM6
POU2F2,BEND3
POU2F2,BMP2
POU2F2,CADM1
POU2F2,CBFA2T2
POU2F2,CDCA2
POU2F2,CHL1
POU2F2,CITED2
POU2F2,DAXX
POU2F2,DLC1
POU2F2,DNMT3A
POU2F2,DPYSL3
POU2F2,E2F3
POU2F2,ETS1
POU2F2,FAM20A
POU2F2,GSC
POU2F2,HMGA1
POU2F2,JUND
POU2F2,LDB2
POU2F2,LEF1
POU2F2,LGR4
POU2F2,LUM
POU2F2,MED16
POU2F2,MEF2D
POU2F2,NAA15
POU2F2,NEDD4
POU2F2,NEDD9
POU2F2,NFIA
POU2F2,NHSL1
POU2F2,NR3C1
POU2F2,PATZ1
POU2F2,PIM2
POU2F2,PMAIP1
POU2F2,POU2AF1
POU2F2,POU3F1
POU2F2,PRDM1
POU2F2,PREPL
POU2F2,PRIC285
POU2F2,RARG
POU2F2,REL
POU2F2,SALL3
POU2F2,SATB1
POU2F2,SEMA3E
POU2F2,SEMA6D
POU2F2,SFRP2
POU2F2,SMAD2
POU2F2,SYNE2
POU2F2,TCF4
POU2F2,TIMM8A
POU2F2,TSPAN13
POU2F2,UNC5C
POU2F2,UPF3B
POU2F2,VSNL1
POU2F2,XRCC6
POU2F2,ZFHX3
POU2F2,ZFPM2
POU2F2,ZIC3
POU2F2,ZSWIM6
POU3F1,AKAP1
POU3F1,ATRX
POU3F1,BEND3
POU3F1,BHLHE40
POU3F1,BMP2
POU3F1,CADM1
POU3F1,CBFA2T2
POU3F1,CDCA2
POU3F1,CHL1
POU3F1,CHN1
POU3F1,CITED2
POU3F1,COL4A6
POU3F1,DAXX
POU3F1,DLC1
POU3F1,DNMT3A
POU3F1,DPYSL3
POU3F1,E2F3
POU3F1,ESRRG
POU3F1,FAM20A
POU3F1,FLRT2
POU3F1,FOXP1
POU3F1,FZD5
POU3F1,GATAD2A
POU3F1,GPR83
POU3F1,GSC
POU3F1,HAND1
POU3F1,HMGA1
POU3F1,IFT81
POU3F1,IQGAP2
POU3F1,KIF1A
POU3F1,KIF2C
POU3F1,LDB2
POU3F1,LEF1
POU3F1,LGR4
POU3F1,LTBP1
POU3F1,LUM
POU3F1,MEF2D
POU3F1,MRPS9
POU3F1,MTERF
POU3F1,NAA15
POU3F1,NEDD4
POU3F1,NFIA
POU3F1,NHSL1
POU3F1,NREP
POU3F1,PATZ1
POU3F1,PCDH17
POU3F1,PCDH7
POU3F1,PDE4D
POU3F1,PRDM1
POU3F1,PREPL
POU3F1,PRIC285
POU3F1,PSMC3IP
POU3F1,RARG
POU3F1,RIOK1
POU3F1,SALL3
POU3F1,SATB1
POU3F1,SEMA3E
POU3F1,SEMA6D
POU3F1,SFRP2
POU3F1,SHOX2
POU3F1,SKIL
POU3F1,SMAD2
POU3F1,SMAD5
POU3F1,SMAD6
POU3F1,STAT3
POU3F1,SYNE2
POU3F1,TCF4
POU3F1,TDRD7
POU3F1,TIAM1
POU3F1,TIMM8A
POU3F1,TLE1
POU3F1,TLE2
POU3F1,TRPS1
POU3F1,TSPAN13
POU3F1,UNC5C
POU3F1,UPF3B
POU3F1,VSNL1
POU3F1,ZFHX3
POU3F1,ZFPM2
POU3F1,ZIC3
POU3F1,ZSWIM6
POU5F1,AR
POU5F1,BEND3
POU5F1,BMP2
POU5F1,CADM1
POU5F1,CBFA2T2
POU5F1,CDCA2
POU5F1,CHL1
POU5F1,CITED2
POU5F1,DAXX
POU5F1,DLC1
POU5F1,DNMT3A
POU5F1,DPYSL3
POU5F1,EWSR1
POU5F1,FAM20A
POU5F1,FOXD3
POU5F1,GSC
POU5F1,HMGA1
POU5F1,LDB2
POU5F1,LEF1
POU5F1,LGR4
POU5F1,LUM
POU5F1,MEF2D
POU5F1,NAA15
POU5F1,NEDD4
POU5F1,NFIA
POU5F1,NHSL1
POU5F1,PATZ1
POU5F1,POU3F1
POU5F1,PRDM1
POU5F1,PREPL
POU5F1,PRIC285
POU5F1,RARG
POU5F1,SALL3
POU5F1,SATB1
POU5F1,SEMA3E
POU5F1,SEMA6D
POU5F1,SFRP2
POU5F1,SMAD2
POU5F1,SYNE2
POU5F1,TCF4
POU5F1,TIMM8A
POU5F1,TSPAN13
POU5F1,UNC5C
POU5F1,UPF3B
POU5F1,VSNL1
POU5F1,ZFHX3
POU5F1,ZFPM2
POU5F1,ZIC3
POU5F1,ZSWIM6
PPARA,ACOX3
PPARA,AIP
PPARA,CCND1
PPARA,CHD9
PPARA,CITED2
PPARA,GATA3
PPARA,NRIP1
PPARA,PRIC285
PPARA,RXRG
PPARA,SCD5
PPARA,TGFB1
PPARGC1B,ESRRG
PPARGC1B,HCFC1
PRDM1,AES
PRDM1,TLE1
PRDM1,TLE2
PRIC285,PPARA
PSIP1,HCFC1
PSIP1,SRSF1
PTMA,CCNA2
PTMA,PCNA
PTMA,PHB2
PTMA,STAT3
PURA,YBX1
RAD51,ATRX
RAD51,BLM
RAD51,RAD51AP1
RAD51,RAD54L
RAD51,TP53
RAD51,VIM
RAI14,FEZ1
RARG,CCND1
RARG,CRABP2
RARG,CYP26A1
RARG,HMGA1
RARG,KHSRP
RARG,KLF5
RARG,MIF
RARG,PNRC1
RARG,RXRG
RAX2,CRX
RBBP4,XRCC6
RBM14,NCOA6
RBM14,PARP1
RBM14,XRCC5
RBMX,HNRNPK
RBMX,KHDRBS2
RBPJ,CTBP1
RBPJ,MAML3
REL,ALG6
REL,ANKRD1
REL,APBB2
REL,DCLK1
REL,EZH2
REL,FOXK1
REL,IFRD2
REL,NFAT5
REL,NFATC1
REL,NFKBIA
REL,NFKBIB
REL,NREP
REL,PDE4D
REL,PHLDA1
REL,PHLDB2
REL,PIK3R5
REL,POLR2H
REL,PPARA
REL,PTMA
REL,RARG
REL,SMARCD1
REL,SOX5
REL,SPIB
REL,SPRED2
REL,TMEM48
REL,TP53
REL,UCK2
REL,WNT5A
REL,WWTR1
REL,ZBTB10
RFXANK,CIITA
RNF14,AR
RNF14,FAM46A
RNF14,NR3C1
RNPS1,SART3
RNPS1,SRSF6
RORB,NCOA6
RORB,NRIP1
RORB,PNRC1
RUNX1,AR
RUNX1,CBFA2T2
RUNX1,CCND1
RUNX1,CDK6
RUNX1,CTBP1
RUNX1,KAT6A
RUNX1,TLE1
RUNX1,TLE2
RUNX1,WWTR1
RUVBL1,ACTL6A
RUVBL1,CTNNB1
RUVBL1,LEF1
RUVBL1,RUVBL2
RUVBL1,TCF7L1
RUVBL2,CTNNB1
RUVBL2,RUVBL1
RXRG,ACOX3
RXRG,NCOA6
RXRG,PCK2
RXRG,PPARA
RXRG,RARG
RXRG,SCD5
SALL2,EWSR1
SATB1,CUX1
SERTAD2,TFDP1
SERTAD2,TRIM28
SF1,EWSR1
SF1,FUS
SFMBT1,PHC1
SFPQ,FUS
SFPQ,NONO
SFPQ,SMAD5
SIRT1,HIST1H1B
SIX6,AES
SIX6,TLE1
SKIL,COL4A2
SKIL,FN1
SKIL,GOLGB1
SKIL,MORC4
SKIL,SMAD2
SKIL,SVEP1
SKIL,TDP2
SKIL,XRCC6
SLA2,ZAP70
SMAD2,ARFGAP3
SMAD2,ARL4D
SMAD2,CTNNB1
SMAD2,CUL1
SMAD2,DAB2
SMAD2,DCAF6
SMAD2,E2F4
SMAD2,EEF1A1
SMAD2,ERBB2IP
SMAD2,FBN2
SMAD2,FOXH1
SMAD2,GSC
SMAD2,LEF1
SMAD2,LMO2
SMAD2,NCOA6
SMAD2,NEDD9
SMAD2,PAK1
SMAD2,PITX2
SMAD2,SKIL
SMAD2,SMAD6
SMAD2,ST5
SMAD2,TFDP1
SMAD2,TGFB1
SMAD2,TGFBR1
SMAD2,TNC
SMAD2,TP53
SMAD2,ZEB1
SMAD2,ZEB2
SMAD2,ZFYVE16
SMAD2,ZNF8
SMAD5,BMPR1A
SMAD5,ID1
SMAD5,ID3
SMAD5,SFPQ
SMAD5,SMAD6
SMAD5,SOX5
SMAD5,SOX7
SMAD5,WWP1
SMAD5,ZEB2
SMAD5,ZNF8
SMAD6,CDK6
SMAD6,SMAD2
SMAD6,SMAD5
SMAD6,TGFBR1
SMARCC1,NR3C1
SMARCC1,SMARCD3
SMARCD1,CALCOCO2
SMARCD1,FEZ1
SMARCD1,NR3C1
SMARCD1,TP53
SMARCD3,PBX1
SMARCD3,SMARCC1
SNAI1,TGFBR1
SNAPC4,POU2F1
SNRPB,GEMIN4
SNRPB,GEMIN6
SNRPB,SNRPD1
SNRPD1,GEMIN4
SNRPD1,SNRPB
SOS2,CCND1
SOS2,SPRED2
SOS2,SPRY2
SOX17,CTNNB1
SOX17,LEF1
SOX17,TCF7L1
SOX2,POU2F1
SOX2,POU5F1
SOX5,SMAD5
SOX7,SMAD5
SP100,ARID3A
SP100,CBX3
SRSF10,FUS
SRSF1,NXF1
SRSF1,PSIP1
SRSF1,U2AF1
SRSF2,FUS
SRSF2,U2AF1
SRSF2,ZRANB2
SRSF3,HNRNPK
SRSF3,NXF1
SRSF6,RNPS1
STAT2,AEBP1
STAT2,APBB1
STAT2,ARID4B
STAT2,BBIP1
STAT2,BCLAF1
STAT2,BET1
STAT2,C3orf14
STAT2,CCDC6
STAT2,CCND1
STAT2,EGR1
STAT2,EHMT2
STAT2,ELMO1
STAT2,ESCO2
STAT2,ETV3
STAT2,F3
STAT2,FASTKD3
STAT2,FBXO36
STAT2,FOXP1
STAT2,FUT8
STAT2,HOXB3
STAT2,HOXB4
STAT2,HOXB7
STAT2,ID3
STAT2,IFT80
STAT2,KLF5
STAT2,LTBP1
STAT2,MAN1A1
STAT2,MAPKAPK3
STAT2,MED14
STAT2,MEIS1
STAT2,NEDD9
STAT2,NFATC3
STAT2,NOP2
STAT2,NR3C1
STAT2,PDE4D
STAT2,PIK3R5
STAT2,POLA1
STAT2,POLR1A
STAT2,PRDM1
STAT2,PRICKLE1
STAT2,RARG
STAT2,RBM47
STAT2,RXRG
STAT2,SATB1
STAT2,SEMA6D
STAT2,SMG6
STAT2,TCF4
STAT2,UNC5C
STAT2,VRK1
STAT2,WNT5A
STAT2,ZFHX3
STAT3,AEBP1
STAT3,APBB1
STAT3,ARID4B
STAT3,ASXL1
STAT3,BCLAF1
STAT3,BET1
STAT3,BHLHE40
STAT3,BTF3
STAT3,C3orf14
STAT3,CBFA2T2
STAT3,DAXX
STAT3,DPF2
STAT3,DPY19L1
STAT3,E2F3
STAT3,EGR1
STAT3,EHMT2
STAT3,ELMO1
STAT3,EOMES
STAT3,ERBB2IP
STAT3,ESCO2
STAT3,ETV3
STAT3,ETV4
STAT3,FER
STAT3,FOXP1
STAT3,GATA2
STAT3,GATA3
STAT3,HOXB3
STAT3,HOXB4
STAT3,HOXB7
STAT3,ID3
STAT3,IFT80
STAT3,IL13RA1
STAT3,IL6ST
STAT3,KLF5
STAT3,LCMT1
STAT3,MAK16
STAT3,MAN1A1
STAT3,MAPKAPK3
STAT3,NAV2
STAT3,NFIB
STAT3,NR3C1
STAT3,OTX2
STAT3,OXTR
STAT3,PDE4D
STAT3,PDGFRA
STAT3,PIK3R5
STAT3,PIM2
STAT3,POLA1
STAT3,POLR1A
STAT3,POLR2A
STAT3,PREPL
STAT3,PRICKLE1
STAT3,PROM1
STAT3,PTMA
STAT3,RARG
STAT3,RNPS1
STAT3,RPA2
STAT3,SATB1
STAT3,SATB2
STAT3,SPRED2
STAT3,SRC
STAT3,SYT1
STAT3,TCF4
STAT3,TIMP3
STAT3,TRIB1
STAT3,UBL7
STAT3,UBTF
STAT3,VRK1
STAT3,WNT5A
STAT3,XPO5
STAT3,XRCC5
STAT3,ZIC3
SUPT16H,MCM3
SUPT16H,MCM4
TCEA1,POLR2A
TCF4,AR
TCF4,ATP11C
TCF4,CDK6
TCF4,CEP85L
TCF4,CIRH1A
TCF4,CTNNB1
TCF4,DUSP10
TCF4,EARS2
TCF4,EGF
TCF4,ELMO1
TCF4,EOMES
TCF4,FZD6
TCF4,GSC
TCF4,HECW2
TCF4,HMGA1
TCF4,HOMER1
TCF4,ID1
TCF4,ID3
TCF4,IPO4
TCF4,KHSRP
TCF4,LRRC16A
TCF4,LTBP1
TCF4,MAP7
TCF4,NAA15
TCF4,NHLH2
TCF4,PARP1
TCF4,PHF17
TCF4,PLCB1
TCF4,PPT2
TCF4,RNF19A
TCF4,SH3PXD2A
TCF4,SMAD5
TCF4,XRCC5
TCF4,XRCC6
TCF7L1,CCND1
TCF7L1,CTBP1
TCF7L1,CTNNB1
TCF7L1,MITF
TCF7L1,RUVBL1
TCF7L1,SOX17
TCOF1,PCNA
TCOF1,UBTF
TEAD4,WWTR1
TFAP2A,AADAT
TFAP2A,ACBD6
TFAP2A,ACTC1
TFAP2A,ADSS
TFAP2A,AFF1
TFAP2A,AHNAK
TFAP2A,AHSA2
TFAP2A,AKAP1
TFAP2A,ALG6
TFAP2A,ALS2CR8
TFAP2A,AMIGO2
TFAP2A,AMN1
TFAP2A,ANKMY2
TFAP2A,ANKRD1
TFAP2A,APC
TFAP2A,APEX1
TFAP2A,ARID3A
TFAP2A,ARID5B
TFAP2A,ARL4A
TFAP2A,ASB9
TFAP2A,ASNS
TFAP2A,ASS1
TFAP2A,BAG3
TFAP2A,BAMBI
TFAP2A,BBS4
TFAP2A,BCAT2
TFAP2A,BEND3
TFAP2A,BHLHE40
TFAP2A,C12orf23
TFAP2A,C20orf112
TFAP2A,C5orf42
TFAP2A,CAD
TFAP2A,CASD1
TFAP2A,CBFA2T2
TFAP2A,CCDC50
TFAP2A,CCDC82
TFAP2A,CCNB2
TFAP2A,CCND1
TFAP2A,CDC20
TFAP2A,CDC25C
TFAP2A,CDC7
TFAP2A,CDCA5
TFAP2A,CDCA7
TFAP2A,CDCA7L
TFAP2A,CDK6
TFAP2A,CEP112
TFAP2A,CEP290
TFAP2A,CHEK2
TFAP2A,CIRH1A
TFAP2A,CITED2
TFAP2A,CLCN4
TFAP2A,CLU
TFAP2A,COBLL1
TFAP2A,COL5A1
TFAP2A,COPS3
TFAP2A,CREB3L4
TFAP2A,CSPP1
TFAP2A,CTBP1
TFAP2A,CTNNB1
TFAP2A,CUX1
TFAP2A,CYP1B1
TFAP2A,DCAF6
TFAP2A,DDAH1
TFAP2A,DDHD2
TFAP2A,DDX54
TFAP2A,DECR1
TFAP2A,DEDD2
TFAP2A,DEK
TFAP2A,DENND1A
TFAP2A,DEPDC1B
TFAP2A,DNAJC16
TFAP2A,DNMT1
TFAP2A,DNMT3B
TFAP2A,DPY19L1
TFAP2A,DRAM2
TFAP2A,DUSP10
TFAP2A,DUSP4
TFAP2A,EGR1
TFAP2A,ENO1
TFAP2A,EOMES
TFAP2A,EPHA2
TFAP2A,EPHB2
TFAP2A,ESPL1
TFAP2A,F3
TFAP2A,FAM115A
TFAP2A,FAM117B
TFAP2A,FAM120AOS
TFAP2A,FAM208A
TFAP2A,FAM46A
TFAP2A,FAM83D
TFAP2A,FASTKD3
TFAP2A,FBXO36
TFAP2A,FIG4
TFAP2A,FLI1
TFAP2A,FNDC3B
TFAP2A,FOXH1
TFAP2A,FOXN2
TFAP2A,FOXN3
TFAP2A,FUT8
TFAP2A,FZD5
TFAP2A,GALC
TFAP2A,GALM
TFAP2A,GALNT11
TFAP2A,GATA2
TFAP2A,GATA6
TFAP2A,GATAD2A
TFAP2A,GPC3
TFAP2A,GPSM2
TFAP2A,GTF3C4
TFAP2A,GXYLT1
TFAP2A,H1F0
TFAP2A,HCFC1
TFAP2A,HDGF
TFAP2A,HELZ
TFAP2A,HMGA1
TFAP2A,HMGN2
TFAP2A,HPRT1
TFAP2A,IAH1
TFAP2A,ID1
TFAP2A,IGSF3
TFAP2A,INO80D
TFAP2A,IRF1
TFAP2A,ISCA1
TFAP2A,ITPR2
TFAP2A,JUND
TFAP2A,KAL1
TFAP2A,KAT7
TFAP2A,KDM6A
TFAP2A,KHSRP
TFAP2A,KIAA0494
TFAP2A,KIAA0947
TFAP2A,KIF21A
TFAP2A,KIF22
TFAP2A,LAMB1
TFAP2A,LGR4
TFAP2A,LHX1
TFAP2A,LIFR
TFAP2A,LIMD1
TFAP2A,MAFG
TFAP2A,MAGI3
TFAP2A,MANEA
TFAP2A,MBTD1
TFAP2A,MCCC1
TFAP2A,MCM2
TFAP2A,MCM3
TFAP2A,MED16
TFAP2A,MEF2D
TFAP2A,MEIS2
TFAP2A,MIB1
TFAP2A,MLLT6
TFAP2A,MRPS30
TFAP2A,MRPS35
TFAP2A,MSX1
TFAP2A,MXD4
TFAP2A,MYOF
TFAP2A,NAA25
TFAP2A,NDC80
TFAP2A,NFIB
TFAP2A,NFIC
TFAP2A,NFKBIB
TFAP2A,NOC3L
TFAP2A,NOG
TFAP2A,NPM1
TFAP2A,NRP1
TFAP2A,NUAK1
TFAP2A,NUCB2
TFAP2A,NUSAP1
TFAP2A,ODC1
TFAP2A,ODF2
TFAP2A,OIP5
TFAP2A,OPTN
TFAP2A,OXTR
TFAP2A,P4HA1
TFAP2A,PA2G4
TFAP2A,PARN
TFAP2A,PARP1
TFAP2A,PDE4D
TFAP2A,PENK
TFAP2A,PFKFB2
TFAP2A,PGAP2
TFAP2A,PGM1
TFAP2A,PHLDB2
TFAP2A,PJA2
TFAP2A,PLAGL2
TFAP2A,PLOD2
TFAP2A,PLS1
TFAP2A,PLSCR4
TFAP2A,PNRC1
TFAP2A,POLR1C
TFAP2A,POLR2A
TFAP2A,POLR2H
TFAP2A,POU2F1
TFAP2A,POU5F1
TFAP2A,PPARGC1B
TFAP2A,PPAT
TFAP2A,PPM1K
TFAP2A,PPP1R9A
TFAP2A,PPT2
TFAP2A,PRKACB
TFAP2A,PRMT3
TFAP2A,PROSER1
TFAP2A,PTMA
TFAP2A,PTPRM
TFAP2A,RAB31
TFAP2A,RAD50
TFAP2A,RAD51
TFAP2A,RAI1
TFAP2A,RAI14
TFAP2A,RALB
TFAP2A,RBM47
TFAP2A,RBPJ
TFAP2A,REL
TFAP2A,REV3L
TFAP2A,RNF13
TFAP2A,RNF138
TFAP2A,RNF14
TFAP2A,RNF170
TFAP2A,RNF19A
TFAP2A,RNPS1
TFAP2A,RUNX1
TFAP2A,RUVBL2
TFAP2A,SAMD8
TFAP2A,SEL1L
TFAP2A,SEMA6A
TFAP2A,SETBP1
TFAP2A,SFMBT1
TFAP2A,SFRP2
TFAP2A,SH2B3
TFAP2A,SH3RF1
TFAP2A,SKIL
TFAP2A,SLC35A3
TFAP2A,SLC39A14
TFAP2A,SLC5A6
TFAP2A,SLC7A5
TFAP2A,SMAD2
TFAP2A,SMAD6
TFAP2A,SMYD2
TFAP2A,SMYD5
TFAP2A,SNAI1
TFAP2A,SNAPC3
TFAP2A,SNX14
TFAP2A,SPRED2
TFAP2A,SRC
TFAP2A,SRGAP1
TFAP2A,STAT3
TFAP2A,STK3
TFAP2A,SUPT7L
TFAP2A,SYNC
TFAP2A,SYNE2
TFAP2A,SYT1
TFAP2A,TADA1
TFAP2A,TAOK3
TFAP2A,TBC1D4
TFAP2A,TCN2
TFAP2A,TEAD1
TFAP2A,TEAD4
TFAP2A,TFAP4
TFAP2A,TGFBR3
TFAP2A,THYN1
TFAP2A,TK1
TFAP2A,TMEM47
TFAP2A,TMEM57
TFAP2A,TMEM64
TFAP2A,TMOD1
TFAP2A,TOP2A
TFAP2A,TP53
TFAP2A,TPD52L2
TFAP2A,TRERF1
TFAP2A,TRIB1
TFAP2A,TRIM25
TFAP2A,TRIM27
TFAP2A,TRIM37
TFAP2A,TRIP6
TFAP2A,UBL3
TFAP2A,UBTF
TFAP2A,VHL
TFAP2A,VPS13C
TFAP2A,VSIG10
TFAP2A,WEE1
TFAP2A,WWP1
TFAP2A,YBX1
TFAP2A,ZCCHC24
TFAP2A,ZDHHC2
TFAP2A,ZFHX3
TFAP2A,ZFP62
TFAP2A,ZIC2
TFAP2A,ZNF219
TFAP2A,ZNF24
TFAP2A,ZNF280B
TFAP2A,ZNF488
TFAP2A,ZSWIM6
TFAP4,AEBP1
TFAP4,BEND3
TFAP4,CPE
TFAP4,EHMT2
TFAP4,FAM20A
TFAP4,FAT1
TFAP4,FOXP1
TFAP4,FZD5
TFAP4,HTRA1
TFAP4,ID3
TFAP4,ITM2A
TFAP4,JUND
TFAP4,KAT6A
TFAP4,LEF1
TFAP4,LIMCH1
TFAP4,LIN28A
TFAP4,MAN2A1
TFAP4,MEIS1
TFAP4,MXI1
TFAP4,NAV2
TFAP4,NOG
TFAP4,PENK
TFAP4,PHLDB2
TFAP4,POU3F1
TFAP4,PURA
TFAP4,RALB
TFAP4,RBFOX2
TFAP4,RBMS3
TFAP4,RUNX1
TFAP4,SNAI1
TFAP4,SORD
TFAP4,TADA1
TFAP4,TFAP2A
TFAP4,TFE3
TFAP4,TLE2
TFAP4,USP1
TFAP4,YBX1
TFAP4,ZEB2
TFDP1,CCNE2
TFDP1,E2F3
TFDP1,E2F4
TFDP1,SERTAD2
TFDP1,SMAD2
TFE3,E2F3
TFE3,MITF
TGFB1I1,AR
TGFB1I1,ITGA4
TGFB1I1,NR3C1
TGFB1I1,SVIL
TLE1,ARL4D
TLE1,FUBP1
TLE1,IL6ST
TLE1,KDM6A
TLE1,LEF1
TLE1,MPHOSPH6
TLE1,MSX1
TLE1,POLB
TLE1,PRDM1
TLE1,RPA2
TLE1,RUNX1
TLE1,SIX6
TLE1,TK1
TLE1,TLE2
TLE2,PRDM1
TLE2,RUNX1
TLE2,TLE1
TMF1,AR
TMF1,FER
TP53,AHNAK
TP53,ANGPT2
TP53,ANXA3
TP53,APEX1
TP53,ARID3A
TP53,BLM
TP53,CA12
TP53,CCDC81
TP53,CCNG2
TP53,CDC14B
TP53,CDC25C
TP53,CEBPZ
TP53,COPS3
TP53,DAXX
TP53,DMXL2
TP53,DPF2
TP53,E2F4
TP53,EEF1A1
TP53,EHMT2
TP53,EPB41L3
TP53,EPCAM
TP53,ESRRG
TP53,ETS1
TP53,ETV4
TP53,FAM64A
TP53,FRMD6
TP53,GEMIN4
TP53,HIF1A
TP53,HMGN2
TP53,KIAA0947
TP53,KLF6
TP53,LEPRE1
TP53,LHX1
TP53,LIG4
TP53,MAN2A1
TP53,MAPK10
TP53,MAPKAPK3
TP53,MCC
TP53,MCM2
TP53,MIF
TP53,MLLT6
TP53,MPHOSPH6
TP53,MSX1
TP53,NFIB
TP53,NFIC
TP53,NFKBIA
TP53,NFYB
TP53,NHLH2
TP53,NOP16
TP53,NPM1
TP53,NR3C1
TP53,NUDT11
TP53,PARP1
TP53,PBXIP1
TP53,PCNA
TP53,PLK2
TP53,POLA1
TP53,PRIM1
TP53,PRKACB
TP53,RABGAP1L
TP53,RAD51
TP53,RCHY1
TP53,RPA2
TP53,SALL3
TP53,SETD7
TP53,SIRT1
TP53,SIX6
TP53,SLC39A14
TP53,SMAD2
TP53,SMARCD1
TP53,SMYD2
TP53,SOX4
TP53,TCF7L1
TP53,TFAP2A
TP53,TFAP4
TP53,TFDP1
TP53,TGFB1
TP53,TIAM1
TP53,TIMP3
TP53,TK1
TP53,TOP2A
TP53,TP53INP1
TP53,TRERF1
TP53,TRIAP1
TP53,TRIM33
TP53,TUBA4A
TP53,TYRO3
TP53,UBTF
TP53,UTP15
TP53,VRK1
TP53,XRCC5
TP53,XRCC6
TP53,YBX1
TP53,ZNF238
TP53,ZNF24
TRIM27,ABCA1
TRIM27,DNMT1
TRIM28,CBX3
TRIM28,CHAF1A
TRIM28,NR3C1
TRIM28,SERTAD2
TRIM28,VIM
TRIP13,NIF3L1
TRIP13,PLSCR4
TRIP6,ILF3
TRIP6,NEDD9
TRIP6,SRC
TRIP6,SVIL
UBTF,CCNA2
UBTF,LEF1
UBTF,TCOF1
UPF1,POLR2A
UPF1,UPF2
UPF1,UPF3B
UPF1,XRN1
VHL,FN1
VHL,HIF3A
VHL,PHF17
VHL,POLR2G
WWP1,EWSR1
WWP1,KDR
WWP1,PDGFRA
WWP1,SMAD5
WWP1,TFAP2A
WWTR1,RUNX1
WWTR1,TEAD4
XRCC5,AR
XRCC5,NAA15
XRCC5,NCOA6
XRCC5,PARP1
XRCC5,PCNA
XRCC5,POLA1
XRCC5,POLR2A
XRCC5,RBM14
XRCC5,TCF4
XRCC5,XRCC6
XRCC6,APEX1
XRCC6,AR
XRCC6,CDCA5
XRCC6,CLU
XRCC6,NAA15
XRCC6,NCOA6
XRCC6,PARP1
XRCC6,PCNA
XRCC6,PGR
XRCC6,POU2F1
XRCC6,POU2F2
XRCC6,RBBP4
XRCC6,RRAS2
XRCC6,SKIL
XRCC6,TCF4
XRCC6,TP53
XRCC6,XRCC5
YAF2,MYCN
YBX1,FUS
YBX1,HNRNPD
YBX1,HNRNPK
YBX1,NFYB
YBX1,PCNA
YBX1,PURA
YBX1,TFAP2A
YBX1,TP53
ZEB1,ACBD6
ZEB1,ACTC1
ZEB1,ALCAM
ZEB1,ALPK2
ZEB1,CEP192
ZEB1,CLDN7
ZEB1,COL4A2
ZEB1,CTBP1
ZEB1,CYP2S1
ZEB1,DAAM1
ZEB1,DAXX
ZEB1,DCAF6
ZEB1,DNMT3A
ZEB1,DSCAM
ZEB1,ETV4
ZEB1,FAM115A
ZEB1,FAM89A
ZEB1,FN1
ZEB1,FOXP1
ZEB1,FREM1
ZEB1,GABRB2
ZEB1,GPC4
ZEB1,HDAC9
ZEB1,HIF3A
ZEB1,HMGA1
ZEB1,HSPA14
ZEB1,IQGAP2
ZEB1,JPH1
ZEB1,KHDRBS2
ZEB1,LEPRE1
ZEB1,LIN28A
ZEB1,LTBP1
ZEB1,MAN1A1
ZEB1,MAP7
ZEB1,MLLT6
ZEB1,NFIB
ZEB1,NFKBIB
ZEB1,NRP2
ZEB1,OTX2
ZEB1,PAWR
ZEB1,PCDH7
ZEB1,PHLDA1
ZEB1,PIK3R5
ZEB1,PLAGL2
ZEB1,POU3F1
ZEB1,PPM1H
ZEB1,PPT2
ZEB1,PREPL
ZEB1,PROM1
ZEB1,PRSS23
ZEB1,PUS7
ZEB1,RFESD
ZEB1,RPE
ZEB1,SAMD3
ZEB1,SETD7
ZEB1,SLC39A7
ZEB1,SMAD2
ZEB1,SMG6
ZEB1,SOX2
ZEB1,STAT2
ZEB1,STIM2
ZEB1,SVIL
ZEB1,TCF4
ZEB1,TCN2
ZEB1,TMEM87A
ZEB1,TMOD1
ZEB1,TP53INP1
ZEB1,TRIM27
ZEB1,UBL7
ZEB1,UNC5D
ZEB1,USP1
ZEB1,ZNF142
ZEB1,ZNF238
ZEB2,CTBP1
ZEB2,SMAD2
ZEB2,SMAD5
ZFPM2,CTBP1
ZFPM2,GATA3
ZFPM2,GATA4
ZIC2,ATP2B4
ZIC2,BRWD1
ZIC2,CA14
ZIC2,CLU
ZIC2,CSDE1
ZIC2,DKK3
ZIC2,ESRRG
ZIC2,FBN1
ZIC2,FLVCR2
ZIC2,GATA6
ZIC2,GPR125
ZIC2,HOXB7
ZIC2,KDM6A
ZIC2,LEPRE1
ZIC2,MAEA
ZIC2,NAV2
ZIC2,PLAGL2
ZIC2,PRIC285
ZIC2,RARG
ZIC2,REL
ZIC2,SMARCD3
ZIC2,TRERF1
ZIC2,TRIM33
ZNF165,EWSR1
ZNF165,KAT7
ZNF238,DNMT3A
ZNF238,DNMT3B
ZNF24,EEF1A1
ZNF24,TP53
ZNF24,UTP14A
ZNF8,SMAD2
ZNF8,SMAD5
ZRANB2,SRSF2
ZRANB2,U2AF1
AR,ATF6
AR,ATP2B4
AR,CCNG2
AR,GLRX
AR,ITPR2
AR,LIFR
AR,MME
AR,NFIB
AR,NLGN4X
AR,PMAIP1
AR,PTPRM
AR,RBMX
AR,SNAI2
AR,SORD
AR,SOX4
ATF6,SEL1L
E2F4,BHLHE40
E2F4,CCNE2
E2F4,CCNG2
E2F4,CDC25C
E2F4,CDCA2
E2F4,CDCA5
E2F4,CHD9
E2F4,DEPDC1B
E2F4,DLGAP5
E2F4,DNA2
E2F4,DSCC1
E2F4,EXO1
E2F4,FBXO5
E2F4,HNRNPAB
E2F4,KIF11
E2F4,MAEA
E2F4,MXI1
E2F4,NFIC
E2F4,NR3C1
E2F4,NUSAP1
E2F4,ODF2
E2F4,OIP5
E2F4,PNPLA8
E2F4,POU2F1
E2F4,PSMC3IP
E2F4,RTKN2
E2F4,SERTAD2
E2F4,STK3
E2F4,TIMM21
E2F4,TPD52L2
E2F4,TRIM28
E2F4,TRIP13
E2F4,ZFYVE21
EGR1,AES
EGR1,AHNAK
EGR1,APEX1
EGR1,ARID3A
EGR1,CHD9
EGR1,DNMT3A
EGR1,EPHA2
EGR1,GATA2
EGR1,GATAD2A
EGR1,IRF1
EGR1,KLF5
EGR1,MEX3C
EGR1,NFATC1
EGR1,NFIA
EGR1,NFIB
EGR1,NFIC
EGR1,PATZ1
EGR1,PHF21A
EGR1,RAI1
EGR1,SERTAD2
EGR1,SPP1
EGR1,SRC
EGR1,TFAP2A
EGR1,TLE2
EGR1,TLE3
EGR1,TRIM2
ETS1,AHNAK
ETS1,AKAP2
ETS1,APBB2
ETS1,ARID3A
ETS1,ARRB1
ETS1,BCAR3
ETS1,CD9
ETS1,CDK6
ETS1,CHD9
ETS1,CITED2
ETS1,DNMT1
ETS1,E2F3
ETS1,EEF1A1
ETS1,ELK3
ETS1,EPHA2
ETS1,FNDC3B
ETS1,FOXK1
ETS1,FOXP1
ETS1,GATAD2A
ETS1,HDGF
ETS1,ID1
ETS1,ID3
ETS1,JMJD1C
ETS1,KIAA1462
ETS1,KLF6
ETS1,MAML3
ETS1,MEF2D
ETS1,MYOF
ETS1,NAV2
ETS1,NEDD9
ETS1,NFATC1
ETS1,NFIA
ETS1,NFIB
ETS1,NFIC
ETS1,NRP2
ETS1,OSBPL3
ETS1,PDE4D
ETS1,PLXNA2
ETS1,PREX1
ETS1,PTMA
ETS1,RAD51
ETS1,RAI1
ETS1,RAI14
ETS1,RARG
ETS1,SERTAD2
ETS1,SMG6
ETS1,SPRED2
ETS1,STAT3
ETS1,SVIL
ETS1,TCF4
ETS1,TFAP4
ETS1,TLE3
ETS1,TRIB1
ETS1,ZBTB38
ETS1,ZFP36L2
FOXP1,AFF1
FOXP1,ANKRD28
FOXP1,ARID5B
FOXP1,BCL11A
FOXP1,CADM1
FOXP1,CAMK2D
FOXP1,CDK6
FOXP1,CEP112
FOXP1,CHD9
FOXP1,CHN1
FOXP1,FAT1
FOXP1,FNDC3B
FOXP1,FOXN3
FOXP1,ITGA4
FOXP1,LIMCH1
FOXP1,LTBP1
FOXP1,MAML3
FOXP1,MECOM
FOXP1,NAV2
FOXP1,NRP2
FOXP1,PARP1
FOXP1,PHLPP1
FOXP1,PIP4K2A
FOXP1,PLCB1
FOXP1,PMAIP1
FOXP1,POU2F1
FOXP1,PREX1
FOXP1,RABGAP1L
FOXP1,RBPJ
FOXP1,RIN2
FOXP1,ROR2
FOXP1,RUNX1
FOXP1,SMARCC1
FOXP1,SORL1
FOXP1,STAT3
FOXP1,STIM2
FOXP1,SVIL
FOXP1,TCF4
FOXP1,TPD52
FOXP1,VPS13C
GATA2,ABLIM1
GATA2,AFF1
GATA2,ALCAM
GATA2,ANKRD28
GATA2,APEX1
GATA2,ARHGAP42
GATA2,ARID5B
GATA2,BCAR3
GATA2,CUX1
GATA2,DAAM1
GATA2,DENND1A
GATA2,DLC1
GATA2,DUSP10
GATA2,ELMO1
GATA2,ERBB4
GATA2,FLI1
GATA2,FNDC3B
GATA2,FOXN3
GATA2,FOXP1
GATA2,FRMD4B
GATA2,FRYL
GATA2,GULP1
GATA2,HDAC9
GATA2,IQGAP2
GATA2,ITPR2
GATA2,JMJD1C
GATA2,KDM6A
GATA2,KIAA1324L
GATA2,LDB2
GATA2,LIMCH1
GATA2,LTBP1
GATA2,MAML3
GATA2,MCC
GATA2,MECOM
GATA2,MITF
GATA2,MLLT3
GATA2,NAV2
GATA2,NEDD9
GATA2,NEK7
GATA2,NFIA
GATA2,NFIB
GATA2,OSBPL10
GATA2,OSBPL3
GATA2,PBX1
GATA2,PDE4D
GATA2,PHLDB2
GATA2,PHLPP1
GATA2,PIP4K2A
GATA2,PLCB1
GATA2,PLCB4
GATA2,PLXNA2
GATA2,PNPLA8
GATA2,PPM1H
GATA2,PPP3CA
GATA2,PTPRM
GATA2,RBMS3
GATA2,RUNX1
GATA2,SEMA6A
GATA2,SH3RF1
GATA2,SIPA1L2
GATA2,STXBP5
GATA2,SVIL
GATA2,SYT1
GATA2,TAOK3
GATA2,TCF4
GATA2,TEAD1
GATA2,TIAM1
GATA2,TJP2
GATA2,TPD52
GATA2,TRPS1
GATA2,UNC5C
GATA2,UNC5D
GATA2,VWA5A
GATA2,ZEB2
GATA2,ZFPM2
GATA3,ABLIM1
GATA3,AFF1
GATA3,AHNAK
GATA3,ALCAM
GATA3,ANKRD28
GATA3,ANKRD44
GATA3,ARID5B
GATA3,ARNT2
GATA3,ATRNL1
GATA3,BCAR3
GATA3,BMPER
GATA3,CADM1
GATA3,CAMK2D
GATA3,CAPN2
GATA3,CEP112
GATA3,COL5A1
GATA3,CRIM1
GATA3,CUX1
GATA3,DAAM1
GATA3,DCLK1
GATA3,DENND1A
GATA3,DLC1
GATA3,DSCAM
GATA3,DUSP10
GATA3,ELMO1
GATA3,ERBB4
GATA3,FAT1
GATA3,FN1
GATA3,FNDC3B
GATA3,FOXP1
GATA3,FRMD4B
GATA3,GRHL2
GATA3,GULP1
GATA3,HDAC9
GATA3,HECW2
GATA3,ITPR2
GATA3,KIF21A
GATA3,LIMCH1
GATA3,LTBP1
GATA3,MAML3
GATA3,MAPK10
GATA3,MCC
GATA3,MECOM
GATA3,MITF
GATA3,MLLT3
GATA3,MME
GATA3,MYOF
GATA3,NAV2
GATA3,NEDD9
GATA3,NEK7
GATA3,NFIA
GATA3,NFIB
GATA3,NRP1
GATA3,NRP2
GATA3,OSBPL10
GATA3,OSBPL3
GATA3,PALLD
GATA3,PAM
GATA3,PBX1
GATA3,PDE4D
GATA3,PHLDB2
GATA3,PIP4K2A
GATA3,PLCB1
GATA3,PLCB4
GATA3,PLXNA2
GATA3,PPM1H
GATA3,PPP3CA
GATA3,PREX1
GATA3,RBFOX2
GATA3,RBM47
GATA3,RBMS3
GATA3,RBPJ
GATA3,RHOBTB3
GATA3,RND3
GATA3,RUNX1
GATA3,SEMA3A
GATA3,SEMA6A
GATA3,SH3RF1
GATA3,SIPA1L2
GATA3,STK3
GATA3,STXBP5
GATA3,SVIL
GATA3,SYNE2
GATA3,SYT1
GATA3,TAOK3
GATA3,TEAD1
GATA3,TIAM1
GATA3,TLE1
GATA3,TLE3
GATA3,TPD52
GATA3,TRIM37
GATA3,TRPS1
GATA3,UNC5C
GATA3,WWTR1
GATA6,SEMA6A
GATA6,SVIL
HIF1A,AGPAT5
HIF1A,DENND1A
HIF1A,DSCAM
HIF1A,ENO2
HIF1A,ETS1
HIF1A,NEK7
HIF1A,PDE4D
HIF1A,RUNX1
HIF1A,UNC5D
MEIS2,MCC
MEIS2,TGFBR3
MITF,ABLIM1
MITF,ANKRD6
MITF,APEX1
MITF,ARHGAP42
MITF,BCAR3
MITF,BHLHE40
MITF,CAPN2
MITF,CHD9
MITF,CUX1
MITF,DAAM1
MITF,DENND1A
MITF,ETS1
MITF,ETV4
MITF,FNDC3B
MITF,FOXK1
MITF,FOXN3
MITF,FOXP1
MITF,FRMD4B
MITF,GATAD2A
MITF,LIMD1
MITF,MAEA
MITF,MAPRE2
MITF,MCC
MITF,MME
MITF,NAV2
MITF,NEDD9
MITF,NFIA
MITF,NFIB
MITF,NRP2
MITF,OSBPL3
MITF,PDE4D
MITF,PIP4K2A
MITF,PLXNA2
MITF,POLR1A
MITF,PPM1H
MITF,PREX1
MITF,PTPRM
MITF,RBPJ
MITF,RUNX1
MITF,SEMA5A
MITF,SIPA1L2
MITF,SLC39A11
MITF,SNAI2
MITF,SPG20
MITF,ST3GAL6
MITF,ST5
MITF,STAT3
MITF,STXBP5
MITF,SVIL
MITF,SYNE2
MITF,TIAM1
MITF,TLE3
MITF,TMEM131
MITF,TRIB1
MITF,TRIM2
MITF,TRPS1
MITF,WDFY1
MITF,ZBTB38
MITF,ZEB2
MITF,ZHX3
MITF,ZNF521
NFATC1,NEDD9
NFIC,COL1A2
NFYB,PCNA
NR3C1,ZBTB38
PRDM14,AHNAK
PRDM14,ASS1
PRDM14,BCAR3
PRDM14,BCL11A
PRDM14,CD9
PRDM14,DNMT3A
PRDM14,GATA2
PRDM14,GATAD2A
PRDM14,IGDCC4
PRDM14,MEF2D
PRDM14,MEIS1
PRDM14,NFIA
PRDM14,NFIC
PRDM14,NRP2
PRDM14,PLXNA2
PRDM14,PREX1
PRDM14,PTMA
PRDM14,RAI1
PRDM14,RUNX1
PRDM14,SH3BP4
PRDM14,SMAD6
PRDM14,SOX13
PRDM14,TCF7L1
PRDM14,TFAP2A
PRDM14,TRIM2
RARG,HAS2
RBPJ,FNDC3B
RUNX1,ABLIM1
RUNX1,ANKRD28
RUNX1,ARID5B
RUNX1,BCAR3
RUNX1,CUX1
RUNX1,DENND1A
RUNX1,DUSP10
RUNX1,ELMO1
RUNX1,FNDC3B
RUNX1,FOXN3
RUNX1,FOXP1
RUNX1,FRYL
RUNX1,GATAD2A
RUNX1,IQGAP2
RUNX1,ITPR2
RUNX1,JMJD1C
RUNX1,KIAA1462
RUNX1,LIMCH1
RUNX1,LMO2
RUNX1,MAML3
RUNX1,NEDD9
RUNX1,NEK7
RUNX1,OSBPL3
RUNX1,PAM
RUNX1,PHLPP1
RUNX1,PIP4K2A
RUNX1,PKIG
RUNX1,PLCB1
RUNX1,PLXNA2
RUNX1,POLR1A
RUNX1,PPM1H
RUNX1,PREX1
RUNX1,RABGAP1L
RUNX1,RAI1
RUNX1,SH3BP5
RUNX1,SIPA1L2
RUNX1,SLC39A11
RUNX1,SMG6
RUNX1,SPRED2
RUNX1,SRC
RUNX1,STIM2
RUNX1,TIAM1
RUNX1,TLE3
RUNX1,TRPS1
RUNX1,ZEB2
SMAD2,TNFRSF11B
SOX2,ALCAM
SOX2,ARID5B
SOX2,ATRNL1
SOX2,CDH11
SOX2,CDH2
SOX2,CEP112
SOX2,CHD9
SOX2,DAAM1
SOX2,DAB1
SOX2,DENND1A
SOX2,ELMO1
SOX2,EPHA4
SOX2,ERBB4
SOX2,ESRRG
SOX2,ETV1
SOX2,FNDC3B
SOX2,FOXP1
SOX2,HDAC9
SOX2,ITPR2
SOX2,JMJD1C
SOX2,LDB2
SOX2,MAPK10
SOX2,MCC
SOX2,MECOM
SOX2,NANOG
SOX2,NAV2
SOX2,NRP2
SOX2,PALLD
SOX2,PAM
SOX2,PDE4D
SOX2,PHLPP1
SOX2,PLCB1
SOX2,PLCB4
SOX2,PLXNA2
SOX2,PTPRM
SOX2,RABGAP1L
SOX2,RBMS3
SOX2,RBPJ
SOX2,RORB
SOX2,RUNX1
SOX2,SDC2
SOX2,SEMA3A
SOX2,SIPA1L2
SOX2,SOX5
SOX2,SYT1
SOX2,TEAD1
SOX2,TRIM2
SOX2,TRPC4
SOX2,TRPS1
SOX2,ZEB2
SOX2,ZFPM2
SPIB,KLHL6
SPIB,PRDM1
STAT2,OAS1
STAT2,SP110
TFDP1,PTMA
TP53,BHLHE40
TP53,BMPER
TP53,CAMK2D
TP53,CAPN2
TP53,CEP85L
TP53,CHD9
TP53,COL1A1
TP53,CUX1
TP53,DLC1
TP53,DSE
TP53,ERBB4
TP53,FAT1
TP53,FOXK1
TP53,FOXN3
TP53,FOXP1
TP53,FST
TP53,GPC6
TP53,LRIG3
TP53,MECOM
TP53,NRP2
TP53,OSBPL3
TP53,PALLD
TP53,PDE4D
TP53,PLCB1
TP53,PLXNA2
TP53,PRDM1
TP53,RBMS3
TP53,RBPJ
TP53,REV3L
TP53,RUNX1
TP53,SERTAD2
TP53,SH3BP4
TP53,SRC
TP53,SULF2
TP53,SVIL
TP53,SYNE2
TP53,TLE1
TP53,TPD52
TWIST1,CLDN7
TWIST1,DLC1
