Gene1,Gene2
AATF,CDKN1A
AATF,TRP53
APBB1,NOTCH1
APEX1,RELA
ARL6IP5,PARP1
ARNTL,CTNNB1
ARNTL,NFE2L2
ARNTL,PER1
ASH1L,TGFB1
ATF1,HSPA5
ATF2,CCND1
ATF2,PER1
ATF2,RELA
ATF3,CCND1
ATF4,CDKN1A
ATF4,HSPA5
ATF4,MCM7
ATF4,TRIB3
ATF6,HSPA5
ATM,CDKN1A
ATM,TRP53
BACH2,PRDM1
BCL3,CCND1
BCL3,CTSL
BCL3,NFKB2
BCL3,RUNX1
BCL3,TNFAIP3
BMI1,CDKN1A
BMI1,DKK1
BMI1,HMGA2
BMI1,NANOG
BMP6,MYCN
BRCA1,AKT1
BRCA1,CDKN1A
BRCA1,HMGA2
BRCA1,MDM2
BRCA1,RAD51
BRCA1,SIRT1
BRCA2,CDKN1A
CBX6,CCNE1
CHD4,ID2
CHD4,JUN
CHD7,MYCN
CHD7,SOX4
CITED2,LDHB
CITED2,SMAD3
CNOT3,MYC
CREB3,HERPUD1
CTCF,IGF2
CTCF,PAX6
CTNNB1,BMP4
CTNNB1,CCND1
CTNNB1,CCNE1
CTNNB1,CDH1
CTNNB1,E2F1
CTNNB1,FOXA2
CTNNB1,GJA1
CTNNB1,GLUL
CTNNB1,MITF
CTNNB1,MYC
CTNNB1,MYCN
CTNNB1,NANOG
CTNNB1,NR0B1
CTNNB1,OTX2
CTNNB1,PDGFRA
CTNNB1,PITX2
CTNNB1,PML
CTNNB1,TBX3
CTNNB1,TCF4
CTNNB1,TWIST1
CTNNB1,VEGFA
CUX1,CDKN1A
CUX1,MYC
DAXX,TRP53
DDX5,IGF2
DMRT1,SOX2
DNMT1,CDKN1A
DNMT1,MT1
DNMT1,TRP53
DNMT3A,MDM2
DNMT3A,MT1
DNMT3A,NANOG
DNMT3A,POU5F1
DNMT3A,RB1
DTX1,SMARCC1
E2F1,APAF1
E2F1,ATM
E2F1,BIN1
E2F1,BMI1
E2F1,CCND1
E2F1,CDKN1A
E2F1,DDB2
E2F1,DNMT1
E2F1,EGR1
E2F1,HMGA1
E2F1,MYCN
E2F1,NFE2L2
E2F1,PCNA
E2F1,PDGFRA
E2F1,PURA
E2F1,RB1
E2F1,TRP53
E2F1,VEGFA
E2F2,MCM5
E2F4,BRCA1
E2F4,E2F2
E2F4,MYBL2
E2F4,MYCN
E2F4,RAD51
E2F4,RB1
E2F4,STMN1
EBF1,ZFP423
EGR1,BNIP3
EGR1,CCND1
EGR1,CCND2
EGR1,F3
EGR1,GNRH1
EGR1,ICAM1
EGR1,ID3
EGR1,JUN
EGR1,JUND
EGR1,MAPK8
EGR1,NDRG1
EGR1,NR4A1
EGR1,SMAD7
EGR1,TRP53
EHMT2,CCND1
EHMT2,CDKN1A
EHMT2,POU5F1
ELF1,RHOX5
ELF3,TGFB1
ELF4,MSX2
ELF4,TRP53
ELK1,EGR1
ELL3,TRP53
ELL3,ZEB1
ELL3,ZEB2
ELP2,POU5F1
EMX2,PAX6
EOMES,EBF1
EOMES,SOX2
EP300,CCNB2
EP300,CCND1
EP300,CDKN1A
EP300,CRYAB
EP300,DNMT1
EP300,FN1
EP300,GATA4
EP300,IRF2
EP300,MEF2C
EP300,MT1
EP300,NPAS2
EP300,POU5F1
EP300,SMAD3
EP300,SPP1
EP300,STAT5A
EP300,TXNIP
EPAS1,CITED2
EPAS1,POU5F1
ESRRA,ACADM
ESRRA,NRIP1
ESRRA,SPP1
ESRRA,TRP53
ESRRB,NANOG
ESRRB,NR0B1
ETS1,BMP4
ETS1,EBF1
ETS1,EGR1
ETS1,KRT8
ETS1,NR2F2
ETS1,PRDM1
ETS1,RUNX3
ETS1,SPP1
ETS1,THBD
ETS1,VEGFA
ETS1,ZEB1
ETV1,EBF1
ETV1,FGF10
ETV4,CCND2
ETV4,DUSP6
ETV4,TWIST1
ETV4,VIM
EWSR1,FGF10
EWSR1,UPP1
EZH2,DKK1
EZH2,HEY2
EZH2,NANOG
EZH2,TRP53
FOSL2,TGFB1
FOXA2,GLI2
FOXA2,IL33
FOXA2,OTX2
FOXA2,SOX17
FOXA2,SOX2
FOXH1,MEF2C
FOXH1,SMAD2
FOXJ3,MEF2C
FOXO1,AKT1
FOXO1,ALPL
FOXO1,CCND1
FOXO1,CCND2
FOXO1,CDKN1A
FOXO1,EGR1
FOXO1,FOXA2
FOXO1,KLF2
FOXO1,PIK3R1
FOXO1,SREBF1
FOXO1,TRIB3
FOXO3,CCND1
FOXO3,CCND2
FOXO3,SIRT1
FOXP1,FGF3
FOXQ1,CDH1
FUS,MDM2
GATA3,FGF10
GATA3,MYCN
GATA3,RUNX3
GATA4,BMP4
GATA4,CCND2
GATA4,DMRT1
GATA4,HEXIM1
GATA4,HSPA5
GATA4,ID2
GATA4,MEF2C
GBX2,OTX2
GLI1,CDH1
GLI1,PDGFRA
GLI1,RUNX3
GLI2,GLI1
GLI2,HES1
GTF2I,AKAP12
GTF2I,CCND1
GTF2I,CSRP2
GTF2I,HSPA5
GTF2I,NSD1
GTF2I,SEC23A
HCFC1,RB1
HDAC1,AKAP12
HDAC1,CDKN1A
HDAC1,JUN
HDAC1,NFKBIA
HDAC1,NFYA
HDAC1,RHOX5
HDAC1,SP1
HDAC1,SPP1
HDAC2,CCNE1
HDAC2,CDKN1A
HDAC2,NFKBIA
HDAC2,SMARCA4
HDAC3,JUN
HDAC3,NFKBIA
HDGF,VEGFA
HES6,HES1
HEXIM1,CCND1
HEXIM1,VEGFA
HEY2,GATA4
HEY2,GATA6
HIF1A,BSG
HIF1A,CITED2
HIF1A,HEY2
HIF1A,MDK
HIF1A,MT1
HIF1A,SNAI1
HIF1A,VEGFA
HMGA1,BRCA1
HMGA2,CDH1
HMGA2,SNAI1
HMGA2,TWIST1
HNF4A,FOXA2
HNF4A,HMGA2
HNRNPD,CRY1
HOXD13,BMP4
HSPB1,CDKN1A
ID2,ALPL
ID3,ALPL
ID3,NOTCH1
ID3,SMARCC1
IKBKB,NFKBIA
IKBKB,TRP53
ILF3,CCNE1
IRF1,CDKN1A
IRF1,MYD88
IRF1,UPP1
IRF3,PURA
IRF3,SOCS2
IRF4,PRDM1
IRF4,RUNX3
IRF4,ZBTB20
JARID2,CCND1
JARID2,NOTCH1
JDP2,ATF3
JDP2,TRP53
JUN,ASAH1
JUN,BCL3
JUN,CCND1
JUN,CCND2
JUN,CCND3
JUN,GNRH1
JUN,ICAM1
JUN,JDP2
JUN,KRT18
JUN,MAPK8
JUN,NACC1
JUN,NFE2L2
JUN,NR3C1
JUN,ODC1
JUN,PDK1
JUN,PLAUR
JUN,PRDM1
JUN,SIRT1
JUN,SMURF1
JUN,SPP1
JUN,TGFB1
JUN,TGM1
JUN,TRP53
JUN,TWIST1
JUND,JUN
KAT2B,GATA4
KAT2B,MEF2C
KEAP1,NFE2L2
KLF10,ARNTL
KLF10,MYCN
KLF10,SMAD2
KLF15,MCM2
KLF2,THBD
KLF3,KLF8
KLF4,CCND2
KLF4,CDH1
KLF4,LEFTY1
KLF4,NANOG
KLF4,RLIM
KLF6,ASAH1
KLF6,CDKN1A
KLF6,SERPINH1
KPNA2,KLF2
KPNA2,KLF4
LDB1,FGF10
LDB1,RUNX1
MAFK,NRF1
MDM2,TRP53
MEF2A,NRF1
MEF2C,CALR
MEF2C,HDAC4
MEF2C,JUN
MEF2C,SOCS2
MEF2D,ATM
MEIS1,KRT19
MEIS1,PAX6
MEN1,EZH2
MEN1,GBX2
MEN1,GLI1
MEN1,JUND
MITF,CDKN1A
MITF,IRF4
MITF,PAX6
MITF,PIK3R1
MLXIPL,TXNIP
MSC,GATA4
MSX2,ALPL
MSX2,DKK1
MSX2,ETS1
MSX2,SRF
MYBL2,POU5F1
MYBL2,RFX2
MYC,BCAT1
MYC,CCNB1
MYC,CCND2
MYC,CDCA7
MYC,CDH1
MYC,CDKN1A
MYC,DKK1
MYC,EED
MYC,EZH2
MYC,HDAC2
MYC,NDRG1
MYC,NFIA
MYC,NOP56
MYC,ODC1
MYC,SNAI1
MYC,SUZ12
MYC,TIMP3
MYC,TRP53
MYC,TRRAP
MYCN,HDAC2
MYCN,IGFBP2
MYCN,NDRG1
MYCN,OTX2
MYCN,SMAD4
NANOG,BMI1
NANOG,DKK1
NANOG,ESRRB
NANOG,GATA6
NANOG,MIR295
NANOG,NR0B1
NANOG,SNAI1
NANOG,ZFP42
NANOG,ZFP57
NCOA3,KLF4
NCOA3,NANOG
NCOA3,NFKBIA
NCOA3,NPAS2
NCOA3,NR0B1
NCOA3,TBX3
NCOR1,HDAC3
NCOR1,HES1
NCOR1,MYBL2
NCOR1,NFKBIA
NDN,MYC
NFE2L2,AKR1B3
NFE2L2,CALCOCO2
NFE2L2,KEAP1
NFE2L2,MCM7
NFE2L2,MDM2
NFE2L2,MT1
NFE2L2,NFATC1
NFE2L2,PRDX1
NFE2L2,SQSTM1
NFE2L2,TGFB1
NFE2L2,TXNIP
NFIC,KLF4
NFIC,MT1
NFIC,PDGFA
NFIC,PDGFRA
NFIL3,BMP4
NFIL3,EOMES
NFIL3,ID2
NFKB2,CCND1
NFKB2,HES1
NFKB2,HIF1A
NFKB2,MYC
NFKB2,SND1
NFYA,ARNTL
NFYA,CCND2
NFYA,E2F1
NFYA,HSPA5
NFYA,HSPB1
NFYA,SREBF1
NFYA,TRP53
NFYB,CCND2
NFYB,SREBF1
NOTCH1,CCND1
NOTCH1,CCNE1
NOTCH1,CDKN1A
NOTCH1,CTNNB1
NOTCH1,DTX1
NOTCH1,HEY2
NOTCH1,RBPJ
NOTCH1,SMARCC1
NOTCH2,HES1
NOTCH4,HES1
NR0B1,HNF4A
NR0B1,POU5F1
NR0B1,SREBF1
NR1D1,ARNTL
NR1D1,GJA1
NR1D1,NFIL3
NR1D2,GJA1
NR1H2,CSRP1
NR2F2,DR1
NR2F2,POU5F1
NR2F2,VEGFA
NR3C1,BRCA1
NR3C1,CCND3
NR3C1,HES1
NR3C1,NFKBIA
NR3C1,NR0B1
NR5A2,CCND1
NR5A2,CCNE1
NR5A2,NANOG
NR5A2,NR0B1
NR5A2,POU5F1
NRF1,ATP1B1
NRF1,GRIN1
NRF1,MT1
NRF1,NR3C1
NRIP1,POU5F1
NUPR1,EP300
OTX2,GNRH1
PARP1,E2F1
PARP1,FN1
PARP1,RELA
PAX1,PDGFRA
PAX6,CRYAB
PAX6,SHROOM3
PAX6,SOX2
PAX6,SP8
PAX6,TCF4
PAX6,TRP53
PAX8,TRP53
PCBP2,TRP53
PELP1,JUN
PELP1,NR3C1
PELP1,NR4A1
PELP1,SRF
PER1,ARNTL
PER1,EGR1
PIAS2,NR3C1
PIAS3,MITF
PITX1,BARX1
PITX2,BMP4
PITX2,GATA4
PITX2,MEF2C
PITX2,PLOD1
PLAG1,EGR1
PLAG1,IGF2
PLAG1,TRP53
PLAGL2,IGF2
PML,MDM2
POU2F1,GNRH1
POU2F1,IRF3
POU4F1,CDKN1A
POU4F1,POU4F2
POU4F1,RUNX3
POU4F2,EOMES
POU5F1,CDKN1A
POU5F1,EED
POU5F1,FGF4
POU5F1,GATA6
POU5F1,KLF2
POU5F1,LEFTY1
POU5F1,NANOG
POU5F1,NR0B1
POU5F1,RIF1
POU5F1,SOX2
POU5F1,TET2
POU5F1,UTF1
POU5F1,ZFP42
PRDM1,ID3
PRDM1,XBP1
PROX1,CCNE1
PROX1,ESRRA
PROX1,NOTCH1
PROX1,PDPN
PROX1,TWIST1
PRRX2,SERPINE2
PURA,E2F1
RARA,LAMB1
RARA,PITX2
RARA,POU5F1
RARG,CYP26A1
RARG,PITX2
RB1,ATF2
RB1,BIN1
RB1,TDGF1
RB1,CCND1
RB1,CDKN1A
RB1,DNMT1
RB1,E2F1
RB1,ELF1
RB1,IGF2
RB1,JUN
RB1,MYBL2
RB1,SP1
RBL1,ALPL
RBL1,HES1
RBL1,MYBL2
RBL1,MYC
RBL1,MYCN
RBMX,JUND
RBPJ,CDKN1A
RBPJ,HES1
RBPJ,NFATC1
RBPJ,PRDM1
RBPJ,RLIM
RELA,AKT1
RELA,APOE
RELA,CCND1
RELA,CSF1
RELA,DNMT1
RELA,EPAS1
RELA,FN1
RELA,GLI1
RELA,HES1
RELA,ICAM1
RELA,IRF4
RELA,MYC
RELA,NRF1
RELA,PSME2
RELA,SERPINE2
RELA,TNFAIP3
RELA,TRP53
RELA,TWIST1
RELA,UPP1
RNF2,SOX2
RNF2,ZFP42
SALL4,POU5F1
SATB1,NANOG
SIN3A,REST
SIN3A,SMARCA4
SIN3B,BMI1
SIRT1,BCLAF1
SIRT1,DKK1
SIRT1,HES1
SIRT1,PARP1
SIRT1,RELA
SIRT1,SMAD3
SIRT1,SREBF1
SIRT1,TRP53
SIX1,CCND1
SIX1,DUSP6
SIX1,SALL1
SKIL,TRP53
SMAD2,CDKN1A
SMAD2,HES1
SMAD2,NANOG
SMAD2,SKIL
SMAD3,CDH1
SMAD3,FN1
SMAD3,JUN
SMAD3,MYC
SMAD3,RIF1
SMAD3,SIRT1
SMAD3,SMAD7
SMAD3,SNAI1
SMAD3,VEGFA
SMAD4,CDH1
SMAD4,CDKN1A
SMAD4,ID2
SMAD4,ID3
SMAD4,JUN
SMAD4,SKIL
SMAD4,SMAD7
SMAD4,SNAI1
SMAD4,TGFB1
SMAD4,VEGFA
SMAD7,NFKBIA
SMAD7,SMAD3
SMAD7,TGFB1
SMAD7,VEGFA
SMARCA2,CALM1
SMARCA2,CDH1
SMARCA4,CALM1
SMARCA4,CDH1
SMARCA4,CDKN1A
SMARCA4,MITF
SMARCA4,NANOG
SMARCA4,NFKBIA
SMARCA4,POU5F1
SMARCA4,REST
SMARCA4,SALL4
SMARCA4,SOX2
SMARCA4,SPARC
SMARCA5,DIDO1
SMARCC1,NANOG
SMARCD1,ARNTL
SNAI1,CDH1
SNAI1,CTNNB1
SNAI1,FN1
SNAI1,HNF4A
SNAI1,KIT
SNAI1,MIR295
SNAI1,NANOG
SNAI1,NR5A2
SNAI1,PHGDH
SNAI1,TCL1
SNAI1,TFCP2L1
SNAI1,THBD
SNAI1,TRP53
SND1,E2F1
SOX17,CCND1
SOX17,CTNNB1
SOX17,FOXA2
SOX17,LAMA1
SOX2,CCND1
SOX2,FGF4
SOX2,LEFTY1
SOX2,MYCN
SOX2,NANOG
SOX2,POU5F1
SOX2,UTF1
SOX2,ZSCAN10
SOX4,CALD1
SOX4,CTNNB1
SOX4,EZH2
SOX4,TCF4
SOX7,FGF3
SOX7,LAMA1
SOX7,SOX4
SP1,APLP1
SP1,APOE
SP1,APP
SP1,ARNTL
SP1,ASAH1
SP1,BMP4
SP1,BSG
SP1,CCND1
SP1,CCND2
SP1,CCND3
SP1,CDKN1A
SP1,CSF1
SP1,CSRP2
SP1,DNMT1
SP1,EGR1
SP1,EPAS1
SP1,ESRRA
SP1,ETS1
SP1,GFPT2
SP1,GHR
SP1,HDAC7
SP1,HMGA1
SP1,HMGA2
SP1,ICAM1
SP1,ITGA6
SP1,JUN
SP1,JUND
SP1,KIT
SP1,LAMA1
SP1,ME1
SP1,MYC
SP1,NANOG
SP1,NDRG1
SP1,NFATC1
SP1,NOTCH1
SP1,NR1H2
SP1,PARP1
SP1,PHGDH
SP1,PLAUR
SP1,POU5F1
SP1,REST
SP1,RHOX5
SP1,SIRT1
SP1,SKIL
SP1,SLC25A4
SP1,SLC7A5
SP1,SMAD7
SP1,SMARCC1
SP1,SPARC
SP1,SREBF1
SP1,TFAP2C
SP1,TGM1
SP1,TIMP3
SP1,TNFAIP3
SP1,VEGFA
SP8,FGF10
SREBF1,CDKN1A
SRF,EGR1
SRF,HMGXB4
SRF,KLF3
SRF,TGFB1I1
SRRT,SOX2
SSB,LAMB1
STAT4,IRF4
STAT5A,GRB10
STAT5A,NR3C1
STAT5A,PSAP
STAT5A,SOCS2
STAT5B,CCND2
SUZ12,CDH1
SUZ12,DKK1
TAF9,TRP53
TBX3,CDKN1A
TBX3,GJA1
TBX3,HNF1B
TCF12,ID2
TCF12,SMARCC1
TCF4,NOTUM
TCF4,CDH1
TCF4,FN1
TCF4,HMGA1
TCF4,ID2
TCF4,ID3
TCF4,MITF
TCF4,MYC
TCF4,PLAUR
TEAD4,FGFR4
TFAP2C,CDKN1A
TFAP2C,DMRT1
TFAP2C,FGF4
TFAP2C,KIT
TFAP2C,KLF4
TFE3,TXNIP
TGFB1,KLF6
TGFB1,MYCN
TGFB1I1,TGFB1
TRIM28,MYC
TRP53,APAF1
TRP53,ATF3
TRP53,BTG2
TRP53,CCNB1
TRP53,CCNB2
TRP53,CDKN1A
TRP53,E2F1
TRP53,EGR1
TRP53,ELF4
TRP53,FOXO3
TRP53,GLIPR1
TRP53,HDGF
TRP53,ID2
TRP53,KLF2
TRP53,KRT19
TRP53,MCM7
TRP53,MDM2
TRP53,MT1
TRP53,MYC
TRP53,NANOG
TRP53,NDRG1
TRP53,NOTCH1
TRP53,NR3C1
TRP53,NUPR1
TRP53,PCBP2
TRP53,PCNA
TRP53,PIAS3
TRP53,PML
TRP53,PROX1
TRP53,RELA
TRP53,RUNX1
TRP53,SIN3A
TRP53,SLC6A6
TRP53,SMAD3
TRP53,SMURF1
TRP53,SREBF1
TRP53,TCF4
TRP53,TCF7L2
TRP53,UHRF1
TRP53,UPP1
TRP53,KLF4
TRP53BP1,ATM
TRP53BP1,BRCA1
TRPS1,RUNX1
TRRAP,MITF
TSG101,MDM2
TWIST1,CDH1
TWIST1,CDKN1A
TWIST1,DKK1
TWIST1,FGF10
TWIST1,MME
TWIST1,PDGFRA
TWIST1,RUNX3
TWIST1,TRP53
TWIST1,ZEB1
TWIST1,ZYX
USF1,MT1
USF1,SPP1
USF1,TNFAIP3
VEZF1,STMN1
WWTR1,ZEB1
XBP1,FOXO1
XBP1,HERPUD1
XBP1,IRF4
XBP1,PRDM1
XBP1,SETD7
XBP1,VEGFA
XRCC5,APAF1
XRCC6,APAF1
YBX1,BMI1
YBX1,NONO
ZBTB7A,CREB3
ZBTB7A,NFATC1
ZEB1,CDH1
ZEB1,GATA3
ZEB1,MITF
ZEB1,TGFB1
ZEB2,CDH1
ZFP148,CDKN1A
ZFP281,NANOG
ZFP335,REST
ZFP423,EBF1
ZFP423,SMAD4
ZFPM1,GATA3
ZIC3,NANOG
ZSCAN10,NANOG
ZSCAN10,POU5F1
AATF,MAGED1
AATF,RB1
AATF,TSG101
ABTB1,EWSR1
AES,POU2F1
AES,TLE1
AGAP3,PML
AIRE,HIST1H2AC
AIRE,HIST1H3H
AIRE,MCM2
AIRE,MCM6
AIRE,MSH2
AIRE,MSH6
AIRE,MYBBP1A
AIRE,NASP
AIRE,NOP56
AIRE,NUP93
AIRE,PCNA
AIRE,POLR2A
AIRE,POLR2B
AIRE,RUVBL2
AIRE,SRSF1
AIRE,SRSF3
AIRE,TOP2A
AIRE,TRIM28
ANKRD49,EWSR1
APBB1,APLP1
APBB1,APP
APBB1,ENAH
APBB1,TRP53
APEX1,HDAC1
APEX1,HDAC2
APEX1,MSH2
APEX1,NOP56
APEX1,PCNA
APEX1,RCC2
APEX1,RUVBL1
APEX1,SIN3A
APEX1,SRM
APEX1,UNG
ARID1A,ACTL6A
ARID1A,CHD7
ARID1A,E2F4
ARID1A,ESRRB
ARID1A,HDAC1
ARID1A,HDAC2
ARID1A,POU5F1
ARID1A,SALL4
ARID1A,SIN3A
ARID1A,SMARCA2
ARID1A,SMARCA4
ARID1A,SMARCB1
ARID1A,SMARCC1
ARID1A,SMARCC2
ARID1A,SMARCD1
ARID1A,SOX2
ARID1A,TFCP2L1
ARID1A,TOP2B
ARID3B,NACC1
ARID3B,POU5F1
ARID5B,NANOG
ARNT2,EPAS1
ARNT2,HIF1A
ARNTL,CRY1
ARNTL,EPAS1
ARNTL,EZH2
ARNTL,HIF1A
ARNTL,NR1D1
ARNTL,RNF14
ARNTL,SIRT1
ASH1L,EWSR1
ASH1L,HIST1H3H
ASH1L,PLOD1
ASH1L,PLOD2
ASH1L,PLOD3
ASH2L,ESRRB
ASH2L,MAFK
ASH2L,POU5F1
ASH2L,RNF2
ASH2L,RUNX1
ASH2L,TFCP2L1
ATF1,APEX1
ATF1,BRCA2
ATF1,CCND3
ATF1,NR4A1
ATF1,PCNA
ATF1,RB1
ATF1,SLC20A1
ATF1,TGM1
ATF2,AKT1
ATF2,EP300
ATF2,JDP2
ATF2,MAPK11
ATF2,MAPK13
ATF2,MAPK3
ATF2,MAPK8
ATF2,PCNA
ATF2,POU5F1
ATF2,TLE1
ATF3,DDIT3
ATF3,EZH2
ATF3,FN1
ATF3,HDAC1
ATF3,HDAC2
ATF3,HDAC3
ATF3,JUN
ATF3,KLF6
ATF3,NDRG1
ATF3,NFE2L2
ATF3,SMARCA4
ATF3,TLE1
ATF3,TRP53
ATF3,VEGFA
ATF4,AKT1
ATF4,DDIT3
ATF4,EP300
ATF4,GABBR1
ATF4,JUN
ATF4,MAPK3
ATF4,MAPKAPK2
ATF4,PCNA
ATF4,RPS6KA6
ATF4,SATB2
ATF6,DDIT3
ATF6,SRF
ATM,BRCA2
ATM,HDAC4
ATM,MDM2
ATM,PCNA
ATM,TRP53BP1
BACH2,ATF4
BACH2,ATP1B1
BACH2,CLDN6
BACH2,CLIC1
BACH2,E2F6
BACH2,ELF4
BACH2,F3
BACH2,GABARAPL1
BACH2,GSN
BACH2,GTF2H3
BACH2,IRF6
BACH2,KLF4
BACH2,LIMCH1
BACH2,MME
BACH2,MYO7A
BACH2,NR4A1
BACH2,NRG2
BACH2,PITX1
BACH2,RARA
BACH2,RARG
BACH2,SATB1
BACH2,SGK1
BACH2,SOD1
BACH2,SQSTM1
BACH2,STAT5B
BACH2,TAF10
BACH2,TUBB6
BACH2,VIM
BACH2,WDR1
BACH2,ZHX3
BARD1,PCBD1
BARD1,TRP53
BARD1,UBE2C
BARD1,UBE2S
BAZ1A,SMARCA5
BCLAF1,JARID2
BCLAF1,SIRT1
BMI1,CBX4
BMI1,CBX8
BMI1,EZH1
BMI1,EZH2
BMI1,GATA6
BMI1,HDAC2
BMI1,PHC1
BMI1,RBBP4
BMI1,RBBP7
BMI1,RNF2
BMI1,RUNX1
BMI1,SUZ12
BRCA1,BRCA2
BRCA1,ETV4
BRCA1,EWSR1
BRCA1,JUN
BRCA1,PARP1
BRCA1,POU2F1
BRCA1,SMARCA2
BRCA2,ATM
BRCA2,BRCA1
BRCA2,BUB1B
BRCA2,RAD51
BRCA2,STAT5A
BRCA2,TRP53
BRD7,PIK3R1
BRD7,SMARCA2
BRD7,SMARCA4
BRPF1,PCBD1
BRPF1,RELA
BRWD1,POU5F1
BTF3,RPL5
BTG1,CNOT7
BTG1,CNOT8
BTG2,CNOT7
BTG2,CNOT8
BTG2,IER2
CBX4,BMI1
CBX4,EZH1
CBX4,EZH2
CBX4,HDAC2
CBX4,PHC1
CBX4,RBBP4
CBX4,RBBP7
CBX4,RNF2
CBX4,SUZ12
CBX6,RNF2
CBX7,HMGA1
CBX7,PHC1
CBX7,RNF2
CBX7,RYBP
CBX8,BMI1
CBX8,RNF2
CDC5L,CTNNBL1
CDC5L,HSPA8
CDC5L,PLRG1
CDC5L,XAB2
CEBPZ,DKC1
CEBPZ,DNAJC2
CEBPZ,NOP56
CEBPZ,SSB
CENPB,PARP1
CHD4,EP300
CHD4,ESRRB
CHD4,EWSR1
CHD4,L3MBTL2
CHD4,NANOG
CHD4,PCBD1
CHD4,POU5F1
CHD4,SALL4
CHD4,SOX2
CHD4,SSBP4
CHD4,TCF12
CHD4,TFCP2L1
CHD4,VEZF1
CHD5,HDAC1
CHD5,HDAC2
CHD5,MTA3
CHD5,POU5F1
CHD7,ARID1A
CHD7,GLI2
CHD7,NDN
CHD7,RBPJ
CHD7,SMARCA4
CHD7,SMARCC2
CHD7,SOX2
CHD7,TULP3
CIC,ZFP275
CITED1,SMAD4
CITED2,EP300
CITED2,HNF4A
CITED2,IKBKB
CITED2,LHX2
CITED2,MYD88
CITED2,RELA
CNOT2,CNOT3
CNOT2,CNOT6
CNOT2,CNOT6L
CNOT2,CNOT7
CNOT2,CNOT8
CNOT3,CNOT2
CNOT3,CNOT6
CNOT3,CNOT6L
CNOT3,CNOT7
CNOT3,CNOT8
CNOT3,DCP1A
CNOT6,CNOT2
CNOT6,CNOT3
CNOT6,CNOT7
CNOT6,CNOT8
CNOT6L,CNOT2
CNOT6L,CNOT3
CNOT6L,CNOT7
CNOT6L,CNOT8
CNOT7,BTG1
CNOT7,BTG2
CNOT7,CNOT2
CNOT7,CNOT3
CNOT7,CNOT6
CNOT7,CNOT6L
CNOT7,CNOT8
CNOT8,BTG1
CNOT8,BTG2
CNOT8,CNOT2
CNOT8,CNOT3
CNOT8,CNOT6
CNOT8,CNOT6L
CNOT8,CNOT7
COIL,RNF2
COPS2,CTNNB1
COPS2,NAA15
COPS2,SSB
CRABP2,APAF1
CRABP2,MYCN
CREB3,AKT1
CREB3,EP300
CREB3L2,MITF
CREB3L2,PCNA
CREB3,MAPK3
CREB3,MITF
CREB3,PCNA
CREB5,PCNA
CREBZF,ESRRA
CRY1,ARNTL
CRY1,EZH2
CRY1,HDAC1
CRY1,HDAC2
CRY1,MYBBP1A
CRY1,NPAS2
CRY1,NR1D1
CRY1,NR1D2
CRY1,PER1
CRY1,PRKAB1
CRY1,SIN3B
CRY1,TIMELESS
CTBP1,CDH1
CTBP1,GLIS2
CTBP1,HDAC1
CTBP1,HDAC2
CTBP1,POU5F1
CTBP1,RBPJ
CTBP1,RUNX1
CTBP1,SOX2
CTBP1,TCF7
CTBP1,TCF7L2
CTBP1,ZEB1
CTBP1,ZFPM1
CTCF,ABCC5
CTCF,ACTL6A
CTCF,ADAM15
CTCF,ADAM19
CTCF,AI506816
CTCF,AIRE
CTCF,AKT1
CTCF,ALPL
CTCF,AMOTL2
CTCF,ANK
CTCF,APBB1
CTCF,APOBEC3
CTCF,APOE
CTCF,ARFGAP1
CTCF,ARID5B
CTCF,ATF2
CTCF,BMI1
CTCF,BMP6
CTCF,BRCA2
CTCF,BRD7
CTCF,CALCOCO2
CTCF,CALR
CTCF,CAR2
CTCF,CARHSP1
CTCF,CD9
CTCF,CITED2
CTCF,CLTC
CTCF,CNN2
CTCF,COL27A1
CTCF,COTL1
CTCF,COX7A1
CTCF,CRAMP1L
CTCF,CUX2
CTCF,CYBA
CTCF,CYP26A1
CTCF,DAZAP2
CTCF,DDB2
CTCF,DDX20
CTCF,DDX5
CTCF,DENND2C
CTCF,DKK1
CTCF,DNMT1
CTCF,DPPA4
CTCF,DTX1
CTCF,DUSP3
CTCF,EBF1
CTCF,EBF4
CTCF,ECHDC2
CTCF,EFEMP2
CTCF,EGR1
CTCF,EHD1
CTCF,ELF2
CTCF,ELF3
CTCF,ELF4
CTCF,ELK4
CTCF,EMX2
CTCF,EP300
CTCF,EPHA4
CTCF,ESRRA
CTCF,FBP2
CTCF,FOSL2
CTCF,FOXA2
CTCF,FOXP1
CTCF,FST
CTCF,FXR2
CTCF,FXYD3
CTCF,GAA
CTCF,GATA3
CTCF,GATA4
CTCF,GCLM
CTCF,GHR
CTCF,GJA1
CTCF,GLI1
CTCF,GLIS2
CTCF,GLUL
CTCF,GNPTAB
CTCF,GORASP2
CTCF,GSN
CTCF,GTF3C5
CTCF,HDAC1
CTCF,HDAC10
CTCF,HEXIM1
CTCF,HIF3A
CTCF,HIP1
CTCF,HIST1H2AG
CTCF,HIST1H2AI
CTCF,HIST1H2BB
CTCF,HIST1H2BF
CTCF,HIST1H2BK
CTCF,HIST1H2BL
CTCF,HIST1H2BN
CTCF,HIST1H3H
CTCF,ICAM1
CTCF,IFI30
CTCF,ILF2
CTCF,ILF3
CTCF,IRF2
CTCF,ITGA9
CTCF,KIT
CTCF,KRTCAP2
CTCF,L1TD1
CTCF,LAMA5
CTCF,LEFTY1
CTCF,LEFTY2
CTCF,LIPG
CTCF,LRRC1
CTCF,LRRC2
CTCF,LRRK1
CTCF,MAGED1
CTCF,MAPK3
CTCF,MDM2
CTCF,MDN1
CTCF,MED4
CTCF,MEF2D
CTCF,MEG3
CTCF,MFSD10
CTCF,MGST3
CTCF,MIS18BP1
CTCF,MLLT1
CTCF,MXD4
CTCF,MYC
CTCF,MYL6
CTCF,MYLPF
CTCF,MYO1C
CTCF,MYO5B
CTCF,MYO7A
CTCF,NACC1
CTCF,NEU1
CTCF,NFATC4
CTCF,NFIL3
CTCF,NFKB2
CTCF,NFKBIA
CTCF,NONO
CTCF,NOTCH4
CTCF,NR2C1
CTCF,NR2F2
CTCF,NR3C1
CTCF,NRF1
CTCF,NRG2
CTCF,OAT
CTCF,P4HB
CTCF,PCBP2
CTCF,PCOLCE
CTCF,PDGFRA
CTCF,PDIA3
CTCF,PFAS
CTCF,PHF1
CTCF,PHF12
CTCF,PHF20
CTCF,PIK3AP1
CTCF,PIK3R1
CTCF,PIPOX
CTCF,PITPNC1
CTCF,PKNOX2
CTCF,PLK2
CTCF,PML
CTCF,POLR1A
CTCF,POLR1B
CTCF,POLR1C
CTCF,POLR1E
CTCF,POLR2H
CTCF,POLR2J
CTCF,POU5F1
CTCF,PRDX1
CTCF,PROS1
CTCF,QDPR
CTCF,RARA
CTCF,RBM14
CTCF,RBM47
CTCF,RBMXL2
CTCF,RCC2
CTCF,REST
CTCF,REV1
CTCF,RFFL
CTCF,RFX2
CTCF,RFX7
CTCF,RNF14
CTCF,RNPEPL1
CTCF,RPL5
CTCF,RRM2
CTCF,RUVBL2
CTCF,S100A6
CTCF,SAT1
CTCF,SATB1
CTCF,SDF2L1
CTCF,SFMBT2
CTCF,SH3PXD2B
CTCF,SHROOM3
CTCF,SIN3A
CTCF,SLC25A22
CTCF,SLC25A39
CTCF,SLC25A5
CTCF,SLC6A8
CTCF,SLC7A5
CTCF,SLC7A6
CTCF,SLC7A7
CTCF,SMAD3
CTCF,SMARCB1
CTCF,SMARCC2
CTCF,SNAI1
CTCF,SNORA17
CTCF,SNORA43
CTCF,SNORD11
CTCF,SNORD49A
CTCF,SNORD49B
CTCF,SNORD83B
CTCF,SNORD93
CTCF,SOX15
CTCF,SOX2
CTCF,SPC25
CTCF,SPOCK1
CTCF,SQSTM1
CTCF,SSB
CTCF,SSBP4
CTCF,ST5
CTCF,STXBP2
CTCF,SUZ12
CTCF,TCERG1
CTCF,TEAD4
CTCF,TFAP2C
CTCF,TFAP4
CTCF,TGFB1
CTCF,TGFB1I1
CTCF,TMED2
CTCF,TMEM150A
CTCF,TNK2
CTCF,TNS1
CTCF,TOP2A
CTCF,TOX4
CTCF,TPM1
CTCF,TRIM2
CTCF,TRIM28
CTCF,TRIP6
CTCF,TRP53
CTCF,TRP53BP1
CTCF,TSPAN4
CTCF,TSPAN9
CTCF,TUBA4A
CTCF,TUBB4B
CTCF,TULP3
CTCF,TYRO3
CTCF,UBTF
CTCF,UHRF1
CTCF,VAMP8
CTCF,VEGFA
CTCF,XRCC5
CTCF,ZBTB39
CTCF,ZC3H7A
CTCF,ZFP219
CTCF,ZFP335
CTCF,ZFP398
CTCF,ZFPM1
CTCF,ZHX3
CTCF,ZYX
CTNNB1,ARHGAP32
CTNNB1,CCND2
CTNNB1,CCND3
CTNNB1,COPS2
CTNNB1,CTNNBIP1
CTNNB1,DKK1
CTNNB1,EP300
CTNNB1,FN1
CTNNB1,GRIN1
CTNNB1,HMGB2
CTNNB1,HTT
CTNNB1,JUN
CTNNB1,MAPK11
CTNNB1,MAPK8
CTNNB1,PIK3R1
CTNNB1,POU5F1
CTNNB1,RAB11A
CTNNB1,RELA
CTNNB1,RUVBL1
CTNNB1,SMARCA4
CTNNB1,SOX2
CTNNB1,TAX1BP3
CTNNB1,TBL1X
CTNNB1,TCF7
CTNNB1,TCF7L2
CTNNB1,USP9X
CTNNBIP1,CTNNB1
CTNNBL1,CDC5L
CTNNBL1,HSPA8
CUX1,SOX2
DAB2,APP
DAB2,GATA6
DAB2,LDLR
DAB2,LRP2
DAB2,PIAS2
DAB2,VEGFA
DAXX,CCND1
DAXX,ETS1
DAXX,MAPK8
DAXX,MDM2
DAXX,PML
DAXX,SMAD4
DAZAP2,NDN
DCP1A,CNOT3
DCP1A,RELA
DDB1,DDB2
DDB1,ERCC3
DDB1,ERCC8
DDB1,GTF2H3
DDB1,GTF2H4
DDB1,POU5F1
DDB1,TRP53
DDB2,DDB1
DDB2,ERCC3
DDB2,GTF2H3
DDB2,GTF2H4
DDB2,TRP53
DDIT3,ANK
DDIT3,ARF4
DDIT3,ASXL1
DDIT3,ATF3
DDIT3,ATF4
DDIT3,ATF6
DDIT3,CDIPT
DDIT3,CIC
DDIT3,CTNNBIP1
DDIT3,E2F4
DDIT3,EDEM1
DDIT3,FAM129B
DDIT3,FHOD1
DDIT3,FOXP1
DDIT3,FRMD4A
DDIT3,GABARAP
DDIT3,ID2
DDIT3,ID3
DDIT3,ILK
DDIT3,IMPDH1
DDIT3,JDP2
DDIT3,LAMC1
DDIT3,LASP1
DDIT3,MAML3
DDIT3,MAPK11
DDIT3,MAPK13
DDIT3,MDM2
DDIT3,MIR1905
DDIT3,NFE2L2
DDIT3,NFYA
DDIT3,PDGFA
DDIT3,PER1
DDIT3,PLOD3
DDIT3,SATB1
DDIT3,SERBP1
DDIT3,SIN3A
DDIT3,SMARCA2
DDIT3,TFAP4
DDIT3,TNS1
DDIT3,TRIB3
DDIT3,TXNIP
DDIT3,XBP1
DDIT3,ZBTB38
DDIT3,ZEB2
DDIT3,ZFP219
DDIT3,ZFP277
DDX20,ETV3
DDX20,HDAC2
DDX20,NCOR1
DDX20,NUP210
DDX20,SIN3A
DDX5,NUPR1
DDX5,RARA
DDX5,SMAD2
DDX5,SMAD3
DDX5,SMAD4
DDX5,SMAD7
DDX5,SMARCA4
DDX5,SNAI1
DEK,KAT2B
DEK,PCNA
DEK,RELA
DIDO1,NANOG
DNAJC2,CEBPZ
DNAJC2,DKC1
DNAJC2,SSB
DNMT1,AHCY
DNMT1,BUB1B
DNMT1,CDH1
DNMT1,DNMT3A
DNMT1,EZH2
DNMT1,HDAC1
DNMT1,HDAC2
DNMT1,HIST1H3H
DNMT1,MCM2
DNMT1,MCM3
DNMT1,MCM4
DNMT1,MCM6
DNMT1,MCM7
DNMT1,MSH6
DNMT1,PARP1
DNMT1,PCNA
DNMT1,RB1
DNMT1,RELA
DNMT1,SOX17
DNMT1,TOX3
DNMT1,TRIM28
DNMT1,UHRF1
DNMT3A,AHCY
DNMT3A,DNMT1
DNMT3A,EHMT2
DNMT3A,EZH2
DR1,KAT2B
DR1,POLE4
DR1,YEATS2
DTX1,NOTCH1
DTX1,NOTCH2
DTX1,NOTCH4
E2F1,ADAM19
E2F1,ADAM23
E2F1,AHCY
E2F1,AIRE
E2F1,AKR1B3
E2F1,ALPL
E2F1,AMOTL2
E2F1,AMPD2
E2F1,APEX1
E2F1,ARHGAP1
E2F1,ARID1A
E2F1,ARPC1B
E2F1,ATF2
E2F1,ATF5
E2F1,ATF7
E2F1,ATP1B1
E2F1,ATP6V0E
E2F1,BARD1
E2F1,BARX1
E2F1,BCAT1
E2F1,BRCA1
E2F1,BRCA2
E2F1,BRD7
E2F1,BRPF1
E2F1,BRWD1
E2F1,BSG
E2F1,BTF3
E2F1,BTG2
E2F1,CACHD1
E2F1,CALR
E2F1,CAR2
E2F1,CBX6
E2F1,CBX7
E2F1,CBX8
E2F1,CCND3
E2F1,CCNE1
E2F1,CDC5L
E2F1,CDCA7
E2F1,CENPB
E2F1,CHD4
E2F1,CITED2
E2F1,CKB
E2F1,CLIC1
E2F1,CNOT3
E2F1,CNOT6L
E2F1,COBL
E2F1,CSRP2
E2F1,CTBP1
E2F1,CTCF
E2F1,CTDSPL
E2F1,CTNNB1
E2F1,D230025D16RIK
E2F1,DAXX
E2F1,DCTPP1
E2F1,DDX21
E2F1,DEK
E2F1,DIDO1
E2F1,DNAJC2
E2F1,E2F2
E2F1,E2F4
E2F1,EHD1
E2F1,EIF2S2
E2F1,EIF4A2
E2F1,ELAVL2
E2F1,ELF1
E2F1,EP300
E2F1,EPHA2
E2F1,ERCC3
E2F1,ERF
E2F1,ETV4
E2F1,EWSR1
E2F1,EZH2
E2F1,FBXO5
E2F1,FHOD1
E2F1,FIZ1
E2F1,FN1
E2F1,FOXD3
E2F1,FOXJ3
E2F1,FUS
E2F1,FUT8
E2F1,GBX2
E2F1,GCLM
E2F1,GJA1
E2F1,GOT1
E2F1,GSR
E2F1,HCFC1
E2F1,HDAC1
E2F1,HDAC10
E2F1,HDGF
E2F1,HELLS
E2F1,HIST1H1B
E2F1,HIST1H2AF
E2F1,HIST1H2AG
E2F1,HIST1H2AI
E2F1,HIST1H2BB
E2F1,HIST1H2BF
E2F1,HIST1H2BL
E2F1,HIST1H2BN
E2F1,HIST1H3H
E2F1,HMGB2
E2F1,HNRNPD
E2F1,HNRNPK
E2F1,HSP90B1
E2F1,ICAM1
E2F1,ID2
E2F1,ID3
E2F1,IFITM2
E2F1,IGF2
E2F1,ING3
E2F1,INSIG1
E2F1,IRF1
E2F1,JAM2
E2F1,KHDRBS1
E2F1,KIT
E2F1,KLF10
E2F1,KLF13
E2F1,KLF4
E2F1,KLF9
E2F1,KRT19
E2F1,L1TD1
E2F1,LHX2
E2F1,LTBP4
E2F1,MANF
E2F1,MATR3
E2F1,MBD2
E2F1,MCM10
E2F1,MCM2
E2F1,MCM3
E2F1,MCM4
E2F1,MCM5
E2F1,MCM6
E2F1,MCM7
E2F1,MDN1
E2F1,MED21
E2F1,MFGE8
E2F1,MORC4
E2F1,MRPS5
E2F1,MSH6
E2F1,MT1
E2F1,MT2
E2F1,MTF2
E2F1,MYBL2
E2F1,MYC
E2F1,MYH9
E2F1,NACC1
E2F1,NASP
E2F1,NCAPD2
E2F1,NCOR1
E2F1,NDN
E2F1,NFATC2IP
E2F1,NFATC4
E2F1,NFIL3
E2F1,NFX1
E2F1,NID1
E2F1,NKRF
E2F1,NOTCH2
E2F1,NR1H2
E2F1,NR3C1
E2F1,NSD1
E2F1,NUP210
E2F1,NUP93
E2F1,ODC1
E2F1,ORC2
E2F1,OTX2
E2F1,PA2G4
E2F1,PARP1
E2F1,PARVB
E2F1,PATZ1
E2F1,PAX6
E2F1,PCOLCE2
E2F1,PDGFA
E2F1,PDIA3
E2F1,PDLIM1
E2F1,PEG10
E2F1,PEG3
E2F1,PELP1
E2F1,PHC1
E2F1,PHF12
E2F1,PLAG1
E2F1,PLSCR1
E2F1,PML
E2F1,POLR1C
E2F1,POLR2A
E2F1,POLR2B
E2F1,POU4F1
E2F1,PRDM5
E2F1,PRDX4
E2F1,PROX1
E2F1,PRPS2
E2F1,PTPN14
E2F1,RAB11A
E2F1,RAD51
E2F1,RBBP4
E2F1,RBBP7
E2F1,RBL1
E2F1,RBMX
E2F1,RBPJ
E2F1,RBPMS2
E2F1,RCC2
E2F1,RCOR2
E2F1,RDM1
E2F1,RELA
E2F1,RNPEPL1
E2F1,RPL5
E2F1,RRM2
E2F1,SALL1
E2F1,SALL4
E2F1,SAP30
E2F1,SDC4
E2F1,SENP3
E2F1,SET
E2F1,SGK1
E2F1,SIN3B
E2F1,SIRT3
E2F1,SIX5
E2F1,SLC12A4
E2F1,SLC16A6
E2F1,SLC1A5
E2F1,SLC20A1
E2F1,SLC25A36
E2F1,SLC7A7
E2F1,SMARCA4
E2F1,SMARCD1
E2F1,SMS
E2F1,SNAPC3
E2F1,SND1
E2F1,SNHG1
E2F1,SNORA62
E2F1,SNORA81
E2F1,SNORD35B
E2F1,SNORD49A
E2F1,SNORD49B
E2F1,SNRPN
E2F1,SNURF
E2F1,SOCS2
E2F1,SOD1
E2F1,SOX15
E2F1,SOX4
E2F1,SP1
E2F1,SPP1
E2F1,SPRY2
E2F1,SPRY4
E2F1,SREBF1
E2F1,SRPRB
E2F1,SRRT
E2F1,SRSF1
E2F1,SRSF3
E2F1,SSBP4
E2F1,STAT5B
E2F1,STMN1
E2F1,STT3A
E2F1,STX5A
E2F1,SUZ12
E2F1,TADA3
E2F1,TAF1
E2F1,TAF9
E2F1,TBRG1
E2F1,TCF4
E2F1,TEAD1
E2F1,TET2
E2F1,TFAP4
E2F1,TFRC
E2F1,TIMELESS
E2F1,TIMP3
E2F1,TMEM214
E2F1,TMEM231
E2F1,TOP2A
E2F1,TOPORS
E2F1,TPM4
E2F1,TRIB3
E2F1,TSG101
E2F1,TXNDC11
E2F1,TYRO3
E2F1,UBE2S
E2F1,UHRF1
E2F1,UNG
E2F1,WDR45
E2F1,XRCC6
E2F1,ZEB1
E2F1,ZFP148
E2F1,ZFP219
E2F1,ZFP236
E2F1,ZFP36L1
E2F1,ZFP532
E2F1,ZIC3
E2F1,ZSCAN10
E2F2,CCND1
E2F2,CCNE1
E2F2,CDKN1A
E2F2,E2F1
E2F2,ORC2
E2F2,RB1
E2F4,ARID1A
E2F4,CCND1
E2F4,CDKN1A
E2F4,E2F1
E2F4,HIST1H3H
E2F4,MYC
E2F4,NDN
E2F4,PCNA
E2F4,RBBP4
E2F4,RBL1
E2F4,SMAD2
E2F4,SMAD3
E2F4,SMAD4
E2F4,TOP2A
E2F6,L3MBTL2
E2F6,PELP1
E2F6,RNF2
E2F6,RUVBL1
E2F6,RYBP
E2F6,SENP3
E2F6,TAF1
E2F6,TAF6
E2F6,TAF9
EBF1,EBF4
EBF4,EBF1
EED,ACTG1
EED,CLTC
EED,EIF2S2
EED,EZH1
EED,EZH2
EED,HDAC1
EED,HIST1H2AC
EED,HNRNPAB
EED,HSP90AA1
EED,JARID2
EED,MTF2
EED,MYBBP1A
EED,NANOG
EED,RBBP4
EED,RBBP7
EED,SETX
EED,SUZ12
EGR1,ACTG1
EGR1,AGAP3
EGR1,AKT1
EGR1,ALPL
EGR1,ANK
EGR1,APBB1
EGR1,ARID3B
EGR1,CIC
EGR1,CLTC
EGR1,CNOT2
EGR1,COL4A2
EGR1,CRIP2
EGR1,CTSL
EGR1,DDAH1
EGR1,DIDO1
EGR1,DUSP9
EGR1,EFEMP2
EGR1,ERF
EGR1,EZH1
EGR1,FGFR3
EGR1,FOXH1
EGR1,FST
EGR1,GALK1
EGR1,GJB3
EGR1,GPRC5C
EGR1,GRIN1
EGR1,HCFC1
EGR1,HIVEP2
EGR1,HMGA1
EGR1,HNRNPAB
EGR1,HSPA8
EGR1,HSPH1
EGR1,IGF2
EGR1,IMPDH1
EGR1,KDM5B
EGR1,KLF6
EGR1,LASP1
EGR1,LY75
EGR1,MATR3
EGR1,MEIS1
EGR1,MSX2
EGR1,MYC
EGR1,MYO1C
EGR1,NFKB2
EGR1,NR3C1
EGR1,PIK3R1
EGR1,PITX1
EGR1,PITX2
EGR1,PLXNB2
EGR1,PPP2R5A
EGR1,PTH1R
EGR1,PURA
EGR1,RARG
EGR1,RBBP7
EGR1,RBM38
EGR1,RNF19A
EGR1,RUNX1
EGR1,SATB2
EGR1,SERBP1
EGR1,SETX
EGR1,SIN3A
EGR1,SIRT1
EGR1,SKIL
EGR1,SLC6A8
EGR1,SMARCA5
EGR1,SNORD17
EGR1,SOCS2
EGR1,SOS2
EGR1,SOX2
EGR1,SP1
EGR1,SRF
EGR1,STAG3
EGR1,STARD10
EGR1,TAF5
EGR1,TAX1BP3
EGR1,TFEB
EGR1,TUBB4B
EGR1,TUBB6
EGR1,TWIST1
EGR1,UBTF
EGR1,ZC3H7A
EGR1,ZFP281
EGR1,ZFP423
EGR1,ZMYM2
EGR1,ZYX
EHMT2,DNMT3A
EHMT2,L3MBTL2
EHMT2,NCOA3
EHMT2,PLOD1
EHMT2,PLOD2
EHMT2,PLOD3
ELF1,SRF
ELK1,CCND1
ELK1,CCND2
ELK1,CCND3
ELK1,MAPK11
ELK1,MAPK13
ELK1,MAPK3
ELK1,MAPK8
ELK1,SIN3A
ELK1,SRF
ELK1,TBPL1
ELK4,MAPK11
ELK4,MAPK13
ELK4,MAPK3
ELK4,SRF
ELK4,TBPL1
EP300,ATF2
EP300,ATF4
EP300,CCND3
EP300,CHD4
EP300,CITED2
EP300,CREB3
EP300,CREB3L2
EP300,CREB5
EP300,CTNNB1
EP300,EPAS1
EP300,FOXO3
EP300,HDAC3
EP300,HES6
EP300,HEY2
EP300,HIF1A
EP300,HK2
EP300,HKDC1
EP300,KAT2B
EP300,KDM3A
EP300,LEFTY1
EP300,LEFTY2
EP300,MAML1
EP300,MAML3
EP300,MED12
EP300,MED15
EP300,MED21
EP300,MED31
EP300,MED4
EP300,MITF
EP300,NCOA3
EP300,NCOA6
EP300,NOTCH1
EP300,NR1D1
EP300,NUPR1
EP300,PDK1
EP300,PFKL
EP300,PIK3R1
EP300,PITX2
EP300,RARA
EP300,RARG
EP300,RBPJ
EP300,RELA
EP300,SIRT1
EP300,SMAD2
EP300,SMAD4
EP300,SMAD7
EP300,SP1
EP300,SREBF1
EP300,STAT4
EP300,STAT5B
EP300,TCF12
EP300,TCF7
EP300,TCF7L2
EP300,TFRC
EP300,TGFB1
EP300,TRP53
EP300,UBTF
EP300,USF1
EP300,VEGFA
EP400,ACTG1
EP400,ACTL6A
EP400,ESRRB
EP400,MYC
EP400,POU5F1
EP400,RNF2
EP400,TFCP2L1
EP400,TRRAP
EPAS1,ARNT2
EPAS1,ARNTL
EPAS1,EP300
EPAS1,PDGFA
EPAS1,TGFB1
EPAS1,VEGFA
ERCC3,DDB1
ERCC3,DDB2
ERCC3,ERCC8
ERCC3,GTF2H3
ERCC3,GTF2H4
ERCC3,POLR1A
ERCC3,POLR1B
ERCC3,POLR1C
ERCC3,POLR2B
ERCC3,POLR2E
ERCC3,POLR2H
ERCC3,POLR2I
ERCC3,POLR2J
ERCC3,POLR2K
ERCC3,TAF1
ERCC3,TAF6
ERCC3,TAF9
ERCC3,TCEA1
ERCC3,XAB2
ERCC8,DDB1
ERCC8,ERCC3
ERCC8,EWSR1
ERCC8,GTF2H3
ERCC8,GTF2H4
ERCC8,NCOA3
ERCC8,PCBD1
ERCC8,POLR2B
ERCC8,POLR2E
ERCC8,POLR2H
ERCC8,POLR2I
ERCC8,POLR2J
ERCC8,POLR2K
ERCC8,SSBP4
ERCC8,TCEA1
ERCC8,WWTR1
ERCC8,XAB2
ESPL1,BUB1B
ESPL1,CCNB1
ESPL1,CCNB2
ESPL1,CDC20
ESPL1,KNTC1
ESPL1,MCM2
ESPL1,TPX2
ESPL1,UBE2C
ESPL1,UHRF1
ESRRA,CREBZF
ESRRA,ESRRB
ESRRA,KAT2B
ESRRA,SIRT1
ESRRA,TFCP2L1
ESRRB,1110038B12RIK
ESRRB,4930402H24RIK
ESRRB,ACADM
ESRRB,ACTL6A
ESRRB,AES
ESRRB,ALPL
ESRRB,ANKRD6
ESRRB,APOE
ESRRB,ARID1A
ESRRB,ASH2L
ESRRB,ASNS
ESRRB,ASS1
ESRRB,ATF1
ESRRB,ATF3
ESRRB,ATP13A3
ESRRB,ATP1B1
ESRRB,BARD1
ESRRB,BCAT1
ESRRB,BCL3
ESRRB,BMI1
ESRRB,BMPER
ESRRB,BTG2
ESRRB,CALU
ESRRB,CAR2
ESRRB,CCNE1
ESRRB,CDH6
ESRRB,CEBPZ
ESRRB,CHD4
ESRRB,CKB
ESRRB,CLTC
ESRRB,COBLL1
ESRRB,COIL
ESRRB,COL18A1
ESRRB,COL4A2
ESRRB,COMMD3
ESRRB,CSTB
ESRRB,DDAH1
ESRRB,DDX54
ESRRB,DNMT1
ESRRB,DNMT3A
ESRRB,DPPA2
ESRRB,EIF4A2
ESRRB,ELK4
ESRRB,ENAH
ESRRB,EP400
ESRRB,EPHA4
ESRRB,ESRRA
ESRRB,ETL4
ESRRB,ETV5
ESRRB,FABP3
ESRRB,FAM129B
ESRRB,FBLIM1
ESRRB,FBXO15
ESRRB,FGF4
ESRRB,FLRT3
ESRRB,FOXD3
ESRRB,FOXP1
ESRRB,FRRS1
ESRRB,FXYD6
ESRRB,GABARAPL2
ESRRB,GABPA
ESRRB,GALK1
ESRRB,GALNT2
ESRRB,GATAD2B
ESRRB,GLI2
ESRRB,GOT1
ESRRB,GRAMD1A
ESRRB,HCFC1
ESRRB,HDAC1
ESRRB,HDAC2
ESRRB,HES1
ESRRB,HMGA1
ESRRB,HMGXB4
ESRRB,HNF4A
ESRRB,HSD17B14
ESRRB,ICAM1
ESRRB,IFITM2
ESRRB,IGFBP2
ESRRB,ING3
ESRRB,ITPK1
ESRRB,JAM2
ESRRB,JDP2
ESRRB,JMJD1C
ESRRB,JUN
ESRRB,JUND
ESRRB,KANK3
ESRRB,KDM5B
ESRRB,KLF13
ESRRB,KLF4
ESRRB,L3MBTL2
ESRRB,LAMA1
ESRRB,LRRC2
ESRRB,LRRC8D
ESRRB,LY6G6E
ESRRB,LY75
ESRRB,MED12
ESRRB,MED15
ESRRB,MED4
ESRRB,MEN1
ESRRB,MFSD10
ESRRB,MGST3
ESRRB,MIR1192
ESRRB,MIR291B
ESRRB,MIR295
ESRRB,MSI2
ESRRB,MTA3
ESRRB,MTF2
ESRRB,MYBL2
ESRRB,MYCN
ESRRB,MYH9
ESRRB,MYL6
ESRRB,NCOA3
ESRRB,NDRG4
ESRRB,NFATC3
ESRRB,NFE2L1
ESRRB,NFIC
ESRRB,NFX1
ESRRB,NFYB
ESRRB,NIPSNAP1
ESRRB,NOTCH4
ESRRB,NOTUM
ESRRB,NR1D1
ESRRB,NR1D2
ESRRB,NR2F6
ESRRB,NR4A1
ESRRB,NR5A2
ESRRB,NRIP1
ESRRB,NUPR1
ESRRB,OAT
ESRRB,PBXIP1
ESRRB,PCOLCE
ESRRB,PCSK6
ESRRB,PDPN
ESRRB,PIK3AP1
ESRRB,PIPOX
ESRRB,PML
ESRRB,POLR2A
ESRRB,POLR2B
ESRRB,POLR2H
ESRRB,POLR3D
ESRRB,POU5F1
ESRRB,PRDM14
ESRRB,PTH1R
ESRRB,PURA
ESRRB,RAB3IL1
ESRRB,RARA
ESRRB,RARG
ESRRB,RASGRP2
ESRRB,RBBP4
ESRRB,RBM38
ESRRB,RBM47
ESRRB,RBMS1
ESRRB,RBPJ
ESRRB,RBPMS2
ESRRB,RCOR2
ESRRB,RDM1
ESRRB,RIF1
ESRRB,RNF2
ESRRB,RPP25
ESRRB,SALL1
ESRRB,SALL4
ESRRB,SENP3
ESRRB,SEPT1
ESRRB,SGK1
ESRRB,SLC20A1
ESRRB,SLC25A36
ESRRB,SLC25A39
ESRRB,SLC25A5
ESRRB,SLC6A6
ESRRB,SLC6A8
ESRRB,SMARCA4
ESRRB,SMARCA5
ESRRB,SMARCC1
ESRRB,SMARCD1
ESRRB,SNHG3
ESRRB,SNORA81
ESRRB,SNORD35B
ESRRB,SOD1
ESRRB,SPC25
ESRRB,SPP1
ESRRB,SPRY2
ESRRB,SRI
ESRRB,SRSF3
ESRRB,STAG3
ESRRB,STAT5A
ESRRB,TAF10
ESRRB,TAF6
ESRRB,TAF9
ESRRB,TBX3
ESRRB,TCF15
ESRRB,TCN2
ESRRB,TDH
ESRRB,TEAD3
ESRRB,TEAD4
ESRRB,TFCP2L1
ESRRB,THBD
ESRRB,THRAP3
ESRRB,TIMELESS
ESRRB,TIMP3
ESRRB,TMED9
ESRRB,TMEM231
ESRRB,TRH
ESRRB,TRIM25
ESRRB,TRRAP
ESRRB,TXNDC12
ESRRB,UBP1
ESRRB,VEGFA
ESRRB,YEATS4
ESRRB,ZBTB43
ESRRB,ZFP42
ESRRB,ZFP462
ESRRB,ZFP600
ETS1,ARHGAP1
ETS1,ATM
ETS1,BRD7
ETS1,DAXX
ETS1,DNAJC2
ETS1,GABARAPL2
ETS1,GTF3C1
ETS1,HDAC1
ETS1,ITGAV
ETS1,KIT
ETS1,KRT18
ETS1,MAPK3
ETS1,MEF2A
ETS1,MYC
ETS1,MYL6
ETS1,NR1H2
ETS1,NR2F6
ETS1,POFUT2
ETS1,PRKAB1
ETS1,RASGRP2
ETS1,RUNX1
ETS1,SLC25A5
ETS1,SP1
ETS1,SRF
ETS1,TBPL1
ETS1,TCOF1
ETS1,ZFP36L1
ETS1,ZFP462
ETV4,BRCA1
ETV4,FGFR3
ETV4,FGFR4
ETV4,KRT8
ETV4,LDB1
ETV4,PAX8
ETV4,PCNA
ETV4,SAT1
ETV4,SPP1
ETV4,SRF
ETV6,MAPK3
ETV6,PTH1R
ETV6,SIN3A
EWSR1,ABTB1
EWSR1,ANKRD49
EWSR1,ASH1L
EWSR1,BRCA1
EWSR1,CHD4
EWSR1,ERCC8
EWSR1,HDAC10
EWSR1,JARID2
EWSR1,MTF2
EWSR1,NAA15
EWSR1,NKRF
EWSR1,PER1
EWSR1,PHF1
EWSR1,PMS1
EWSR1,POLR1A
EWSR1,POLR2B
EWSR1,POLR3F
EWSR1,POU5F1
EWSR1,RAI14
EWSR1,RARA
EWSR1,REST
EWSR1,RFXAP
EWSR1,SALL4
EWSR1,SIRT2
EWSR1,SREBF1
EWSR1,TRPS1
EWSR1,UBP1
EWSR1,XAB2
EWSR1,ZBTB24
EWSR1,ZFP281
EWSR1,ZFP42
EWSR1,ZSWIM4
EZH1,BMI1
EZH1,CBX4
EZH1,EED
EZH1,EZH2
EZH1,HDAC2
EZH1,JARID2
EZH1,MTF2
EZH1,PHC1
EZH1,RBBP4
EZH1,RBBP7
EZH1,RNF2
EZH1,SUZ12
EZH2,ARNTL
EZH2,ATF3
EZH2,BMI1
EZH2,BUB1B
EZH2,CBX4
EZH2,CRY1
EZH2,DNMT1
EZH2,DNMT3A
EZH2,EED
EZH2,EZH1
EZH2,GATA4
EZH2,HDAC1
EZH2,HDAC2
EZH2,HIST1H3H
EZH2,HTT
EZH2,JARID2
EZH2,MCM2
EZH2,MCM3
EZH2,MCM4
EZH2,MCM6
EZH2,MCM7
EZH2,MTF2
EZH2,MYC
EZH2,PCNA
EZH2,PHC1
EZH2,PHF1
EZH2,POLR2A
EZH2,RBBP4
EZH2,RBBP7
EZH2,RNF2
EZH2,RUNX3
EZH2,SETX
EZH2,SIRT1
EZH2,SOX17
EZH2,SUZ12
EZH2,TIMP3
EZH2,TLE1
EZH2,TOP2A
EZH2,UHRF1
FHL2,CCND1
FHL2,FOXO1
FHL2,NCOA3
FHL2,NCOA6
FHL2,SIRT1
FIZ1,KIT
FOSL2,MAPK11
FOSL2,MAPK13
FOSL2,MAPK8
FOXA2,GATA6
FOXA2,HES6
FOXA2,HIF1A
FOXA2,NFATC3
FOXD3,ARID1A
FOXD3,CHN2
FOXD3,CTNNB1
FOXD3,DUSP6
FOXD3,HK2
FOXD3,KDM3A
FOXD3,KLF4
FOXD3,MEIS1
FOXD3,MOV10
FOXD3,NFIB
FOXD3,NFIL3
FOXD3,NR2F2
FOXD3,OTX2
FOXD3,RBM47
FOXD3,SATB1
FOXD3,SGK1
FOXD3,SNORA81
FOXD3,TBX3
FOXD3,TEAD1
FOXD3,ZBTB38
FOXD3,ZEB2
FOXH1,SMAD3
FOXH1,SMAD4
FOXJ2,ALPL
FOXJ2,ARHGAP21
FOXJ2,ATP1B1
FOXJ2,CALCOCO1
FOXJ2,CDH6
FOXJ2,CDKN1A
FOXJ2,CITED2
FOXJ2,CLDN6
FOXJ2,CTNNB1
FOXJ2,DIDO1
FOXJ2,ESRRB
FOXJ2,ETL4
FOXJ2,ETV1
FOXJ2,FOXQ1
FOXJ2,HDAC7
FOXJ2,INTS12
FOXJ2,LHX2
FOXJ2,LMO4
FOXJ2,LRRC1
FOXJ2,MAML1
FOXJ2,MIR1905
FOXJ2,MIR669A-1
FOXJ2,MSX2
FOXJ2,NFXL1
FOXJ2,NR2F2
FOXJ2,PDCD4
FOXJ2,PDCD6IP
FOXJ2,PRDM1
FOXJ2,RBM47
FOXJ2,RFFL
FOXJ2,RUNX1
FOXJ2,SALL1
FOXJ2,SATB1
FOXJ2,SEC23A
FOXJ2,SGK1
FOXJ2,SND1
FOXJ2,SPNS2
FOXJ2,TEX264
FOXJ2,TLE1
FOXJ2,TOX3
FOXJ2,TRIM2
FOXJ2,TRPS1
FOXJ2,TXNDC11
FOXJ2,TXNDC12
FOXJ2,USP3
FOXJ2,ZBTB20
FOXJ2,ZEB2
FOXO1,AATF
FOXO1,BTG1
FOXO1,CACHD1
FOXO1,CREB5
FOXO1,CTNNB1
FOXO1,CTSL
FOXO1,DDB1
FOXO1,ETV5
FOXO1,FBP2
FOXO1,FHL2
FOXO1,GABARAP
FOXO1,GABPA
FOXO1,GNRH1
FOXO1,HDAC4
FOXO1,HEXIM1
FOXO1,HIVEP2
FOXO1,HNF4A
FOXO1,ID2
FOXO1,IRF4
FOXO1,LMO4
FOXO1,MME
FOXO1,MOV10
FOXO1,MSX2
FOXO1,NFATC1
FOXO1,NFE2L1
FOXO1,ORC2
FOXO1,OTX2
FOXO1,PATZ1
FOXO1,PHF14
FOXO1,PITPNC1
FOXO1,PITX2
FOXO1,PRDM1
FOXO1,PROX1
FOXO1,SATB2
FOXO1,SGK1
FOXO1,SIRT1
FOXO1,SIRT2
FOXO1,SLC25A39
FOXO1,SNORA23
FOXO1,SP8
FOXO1,SQSTM1
FOXO1,STT3A
FOXO1,TCF15
FOXO1,TCF20
FOXO1,TFAP4
FOXO1,TGIF1
FOXO1,TSPAN4
FOXO1,VCAN
FOXO3,AKT1
FOXO3,BTG1
FOXO3,CNOT6
FOXO3,CNOT6L
FOXO3,CRIP2
FOXO3,CUX2
FOXO3,D230025D16RIK
FOXO3,DDB1
FOXO3,EP300
FOXO3,ETV5
FOXO3,FOXP1
FOXO3,HEXIM1
FOXO3,HIF1A
FOXO3,HIVEP2
FOXO3,ID2
FOXO3,IRF4
FOXO3,ISYNA1
FOXO3,MCM7
FOXO3,MDM2
FOXO3,MME
FOXO3,NFATC1
FOXO3,NRG1
FOXO3,ORC2
FOXO3,OTX2
FOXO3,PHF12
FOXO3,PITX2
FOXO3,PRDM1
FOXO3,PROX1
FOXO3,PURA
FOXO3,RAPGEF3
FOXO3,SMAD7
FOXO3,SMARCA2
FOXO3,SOX2
FOXO3,SQSTM1
FOXO3,TBL1X
FOXO3,TCF15
FOXO3,TFAP4
FOXO3,TGIF1
FOXO3,TNK2
FOXO3,TOX4
FOXO3,TSPAN4
FOXO3,VCAN
FOXO3,WDFY1
FOXO3,WWTR1
FOXO3,ZBTB43
FOXO3,ZFP277
FOXP1,HTT
FOXP1,PER1
FOXP1,PHF2
FOXP1,SMAD4
FUBP3,POU5F1
FUS,GRIN1
FUS,RARA
FXR1,NANOG
GABPA,POU5F1
GATA3,BMP6
GATA3,DDX5
GATA3,DNMT3A
GATA3,ETV1
GATA3,GATA6
GATA3,HDAC7
GATA3,JUN
GATA3,LAMB1
GATA3,LRP2
GATA3,LRRC2
GATA3,PKNOX2
GATA3,RPS6KA6
GATA3,SFPQ
GATA3,SOX2
GATA3,SPRY2
GATA3,ST3GAL6
GATA3,TRP53
GATA3,ZFP219
GATA3,ZFPM1
GATA4,CTCF
GATA4,EP300
GATA4,EZH2
GATA4,GATA6
GATA4,JARID2
GATA4,POLR2A
GATA4,POU5F1
GATA4,RNF2
GATA4,RYBP
GATA4,SMAD2
GATA4,SMAD3
GATA4,SMAD4
GATA4,SMARCA4
GATA6,BMI1
GATA6,CALR
GATA6,CDKN1A
GATA6,DAB2
GATA6,FOXA2
GATA6,GATA3
GATA6,GATA4
GATA6,SMAD4
GATA6,SOX17
GATA6,TBX3
GATA6,ZFPM1
GATAD2B,ESRRB
GATAD2B,L3MBTL2
GATAD2B,MBD2
GATAD2B,NACC1
GATAD2B,NANOG
GATAD2B,POU5F1
GATAD2B,SALL4
GATAD2B,TFCP2L1
GLI1,BMP4
GLI1,FOXA2
GLI1,GLI2
GLI1,SERPINE2
GLI1,SMARCB1
GLI1,SMARCC2
GLI2,BMP4
GLI2,CCND2
GLI2,CHD7
GLI2,FOXA2
GLI2,HDAC4
GLI2,HDAC5
GLI2,PIAS1
GLI2,POU5F1
GLI2,SOX2
GLI2,TULP3
GLIS2,CTBP1
GLIS2,HDAC3
GRHL1,NCOA3
GRHL1,NCOA6
GTF2A1L,TBPL1
GTF2H3,DDB1
GTF2H3,DDB2
GTF2H3,ERCC3
GTF2H3,ERCC8
GTF2H3,GTF2H4
GTF2H3,POLR1A
GTF2H3,POLR1B
GTF2H3,POLR1C
GTF2H3,POLR2B
GTF2H3,POLR2E
GTF2H3,POLR2H
GTF2H3,POLR2I
GTF2H3,POLR2J
GTF2H3,POLR2K
GTF2H3,TAF1
GTF2H3,TAF6
GTF2H3,TAF9
GTF2H3,TCEA1
GTF2H3,XAB2
GTF2H4,DDB1
GTF2H4,DDB2
GTF2H4,ERCC3
GTF2H4,ERCC8
GTF2H4,GTF2H3
GTF2H4,POLR1A
GTF2H4,POLR1B
GTF2H4,POLR1C
GTF2H4,POLR2B
GTF2H4,POLR2E
GTF2H4,POLR2H
GTF2H4,POLR2I
GTF2H4,POLR2J
GTF2H4,POLR2K
GTF2H4,TAF1
GTF2H4,TAF6
GTF2H4,TAF9
GTF2H4,TCEA1
GTF2H4,XAB2
GTF2I,HDAC3
GTF2I,PIAS2
GTF2I,POU5F1
GTF2I,SMAD4
GTF2I,SRF
GTF3C1,POLR1C
GTF3C1,POLR2E
GTF3C1,POLR2H
GTF3C1,POLR2K
GTF3C1,POLR3B
GTF3C1,POLR3D
GTF3C1,POLR3F
GTF3C1,TOX3
HCFC1,ESRRB
HCFC1,NDN
HCFC1,POU5F1
HCFC1,RUNX1
HCFC1,TFCP2L1
HDAC10,EWSR1
HDAC10,HDAC1
HDAC10,HDAC11
HDAC10,HDAC2
HDAC10,HDAC4
HDAC10,HDAC7
HDAC10,HIST1H2AC
HDAC10,HIST1H2AF
HDAC10,HIST1H2AG
HDAC10,HIST1H2AI
HDAC10,HIST1H2AK
HDAC10,HIST1H2BB
HDAC10,HIST1H2BF
HDAC10,HIST1H2BK
HDAC10,HIST1H2BL
HDAC10,HIST1H2BN
HDAC10,MAML1
HDAC10,MBD2
HDAC10,MTA3
HDAC10,PAX6
HDAC10,PHF12
HDAC10,RBBP4
HDAC10,RBBP7
HDAC10,SALL1
HDAC10,SAP30
HDAC10,SATB2
HDAC10,ZFP236
HDAC10,ZFP275
HDAC11,HDAC1
HDAC11,HDAC10
HDAC11,HDAC2
HDAC11,HDAC4
HDAC11,HDAC7
HDAC11,HIST1H2AC
HDAC11,HIST1H2AF
HDAC11,HIST1H2AG
HDAC11,HIST1H2AI
HDAC11,HIST1H2AK
HDAC11,HIST1H2BB
HDAC11,HIST1H2BF
HDAC11,HIST1H2BK
HDAC11,HIST1H2BL
HDAC11,HIST1H2BN
HDAC11,MBD2
HDAC11,MTA3
HDAC11,PHF12
HDAC11,RBBP4
HDAC11,RBBP7
HDAC11,SALL1
HDAC11,SAP30
HDAC11,SATB2
HDAC11,SIRT1
HDAC1,APEX1
HDAC1,ARID1A
HDAC1,ATF3
HDAC1,CCND1
HDAC1,CCNE1
HDAC1,CHD5
HDAC1,CRY1
HDAC1,CTBP1
HDAC1,DNMT1
HDAC1,E2F1
HDAC1,EED
HDAC1,ESRRB
HDAC1,ETS1
HDAC1,EZH2
HDAC1,HDAC10
HDAC1,HDAC11
HDAC1,HDAC2
HDAC1,HDAC4
HDAC1,HDAC7
HDAC1,HIST1H2AC
HDAC1,HIST1H2AF
HDAC1,HIST1H2AG
HDAC1,HIST1H2AI
HDAC1,HIST1H2AK
HDAC1,HIST1H2BB
HDAC1,HIST1H2BF
HDAC1,HIST1H2BK
HDAC1,HIST1H2BL
HDAC1,HIST1H2BN
HDAC1,HIST1H3H
HDAC1,IFRD1
HDAC1,JDP2
HDAC1,KAT2B
HDAC1,KDM5B
HDAC1,KLF13
HDAC1,KLF6
HDAC1,L3MBTL2
HDAC1,MBD2
HDAC1,MSX2
HDAC1,MTA3
HDAC1,MYBBP1A
HDAC1,NANOG
HDAC1,NFKB2
HDAC1,PHB2
HDAC1,PHF12
HDAC1,PIAS2
HDAC1,POU5F1
HDAC1,RB1
HDAC1,RBBP4
HDAC1,RBBP7
HDAC1,RBPJ
HDAC1,RELA
HDAC1,RERE
HDAC1,RUNX1
HDAC1,SALL1
HDAC1,SALL4
HDAC1,SAP30
HDAC1,SATB2
HDAC1,SIN3A
HDAC1,SIN3B
HDAC1,SIRT1
HDAC1,SMAD4
HDAC1,SMARCA4
HDAC1,SOX2
HDAC1,STAT5A
HDAC1,TBX3
HDAC1,TCF7L2
HDAC1,TET1
HDAC1,TET2
HDAC1,TFCP2L1
HDAC1,TLE1
HDAC1,TRP53
HDAC1,UBTF
HDAC1,ZBTB7A
HDAC1,ZFPM1
HDAC2,APEX1
HDAC2,ARID1A
HDAC2,ATF3
HDAC2,BMI1
HDAC2,CBX4
HDAC2,CHD5
HDAC2,CRY1
HDAC2,CTBP1
HDAC2,DDX20
HDAC2,DNMT1
HDAC2,ESRRB
HDAC2,EZH1
HDAC2,EZH2
HDAC2,HDAC1
HDAC2,HDAC10
HDAC2,HDAC11
HDAC2,HDAC4
HDAC2,HDAC7
HDAC2,HIST1H2AC
HDAC2,HIST1H2AF
HDAC2,HIST1H2AG
HDAC2,HIST1H2AI
HDAC2,HIST1H2AK
HDAC2,HIST1H2BB
HDAC2,HIST1H2BF
HDAC2,HIST1H2BK
HDAC2,HIST1H2BL
HDAC2,HIST1H2BN
HDAC2,HIST1H3H
HDAC2,JDP2
HDAC2,L3MBTL2
HDAC2,MBD2
HDAC2,MTA3
HDAC2,MYBBP1A
HDAC2,NANOG
HDAC2,PARP1
HDAC2,PHC1
HDAC2,PHF12
HDAC2,PML
HDAC2,POU5F1
HDAC2,RB1
HDAC2,RBBP4
HDAC2,RBBP7
HDAC2,RBPJ
HDAC2,RNF2
HDAC2,RUNX1
HDAC2,SALL1
HDAC2,SALL4
HDAC2,SAP30
HDAC2,SATB2
HDAC2,SIN3A
HDAC2,SMARCA2
HDAC2,SMARCB1
HDAC2,SMARCC1
HDAC2,SOX2
HDAC2,SUZ12
HDAC2,TCF7L2
HDAC2,TET1
HDAC2,TET2
HDAC2,TFCP2L1
HDAC2,ZFPM1
HDAC3,ATF3
HDAC3,CALM2
HDAC3,CCND1
HDAC3,CCND3
HDAC3,EP300
HDAC3,GLIS2
HDAC3,GTF2I
HDAC3,HDAC4
HDAC3,HDAC7
HDAC3,HIF1A
HDAC3,HIST1H2AC
HDAC3,HIST1H2AF
HDAC3,HIST1H2AG
HDAC3,HIST1H2AI
HDAC3,HIST1H2AK
HDAC3,HIST1H2BB
HDAC3,HIST1H2BF
HDAC3,HIST1H2BK
HDAC3,HIST1H2BL
HDAC3,HIST1H2BN
HDAC3,JDP2
HDAC3,KLF6
HDAC3,KNTC1
HDAC3,MAML1
HDAC3,MAML3
HDAC3,MED12
HDAC3,MED15
HDAC3,MED21
HDAC3,MED31
HDAC3,MED4
HDAC3,NCOA3
HDAC3,NCOA6
HDAC3,NCOR1
HDAC3,NOTCH1
HDAC3,NPAS2
HDAC3,NR1D1
HDAC3,NUSAP1
HDAC3,PROX1
HDAC3,SIN3B
HDAC3,SMARCA4
HDAC3,SOX2
HDAC3,SP1
HDAC3,TGFB1
HDAC3,TPX2
HDAC4,ATM
HDAC4,FOXO1
HDAC4,GJA1
HDAC4,GLI2
HDAC4,HDAC1
HDAC4,HDAC10
HDAC4,HDAC11
HDAC4,HDAC2
HDAC4,HDAC3
HDAC4,HDAC7
HDAC4,HIST1H2AC
HDAC4,HIST1H2AF
HDAC4,HIST1H2AG
HDAC4,HIST1H2AI
HDAC4,HIST1H2AK
HDAC4,HIST1H2BB
HDAC4,HIST1H2BF
HDAC4,HIST1H2BK
HDAC4,HIST1H2BL
HDAC4,HIST1H2BN
HDAC4,IFRD1
HDAC4,MBD2
HDAC4,MEF2A
HDAC4,MEF2C
HDAC4,MEF2D
HDAC4,MTA3
HDAC4,PHF12
HDAC4,RBBP4
HDAC4,RBBP7
HDAC4,SALL1
HDAC4,SAP30
HDAC4,SATB2
HDAC5,GLI2
HDAC5,HIST1H2AC
HDAC5,HIST1H2AF
HDAC5,HIST1H2AG
HDAC5,HIST1H2AI
HDAC5,HIST1H2AK
HDAC5,HIST1H2BB
HDAC5,HIST1H2BF
HDAC5,HIST1H2BK
HDAC5,HIST1H2BL
HDAC5,HIST1H2BN
HDAC5,MEF2A
HDAC5,MEF2C
HDAC5,MEF2D
HDAC7,HDAC1
HDAC7,HDAC10
HDAC7,HDAC11
HDAC7,HDAC2
HDAC7,HDAC3
HDAC7,HDAC4
HDAC7,HIST1H2AC
HDAC7,HIST1H2AF
HDAC7,HIST1H2AG
HDAC7,HIST1H2AI
HDAC7,HIST1H2AK
HDAC7,HIST1H2BB
HDAC7,HIST1H2BF
HDAC7,HIST1H2BK
HDAC7,HIST1H2BL
HDAC7,HIST1H2BN
HDAC7,MAML1
HDAC7,MAML3
HDAC7,MBD2
HDAC7,MEF2C
HDAC7,MITF
HDAC7,MTA3
HDAC7,NOTCH1
HDAC7,PHF12
HDAC7,RBBP4
HDAC7,RBBP7
HDAC7,SALL1
HDAC7,SAP30
HDAC7,SATB2
HDGF,POU5F1
HES1,HES6
HES1,MAML1
HES1,MAML3
HES1,NOTCH1
HES1,SIRT1
HES6,EP300
HES6,FOXA2
HES6,HIF1A
HES6,MSC
HES6,MYCN
HES6,TLE1
HEY2,EP300
HEY2,ID4
HEY2,MAML1
HEY2,MAML3
HEY2,NOTCH1
HIF1A,ARNT2
HIF1A,ARNTL
HIF1A,CDKN1A
HIF1A,CTSD
HIF1A,EP300
HIF1A,FN1
HIF1A,FOXA2
HIF1A,FOXO3
HIF1A,HDAC3
HIF1A,HES6
HIF1A,HIF3A
HIF1A,HK2
HIF1A,HKDC1
HIF1A,KRT18
HIF1A,KRT19
HIF1A,NCOA3
HIF1A,NCOA6
HIF1A,NOTCH1
HIF1A,NPAS2
HIF1A,NR1D1
HIF1A,P4HA1
HIF1A,P4HB
HIF1A,PDGFA
HIF1A,PDK1
HIF1A,PFKL
HIF1A,PLAUR
HIF1A,PLOD1
HIF1A,PLOD2
HIF1A,SMAD3
HIF1A,TFRC
HIF1A,TGFB1
HIF1A,TRP53
HIF3A,HIF1A
HIF3A,VEGFA
HIST1H1B,NASP
HIST1H1D,NASP
HIST1H2BB,HDAC1
HIST1H2BB,HDAC10
HIST1H2BB,HDAC11
HIST1H2BB,HDAC2
HIST1H2BB,HDAC3
HIST1H2BB,HDAC4
HIST1H2BB,HDAC5
HIST1H2BB,HDAC7
HMGA1,CBX7
HMGA1,RB1
HMGA2,RB1
HMGA2,SMAD4
HMGB2,BUB1B
HMGB2,CCNB1
HMGB2,CCNB2
HMGB2,CDC20
HMGB2,CTNNB1
HMGB2,MCM2
HMGB2,MCM3
HMGB2,MCM4
HMGB2,MCM6
HMGB2,MCM7
HMGB2,PCNA
HMGB2,RRM2
HMGB2,TOP2A
HMGB2,UBE2C
HMGB2,UHRF1
HMGXB4,RBBP4
HNF1B,HSF2BP
HNF1B,KAT2B
HNF1B,PCBD1
HNF1B,SMAD4
HNF4A,CITED2
HNF4A,ESRRB
HNF4A,FOXO1
HNF4A,NR0B1
HNF4A,NR1D1
HNF4A,NR1D2
HNF4A,NR2F6
HNF4A,NR4A1
HNF4A,NR5A2
HNF4A,RARG
HNF4A,SIRT1
HNF4A,SREBF1
HNF4A,TCF7L2
HNRNPAB,EED
HNRNPAB,POU5F1
HNRNPAB,RARA
HNRNPAB,TFCP2L1
HNRNPD,RARA
HOPX,SRF
HOXD13,MEIS1
HOXD13,SMAD2
HOXD13,SOX15
HSF2BP,HNF1B
HSF2,CUL7
HSF2,DMRT1
HSF2,DPP4
HSF2,ERF
HSF2,F3
HSF2,HEXIM1
HSF2,HSP90AA1
HSF2,HSPA8
HSF2,JUN
HSF2,KLF15
HSF2,KNTC1
HSF2,MDN1
HSF2,MEG3
HSF2,NCAPD2
HSF2,RASGRP2
HSF2,SMURF2
HSF2,YEATS2
HTT,ALPL
HTT,ASPH
HTT,ATP6V0E
HTT,CENPV
HTT,CLTC
HTT,CTNNB1
HTT,EZH2
HTT,FOXP1
HTT,GRIN1
HTT,HIP1
HTT,HSPA8
HTT,LDHB
HTT,REST
HTT,SQSTM1
HTT,SUZ12
HTT,TCERG1
HTT,TPM1
HTT,USP9X
ID2,CCND1
ID2,CDH1
ID2,CDKN1A
ID2,MYC
ID2,OVOL1
ID2,RB1
ID2,SMAD3
ID2,TCF12
ID2,TCF4
ID2,TGFB1
ID2,TRP53
ID2,VEGFA
ID3,ID4
ID3,TCF12
ID3,TCF4
ID4,HEY2
ID4,ID3
ID4,TCF12
IKBKB,AKT1
IKBKB,CITED2
IKBKB,DDX58
IKBKB,KEAP1
IKBKB,MAP3K1
IKBKB,NAGK
IKBKB,NFKB2
IKBKB,NME2
IKBKB,RELA
IKBKB,SNX1
IKBKB,SQSTM1
ILF2,ILF3
ILF2,NANOG
ILF2,POU5F1
ILF2,RUVBL1
ILF3,ILF2
ILF3,POU5F1
ING1,PCNA
ING3,ACTL6A
ING3,ESRRB
ING3,RUVBL1
ING3,TFCP2L1
ING3,YEATS4
IRF1,AFF1
IRF1,APP
IRF1,B2M
IRF1,CHD4
IRF1,COL4A1
IRF1,ELK4
IRF1,EMX2
IRF1,EPAS1
IRF1,ETV4
IRF1,EYA1
IRF1,F3
IRF1,FOSL2
IRF1,GRHL1
IRF1,ICAM1
IRF1,IRF2
IRF1,IRF4
IRF1,IRF6
IRF1,LRRK1
IRF1,MEF2A
IRF1,MT2
IRF1,OTX2
IRF1,PAX6
IRF1,PIAS3
IRF1,PIK3R1
IRF1,PML
IRF1,POLR2A
IRF1,PSME2
IRF1,RYBP
IRF1,SALL1
IRF1,SAT1
IRF1,SLC38A2
IRF1,SNORA81
IRF1,SNORD11
IRF1,SP8
IRF1,STAT4
IRF1,STAT5B
IRF1,TGIF1
IRF1,TMEM231
IRF1,USP9X
IRF1,ZBTB20
IRF1,ZFHX3
IRF1,ZYX
IRF2,AFF1
IRF2,APP
IRF2,B2M
IRF2,CCND1
IRF2,CHD4
IRF2,COL4A1
IRF2,ELK4
IRF2,EPAS1
IRF2,EYA1
IRF2,F3
IRF2,FOXP1
IRF2,GRHL1
IRF2,ICAM1
IRF2,IRF1
IRF2,IRF4
IRF2,IRF6
IRF2,KAT2B
IRF2,LIFR
IRF2,MEF2A
IRF2,MEIS1
IRF2,MT2
IRF2,MYD88
IRF2,OTX2
IRF2,PAWR
IRF2,PAX6
IRF2,PIK3R1
IRF2,PLAG1
IRF2,PML
IRF2,PSME2
IRF2,RBL1
IRF2,RYBP
IRF2,SALL1
IRF2,SLC38A2
IRF2,SNORA81
IRF2,SNORD11
IRF2,SP8
IRF2,STX5A
IRF2,TADA3
IRF2,TBL1X
IRF2,TCF15
IRF2,TMEM231
IRF2,USP9X
IRF2,ZBTB20
IRF3,AKT1
IRF4,B2M
IRF4,ICAM1
IRF4,IRF1
IRF4,IRF2
IRF4,IRF6
IRF4,MT2
IRF4,MYD88
IRF4,PML
IRF6,B2M
IRF6,ICAM1
IRF6,IRF1
IRF6,IRF2
IRF6,IRF4
IRF6,MT2
IRF6,PML
IRF6,SLC7A5
JARID2,BCLAF1
JARID2,EED
JARID2,EWSR1
JARID2,EZH1
JARID2,EZH2
JARID2,GATA4
JARID2,MTF2
JARID2,RB1
JARID2,RBBP4
JARID2,SETX
JARID2,SUZ12
JARID2,THRAP3
JDP2,ATF2
JDP2,DDIT3
JDP2,HDAC1
JDP2,HDAC2
JDP2,HDAC3
JDP2,MEIS3
JDP2,PBX4
JDP2,POLR2I
JMJD1C,ESRRB
JMJD1C,POU5F1
JMJD1C,TFCP2L1
JUN,2200002D01RIK
JUN,AKT1
JUN,AMOTL2
JUN,ANKS1
JUN,APP
JUN,ATF1
JUN,ATF3
JUN,ATF4
JUN,ATG16L2
JUN,ATP1B1
JUN,BRCA1
JUN,BTG2
JUN,CAR4
JUN,CIC
JUN,CLDN6
JUN,CLIC1
JUN,CRABP2
JUN,CSF1
JUN,CTNNB1
JUN,CTSL
JUND,2200002D01RIK
JUND,ATP1B1
JUND,CAR4
JUND,CLDN6
JUND,CLIC1
JUND,CRABP2
JUND,E2F6
JUND,ELF4
JUND,EWSR1
JUND,EYA1
JUND,F3
JUND,FRMD4A
JUND,GABARAPL1
JUND,GNAS
JUND,HDAC3
JUND,HSPA5
JUND,IRF6
JUND,KDM3A
JUND,MAPK11
JUND,MAPK13
JUND,MAPK8
JUND,ME1
JUND,MEN1
JUND,NDRG4
JUND,NFE2L2
JUND,NOTCH1
JUND,NR0B1
JUND,OVOL1
JUND,PAWR
JUND,PCSK6
JUND,PDIA3
JUND,PGD
JUND,POLR2H
JUND,PTH1R
JUND,RARG
JUND,RBBP7
JUND,SALL1
JUND,SLC38A2
JUND,SMAD3
JUND,SMARCA2
JUND,SMARCB1
JUND,SOS2
JUND,STAT5B
JUND,TAF10
JUND,TCF12
JUND,TUBA4A
JUND,TUBB4B
JUND,TUBB6
JUN,DUSP3
JUND,ZFP532
JUND,ZYX
JUN,E2F6
JUN,EBF1
JUN,EGR1
JUN,ELF4
JUN,EPHA2
JUN,EPS8L2
JUN,EWSR1
JUN,EYA1
JUN,F3
JUN,FRMD4A
JUN,GABARAPL1
JUN,GABARAPL2
JUN,GATA3
JUN,GATA4
JUN,GLIS2
JUN,GNAS
JUN,HCFC1
JUN,HDAC3
JUN,HSPA5
JUN,IDI1
JUN,IRF6
JUN,JUND
JUN,KDM3A
JUN,KDM5B
JUN,KLF4
JUN,KLF9
JUN,KRT8
JUN,LAPTM5
JUN,LDB1
JUN,MAP3K1
JUN,MAPK11
JUN,MAPK13
JUN,MAPK3
JUN,ME1
JUN,MEF2D
JUN,MSI2
JUN,MYL6
JUN,NDRG4
JUN,NFATC1
JUN,NFE2L1
JUN,NFX1
JUN,NOTCH1
JUN,NR0B1
JUN,NRF1
JUN,OVOL1
JUN,PAWR
JUN,PAX6
JUN,PCSK6
JUN,PDE4DIP
JUN,PDIA3
JUN,PEG3
JUN,PGD
JUN,PLK2
JUN,POLR2H
JUN,PTH1R
JUN,RARA
JUN,RARG
JUN,RBBP7
JUN,RELA
JUN,SALL1
JUN,SDC4
JUN,SERTAD2
JUN,SHISA5
JUN,SIDT2
JUN,SKIL
JUN,SLC20A1
JUN,SLC38A2
JUN,SLC7A3
JUN,SMAD3
JUN,SMARCA2
JUN,SMARCA5
JUN,SMARCB1
JUN,SMARCD1
JUN,SOS2
JUN,SP1
JUN,STAT5B
JUN,TAF10
JUN,TCF12
JUN,TCF4
JUN,TEAD1
JUN,TRP53BP1
JUN,TUBA4A
JUN,TUBB4B
JUN,TUBB6
JUN,VEGFA
JUN,VIM
JUN,ZBTB32
JUN,ZFP219
JUN,ZFP335
JUN,ZFP532
JUN,ZYX
KAT2B,CCND1
KAT2B,DEK
KAT2B,DR1
KAT2B,EP300
KAT2B,ESRRA
KAT2B,HDAC1
KAT2B,HIST1H3H
KAT2B,HNF1B
KAT2B,IRF2
KAT2B,KLF6
KAT2B,MAML1
KAT2B,MAML3
KAT2B,NOTCH1
KAT2B,POLE4
KAT2B,RARA
KAT2B,RBPJ
KAT2B,SIRT1
KAT2B,TRP53
KAT2B,USF1
KAT2B,YEATS2
KDM5B,HDAC1
KDM5B,SIN3A
KHDRBS1,SRSF1
KLF10,SMAD7
KLF13,HDAC1
KLF13,SIN3A
KLF2,MYC
KLF2,RHPN1
KLF3,CTBP2
KLF4,4930402H24RIK
KLF4,ABTB1
KLF4,ACTG1
KLF4,ADAM23
KLF4,AES
KLF4,AGAP3
KLF4,ANKS1
KLF4,ANXA2
KLF4,ANXA5
KLF4,APAF1
KLF4,ARHGAP1
KLF4,ASS1
KLF4,ATF3
KLF4,ATF7
KLF4,ATP6V0E
KLF4,BARD1
KLF4,BCAM
KLF4,BCL3
KLF4,BSG
KLF4,CALR
KLF4,CARHSP1
KLF4,CCNE1
KLF4,CDC42SE2
KLF4,CDKN1A
KLF4,CSRP2
KLF4,CTNNAL1
KLF4,CYBA
KLF4,DDB1
KLF4,DMRT1
KLF4,DNMT1
KLF4,DPPA2
KLF4,DUSP3
KLF4,E2F1
KLF4,EIF4A2
KLF4,ELK4
KLF4,ERLIN1
KLF4,ESRRA
KLF4,ESRRB
KLF4,FAM83D
KLF4,FOXH1
KLF4,FUBP3
KLF4,GCNT1
KLF4,GLUL
KLF4,GNRH1
KLF4,GPA33
KLF4,HES1
KLF4,HEXIM1
KLF4,HIST1H2AF
KLF4,HIST1H2BB
KLF4,HNRNPD
KLF4,HSP90AA1
KLF4,HTT
KLF4,IER2
KLF4,IFI30
KLF4,INTS12
KLF4,IRF6
KLF4,ISYNA1
KLF4,JUND
KLF4,KDELR3
KLF4,KDM5B
KLF4,KLF13
KLF4,KLF2
KLF4,KLF3
KLF4,KNTC1
KLF4,KRT19
KLF4,KRT8
KLF4,LAMA1
KLF4,LAMA5
KLF4,LASP1
KLF4,LDB1
KLF4,LDLRAP1
KLF4,LEFTY2
KLF4,LMF2
KLF4,LY6G6E
KLF4,MAFK
KLF4,MBD2
KLF4,MED12
KLF4,MED15
KLF4,MED21
KLF4,MED31
KLF4,MED4
KLF4,MEF2D
KLF4,MFGE8
KLF4,MFSD10
KLF4,MIR1949
KLF4,MTHFD2
KLF4,MYH9
KLF4,NACC1
KLF4,NAGK
KLF4,NCOA3
KLF4,NDRG1
KLF4,NFATC4
KLF4,NFE2L1
KLF4,NFIC
KLF4,NFKBIA
KLF4,NOTCH1
KLF4,PBXIP1
KLF4,PDIA5
KLF4,PDK1
KLF4,PER1
KLF4,PHF1
KLF4,PIPOX
KLF4,PLXNB2
KLF4,POU4F2
KLF4,POU5F1
KLF4,PRDX1
KLF4,PSAP
KLF4,PTH1R
KLF4,RAB11A
KLF4,RANGRF
KLF4,RARA
KLF4,RARG
KLF4,RASGRP2
KLF4,RBM14
KLF4,RBM38
KLF4,REV1
KLF4,RIF1
KLF4,RNF19A
KLF4,RNPEP
KLF4,S100A6
KLF4,SALL1
KLF4,SAP30
KLF4,SDC4
KLF4,SEC31A
KLF4,SERPINB6A
KLF4,SERTAD2
KLF4,SETX
KLF4,SFI1
KLF4,SGK1
KLF4,SHF
KLF4,SLC1A5
KLF4,SLC25A39
KLF4,SMARCA4
KLF4,SMARCB1
KLF4,SMARCC1
KLF4,SNORA74A
KLF4,SOX15
KLF4,STMN1
KLF4,STXBP2
KLF4,SUN1
KLF4,TCEA3
KLF4,TDH
KLF4,TEX264
KLF4,TGFB1
KLF4,THRAP3
KLF4,TMEM150A
KLF4,TPM4
KLF4,TRIB3
KLF4,TRIM13
KLF4,TRIM2
KLF4,TRIM28
KLF4,TUBB2B
KLF4,TUBB4B
KLF4,TULP3
KLF4,TXNDC11
KLF4,TXNIP
KLF4,UCHL1
KLF4,UPP1
KLF4,USP28
KLF4,UTF1
KLF4,VEGFA
KLF4,VKORC1
KLF4,XRCC6
KLF4,ZC3H7A
KLF4,ZFP367
KLF4,ZFP710
KLF6,ATF3
KLF6,CCND1
KLF6,HDAC1
KLF6,HDAC3
KLF6,KAT2B
KNTC1,BUB1B
KNTC1,CALM2
KNTC1,CCNB1
KNTC1,CDC20
KNTC1,CDCA7
KNTC1,ESPL1
KNTC1,FBXO5
KNTC1,HDAC3
KNTC1,MCM2
KNTC1,MCM3
KNTC1,MCM4
KNTC1,MCM6
KNTC1,MCM7
KNTC1,NUSAP1
KNTC1,RAD54B
KNTC1,RCC2
KNTC1,RRM2
KNTC1,SPC25
KNTC1,TIMELESS
KNTC1,TOP2A
KNTC1,TPX2
KNTC1,UBE2C
KNTC1,UHRF1
L3MBTL2,CHD4
L3MBTL2,E2F6
L3MBTL2,EHMT2
L3MBTL2,ESRRB
L3MBTL2,GATAD2B
L3MBTL2,HDAC1
L3MBTL2,HDAC2
L3MBTL2,HELLS
L3MBTL2,MTA3
L3MBTL2,MYBBP1A
L3MBTL2,NACC1
L3MBTL2,PARP1
L3MBTL2,POU5F1
L3MBTL2,RBBP4
L3MBTL2,RBBP7
L3MBTL2,REST
L3MBTL2,RIF1
L3MBTL2,RNF2
L3MBTL2,RYBP
L3MBTL2,SALL4
L3MBTL2,SIN3A
L3MBTL2,SMARCA4
L3MBTL2,SMARCA5
L3MBTL2,SMARCC1
L3MBTL2,TFCP2L1
L3MBTL2,TRIM28
LDB1,LHX2
LDB1,LMO4
LDB1,PITX2
LDB1,SSBP4
LDB1,ZFP446
LHX2,CITED2
LHX2,LDB1
LMO4,LDB1
MAFK,ASH2L
MAFK,NFE2L2
MAML1,EP300
MAML1,HDAC10
MAML1,HDAC3
MAML1,HDAC7
MAML1,HES1
MAML1,HEY2
MAML1,KAT2B
MAML1,MAML3
MAML1,MYC
MAML1,NOTCH1
MAML1,NOTCH2
MAML1,NOTCH4
MAML1,PHF2
MAML1,RBPJ
MAML3,EP300
MAML3,HDAC3
MAML3,HDAC7
MAML3,HES1
MAML3,HEY2
MAML3,KAT2B
MAML3,MAML1
MAML3,MYC
MAML3,NOTCH1
MAML3,NOTCH2
MAML3,NOTCH4
MAML3,RBPJ
MAPK3,CCND1
MAPK8,JUN
MAPK8,SMAD4
MATR3,POU5F1
MATR3,RNF2
MAZ,CDKN1A
MAZ,VEGFA
MBD2,GATAD2B
MBD2,HDAC1
MBD2,HDAC10
MBD2,HDAC11
MBD2,HDAC2
MBD2,HDAC4
MBD2,HDAC7
MBD2,MAPK3
MBD2,MTA3
MBD2,PHF12
MBD2,RBBP4
MBD2,RBBP7
MBD2,SALL1
MBD2,SALL4
MBD2,SAP30
MBD2,SATB2
MBD2,TFCP2L1
MCM2,AIRE
MCM2,BUB1B
MCM2,CCNB1
MCM2,CCNB2
MCM2,CDC20
MCM2,CDCA7
MCM2,CDKN1A
MCM2,DNMT1
MCM2,ESPL1
MCM2,EZH2
MCM2,FBXO5
MCM2,HIST1H3H
MCM2,HMGB2
MCM2,KNTC1
MCM2,MCM10
MCM2,MCM3
MCM2,MCM4
MCM2,MCM6
MCM2,MCM7
MCM2,MSH6
MCM2,NASP
MCM2,ORC2
MCM2,PCNA
MCM2,RB1
MCM2,RRM2
MCM2,SPC25
MCM2,TIMELESS
MCM2,TOP2A
MCM2,TPX2
MCM2,UBE2C
MCM2,UHRF1
MCM3,BUB1B
MCM3,CCNB1
MCM3,CCNB2
MCM3,CDC20
MCM3,CDCA7
MCM3,CDKN1A
MCM3,DNMT1
MCM3,EZH2
MCM3,FBXO5
MCM3,HIRIP3
MCM3,HMGB2
MCM3,KNTC1
MCM3,MCM10
MCM3,MCM2
MCM3,MCM4
MCM3,MCM6
MCM3,MCM7
MCM3,MSH6
MCM3,NANOG
MCM3,NASP
MCM3,ORC2
MCM3,PCNA
MCM3,RB1
MCM3,RCC2
MCM3,RRM2
MCM3,SPC25
MCM3,TIMELESS
MCM3,TOP2A
MCM3,TPX2
MCM3,UBE2C
MCM3,UHRF1
MCM4,BUB1B
MCM4,CCNB1
MCM4,CCNB2
MCM4,CDC20
MCM4,CDCA7
MCM4,CDKN1A
MCM4,DNMT1
MCM4,EZH2
MCM4,FBXO5
MCM4,HMGB2
MCM4,KNTC1
MCM4,MCM10
MCM4,MCM2
MCM4,MCM3
MCM4,MCM6
MCM4,MCM7
MCM4,MSH2
MCM4,MSH6
MCM4,NASP
MCM4,ORC2
MCM4,PCNA
MCM4,RB1
MCM4,RRM2
MCM4,TIMELESS
MCM4,TOP2A
MCM4,TPX2
MCM4,TRP53
MCM4,UHRF1
MCM5,ORC2
MCM5,POU5F1
MCM6,AIRE
MCM6,BUB1B
MCM6,CCNB1
MCM6,CCNB2
MCM6,CDC20
MCM6,CDKN1A
MCM6,DNMT1
MCM6,EZH2
MCM6,FBXO5
MCM6,HIST1H3H
MCM6,HMGB2
MCM6,KNTC1
MCM6,MCM10
MCM6,MCM2
MCM6,MCM3
MCM6,MCM4
MCM6,MCM7
MCM6,MSH6
MCM6,ORC2
MCM6,PCNA
MCM6,RB1
MCM6,RRM2
MCM6,SPC25
MCM6,TIMELESS
MCM6,TOP2A
MCM6,TPX2
MCM6,UBE2C
MCM6,UHRF1
MCM7,BUB1B
MCM7,CCNB1
MCM7,CCNB2
MCM7,CCND1
MCM7,CDC20
MCM7,CDCA7
MCM7,CDKN1A
MCM7,DNMT1
MCM7,EZH2
MCM7,HIRIP3
MCM7,HMGB2
MCM7,KNTC1
MCM7,MCM10
MCM7,MCM2
MCM7,MCM3
MCM7,MCM4
MCM7,MCM6
MCM7,MSH6
MCM7,NASP
MCM7,ORC2
MCM7,PCNA
MCM7,RB1
MCM7,RCC2
MCM7,RRM2
MCM7,SPC25
MCM7,TIMELESS
MCM7,TOP2A
MCM7,TPX2
MCM7,UBE2C
MCM7,UHRF1
MED12,CCND3
MED12,EP300
MED12,ESRRB
MED12,HDAC3
MED12,KLF4
MED12,MED15
MED12,MED21
MED12,MED31
MED12,MED4
MED12,NCOA3
MED12,NCOA6
MED12,TFCP2L1
MED12,TGFB1
MED12,THRAP3
MED15,CCND3
MED15,EP300
MED15,ESRRB
MED15,HDAC3
MED15,KLF4
MED15,MED12
MED15,MED21
MED15,MED31
MED15,MED4
MED15,NCOA3
MED15,NCOA6
MED15,RNF2
MED15,TGFB1
MED15,THRAP3
MED21,CCND3
MED21,EP300
MED21,HDAC3
MED21,KLF4
MED21,MED12
MED21,MED15
MED21,MED31
MED21,MED4
MED21,NCOA3
MED21,NCOA6
MED21,TGFB1
MED21,THRAP3
MED31,CCND3
MED31,EP300
MED31,HDAC3
MED31,KLF4
MED31,MED12
MED31,MED15
MED31,MED21
MED31,MED4
MED31,NCOA3
MED31,NCOA6
MED31,TGFB1
MED31,THRAP3
MED4,CCND3
MED4,EP300
MED4,ESRRB
MED4,HDAC3
MED4,KLF4
MED4,MED12
MED4,MED15
MED4,MED21
MED4,MED31
MED4,NCOA3
MED4,NCOA6
MED4,RNF2
MED4,TFCP2L1
MED4,TGFB1
MED4,THRAP3
MEF2A,2810025M15RIK
MEF2A,AATF
MEF2A,ANK
MEF2A,ARID5B
MEF2A,ATP1B1
MEF2A,BMP4
MEF2A,BRCA1
MEF2A,CEBPZ
MEF2A,CHN2
MEF2A,CNOT6
MEF2A,COL27A1
MEF2A,COTL1
MEF2A,DAZAP2
MEF2A,DDIT3
MEF2A,DR1
MEF2A,EHD1
MEF2A,ELAVL2
MEF2A,ELP2
MEF2A,ENAH
MEF2A,ESRRB
MEF2A,EYA1
MEF2A,FHOD1
MEF2A,FOSL2
MEF2A,FOXH1
MEF2A,GBX2
MEF2A,GJA1
MEF2A,GRHL1
MEF2A,HDAC4
MEF2A,HDAC5
MEF2A,HIST1H1A
MEF2A,HIST1H2AC
MEF2A,HIST1H2AG
MEF2A,HIST1H2AK
MEF2A,HIST1H2BB
MEF2A,HIST1H2BK
MEF2A,HIST1H2BL
MEF2A,HIST1H2BN
MEF2A,HIST1H4K
MEF2A,HOPX
MEF2A,HSPB1
MEF2A,ID3
MEF2A,KCNG1
MEF2A,KLF6
MEF2A,LDB1
MEF2A,LDLR
MEF2A,MAN1A
MEF2A,MAN1A2
MEF2A,MCAM
MEF2A,MEF2D
MEF2A,MEIS1
MEF2A,MIR1192
MEF2A,MIR1905
MEF2A,MRAS
MEF2A,MSX2
MEF2A,NCOR1
MEF2A,NR0B1
MEF2A,NR2F2
MEF2A,NR5A2
MEF2A,OTX2
MEF2A,PDE4DIP
MEF2A,PER1
MEF2A,PHB2
MEF2A,PHF1
MEF2A,PITPNC1
MEF2A,PLAG1
MEF2A,PLAT
MEF2A,PTH1R
MEF2A,RASGRP2
MEF2A,RFFL
MEF2A,RIAN
MEF2A,RLIM
MEF2A,SATB1
MEF2A,SERPINH1
MEF2A,SLC16A1
MEF2A,SLC6A6
MEF2A,SMAD2
MEF2A,SMARCA2
MEF2A,SNORA3
MEF2A,SOX2
MEF2A,SPOCK1
MEF2A,STAG3
MEF2A,TIMP2
MEF2A,TRPS1
MEF2A,VKORC1
MEF2A,ZBTB10
MEF2A,ZBTB20
MEF2C,HDAC5
MEF2C,HDAC7
MEF2C,IFRD1
MEF2C,MAPK11
MEF2C,MAPK13
MEF2C,NCOA3
MEF2C,PHB2
MEF2C,TRIP6
MEF2D,HDAC4
MEF2D,HDAC5
MEIS1,AATF
MEIS1,AQP3
MEIS1,ARID5B
MEIS1,ARNTL
MEIS1,ASXL1
MEIS1,ATF6
MEIS1,ATP13A3
MEIS1,BCAM
MEIS1,CLTC
MEIS1,DNAJC3
MEIS1,ESRRA
MEIS1,ETL4
MEIS1,FBXO5
MEIS1,GTF2I
MEIS1,HOXD13
MEIS1,KLB
MEIS1,KLF10
MEIS1,LDB1
MEIS1,NDN
MEIS1,NFATC4
MEIS1,NOTUM
MEIS1,NR2F2
MEIS1,PBX4
MEIS1,PHF12
MEIS1,PIK3R1
MEIS1,POLR2B
MEIS1,RB1
MEIS1,RFFL
MEIS1,RPP25
MEIS1,SATB1
MEIS1,SMARCA2
MEIS1,SMARCC1
MEIS1,SMARCD1
MEIS1,SMURF2
MEIS1,SOX2
MEIS1,SOX4
MEIS1,SSBP4
MEIS1,TCF4
MEIS1,TEAD4
MEIS1,TGIF1
MEIS1,TMEM59
MEIS1,TRIM2
MEIS1,TXNDC11
MEIS1,ZEB2
MEIS1,ZFHX3
MEIS1,ZFP281
MEIS1,ZFP36L1
MEIS3,JDP2
MEIS3,PBX4
MEN1,HIST1H3H
MEN1,IGFBP2
MEN1,SMAD4
MIS18BP1,CCNB1
MIS18BP1,RBBP4
MIS18BP1,RBBP7
MIS18BP1,RUVBL1
MIS18BP1,TPX2
MITF,DKK1
MITF,HDAC7
MITF,MAPK3
MITF,PIAS3
MITF,POU5F1
MITF,SMARCA4
MLLT1,RNF2
MSC,HES6
MSX2,CCND1
MSX2,HDAC1
MSX2,MAGED1
MSX2,NDN
MSX2,SPEN
MSX2,TWIST1
MTA3,CHD5
MTA3,ESRRB
MTA3,HDAC1
MTA3,HDAC10
MTA3,HDAC11
MTA3,HDAC2
MTA3,HDAC4
MTA3,HDAC7
MTA3,L3MBTL2
MTA3,MBD2
MTA3,PHF12
MTA3,POU5F1
MTA3,RBBP4
MTA3,RBBP7
MTA3,SALL1
MTA3,SALL4
MTA3,SAP30
MTA3,SATB2
MTA3,STAG3
MTA3,TFCP2L1
MTF2,EED
MTF2,EWSR1
MTF2,EZH1
MTF2,EZH2
MTF2,JARID2
MTF2,RBBP4
MTF2,SUZ12
MYBBP1A,AIRE
MYBBP1A,CRY1
MYBBP1A,DDX21
MYBBP1A,EED
MYBBP1A,HDAC1
MYBBP1A,HDAC2
MYBBP1A,L3MBTL2
MYBBP1A,NACC1
MYBBP1A,NANOG
MYBBP1A,NOP56
MYBBP1A,PA2G4
MYBBP1A,POLR1A
MYBBP1A,RNF2
MYBBP1A,RRP1B
MYBBP1A,RUVBL1
MYBBP1A,SMARCA2
MYBBP1A,SMARCA4
MYBBP1A,SRM
MYBL2,CCND1
MYBL2,E2F1
MYBL2,E2F4
MYBL2,ESRRB
MYBL2,FGF4
MYBL2,NR0B1
MYBL2,RBL1
MYBL2,TFCP2L1
MYBL2,TPX2
MYBL2,UCHL1
MYBL2,UHRF1
MYC,AATF
MYC,AI506816
MYC,AIRE
MYC,ALPL
MYC,AMPD2
MYC,APEX1
MYC,ARID1A
MYC,ASNS
MYC,ASS1
MYC,ASXL1
MYC,ATF4
MYC,ATF7
MYC,ATP13A3
MYC,ATP6V0B
MYC,ATP6V0E
MYC,BCAS3
MYC,BEX4
MYC,BMI1
MYC,BNIP3
MYC,CBX8
MYC,CCND1
MYC,CCND3
MYC,CD63
MYC,CITED2
MYC,CNOT8
MYC,CSF1
MYC,CSTB
MYC,CTSL
MYC,CUX2
MYC,DCTPP1
MYC,DDIT3
MYC,DDX21
MYC,DKC1
MYC,DNMT3A
MYC,E2F1
MYC,EDA2R
MYC,EHMT2
MYC,ELK1
MYC,ELK4
MYC,EP400
MYC,ERCC8
MYC,ERF
MYC,ESRRA
MYC,ETV1
MYC,ETV4
MYC,EWSR1
MYC,FABP3
MYC,FAM129B
MYC,FKBP11
MYC,FOXD3
MYC,FOXJ3
MYC,GNAS
MYC,GNS
MYC,HDAC3
MYC,HDGF
MYC,HES1
MYC,HES6
MYC,HIF1A
MYC,HK2
MYC,HMGA1
MYC,HNRNPAB
MYC,HOXD13
MYC,HSP90AA1
MYC,HSPA8
MYC,HSPG2
MYC,HYOU1
MYC,ID2
MYC,IER2
MYC,IFI30
MYC,IFITM3
MYC,IGFBP2
MYC,ILF3
MYC,ITPK1
MYC,KDELR2
MYC,KDM3A
MYC,KHDRBS1
MYC,KLF15
MYC,KLF2
MYC,KLF4
MYC,KLF9
MYC,KPNA2
MYC,KRTCAP2
MYC,LAMP1
MYC,MAML1
MYC,MAML3
MYC,MAPK3
MYC,MDN1
MYC,MED31
MYC,MEF2D
MYC,MEN1
MYC,MFSD10
MYC,MIR1949
MYC,MIR5121
MYC,MSL3
MYC,MTHFD2
MYC,MXD4
MYC,MYBBP1A
MYCN,1110038B12RIK
MYC,NAA15
MYCN,AARS
MYCN,AATF
MYCN,AGAP3
MYCN,AI506816
MYCN,ALPL
MYCN,AMPD2
MYCN,APEX1
MYCN,ARID1A
MYCN,ASS1
MYCN,ASXL1
MYCN,ATF1
MYCN,ATF4
MYCN,ATF5
MYCN,ATF6
MYCN,ATF7
MYCN,ATM
MYCN,ATP13A3
MYCN,ATP6V0E
MYCN,BCAT1
MYCN,BMP6
MYCN,BNIP3
MYCN,BSG
MYCN,BUB1B
MYCN,CALR
MYCN,CBX7
MYCN,CCND1
MYCN,CCND3
MYCN,CCNE1
MYCN,CD63
MYCN,CDCA7
MYCN,CENPB
MYCN,CHCHD10
MYCN,CHD7
MYCN,CITED2
MYCN,CLTC
MYC,NCOR1
MYCN,CRABP2
MYCN,CTBP2
MYCN,CTH
MYCN,CTSD
MYCN,CTSL
MYCN,CUX2
MYCN,DCTPP1
MYCN,DDIT3
MYCN,DDX21
MYCN,DDX5
MYCN,DKC1
MYCN,DNAJC2
MYCN,DNMT3A
MYCN,DR1
MYCN,EDA2R
MYCN,EHD1
MYCN,EHMT2
MYCN,EIF4EBP1
MYCN,ELK4
MYCN,ELL2
MYCN,ELOVL6
MYCN,ERCC8
MYCN,ESPL1
MYCN,ESRRA
MYCN,EWSR1
MYCN,FABP3
MYC,NFE2L2
MYC,NFKBIA
MYCN,FKBP11
MYCN,FOXJ3
MYCN,FOXO3
MYCN,FRMD4A
MYCN,GABARAP
MYCN,GBX2
MYCN,GFPT1
MYCN,GGA2
MYCN,GLI2
MYCN,GNAS
MYCN,GNPDA1
MYCN,GOT1
MYCN,HDGF
MYCN,HDLBP
MYCN,HES1
MYCN,HES6
MYCN,HIF3A
MYCN,HIST1H2BB
MYCN,HIST1H2BF
MYCN,HIST1H2BK
MYCN,HIST1H2BL
MYCN,HIST1H2BN
MYCN,HK2
MYCN,HMGA1
MYCN,HNRNPAB
MYCN,HNRNPD
MYCN,HNRNPK
MYCN,HSF2BP
MYCN,HSP90AA1
MYCN,HSPA8
MYCN,HSPG2
MYCN,HYOU1
MYCN,ICAM1
MYCN,IER2
MYCN,IFI30
MYCN,IFRD1
MYCN,ILF3
MYCN,ILK
MYCN,IMPDH1
MYCN,INSIG1
MYCN,INTS12
MYCN,KDM3A
MYCN,KDM5B
MYCN,KHDRBS1
MYCN,KIT
MYCN,KLF10
MYCN,KLF15
MYCN,KLF4
MYCN,KLF9
MYCN,KPNA2
MYCN,KRTCAP2
MYCN,L3MBTL2
MYCN,LAMP1
MYCN,LTBP4
MYCN,MANF
MYCN,MATR3
MYCN,MAZ
MYCN,MCM2
MYCN,MDM2
MYCN,MDN1
MYC,NME2
MYCN,MED31
MYCN,MEF2D
MYCN,MFSD1
MYCN,MFSD10
MYCN,MIR1949
MYCN,MIR5121
MYCN,MLLT1
MYCN,MLXIP
MYCN,MSI2
MYCN,MT2
MYCN,MTHFD2
MYCN,MXD4
MYCN,MYBBP1A
MYCN,NAA15
MYCN,NCOR1
MYCN,NFE2L2
MYCN,NFKBIA
MYCN,NFX1
MYCN,NME2
MYCN,NOP56
MYCN,NR1D1
MYCN,NR1D2
MYCN,NR2F2
MYCN,NR2F6
MYCN,NSD1
MYCN,NUP210
MYCN,NUP93
MYCN,NUPR1
MYCN,ODC1
MYC,NOTCH1
MYCN,OVOL1
MYCN,P4HB
MYCN,PA2G4
MYCN,PAPOLA
MYCN,PARP1
MYCN,PATZ1
MYCN,PCOLCE2
MYCN,PDCD11
MYCN,PDIA4
MYCN,PDIA5
MYCN,PELP1
MYCN,PFKL
MYCN,PGD
MYCN,PHF20
MYCN,PLAUR
MYCN,PLTP
MYCN,POLR1A
MYCN,POLR1B
MYCN,POLR2H
MYCN,POLR2J
MYCN,POLR3D
MYCN,POU2F1
MYCN,POU4F1
MYCN,PPIB
MYCN,PRDM5
MYCN,PRDX1
MYCN,PRDX4
MYCN,QDPR
MYC,NR0B1
MYC,NR1D1
MYCN,RAI14
MYCN,RANGRF
MYCN,RBBP4
MYCN,RBM38
MYCN,RBMXL2
MYCN,RCOR2
MYCN,RELA
MYCN,REV1
MYCN,RFX5
MYCN,RPN1
MYCN,RPP25
MYCN,RUVBL1
MYCN,RYBP
MYCN,SEC61A1
MYCN,SENP3
MYCN,SERBP1
MYCN,SERPINE2
MYCN,SET
MYCN,SIN3A
MYCN,SLC16A1
MYCN,SLC16A6
MYCN,SLC20A1
MYCN,SLC25A39
MYCN,SLC38A2
MYCN,SLC7A5
MYCN,SLC7A6
MYCN,SMAD3
MYCN,SMARCA4
MYCN,SMARCA5
MYCN,SMARCAD1
MYCN,SMARCC1
MYCN,SNAI1
MYCN,SND1
MYCN,SNORA26
MYCN,SNORA3
MYCN,SNORA33
MYCN,SNORA62
MYCN,SNORA74A
MYCN,SNORD17
MYCN,SNORD32A
MYCN,SNORD33
MYCN,SNORD34
MYCN,SNORD35A
MYCN,SNORD35B
MYCN,SNORD93
MYCN,SOCS2
MYCN,SOD1
MYCN,SOX2
MYCN,SRM
MYCN,SRSF3
MYCN,SRSF6
MYCN,SSB
MYCN,SSBP4
MYCN,STAG3
MYCN,STMN1
MYCN,SUN2
MYCN,SUZ12
MYCN,TBL1X
MYCN,TBRG1
MYCN,TCERG1
MYCN,TCOF1
MYCN,TDH
MYCN,TET2
MYCN,TFAP4
MYCN,TFRC
MYCN,TGFB1I1
MYCN,THRAP3
MYCN,TOPORS
MYCN,TRIM25
MYCN,TRIM28
MYCN,TRP53
MYCN,TSPAN4
MYCN,TWIST1
MYCN,TXNDC12
MYCN,TXNDC5
MYCN,UBE2C
MYCN,UCHL1
MYCN,UHRF1
MYCN,UNG
MYC,NUP93
MYC,NUPR1
MYCN,USP28
MYCN,WDFY1
MYCN,XAB2
MYCN,XRCC5
MYCN,YBX1
MYCN,YEATS2
MYCN,ZFP296
MYCN,ZFP423
MYCN,ZFP462
MYC,OVOL1
MYC,PA2G4
MYC,PAPOLA
MYC,PCOLCE2
MYC,PCSK6
MYC,PDK1
MYC,PGD
MYC,PIAS1
MYC,PIAS2
MYC,PIAS3
MYC,PITX2
MYC,POLR1A
MYC,POLR1B
MYC,POLR3D
MYC,PRDX1
MYC,PTH1R
MYC,RAB3IL1
MYC,RAPGEF3
MYC,RARG
MYC,RB1
MYC,RCOR2
MYC,SALL1
MYC,SENP3
MYC,SERPINE2
MYC,SET
MYC,SFI1
MYC,SGK1
MYC,SIN3A
MYC,SIRT1
MYC,SLC16A6
MYC,SLC20A1
MYC,SLC25A39
MYC,SLC26A10
MYC,SLC7A5
MYC,SMAD2
MYC,SMAD3
MYC,SMAD7
MYC,SMARCA4
MYC,SMARCA5
MYC,SND1
MYC,SNHG12
MYC,SNORA26
MYC,SNORA33
MYC,SNORA44
MYC,SNORA62
MYC,SNORA74A
MYC,SNORD17
MYC,SNORD32A
MYC,SNORD33
MYC,SNORD34
MYC,SNORD35A
MYC,SNORD35B
MYC,SNORD49A
MYC,SNORD49B
MYC,SNORD93
MYC,SNX2
MYC,SOCS2
MYC,SPNS2
MYC,SRM
MYC,SRSF1
MYC,SRSF3
MYC,SSB
MYC,STAG3
MYC,STAT5A
MYC,TAF6
MYC,TAF6L
MYC,TBL1X
MYC,TBRG1
MYC,TCERG1
MYC,TCF7
MYC,TCF7L2
MYC,TCOF1
MYC,TFAP4
MYC,TFRC
MYC,TIMP2
MYC,TMEM150A
MYC,TMEM9
MYC,TRIM25
MYC,TRIM32
MYC,TSPAN4
MYC,TUBA4A
MYC,TXNDC12
MYC,TXNDC5
MYC,UBE2C
MYC,UHRF1
MYC,USP3
MYC,VEGFA
MYC,YBX1
MYC,ZFP296
MYC,ZFP462
MYC,ZIC3
NAA15,COPS2
NAA15,EWSR1
NAA15,SSB
NAA15,TCERG1
NANOG,ARID5B
NANOG,CHD4
NANOG,DIDO1
NANOG,DNMT3A
NANOG,EED
NANOG,FXR1
NANOG,GATAD2B
NANOG,HDAC1
NANOG,HDAC2
NANOG,HELLS
NANOG,HSPB1
NANOG,ILF2
NANOG,L1TD1
NANOG,LEFTY1
NANOG,MCM3
NANOG,MDN1
NANOG,MOV10
NANOG,MSH2
NANOG,MSH6
NANOG,MYBBP1A
NANOG,NACC1
NANOG,NFKB2
NANOG,NONO
NANOG,PARP1
NANOG,PELP1
NANOG,PFKP
NANOG,PHC1
NANOG,PML
NANOG,POLR2H
NANOG,POU5F1
NANOG,PSIP1
NANOG,RBBP4
NANOG,RBBP7
NANOG,RBM14
NANOG,RBMXL2
NANOG,RCC2
NANOG,RELA
NANOG,REST
NANOG,RIF1
NANOG,RNF2
NANOG,RUVBL1
NANOG,RUVBL2
NANOG,SALL1
NANOG,SALL4
NANOG,SENP3
NANOG,SIN3A
NANOG,SMARCA2
NANOG,SMARCA4
NANOG,SMARCA5
NANOG,SOX2
NANOG,SP1
NANOG,TBX3
NANOG,TDH
NANOG,TOP2A
NANOG,TRIM28
NANOG,TUBA4A
NANOG,TUBB2B
NANOG,TUBB4B
NANOG,UHRF1
NANOG,ZFP281
NANOG,ZMYM2
NANOG,ZSCAN10
NCOA3,ACADM
NCOA3,CCND3
NCOA3,EHMT2
NCOA3,EP300
NCOA3,ERCC8
NCOA3,ESRRB
NCOA3,FHL2
NCOA3,GLIPR1
NCOA3,GRHL1
NCOA3,HDAC3
NCOA3,HIF1A
NCOA3,LGALS3
NCOA3,MED12
NCOA3,MED15
NCOA3,MED21
NCOA3,MED31
NCOA3,MED4
NCOA3,MEF2C
NCOA3,NCOA6
NCOA3,NFYA
NCOA3,NRIP1
NCOA3,PER1
NCOA3,PIAS1
NCOA3,POLR3F
NCOA3,RNF19A
NCOA3,SIN3B
NCOA3,SIRT1
NCOA3,SIRT2
NCOA3,SP1
NCOA3,SREBF1
NCOA3,TEAD3
NCOA3,TEAD4
NCOA3,TFCP2L1
NCOA3,TGFB1
NCOA3,TRIB3
NCOA3,TRPS1
NCOA3,WWTR1
NCOA3,ZFP219
NCOA6,ACADM
NCOA6,EP300
NCOA6,FHL2
NCOA6,GLIPR1
NCOA6,GRHL1
NCOA6,HDAC3
NCOA6,HIF1A
NCOA6,MED12
NCOA6,MED15
NCOA6,MED21
NCOA6,MED31
NCOA6,MED4
NCOA6,NCOA3
NCOA6,NFYA
NCOA6,NPAS2
NCOA6,RNF2
NCOA6,SIN3B
NCOA6,SP1
NCOA6,SREBF1
NCOA6,TEAD3
NCOA6,TEAD4
NCOA6,TRIB3
NCOA6,TRP53BP1
NCOA6,WWTR1
NCOA6,XRCC6
NCOR1,DDX20
NCOR1,NRIP1
NCOR1,PATZ1
NCOR1,PIK3R1
NCOR1,RARA
NCOR1,SIN3A
NCOR1,SIRT1
NCOR1,TBL1X
NDN,CHD7
NDN,CTBP2
NDN,DAZAP2
NDN,E2F1
NDN,E2F4
NDN,GNRH1
NDN,HCFC1
NDN,LAMB1
NDN,MAGED1
NDN,MCM10
NDN,MSX2
NDN,NFX1
NDN,SIRT1
NDN,SOX2
NDN,TADA3
NDN,TBRG1
NDN,WWTR1
NFATC1,ARL6IP5
NFATC1,CRY1
NFATC1,ETV1
NFATC1,ID2
NFATC1,LIFR
NFATC1,MAPK11
NFATC1,MAPK13
NFATC1,MFSD10
NFATC1,NFATC3
NFATC1,NR2F2
NFATC1,PCBP2
NFATC1,SATB1
NFATC1,TEAD1
NFATC1,USP3
NFATC1,VIM
NFATC3,ARL6IP5
NFATC3,CRY1
NFATC3,ETV1
NFATC3,FOXA2
NFATC3,ID2
NFATC3,LIFR
NFATC3,MAPK11
NFATC3,MAPK13
NFATC3,MFSD10
NFATC3,NFATC1
NFATC3,NFATC4
NFATC3,NR2F2
NFATC3,PCBP2
NFATC3,SATB1
NFATC3,TEAD1
NFATC3,USP3
NFATC3,VIM
NFATC4,MAPK11
NFATC4,MAPK13
NFATC4,MAPK8
NFATC4,NFATC3
NFE2L2,ATF3
NFE2L2,CDKN1A
NFE2L2,DDIT3
NFE2L2,JUND
NFE2L2,MAFK
NFE2L2,NRF1
NFIB,POLR1C
NFIB,POLR2E
NFIB,POLR2H
NFIB,POLR2K
NFIB,POLR3B
NFIB,POLR3D
NFIB,POLR3F
NFIB,SOX2
NFIC,CSF1
NFIC,HMGA2
NFIC,MAPK3
NFIC,PLAT
NFKB2,BCL3
NFKB2,HDAC1
NFKB2,ICAM1
NFKB2,IKBKB
NFKB2,NANOG
NFKB2,NFKBIA
NFKB2,RELA
NFKB2,SIN3A
NFKB2,TRP53
NFKBIA,AKT1
NFKBIA,HDAC3
NFKBIA,ICAM1
NFKBIA,IKBKB
NFKBIA,NFKB2
NFKBIA,RELA
NFKBIA,SQSTM1
NFKBIA,TGFB1
NFKBIA,TNFAIP3
NFKBIA,TRP53
NFX1,NDN
NFYA,AARS
NFYA,ANKRD54
NFYA,APOE
NFYA,ARHGAP21
NFYA,ATM
NFYA,BNC2
NFYA,BTG1
NFYA,CDC20
NFYA,CNOT6
NFYA,DDIT3
NFYA,DNAJC3
NFYA,ELAVL2
NFYA,ELL2
NFYA,ESPL1
NFYA,FDPS
NFYA,FGF4
NFYA,FHOD1
NFYA,FXR2
NFYA,HERPUD1
NFYA,HIST1H3H
NFYA,HMGA2
NFYA,IRF1
NFYA,LDB1
NFYA,MSH6
NFYA,NCOA3
NFYA,NCOA6
NFYA,NFATC4
NFYA,P4HB
NFYA,PDCD4
NFYA,PEG3
NFYA,PER1
NFYA,PIK3R1
NFYA,POLR2A
NFYA,RBM14
NFYA,RIAN
NFYA,RRM2
NFYA,SIRT2
NFYA,SLC1A5
NFYA,SMAD2
NFYA,SNORD83B
NFYA,SP1
NFYA,TMED2
NFYA,UBE2S
NFYA,ZC3H7A
NFYA,ZSWIM4
NFYB,AARS
NFYB,ANKRD54
NFYB,APOE
NFYB,ARHGAP21
NFYB,ATM
NFYB,BNC2
NFYB,BTG1
NFYB,DDIT3
NFYB,ELAVL2
NFYB,ESPL1
NFYB,FDPS
NFYB,FGF4
NFYB,FHOD1
NFYB,FXR2
NFYB,HIST1H3H
NFYB,HMGA2
NFYB,IRF1
NFYB,LDB1
NFYB,MSH6
NFYB,NFATC4
NFYB,NFYA
NFYB,PEG3
NFYB,PER1
NFYB,PIK3R1
NFYB,RBM14
NFYB,RIAN
NFYB,SIRT2
NFYB,SLC1A5
NFYB,SMAD2
NFYB,SNORD83B
NFYB,ZSWIM4
NKRF,EWSR1
NME2,IKBKB
NME2,PIK3R1
NME2,POLE4
NME2,POLR1A
NME2,POLR1B
NME2,POLR1C
NME2,POLR1E
NME2,POLR2A
NME2,POLR2B
NME2,POLR2E
NME2,POLR2H
NME2,POLR2I
NME2,POLR2J
NME2,POLR3B
NME2,POLR3D
NME2,POLR3F
NME2,RRM2
NONO,NANOG
NONO,PER1
NONO,POU5F1
NONO,RARA
NONO,SMARCA2
NONO,SMARCA4
NOTCH2,DTX1
NOTCH2,MAML1
NOTCH2,MAML3
NOTCH2,NOTCH1
NOTCH2,NOTCH4
NOTCH2,RBPJ
NOTCH4,DTX1
NOTCH4,MAML1
NOTCH4,MAML3
NOTCH4,NOTCH1
NOTCH4,NOTCH2
NOTCH4,RBPJ
NOTCH4,VEGFA
NPAS2,CRY1
NPAS2,EP300
NPAS2,HDAC3
NPAS2,HIF1A
NPAS2,NCOA3
NPAS2,NCOA6
NPAS2,NR1D1
NPAS2,NR1D2
NPAS2,PER1
NR0B1,ESRRB
NR0B1,FBXO15
NR0B1,MYBL2
NR0B1,NANOG
NR0B1,NR1D1
NR0B1,NR1D2
NR0B1,NR2F6
NR0B1,NR4A1
NR0B1,NR5A2
NR0B1,RARG
NR0B1,REST
NR0B1,RIF1
NR0B1,SALL1
NR0B1,SALL4
NR0B1,SP1
NR0B1,TFCP2L1
NR0B1,TRIM28
NR0B1,ZFP281
NR0B1,ZFP42
NR1D1,CRY1
NR1D1,EP300
NR1D1,ESRRB
NR1D1,HDAC3
NR1D1,HIF1A
NR1D1,HNF4A
NR1D1,NPAS2
NR1D1,NR0B1
NR1D1,NR1D2
NR1D1,NR2F6
NR1D1,NR4A1
NR1D1,NR5A2
NR1D1,RARG
NR1D2,CRY1
NR1D2,ESRRB
NR1D2,HNF4A
NR1D2,NPAS2
NR1D2,NR0B1
NR1D2,NR1D1
NR1D2,NR2F6
NR1D2,NR4A1
NR1D2,NR5A2
NR1D2,PER1
NR1D2,RARG
NR1H2,SIRT1
NR2C1,NRIP1
NR2F6,ESRRB
NR2F6,HNF4A
NR2F6,NR0B1
NR2F6,NR1D1
NR2F6,NR1D2
NR2F6,NR4A1
NR2F6,NR5A2
NR2F6,RARG
NR3C1,ATP1B1
NR3C1,CBX4
NR3C1,CIC
NR3C1,DKK1
NR3C1,E2F4
NR3C1,ESRRB
NR3C1,EZH1
NR3C1,GAA
NR3C1,HIF3A
NR3C1,HMGB2
NR3C1,IFI30
NR3C1,IMPDH1
NR3C1,MAPK3
NR3C1,MCM7
NR3C1,MYL6
NR3C1,NEU1
NR3C1,NFE2L1
NR3C1,NR2F2
NR3C1,NRG1
NR3C1,PDGFRA
NR3C1,PDIA6
NR3C1,PHLDA3
NR3C1,POLR2A
NR3C1,POU2F1
NR3C1,SGK1
NR3C1,TXNIP
NR3C1,USF1
NR3C1,VEGFA
NR3C1,YEATS4
NR4A1,ESRRB
NR4A1,GNRH1
NR4A1,HNF4A
NR4A1,NR0B1
NR4A1,NR1D1
NR4A1,NR1D2
NR4A1,NR2F6
NR4A1,NR5A2
NR4A1,RARG
NR5A2,ESRRB
NR5A2,GNRH1
NR5A2,HNF4A
NR5A2,NR1D1
NR5A2,NR1D2
NR5A2,NR2F6
NR5A2,NR4A1
NR5A2,RARG
NRF1,NFE2L2
NRIP1,ESRRB
NRIP1,NCOA3
NRIP1,NCOR1
NRIP1,NR2C1
NRIP1,RARA
NRIP1,TFCP2L1
NSD1,PLOD1
NSD1,PLOD2
NSD1,PLOD3
NUPR1,DDX5
ORC2,BUB1B
ORC2,CCNB1
ORC2,CDKN1A
ORC2,E2F1
ORC2,E2F2
ORC2,MCM10
ORC2,MCM2
ORC2,MCM3
ORC2,MCM4
ORC2,MCM5
ORC2,MCM6
ORC2,MCM7
ORC2,POU5F1
ORC2,RB1
ORC2,SPC25
OTX2,POU5F1
OTX2,ZBTB3
OVOL1,ID2
OVOL1,MYC
PA2G4,DKC1
PA2G4,MYBBP1A
PA2G4,NOP56
PA2G4,POLR1C
PA2G4,RUVBL1
PA2G4,SRM
PARP1,BRCA1
PARP1,CENPB
PARP1,DNMT1
PARP1,HDAC2
PARP1,L3MBTL2
PARP1,NANOG
PARP1,PCNA
PARP1,POU5F1
PARP1,SMAD4
PARP1,TRIM28
PARP1,XRCC6
PATZ1,AKT1
PATZ1,APLP1
PATZ1,ATF2
PATZ1,ATF3
PATZ1,CAMSAP3
PATZ1,CCNE1
PATZ1,CIC
PATZ1,COL27A1
PATZ1,CTBP2
PATZ1,DDIT3
PATZ1,DEK
PATZ1,ELL2
PATZ1,ENAH
PATZ1,FOXJ2
PATZ1,FOXO1
PATZ1,HNRNPAB
PATZ1,KRT17
PATZ1,LMO4
PATZ1,MIR466F-2
PATZ1,NCOR1
PATZ1,NFE2L1
PATZ1,NOTCH2
PATZ1,PHC1
PATZ1,PTH1R
PATZ1,RRBP1
PATZ1,SERPINH1
PATZ1,SLC6A8
PATZ1,TAF6
PATZ1,TRP53
PATZ1,UBTF
PATZ1,USF1
PATZ1,VEZF1
PATZ1,ZFP532
PATZ1,ZFP592
PAWR,AMOT
PAWR,PCBD1
PAX6,ARID5B
PAX6,ASNS
PAX6,CBX4
PAX6,CCNE1
PAX6,CIC
PAX6,DUSP9
PAX6,FUS
PAX6,FXYD6
PAX6,GTF3C1
PAX6,HDAC10
PAX6,HIRIP3
PAX6,HIST1H2AC
PAX6,HIST1H2AG
PAX6,HIST1H2AI
PAX6,HIST1H3H
PAX6,HOOK1
PAX6,JARID2
PAX6,MAML3
PAX6,MARCKS
PAX6,MITF
PAX6,MORC4
PAX6,NACC1
PAX6,NFIB
PAX6,NOTUM
PAX6,NR0B1
PAX6,PAPOLA
PAX6,PDE4DIP
PAX6,RELA
PAX6,RNF6
PAX6,SATB1
PAX6,SEC23A
PAX6,SERTAD2
PAX6,SMS
PAX6,SP1
PAX6,SPEN
PAX6,SPRY2
PAX6,TAF5
PAX6,TFEB
PAX6,TPI1
PAX6,TXNDC5
PAX6,VEGFA
PAX6,ZFP148
PAX6,ZFP281
PAX6,ZFP42
PAX6,ZFP592
PAX6,ZFP91
PAX8,RB1
PBX4,JDP2
PBX4,MEIS1
PBX4,MEIS3
PBX4,PKNOX2
PBX4,POLR2J
PBX4,SSBP4
PCBD1,BARD1
PCBD1,BRPF1
PCBD1,CHD4
PCBD1,ERCC8
PCBD1,HNF1B
PCBD1,PAWR
PCBD1,POLR1A
PCBD1,QDPR
PCBD1,SREBF1
PCBD1,ZFP36L1
PDCD11,DKC1
PER1,CRY1
PER1,EWSR1
PER1,FOXP1
PER1,NCOA3
PER1,NONO
PER1,NPAS2
PER1,NR1D2
PER1,SFPQ
PER1,SIN3A
PER1,TIMELESS
PHB2,HDAC1
PHB2,MEF2C
PHF12,HDAC1
PHF12,HDAC10
PHF12,HDAC11
PHF12,HDAC2
PHF12,HDAC4
PHF12,HDAC7
PHF12,MBD2
PHF12,MTA3
PHF12,RBBP4
PHF12,RBBP7
PHF12,SALL1
PHF12,SAP30
PHF12,SATB2
PHF12,SIN3B
PHF14,RNF2
PHF1,EWSR1
PHF1,EZH2
PHF2,FOXP1
PHF2,MAML1
PHF2,TOX3
PIAS1,GLI2
PIAS1,LGALS3
PIAS1,MYC
PIAS1,NCOA3
PIAS1,PLAGL2
PIAS1,RNF19A
PIAS1,STAT4
PIAS1,STAT5A
PIAS1,STAT5B
PIAS1,TFEB
PIAS1,TRIM32
PIAS1,TRP53
PIAS1,ZFP219
PIAS2,DAB2
PIAS2,GTF2I
PIAS2,HDAC1
PIAS2,MYC
PIAS2,PLAGL2
PIAS2,STAT4
PIAS2,STAT5A
PIAS2,STAT5B
PIAS2,TRIM32
PIAS2,TRP53
PIAS3,IRF1
PIAS3,MYC
PIAS3,RELA
PIAS3,STAT4
PIAS3,STAT5A
PIAS3,STAT5B
PITX1,EGR1
PITX1,TRP53
PITX2,CCND2
PITX2,CTNNB1
PITX2,EP300
PITX2,LDB1
PITX2,LEFTY2
PKNOX2,PBX4
PLAGL2,PIAS1
PLAGL2,PIAS2
PLRG1,CDC5L
PML,AGAP3
PML,B2M
PML,DAXX
PML,HDAC2
PML,ICAM1
PML,IRF1
PML,IRF2
PML,IRF4
PML,IRF6
PML,MT2
PML,NANOG
PML,POLR2E
PML,POU5F1
PML,RUNX1
PML,SIRT1
PML,SKIL
PMS1,EWSR1
PMS1,MSH2
PMS1,MSH6
POLR1A,CTCF
POLR1A,DKC1
POLR1A,ERCC3
POLR1A,EWSR1
POLR1A,GTF2H3
POLR1A,GTF2H4
POLR1A,MYBBP1A
POLR1A,MYCN
POLR1A,NME2
POLR1A,NOP56
POLR1A,PCBD1
POLR1A,POLR1B
POLR1A,POLR1C
POLR1A,POLR2E
POLR1A,POLR2H
POLR1A,POLR2K
POLR1A,POU2F1
POLR1B,CTCF
POLR1B,DKC1
POLR1B,ERCC3
POLR1B,GTF2H3
POLR1B,GTF2H4
POLR1B,NME2
POLR1B,NOP56
POLR1B,POLR1A
POLR1B,POLR1C
POLR1B,POLR1E
POLR1B,POLR2E
POLR1B,POLR2H
POLR1B,POLR2K
POLR1B,UBTF
POLR1C,DKC1
POLR1C,ERCC3
POLR1C,GTF2H3
POLR1C,GTF2H4
POLR1C,GTF3C1
POLR1C,NFIB
POLR1C,NME2
POLR1C,NOP56
POLR1C,PA2G4
POLR1C,POLR1A
POLR1C,POLR1B
POLR1C,POLR2B
POLR1C,POLR2E
POLR1C,POLR2H
POLR1C,POLR2J
POLR1C,POLR2K
POLR1C,POLR3B
POLR1C,POLR3D
POLR1C,POLR3F
POLR1C,RUVBL1
POLR1C,SNAPC3
POLR1C,SSB
POLR1E,CTCF
POLR1E,NME2
POLR1E,POLR1B
POLR1E,UBTF
POLR2A,AIRE
POLR2A,ESRRB
POLR2A,EZH2
POLR2A,GATA4
POLR2A,IRF1
POLR2A,LEFTY1
POLR2A,NFYA
POLR2A,NME2
POLR2A,RNF2
POLR2A,SMARCA4
POLR2B,ACTL6A
POLR2B,AIRE
POLR2B,ERCC3
POLR2B,ERCC8
POLR2B,ESRRB
POLR2B,EWSR1
POLR2B,GTF2H3
POLR2B,GTF2H4
POLR2B,NME2
POLR2B,PCBP2
POLR2B,POLR1C
POLR2B,POLR2E
POLR2B,POLR2H
POLR2B,POLR2I
POLR2B,POLR2J
POLR2B,POLR2K
POLR2B,SRSF1
POLR2B,SRSF6
POLR2B,TAF1
POLR2B,TAF6
POLR2B,TAF9
POLR2B,TCEA1
POLR2B,TFCP2L1
POLR2B,XAB2
POLR2B,ZFP275
POLR2E,DKC1
POLR2E,ERCC3
POLR2E,ERCC8
POLR2E,GTF2H3
POLR2E,GTF2H4
POLR2E,GTF3C1
POLR2E,NFIB
POLR2E,NME2
POLR2E,PCBP2
POLR2E,PML
POLR2E,POLR1A
POLR2E,POLR1B
POLR2E,POLR1C
POLR2E,POLR2B
POLR2E,POLR2H
POLR2E,POLR2I
POLR2E,POLR2J
POLR2E,POLR2K
POLR2E,POLR3B
POLR2E,POLR3D
POLR2E,POLR3F
POLR2E,RUVBL1
POLR2E,SNAPC3
POLR2E,SRSF1
POLR2E,SRSF6
POLR2E,SSB
POLR2E,TAF1
POLR2E,TAF6
POLR2E,TAF9
POLR2E,TCEA1
POLR2E,XAB2
POLR2H,DKC1
POLR2H,ERCC3
POLR2H,ERCC8
POLR2H,GTF2H3
POLR2H,GTF2H4
POLR2H,GTF3C1
POLR2H,NANOG
POLR2H,NFIB
POLR2H,NME2
POLR2H,PCBP2
POLR2H,POLR1A
POLR2H,POLR1B
POLR2H,POLR1C
POLR2H,POLR2B
POLR2H,POLR2E
POLR2H,POLR2I
POLR2H,POLR2J
POLR2H,POLR2K
POLR2H,POLR3B
POLR2H,POLR3D
POLR2H,POLR3F
POLR2H,SNAPC3
POLR2H,SRSF1
POLR2H,SRSF6
POLR2H,SSB
POLR2H,TAF1
POLR2H,TAF6
POLR2H,TAF9
POLR2H,TCEA1
POLR2H,XAB2
POLR2I,ERCC3
POLR2I,ERCC8
POLR2I,GTF2H3
POLR2I,GTF2H4
POLR2I,JDP2
POLR2I,NME2
POLR2I,PCBP2
POLR2I,PCNA
POLR2I,POLR2B
POLR2I,POLR2E
POLR2I,POLR2H
POLR2I,POLR2J
POLR2I,POLR2K
POLR2I,SRSF1
POLR2I,SRSF6
POLR2I,TAF1
POLR2I,TAF6
POLR2I,TAF9
POLR2I,TCEA1
POLR2I,XAB2
POLR2J,ERCC3
POLR2J,ERCC8
POLR2J,GTF2H3
POLR2J,GTF2H4
POLR2J,NME2
POLR2J,PBX4
POLR2J,PCBP2
POLR2J,POLR1C
POLR2J,POLR2B
POLR2J,POLR2E
POLR2J,POLR2H
POLR2J,POLR2I
POLR2J,POLR2K
POLR2J,SRSF1
POLR2J,SRSF6
POLR2J,TAF1
POLR2J,TAF6
POLR2J,TAF9
POLR2J,TCEA1
POLR2J,XAB2
POLR2K,ERCC3
POLR2K,ERCC8
POLR2K,GTF2H3
POLR2K,GTF2H4
POLR2K,GTF3C1
POLR2K,NFIB
POLR2K,PCBP2
POLR2K,POLR1A
POLR2K,POLR1B
POLR2K,POLR1C
POLR2K,POLR2B
POLR2K,POLR2E
POLR2K,POLR2H
POLR2K,POLR2I
POLR2K,POLR2J
POLR2K,POLR3B
POLR2K,POLR3D
POLR2K,POLR3F
POLR2K,SNAPC3
POLR2K,SRSF1
POLR2K,SRSF6
POLR2K,SSB
POLR2K,TAF1
POLR2K,TAF6
POLR2K,TAF9
POLR2K,TCEA1
POLR2K,XAB2
POLR3B,GTF3C1
POLR3B,NFIB
POLR3B,NME2
POLR3B,POLR1C
POLR3B,POLR2E
POLR3B,POLR2H
POLR3B,POLR2K
POLR3B,POLR3D
POLR3B,POLR3F
POLR3B,SNAPC3
POLR3B,SSB
POLR3D,GTF3C1
POLR3D,NFIB
POLR3D,NME2
POLR3D,POLR1C
POLR3D,POLR2E
POLR3D,POLR2H
POLR3D,POLR2K
POLR3D,POLR3B
POLR3D,POLR3F
POLR3D,SNAPC3
POLR3D,SSB
POLR3F,EWSR1
POLR3F,GTF3C1
POLR3F,NCOA3
POLR3F,NFIB
POLR3F,NME2
POLR3F,POLR1C
POLR3F,POLR2E
POLR3F,POLR2H
POLR3F,POLR2K
POLR3F,POLR3B
POLR3F,POLR3D
POLR3F,SNAPC3
POLR3F,SSB
POU2F1,ADAMTS9
POU2F1,AES
POU2F1,AKR1B3
POU2F1,ANKRD6
POU2F1,APBB1
POU2F1,APPBP2
POU2F1,ARHGAP21
POU2F1,ARID1A
POU2F1,ARID5B
POU2F1,ASPH
POU2F1,ASXL1
POU2F1,BEND5
POU2F1,BTBD11
POU2F1,BTF3
POU2F1,CALD1
POU2F1,CCND1
POU2F1,CDC20
POU2F1,CDC42SE2
POU2F1,CELF3
POU2F1,CHD5
POU2F1,CITED1
POU2F1,CITED2
POU2F1,CNOT2
POU2F1,COBLL1
POU2F1,CREB3
POU2F1,CTBP2
POU2F1,CYP26A1
POU2F1,DAB2
POU2F1,DAXX
POU2F1,DKK1
POU2F1,DNMT3A
POU2F1,EDA2R
POU2F1,ELAVL2
POU2F1,EP300
POU2F1,ESRRA
POU2F1,ETV1
POU2F1,FABP3
POU2F1,FGF4
POU2F1,FIZ1
POU2F1,FN1
POU2F1,FOXA2
POU2F1,FOXP1
POU2F1,GBX2
POU2F1,GCNT1
POU2F1,GNAS
POU2F1,GORASP2
POU2F1,HABP2
POU2F1,HDLBP
POU2F1,HIST1H1A
POU2F1,HIST1H2AC
POU2F1,HIST1H2BB
POU2F1,HMGA1
POU2F1,HMGA2
POU2F1,HMGB2
POU2F1,HNF1B
POU2F1,HSPH1
POU2F1,ID2
POU2F1,IKBKB
POU2F1,IRF4
POU2F1,JUND
POU2F1,KANK3
POU2F1,KDM3A
POU2F1,KIT
POU2F1,KRT17
POU2F1,LMO4
POU2F1,MAML3
POU2F1,MANF
POU2F1,MARCKS
POU2F1,MDM2
POU2F1,MEF2D
POU2F1,MEIS1
POU2F1,MIR669A-1
POU2F1,MITF
POU2F1,MT2
POU2F1,MYC
POU2F1,MYH9
POU2F1,MYO6
POU2F1,NAA15
POU2F1,NFIA
POU2F1,NFIB
POU2F1,NR2F2
POU2F1,NR3C1
POU2F1,NXF7
POU2F1,PATZ1
POU2F1,PAX6
POU2F1,PDE4DIP
POU2F1,PDLIM1
POU2F1,PIPOX
POU2F1,PITX2
POU2F1,PKNOX2
POU2F1,PODXL
POU2F1,POLR1A
POU2F1,POLR2A
POU2F1,POLR3F
POU2F1,PRDM5
POU2F1,PURA
POU2F1,RARG
POU2F1,RBFOX2
POU2F1,RFFL
POU2F1,RIAN
POU2F1,RLIM
POU2F1,SATB1
POU2F1,SLC6A6
POU2F1,SMAD2
POU2F1,SMAD3
POU2F1,SNORA81
POU2F1,SP8
POU2F1,SPEN
POU2F1,SPRY2
POU2F1,SRM
POU2F1,TBL1X
POU2F1,TCF20
POU2F1,TCF7
POU2F1,TCF7L2
POU2F1,TEAD1
POU2F1,TFAP4
POU2F1,TGFB1I1
POU2F1,TGIF1
POU2F1,TRIM13
POU2F1,TRPS1
POU2F1,VANGL1
POU2F1,ZBTB10
POU2F1,ZBTB38
POU2F1,ZFP148
POU2F1,ZFP36L1
POU2F1,ZIC3
POU4F1,HIST1H3H
POU4F1,RUNX1
POU4F1,TRP53
POU4F2,POU6F1
POU4F2,SMARCA2
POU5F1,ACTL6A
POU5F1,AHNAK
POU5F1,AMOTL2
POU5F1,ANXA2
POU5F1,ARID1A
POU5F1,ARID3B
POU5F1,ASH2L
POU5F1,ATF2
POU5F1,BRWD1
POU5F1,CALU
POU5F1,CDC20
POU5F1,CHD4
POU5F1,CHD5
POU5F1,CNN2
POU5F1,COL18A1
POU5F1,CTBP1
POU5F1,CTBP2
POU5F1,CTCF
POU5F1,CTNNB1
POU5F1,CUBN
POU5F1,DDB1
POU5F1,DNMT3A
POU5F1,EP300
POU5F1,EP400
POU5F1,ESRRB
POU5F1,EWSR1
POU5F1,FBXO15
POU5F1,FUBP3
POU5F1,GABPA
POU5F1,GATA4
POU5F1,GATAD2B
POU5F1,GLI2
POU5F1,GTF2I
POU5F1,HCFC1
POU5F1,HDAC1
POU5F1,HDAC2
POU5F1,HDGF
POU5F1,HELLS
POU5F1,HK2
POU5F1,HMGB2
POU5F1,HNRNPAB
POU5F1,HSPG2
POU5F1,ILF2
POU5F1,ILF3
POU5F1,ILK
POU5F1,JMJD1C
POU5F1,KLF4
POU5F1,KPNA2
POU5F1,L1TD1
POU5F1,L3MBTL2
POU5F1,LAMA1
POU5F1,LAMB1
POU5F1,LAMC1
POU5F1,MATR3
POU5F1,MCM5
POU5F1,MITF
POU5F1,MSH2
POU5F1,MSH6
POU5F1,MTA3
POU5F1,MYBL2
POU5F1,NACC1
POU5F1,NEDD4
POU5F1,NONO
POU5F1,NUP93
POU5F1,ORC2
POU5F1,OTX2
POU5F1,P4HA1
POU5F1,PARP1
POU5F1,PCBP2
POU5F1,PCSK6
POU5F1,PHC1
POU5F1,PML
POU5F1,RAI14
POU5F1,RBBP7
POU5F1,RBM14
POU5F1,RBPJ
POU5F1,RCOR2
POU5F1,RFX2
POU5F1,RNF2
POU5F1,RPN1
POU5F1,RYBP
POU5F1,SALL1
POU5F1,SALL4
POU5F1,SERPINH1
POU5F1,SMAD3
POU5F1,SMARCA2
POU5F1,SMARCA4
POU5F1,SMARCA5
POU5F1,SMARCB1
POU5F1,SMARCC1
POU5F1,SMARCC2
POU5F1,SND1
POU5F1,SOX15
POU5F1,SOX17
POU5F1,SP1
POU5F1,SPP1
POU5F1,TAF1
POU5F1,TCERG1
POU5F1,TCOF1
POU5F1,TDGF1
POU5F1,TDH
POU5F1,TET1
POU5F1,TFCP2L1
POU5F1,TFE3
POU5F1,TFEB
POU5F1,TOP2A
POU5F1,TOP2B
POU5F1,TOX4
POU5F1,TRIM24
POU5F1,TRP53BP1
POU5F1,TRRAP
POU5F1,TTF2
POU5F1,UBP1
POU5F1,XRCC5
POU5F1,XRCC6
POU5F1,ZBTB10
POU5F1,ZBTB43
POU5F1,ZFHX3
POU5F1,ZFP219
POU5F1,ZFP462
POU5F1,ZIC3
POU5F1,ZMYM2
POU6F1,POU4F2
PRDM5,CCND1
PRDM5,POU2F1
PREB,SEC23A
PREB,SEC24D
PREB,SSBP4
PROX1,HDAC3
PSIP1,NANOG
PURA,CCNB1
PURA,CCND1
PURA,CCNE1
PURA,HIST1H1A
PURA,RARA
RAD51,BRCA1
RAD51,BRCA2
RAD54B,KNTC1
RAI14,EWSR1
RAI14,POU5F1
RAI14,SSBP4
RAI14,ZFP42
RARA,CRYAB
RARA,CTNNB1
RARA,DDX5
RARA,EP300
RARA,ETV4
RARA,EWSR1
RARA,FUS
RARA,H1F0
RARA,HNRNPAB
RARA,HNRNPD
RARA,KAT2B
RARA,MDK
RARA,NCOR1
RARA,NONO
RARA,NR2C1
RARA,NRIP1
RARA,NSD1
RARA,PURA
RARA,SFPQ
RARA,SIRT1
RARA,SND1
RARA,TGFBR3
RARA,TGIF1
RARA,TGM1
RARA,TRH
RARA,TRIM24
RARA,VIM
RARA,ZFP423
RARG,CRYAB
RARG,CTNNB1
RARG,EP300
RARG,ESRRB
RARG,H1F0
RARG,HNF4A
RARG,LAMB1
RARG,MDK
RARG,NR0B1
RARG,NR1D1
RARG,NR1D2
RARG,NR2F6
RARG,NR4A1
RARG,NR5A2
RARG,POU5F1
RARG,RARA
RARG,TGFBR3
RARG,TGM1
RARG,TRH
RB1,AATF
RB1,CCND2
RB1,CCND3
RB1,CCNE1
RB1,CDH1
RB1,E2F2
RB1,E2F4
RB1,HDAC1
RB1,HDAC2
RB1,HMGA1
RB1,HMGA2
RB1,ID2
RB1,JARID2
RB1,MCM2
RB1,MCM3
RB1,MCM4
RB1,MCM6
RB1,MCM7
RB1,MDM2
RB1,MYC
RB1,ORC2
RB1,PAX8
RB1,SMARCA4
RB1,TRP53
RB1,UBTF
RBBP4,BMI1
RBBP4,CBX4
RBBP4,E2F1
RBBP4,E2F4
RBBP4,EED
RBBP4,ESRRB
RBBP4,EZH1
RBBP4,EZH2
RBBP4,HDAC1
RBBP4,HDAC10
RBBP4,HDAC11
RBBP4,HDAC2
RBBP4,HDAC4
RBBP4,HDAC7
RBBP4,HIST1H3H
RBBP4,HMGXB4
RBBP4,JARID2
RBBP4,L3MBTL2
RBBP4,MBD2
RBBP4,MIS18BP1
RBBP4,MTA3
RBBP4,MTF2
RBBP4,NANOG
RBBP4,PCNA
RBBP4,PHC1
RBBP4,PHF12
RBBP4,RBBP7
RBBP4,RBL1
RBBP4,RNF2
RBBP4,RUNX1
RBBP4,RUVBL1
RBBP4,SALL1
RBBP4,SALL4
RBBP4,SAP30
RBBP4,SATB2
RBBP4,SOX2
RBBP4,SUZ12
RBBP4,TFCP2L1
RBBP4,TOP2A
RBBP4,TRP53
RBBP7,BMI1
RBBP7,CBX4
RBBP7,EED
RBBP7,EZH1
RBBP7,EZH2
RBBP7,HDAC1
RBBP7,HDAC10
RBBP7,HDAC11
RBBP7,HDAC2
RBBP7,HDAC4
RBBP7,HDAC7
RBBP7,L3MBTL2
RBBP7,MBD2
RBBP7,MIS18BP1
RBBP7,MTA3
RBBP7,NANOG
RBBP7,PCNA
RBBP7,PHC1
RBBP7,PHF12
RBBP7,POU5F1
RBBP7,RBBP4
RBBP7,RNF2
RBBP7,RUVBL1
RBBP7,SALL1
RBBP7,SALL4
RBBP7,SAP30
RBBP7,SATB2
RBBP7,SOX2
RBBP7,SUZ12
RBBP7,TET1
RBBP7,TET2
RBBP7,TFCP2L1
RBBP7,ZFPM1
RBL1,CCND1
RBL1,CCND2
RBL1,CCND3
RBL1,CDKN1A
RBL1,E2F1
RBL1,E2F4
RBL1,PCNA
RBL1,RBBP4
RBL1,SMAD2
RBL1,SMAD3
RBL1,SMAD4
RBL1,TOP2A
RBM14,NANOG
RBM14,POU5F1
RBM14,TFCP2L1
RBMXL2,HIST1H3H
RBMXL2,NANOG
RBPJ,CHD7
RBPJ,CTBP1
RBPJ,CTBP2
RBPJ,EP300
RBPJ,HDAC1
RBPJ,HDAC2
RBPJ,KAT2B
RBPJ,MAML1
RBPJ,MAML3
RBPJ,MYC
RBPJ,NOTCH1
RBPJ,NOTCH2
RBPJ,NOTCH4
RBPJ,POU5F1
RBPJ,SOX2
RCOR2,POU5F1
RELA,BRPF1
RELA,CITED2
RELA,CTNNB1
RELA,DAZAP2
RELA,DCP1A
RELA,DEK
RELA,DUSP9
RELA,EP300
RELA,F3
RELA,HDAC1
RELA,HIF1A
RELA,HSPA8
RELA,HSPB1
RELA,IGF2
RELA,IKBKB
RELA,JUN
RELA,KEAP1
RELA,MAP3K1
RELA,MAPK11
RELA,MAPK13
RELA,MAPK3
RELA,MAPK8
RELA,MITF
RELA,MYD88
RELA,NANOG
RELA,NFKB2
RELA,NFKBIA
RELA,PCNA
RELA,PIAS3
RELA,PODXL
RELA,RARA
RELA,RCN3
RELA,RFFL
RELA,S100A6
RELA,SEMA4C
RELA,SIRT1
RELA,SMAD3
RELA,SMAD7
RELA,SOCS2
RELA,SP1
RELA,SQSTM1
RELA,SREBF1
RELA,TFE3
RELA,VEGFA
RELA,ZMYND11
RERE,HDAC1
REST,EWSR1
REST,HTT
REST,L3MBTL2
REST,NANOG
REST,NR0B1
RFX2,POU5F1
RFX5,RFXAP
RFXAP,EWSR1
RFXAP,RFX5
RLIM,ZFP42
RNF14,ARNTL
RNF14,ZFP236
RNF19A,NCOA3
RNF19A,PIAS1
RNF19A,SOD1
RNF2,ACTG1
RNF2,ACTL6A
RNF2,ASH2L
RNF2,BMI1
RNF2,CBX4
RNF2,CBX6
RNF2,CBX7
RNF2,CBX8
RNF2,CENPV
RNF2,COIL
RNF2,CTBP2
RNF2,E2F6
RNF2,EP400
RNF2,ESRRB
RNF2,EZH1
RNF2,EZH2
RNF2,GATA4
RNF2,HDAC2
RNF2,HSPA8
RNF2,L3MBTL2
RNF2,MAPKAPK2
RNF2,MATR3
RNF2,MED15
RNF2,MED4
RNF2,MLLT1
RNF2,MYBBP1A
RNF2,NANOG
RNF2,NCOA6
RNF2,PELP1
RNF2,PHC1
RNF2,PHF14
RNF2,POLR2A
RNF2,POU5F1
RNF2,RBBP4
RNF2,RBBP7
RNF2,RUNX1
RNF2,RUVBL1
RNF2,RUVBL2
RNF2,RYBP
RNF2,SALL4
RNF2,SCMH1
RNF2,SENP3
RNF2,SMARCA5
RNF2,SMARCB1
RNF2,SUZ12
RNF2,TAF1
RNF2,TAF6
RNF2,TAF9
RNF2,TFCP2L1
RNF2,TOX4
RNF2,TRRAP
RNF2,XRCC5
RNF2,YAF2
RUNX3,CCND1
RUNX3,ETS1
RUNX3,EZH2
RUNX3,VEGFA
RUVBL1,ACTL6A
RUVBL1,APEX1
RUVBL1,CTNNB1
RUVBL1,DKC1
RUVBL1,E2F6
RUVBL1,ILF2
RUVBL1,ING3
RUVBL1,MIS18BP1
RUVBL1,MYBBP1A
RUVBL1,NANOG
RUVBL1,NOP56
RUVBL1,PA2G4
RUVBL1,PELP1
RUVBL1,POLR1C
RUVBL1,POLR2E
RUVBL1,RBBP4
RUVBL1,RBBP7
RUVBL1,RNF2
RUVBL1,RUVBL2
RUVBL1,SENP3
RUVBL1,SOX2
RUVBL1,SRM
RUVBL1,TAF1
RUVBL1,TAF6
RUVBL1,TAF9
RUVBL1,TCF7
RUVBL1,TCF7L2
RUVBL1,TFCP2L1
RUVBL1,WDR1
RUVBL1,YEATS4
RUVBL2,AIRE
RUVBL2,NANOG
RUVBL2,RNF2
RUVBL2,RUVBL1
RUVBL2,SALL4
RUVBL2,SOX2
RUVBL2,TFCP2L1
RUVBL2,WDR1
RYBP,CBX7
RYBP,E2F6
RYBP,GATA4
RYBP,L3MBTL2
RYBP,POU5F1
RYBP,RNF2
RYBP,TFCP2L1
SALL1,ESRRB
SALL1,HDAC1
SALL1,HDAC10
SALL1,HDAC11
SALL1,HDAC2
SALL1,HDAC4
SALL1,HDAC7
SALL1,MBD2
SALL1,MTA3
SALL1,NACC1
SALL1,NANOG
SALL1,NR0B1
SALL1,PHF12
SALL1,POU5F1
SALL1,RBBP4
SALL1,RBBP7
SALL1,SALL4
SALL1,SAP30
SALL1,SATB2
SALL1,SOX2
SALL1,TFCP2L1
SALL4,ACTL6A
SALL4,ARID1A
SALL4,CHD4
SALL4,CTBP2
SALL4,ESRRB
SALL4,EWSR1
SALL4,FGF10
SALL4,GATAD2B
SALL4,HDAC1
SALL4,HDAC2
SALL4,L1TD1
SALL4,L3MBTL2
SALL4,MBD2
SALL4,MTA3
SALL4,NACC1
SALL4,NANOG
SALL4,NR0B1
SALL4,RBBP4
SALL4,RBBP7
SALL4,RNF2
SALL4,RUVBL2
SALL4,SALL1
SALL4,SET
SALL4,SMARCA4
SALL4,SMARCB1
SALL4,SMARCC1
SALL4,SMARCD1
SALL4,SOX2
SALL4,TFCP2L1
SALL4,USP9X
SALL4,ZFP219
SALL4,ZFP281
SAP30,HDAC1
SAP30,HDAC10
SAP30,HDAC11
SAP30,HDAC2
SAP30,HDAC4
SAP30,HDAC7
SAP30,IFRD1
SAP30,MBD2
SAP30,MTA3
SAP30,PHF12
SAP30,RBBP4
SAP30,RBBP7
SAP30,SALL1
SAP30,SATB2
SAP30,SIN3A
SAP30,SIN3B
SAP30,TET1
SAP30,TET2
SATB2,ATF4
SATB2,HDAC1
SATB2,HDAC10
SATB2,HDAC11
SATB2,HDAC2
SATB2,HDAC4
SATB2,HDAC7
SATB2,MBD2
SATB2,MTA3
SATB2,PHF12
SATB2,RBBP4
SATB2,RBBP7
SATB2,SALL1
SATB2,SAP30
SATB2,TFCP2L1
SCMH1,PHC1
SCMH1,RNF2
SFPQ,PER1
SFPQ,RARA
SFPQ,SIN3A
SFPQ,SMARCA2
SFPQ,SMARCA4
SIN3A,APEX1
SIN3A,ARID1A
SIN3A,DDX20
SIN3A,ETV6
SIN3A,HDAC1
SIN3A,HDAC2
SIN3A,KDM5B
SIN3A,KLF13
SIN3A,L3MBTL2
SIN3A,NANOG
SIN3A,NCOR1
SIN3A,NFKB2
SIN3A,PER1
SIN3A,RUNX1
SIN3A,SAP30
SIN3A,SFPQ
SIN3A,SIN3B
SIN3A,SMAD4
SIN3A,SOX2
SIN3A,TET1
SIN3A,TET2
SIN3A,TFCP2L1
SIN3A,TRP53
SIN3B,CRY1
SIN3B,HDAC1
SIN3B,HDAC3
SIN3B,IFRD1
SIN3B,NCOA3
SIN3B,NCOA6
SIN3B,PHF12
SIN3B,SAP30
SIN3B,SIN3A
SIRT1,AKT1
SIRT1,ARNTL
SIRT1,CCNB1
SIRT1,EP300
SIRT1,ESRRA
SIRT1,EYA1
SIRT1,EZH2
SIRT1,FHL2
SIRT1,FOXO1
SIRT1,HDAC1
SIRT1,HDAC11
SIRT1,HIST1H3H
SIRT1,HNF4A
SIRT1,JUN
SIRT1,KAT2B
SIRT1,MYC
SIRT1,NCOA3
SIRT1,NCOR1
SIRT1,NDN
SIRT1,NDRG1
SIRT1,NR1H2
SIRT1,PML
SIRT1,RARA
SIRT1,SMAD7
SIRT1,XRCC6
SIRT1,ZFP236
SIRT1,ZYX
SIRT2,CDC20
SIRT2,EWSR1
SIRT2,FOXO1
SIRT2,FZR1
SIRT2,NCOA3
SIRT2,ZBTB3
SIRT3,XRCC6
SIX1,EYA1
SIX1,SMARCA4
SIX1,SMARCC1
SIX1,SMARCC2
SIX1,SOX2
SIX5,SRF
SKIL,FZR1
SKIL,PML
SKIL,SMURF2
SMAD2,DDX5
SMAD2,E2F4
SMAD2,EP300
SMAD2,FOXH1
SMAD2,GATA4
SMAD2,HOXD13
SMAD2,MAPK3
SMAD2,MEF2A
SMAD2,MYC
SMAD2,PITX2
SMAD2,RBL1
SMAD2,RUNX1
SMAD2,SMAD4
SMAD2,SMAD7
SMAD2,SP1
SMAD2,TGFB1
SMAD2,ZEB2
SMAD2,ZMYM2
SMAD3,CDKN1A
SMAD3,CTNNB1
SMAD3,DDX5
SMAD3,E2F4
SMAD3,EP300
SMAD3,FOXH1
SMAD3,GATA4
SMAD3,HIF1A
SMAD3,ID2
SMAD3,JUND
SMAD3,LEFTY1
SMAD3,LEFTY2
SMAD3,MAPK3
SMAD3,PCNA
SMAD3,PITX2
SMAD3,POU5F1
SMAD3,RBL1
SMAD3,SMAD4
SMAD3,SOX2
SMAD3,SP1
SMAD3,TDGF1
SMAD3,TGFB1
SMAD3,ZMYM2
SMAD4,CCND1
SMAD4,CITED1
SMAD4,DAXX
SMAD4,DDX5
SMAD4,E2F4
SMAD4,EP300
SMAD4,FOXH1
SMAD4,FOXP1
SMAD4,GATA4
SMAD4,GATA6
SMAD4,GTF2I
SMAD4,HDAC1
SMAD4,HMGA2
SMAD4,HNF1B
SMAD4,ID4
SMAD4,MAPK3
SMAD4,MEN1
SMAD4,MYC
SMAD4,PARP1
SMAD4,PITX2
SMAD4,RBL1
SMAD4,SIN3A
SMAD4,SMAD2
SMAD4,SMAD3
SMAD4,SP1
SMAD4,TCF7
SMAD4,TCF7L2
SMAD4,TGIF1
SMAD4,TWIST1
SMAD4,WWTR1
SMAD4,ZMYM2
SMAD7,CDH1
SMAD7,DDX5
SMAD7,EP300
SMAD7,FN1
SMAD7,KLF10
SMAD7,SIRT1
SMAD7,SMAD2
SMAD7,SMURF1
SMAD7,SMURF2
SMAD7,SRF
SMAD7,TFEB
SMAD7,ZMYM2
SMARCA2,ACTG1
SMARCA2,ACTL6A
SMARCA2,ALPL
SMARCA2,ARID1A
SMARCA2,BRCA1
SMARCA2,BRD7
SMARCA2,CCND1
SMARCA2,HDAC2
SMARCA2,JUN
SMARCA2,MYBBP1A
SMARCA2,NANOG
SMARCA2,NONO
SMARCA2,POU4F2
SMARCA2,POU5F1
SMARCA2,SFPQ
SMARCA2,SMARCA4
SMARCA2,SMARCB1
SMARCA2,SMARCC1
SMARCA2,SMARCC2
SMARCA2,SMARCD1
SMARCA2,TOP2B
SMARCA4,ACTG1
SMARCA4,ACTL6A
SMARCA4,ARID1A
SMARCA4,ATF3
SMARCA4,BRD7
SMARCA4,CHD7
SMARCA4,CTNNB1
SMARCA4,DDX5
SMARCA4,E2F1
SMARCA4,ESRRB
SMARCA4,EYA1
SMARCA4,GATA4
SMARCA4,HDAC1
SMARCA4,HDAC2
SMARCA4,HDAC3
SMARCA4,HIST1H3H
SMARCA4,KLF4
SMARCA4,L3MBTL2
SMARCA4,MYBBP1A
SMARCA4,MYC
SMARCA4,NONO
SMARCA4,POLR2A
SMARCA4,RB1
SMARCA4,RUNX1
SMARCA4,SFPQ
SMARCA4,SIX1
SMARCA4,SMARCA2
SMARCA4,SMARCB1
SMARCA4,SMARCC1
SMARCA4,SMARCC2
SMARCA4,SMARCD1
SMARCA4,SRF
SMARCA4,TFCP2L1
SMARCA4,TOP2B
SMARCA4,TRP53
SMARCA5,BAZ1A
SMARCA5,ESRRB
SMARCA5,HIST1H3H
SMARCA5,L3MBTL2
SMARCA5,NANOG
SMARCA5,POU5F1
SMARCA5,RNF2
SMARCA5,SOX2
SMARCA5,TFCP2L1
SMARCAD1,ZFP42
SMARCB1,ACTL6A
SMARCB1,ARID1A
SMARCB1,GLI1
SMARCB1,HDAC2
SMARCB1,JUN
SMARCB1,POU5F1
SMARCB1,RNF2
SMARCB1,RUNX1
SMARCB1,SALL4
SMARCB1,SMARCA2
SMARCB1,SMARCA4
SMARCB1,SMARCC1
SMARCB1,SMARCC2
SMARCB1,SMARCD1
SMARCB1,SOX2
SMARCB1,TFCP2L1
SMARCB1,TOP2B
SMARCB1,YEATS4
SMARCC1,ACTL6A
SMARCC1,ARID1A
SMARCC1,ESRRB
SMARCC1,EYA1
SMARCC1,HDAC2
SMARCC1,L3MBTL2
SMARCC1,NACC1
SMARCC1,POU5F1
SMARCC1,RUNX1
SMARCC1,SALL4
SMARCC1,SIX1
SMARCC1,SMARCA2
SMARCC1,SMARCA4
SMARCC1,SMARCB1
SMARCC1,SMARCC2
SMARCC1,SMARCD1
SMARCC1,SOX2
SMARCC1,TFCP2L1
SMARCC1,TOP2B
SMARCC1,ZFP42
SMARCC2,ACTL6A
SMARCC2,ARID1A
SMARCC2,CHD7
SMARCC2,EYA1
SMARCC2,GLI1
SMARCC2,POU5F1
SMARCC2,RUNX1
SMARCC2,SIX1
SMARCC2,SMARCA2
SMARCC2,SMARCA4
SMARCC2,SMARCB1
SMARCC2,SMARCC1
SMARCC2,SMARCD1
SMARCC2,SOX2
SMARCC2,TFCP2L1
SMARCC2,TOP2B
SMARCD1,ACTL6A
SMARCD1,ARID1A
SMARCD1,ESRRB
SMARCD1,RUNX1
SMARCD1,SALL4
SMARCD1,SMARCA2
SMARCD1,SMARCA4
SMARCD1,SMARCB1
SMARCD1,SMARCC1
SMARCD1,SMARCC2
SMARCD1,TFCP2L1
SMARCD1,TOP2B
SMARCD1,TRP53
SMURF2,FGFR3
SMURF2,FGFR4
SMURF2,KIT
SMURF2,PDGFRA
SMURF2,SKIL
SMURF2,SMAD7
SMURF2,SMURF1
SMURF2,TRP53BP1
SNAI1,DDX5
SNAI1,FGF10
SNAI1,HMGA2
SNAI1,LOXL2
SNAI1,NOTCH1
SNAI1,SMAD3
SNAI1,SMAD4
SNAI1,SUZ12
SNAI1,TGFB1
SNAI1,TWIST1
SNAI1,VEGFA
SNAI1,VIM
SNAPC3,POLR1C
SNAPC3,POLR2E
SNAPC3,POLR2H
SNAPC3,POLR2K
SNAPC3,POLR3B
SNAPC3,POLR3D
SNAPC3,POLR3F
SND1,POU5F1
SND1,RARA
SOS2,CCND1
SOS2,CCND2
SOS2,CCND3
SOS2,MYC
SOS2,SPRY2
SOS2,SPRY4
SOX15,HOXD13
SOX15,POU5F1
SOX17,DNMT1
SOX17,EZH2
SOX17,GATA6
SOX17,POU5F1
SOX17,TCF7
SOX17,TCF7L2
SOX2,ACTL6A
SOX2,ARID1A
SOX2,CHD4
SOX2,CHD7
SOX2,CTBP1
SOX2,CTNNB1
SOX2,CUX1
SOX2,DIDO1
SOX2,ETV1
SOX2,EYA1
SOX2,FGF10
SOX2,GJA1
SOX2,GLI2
SOX2,HDAC1
SOX2,HDAC2
SOX2,HDAC3
SOX2,JAM2
SOX2,NACC1
SOX2,NDN
SOX2,NFIB
SOX2,NOTCH1
SOX2,PAX6
SOX2,PDLIM1
SOX2,PLA2G1B
SOX2,RBBP4
SOX2,RBBP7
SOX2,RBPJ
SOX2,RIF1
SOX2,RUVBL1
SOX2,RUVBL2
SOX2,SALL1
SOX2,SALL4
SOX2,SHROOM3
SOX2,SIN3A
SOX2,SIX1
SOX2,SLC16A6
SOX2,SMAD3
SOX2,SMARCA5
SOX2,SMARCB1
SOX2,SMARCC1
SOX2,SMARCC2
SOX2,SPP1
SOX2,TEAD1
SOX2,TULP3
SOX2,TWIST1
SP1,ALPL
SP1,BCL3
SP1,BRCA1
SP1,CDH1
SP1,CITED1
SP1,COL4A1
SP1,CTSL
SP1,CYP26A1
SP1,E2F1
SP1,EP300
SP1,F3
SP1,FST
SP1,HDAC1
SP1,HDAC3
SP1,HSP90AA1
SP1,HTT
SP1,ITGAV
SP1,LDLR
SP1,MAPK3
SP1,MT1
SP1,NCOA3
SP1,NCOA6
SP1,NEU1
SP1,NFYA
SP1,NR0B1
SP1,NUP210
SP1,PAX8
SP1,PDIA4
SP1,PDPN
SP1,PER1
SP1,PLAT
SP1,PSAP
SP1,RELA
SP1,SIX5
SP1,SMAD2
SP1,SMAD3
SP1,SMAD4
SP1,SRF
SP1,TRP53
SP1,VIM
SPEN,MSX2
SREBF1,ELOVL6
SREBF1,EP300
SREBF1,EWSR1
SREBF1,FDPS
SREBF1,HK2
SREBF1,HKDC1
SREBF1,HNF4A
SREBF1,INSIG1
SREBF1,NCOA3
SREBF1,NCOA6
SREBF1,NFYA
SREBF1,PCBD1
SREBF1,RELA
SREBF1,SEC23A
SREBF1,SEC24D
SREBF1,SIRT1
SREBF1,SP1
SRF,ABCC5
SRF,ACTG1
SRF,ADAMTS9
SRF,AFF1
SRF,AKAP12
SRF,ARHGAP1
SRF,ATF3
SRF,ATF6
SRF,CHD4
SRF,CITED1
SRF,CNOT2
SRF,CREB3
SRF,CSRP1
SRF,CTNNB1
SRF,CTSA
SRF,EFEMP2
SRF,EHMT2
SRF,ELF1
SRF,ELK1
SRF,ELK4
SRF,EMX2
SRF,ENAH
SRF,FGFR3
SRF,FIZ1
SRF,FST
SRF,GAS6
SRF,GBX2
SRF,GLIPR1
SRF,GSN
SRF,GTF2I
SRF,H1F0
SRF,HDLBP
SRF,HES6
SRF,HIST1H1B
SRF,HOPX
SRF,HSPG2
SRF,ID4
SRF,JDP2
SRF,KRT8
SRF,KRTCAP2
SRF,LMO4
SRF,LRP2
SRF,LTBP4
SRF,MAN1A2
SRF,MAPKAPK2
SRF,MATR3
SRF,MEIS1
SRF,MSX2
SRF,MYH9
SRF,MYLPF
SRF,NEU1
SRF,NFATC1
SRF,NFE2L2
SRF,NKRF
SRF,NPAS2
SRF,NR2F2
SRF,NR2F6
SRF,PAPOLA
SRF,PAX6
SRF,PDCD11
SRF,PDGFA
SRF,PITPNC1
SRF,PRDM1
SRF,RBM14
SRF,RIAN
SRF,RMND5B
SRF,RTN1
SRF,SALL1
SRF,SATB1
SRF,SIX5
SRF,SLC25A4
SRF,SMAD7
SRF,SMARCA4
SRF,SNORA26
SRF,ST5
SRF,TADA3
SRF,TAF5
SRF,TBPL1
SRF,TIMP3
SRF,TPM1
SRF,VEGFA
SRF,ZEB2
SRF,ZFP423
SRF,ZFP532
SRF,ZIC3
SRSF1,AIRE
SRSF1,KHDRBS1
SRSF1,PCBP2
SRSF1,POLR2B
SRSF1,POLR2E
SRSF1,POLR2H
SRSF1,POLR2I
SRSF1,POLR2J
SRSF1,POLR2K
SRSF1,SRSF3
SRSF1,SRSF6
SRSF1,TCERG1
SRSF3,AIRE
SRSF3,SRSF1
SRSF6,PCBP2
SRSF6,POLR2B
SRSF6,POLR2E
SRSF6,POLR2H
SRSF6,POLR2I
SRSF6,POLR2J
SRSF6,POLR2K
SRSF6,SRSF1
SSB,CEBPZ
SSB,COPS2
SSB,DKC1
SSB,DNAJC2
SSB,NAA15
SSBP4,CHD4
SSBP4,ERCC8
SSBP4,LDB1
SSBP4,PBX4
SSBP4,PREB
SSBP4,RAI14
SSB,POLR1C
SSB,POLR2E
SSB,POLR2H
SSB,POLR2K
SSB,POLR3B
SSB,POLR3D
SSB,POLR3F
STAT4,APBB1
STAT4,ASPH
STAT4,BCLAF1
STAT4,CCND1
STAT4,CCND2
STAT4,CCND3
STAT4,CNOT6
STAT4,EGR1
STAT4,EHMT2
STAT4,EP300
STAT4,ETV3
STAT4,ETV5
STAT4,GRHL1
STAT4,GTF3C5
STAT4,ID3
STAT4,ILK
STAT4,IRF1
STAT4,JUN
STAT4,MAN1A
STAT4,MYC
STAT4,PCOLCE
STAT4,PDCD4
STAT4,PIAS1
STAT4,PIAS2
STAT4,PIAS3
STAT4,POLR1A
STAT4,RARG
STAT4,SATB1
STAT4,SLC9A6
STAT4,SOCS2
STAT4,SOD1
STAT4,SSBP4
STAT4,STAT5A
STAT4,TFAP2C
STAT4,TMED2
STAT4,VCAN
STAT4,ZBTB3
STAT5A,ABTB1
STAT5A,AKT1
STAT5A,APBB1
STAT5A,ARHGEF5
STAT5A,ASPH
STAT5A,BCLAF1
STAT5A,BRCA1
STAT5A,BRCA2
STAT5A,CCND1
STAT5A,CCND2
STAT5A,CCND3
STAT5A,CDH1
STAT5A,CNOT6
STAT5A,CRYAB
STAT5A,CTBP2
STAT5A,DNMT3A
STAT5A,EGR1
STAT5A,EHMT2
STAT5A,ELOVL6
STAT5A,EMX2
STAT5A,EP300
STAT5A,EPHA4
STAT5A,ETV3
STAT5A,ETV5
STAT5A,ETV6
STAT5A,FIZ1
STAT5A,GABARAPL2
STAT5A,GHR
STAT5A,GRHL1
STAT5A,GTF3C5
STAT5A,HDAC1
STAT5A,HIST1H2AC
STAT5A,ID3
STAT5A,ILK
STAT5A,IRF1
STAT5A,JUN
STAT5A,KDM5B
STAT5A,KIT
STAT5A,KRTCAP2
STAT5A,LAMA1
STAT5A,LRRK1
STAT5A,MAN1A
STAT5A,MEF2C
STAT5A,MEG3
STAT5A,MYC
STAT5A,MYO7A
STAT5A,NPHS1
STAT5A,PCOLCE
STAT5A,PDCD4
STAT5A,PIAS1
STAT5A,PIAS2
STAT5A,PIAS3
STAT5A,POLR1A
STAT5A,POLR3F
STAT5A,PROX1
STAT5A,PSME2
STAT5A,RARG
STAT5A,RASGRP2
STAT5A,RBM14
STAT5A,RUNX1
STAT5A,SATB1
STAT5A,SATB2
STAT5A,SDC4
STAT5A,SLC9A6
STAT5A,SMAD7
STAT5A,SNORD49A
STAT5A,SNORD49B
STAT5A,SOD1
STAT5A,SOX7
STAT5A,SRM
STAT5A,SSBP4
STAT5A,STAT5B
STAT5A,TBRG1
STAT5A,TET1
STAT5A,TFAP2C
STAT5A,TMED2
STAT5A,TRIM2
STAT5A,TRIM28
STAT5A,USF1
STAT5A,USP3
STAT5A,VCAN
STAT5A,ZBTB3
STAT5A,ZEB2
STAT5A,ZSCAN10
STAT5B,APBB1
STAT5B,ASPH
STAT5B,BCLAF1
STAT5B,CCND1
STAT5B,CCND3
STAT5B,CNOT6
STAT5B,EGR1
STAT5B,EHMT2
STAT5B,EP300
STAT5B,ETV3
STAT5B,ETV5
STAT5B,FUT8
STAT5B,GHR
STAT5B,GRHL1
STAT5B,GTF3C5
STAT5B,ID3
STAT5B,ILK
STAT5B,IRF1
STAT5B,JUN
STAT5B,KIT
STAT5B,LAMA1
STAT5B,MAN1A
STAT5B,MEF2C
STAT5B,MEG3
STAT5B,MYC
STAT5B,PCOLCE
STAT5B,PDCD4
STAT5B,PIAS1
STAT5B,PIAS2
STAT5B,PIAS3
STAT5B,POLR1A
STAT5B,RAB3IL1
STAT5B,RARG
STAT5B,SATB1
STAT5B,SDC4
STAT5B,SLC9A6
STAT5B,SOCS2
STAT5B,SOD1
STAT5B,SSBP4
STAT5B,STAT5A
STAT5B,TCN2
STAT5B,TFAP2C
STAT5B,TMED2
STAT5B,VCAN
STAT5B,ZBTB3
STAT5B,ZSCAN10
SUZ12,BMI1
SUZ12,CBX4
SUZ12,CTCF
SUZ12,EED
SUZ12,EZH1
SUZ12,EZH2
SUZ12,HDAC2
SUZ12,HIST1H3H
SUZ12,HTT
SUZ12,JARID2
SUZ12,MTF2
SUZ12,MYC
SUZ12,PHC1
SUZ12,RBBP4
SUZ12,RBBP7
SUZ12,RNF2
SUZ12,SNAI1
TADA3,NDN
TAF10,ESRRB
TAF10,TFCP2L1
TAF1,E2F6
TAF1,ERCC3
TAF1,GTF2H3
TAF1,GTF2H4
TAF1,PELP1
TAF1,POLR2B
TAF1,POLR2E
TAF1,POLR2H
TAF1,POLR2I
TAF1,POLR2J
TAF1,POLR2K
TAF1,POU5F1
TAF1,RNF2
TAF1,RUVBL1
TAF1,SENP3
TAF1,TAF5
TAF1,TAF6
TAF1,TAF9
TAF1,TRP53
TAF5,TAF1
TAF5,TAF6
TAF5,TAF9
TAF6,E2F6
TAF6,ERCC3
TAF6,ESRRB
TAF6,GTF2H3
TAF6,GTF2H4
TAF6,PELP1
TAF6,POLR2B
TAF6,POLR2E
TAF6,POLR2H
TAF6,POLR2I
TAF6,POLR2J
TAF6,POLR2K
TAF6,RNF2
TAF6,RUVBL1
TAF6,SENP3
TAF6,TAF1
TAF6,TAF5
TAF6,TAF9
TAF6,TFCP2L1
TAF9,E2F6
TAF9,ERCC3
TAF9,ESRRB
TAF9,GTF2H3
TAF9,GTF2H4
TAF9,KPNA2
TAF9,PELP1
TAF9,POLR2B
TAF9,POLR2E
TAF9,POLR2H
TAF9,POLR2I
TAF9,POLR2J
TAF9,POLR2K
TAF9,RNF2
TAF9,RRM2
TAF9,RUVBL1
TAF9,SENP3
TAF9,TAF1
TAF9,TAF5
TAF9,TAF6
TAF9,TFCP2L1
TAX1BP3,CTNNB1
TBL1X,CTNNB1
TBL1X,NCOR1
TBPL1,ELK1
TBPL1,ELK4
TBPL1,ETS1
TBPL1,GTF2A1L
TBPL1,SRF
TBPL1,TRP53
TBX3,CDH1
TBX3,ESRRB
TBX3,GATA6
TBX3,HDAC1
TBX3,NANOG
TCEA1,ERCC3
TCEA1,ERCC8
TCEA1,GTF2H3
TCEA1,GTF2H4
TCEA1,POLR2B
TCEA1,POLR2E
TCEA1,POLR2H
TCEA1,POLR2I
TCEA1,POLR2J
TCEA1,POLR2K
TCEA1,XAB2
TCERG1,HTT
TCERG1,NAA15
TCERG1,POU5F1
TCERG1,SRSF1
TCF12,CDH1
TCF12,CHD4
TCF12,EP300
TCF12,ID3
TCF12,ID4
TCF12,TCF4
TCF12,TWIST1
TCF4,CTNNB1
TCF4,JUN
TCF4,TCF12
TCF7,CCND1
TCF7,CCND2
TCF7,CCND3
TCF7,CTBP1
TCF7,CTBP2
TCF7,CTNNB1
TCF7,EP300
TCF7,JUN
TCF7L2,CCND1
TCF7L2,CCND2
TCF7L2,CCND3
TCF7L2,CTBP1
TCF7L2,CTBP2
TCF7L2,CTNNB1
TCF7L2,EP300
TCF7L2,HDAC1
TCF7L2,HDAC2
TCF7L2,HNF4A
TCF7L2,JUN
TCF7L2,MITF
TCF7L2,MYC
TCF7L2,RUVBL1
TCF7L2,SMAD4
TCF7L2,SOX17
TCF7,MITF
TCF7,MYC
TCF7,RUVBL1
TCF7,SMAD4
TCF7,SOX17
TCOF1,POU5F1
TEAD1,SOX2
TEAD1,WWTR1
TEAD3,NCOA3
TEAD3,NCOA6
TEAD3,TEAD4
TEAD3,WWTR1
TEAD4,NCOA3
TEAD4,NCOA6
TEAD4,TEAD3
TEAD4,WWTR1
TFAP2C,ARID1A
TFAP2C,ATF3
TFAP2C,BARX1
TFAP2C,BCL3
TFAP2C,CBX6
TFAP2C,CBX7
TFAP2C,CENPB
TFAP2C,CHD7
TFAP2C,CNOT2
TFAP2C,COBLL1
TFAP2C,COL27A1
TFAP2C,CREB3
TFAP2C,CTBP1
TFAP2C,EFEMP2
TFAP2C,ELK1
TFAP2C,EOMES
TFAP2C,EP300
TFAP2C,FAM83D
TFAP2C,FOSL2
TFAP2C,FOXO1
TFAP2C,GATA6
TFAP2C,GLS
TFAP2C,GPRC5C
TFAP2C,H1F0
TFAP2C,IRF1
TFAP2C,LAMP1
TFAP2C,LHX2
TFAP2C,LIFR
TFAP2C,MAZ
TFAP2C,MBD2
TFAP2C,ME1
TFAP2C,MIR1949
TFAP2C,MYO1C
TFAP2C,MYO7A
TFAP2C,NFIL3
TFAP2C,NPAS2
TFAP2C,P4HB
TFAP2C,PHF1
TFAP2C,PIK3AP1
TFAP2C,PLAGL2
TFAP2C,POU2F1
TFAP2C,RAI14
TFAP2C,RBMS1
TFAP2C,RBPJ
TFAP2C,RNF2
TFAP2C,RNPEP
TFAP2C,RRBP1
TFAP2C,SIX5
TFAP2C,SKIL
TFAP2C,SLC6A8
TFAP2C,SLC7A5
TFAP2C,SNORA74A
TFAP2C,SPOCK1
TFAP2C,TEAD3
TFAP2C,UBTF
TFAP2C,VEGFA
TFAP2C,YBX1
TFAP2C,ZHX3
TFAP4,TGFB1
TFCP2L1,ACTG1
TFCP2L1,ACTL6A
TFCP2L1,ANXA5
TFCP2L1,AQP3
TFCP2L1,ARHGAP1
TFCP2L1,ARID1A
TFCP2L1,ARPC1B
TFCP2L1,ASH2L
TFCP2L1,ASNS
TFCP2L1,ASS1
TFCP2L1,BCAT1
TFCP2L1,BMP6
TFCP2L1,BTAF1
TFCP2L1,BTG1
TFCP2L1,CAMSAP3
TFCP2L1,CCNE1
TFCP2L1,CCNG1
TFCP2L1,CD63
TFCP2L1,CDC42SE2
TFCP2L1,CDH1
TFCP2L1,CHD4
TFCP2L1,COBL
TFCP2L1,CSTB
TFCP2L1,CTCF
TFCP2L1,DNMT3A
TFCP2L1,DUSP6
TFCP2L1,E2F4
TFCP2L1,ECD
TFCP2L1,ECT2
TFCP2L1,EP400
TFCP2L1,ESRRA
TFCP2L1,ESRRB
TFCP2L1,ETV4
TFCP2L1,ETV5
TFCP2L1,EZH2
TFCP2L1,FAM102A
TFCP2L1,FAM25C
TFCP2L1,FBXO15
TFCP2L1,FGF4
TFCP2L1,FN1
TFCP2L1,FNDC3A
TFCP2L1,FOXD3
TFCP2L1,FZR1
TFCP2L1,GABARAPL2
TFCP2L1,GAS6
TFCP2L1,GATAD2B
TFCP2L1,GCLM
TFCP2L1,GDPD5
TFCP2L1,GGTA1
TFCP2L1,GNRH1
TFCP2L1,GTF2I
TFCP2L1,GTF3C5
TFCP2L1,HCFC1
TFCP2L1,HDAC1
TFCP2L1,HDAC2
TFCP2L1,HELLS
TFCP2L1,HIST1H2BF
TFCP2L1,HKDC1
TFCP2L1,HMGA1
TFCP2L1,HMGB2
TFCP2L1,HNRNPAB
TFCP2L1,HSP90AA1
TFCP2L1,HSPB1
TFCP2L1,ICAM1
TFCP2L1,IGFBP2
TFCP2L1,ING3
TFCP2L1,IRF6
TFCP2L1,ITGAV
TFCP2L1,JMJD1C
TFCP2L1,KLF8
TFCP2L1,L1TD1
TFCP2L1,L3MBTL2
TFCP2L1,LAPTM5
TFCP2L1,LY6G6E
TFCP2L1,LY75
TFCP2L1,MBD2
TFCP2L1,MDK
TFCP2L1,MED12
TFCP2L1,MED21
TFCP2L1,MED4
TFCP2L1,MGST3
TFCP2L1,MIR1949
TFCP2L1,MPZL2
TFCP2L1,MSH2
TFCP2L1,MSH6
TFCP2L1,MT2
TFCP2L1,MTA3
TFCP2L1,MYBL2
TFCP2L1,MYCN
TFCP2L1,NAGK
TFCP2L1,NANOG
TFCP2L1,NCOA3
TFCP2L1,NFE2L2
TFCP2L1,NFYA
TFCP2L1,NR0B1
TFCP2L1,NR4A1
TFCP2L1,NRIP1
TFCP2L1,PARP1
TFCP2L1,PAWR
TFCP2L1,PEG10
TFCP2L1,PHC1
TFCP2L1,PMM1
TFCP2L1,POLR2B
TFCP2L1,POLR2H
TFCP2L1,POLR3D
TFCP2L1,POU4F2
TFCP2L1,POU5F1
TFCP2L1,PPIB
TFCP2L1,PRDX1
TFCP2L1,RAD51
TFCP2L1,RBBP4
TFCP2L1,RBBP7
TFCP2L1,RBM14
TFCP2L1,RBMX
TFCP2L1,RFX2
TFCP2L1,RFX5
TFCP2L1,RFX7
TFCP2L1,RIF1
TFCP2L1,RNF2
TFCP2L1,RTN1
TFCP2L1,RUVBL1
TFCP2L1,RUVBL2
TFCP2L1,RYBP
TFCP2L1,SALL1
TFCP2L1,SALL4
TFCP2L1,SATB2
TFCP2L1,SERPINB6C
TFCP2L1,SETX
TFCP2L1,SFI1
TFCP2L1,SHISA5
TFCP2L1,SIN3A
TFCP2L1,SIRT3
TFCP2L1,SKIL
TFCP2L1,SLC16A6
TFCP2L1,SLC1A5
TFCP2L1,SMAD7
TFCP2L1,SMARCA4
TFCP2L1,SMARCA5
TFCP2L1,SMARCB1
TFCP2L1,SMARCC1
TFCP2L1,SMARCC2
TFCP2L1,SMARCD1
TFCP2L1,SNAPC3
TFCP2L1,SNORA74A
TFCP2L1,SNRPN
TFCP2L1,SNURF
TFCP2L1,SPC25
TFCP2L1,SPRY4
TFCP2L1,SUSD2
TFCP2L1,TAF10
TFCP2L1,TAF6
TFCP2L1,TAF9
TFCP2L1,TAGLN2
TFCP2L1,TBRG1
TFCP2L1,TCEA1
TFCP2L1,TCF7L2
TFCP2L1,TEX264
TFCP2L1,TFAP2C
TFCP2L1,TFEB
TFCP2L1,TINAGL1
TFCP2L1,TMEM9
TFCP2L1,TMF1
TFCP2L1,TOP2A
TFCP2L1,TPX2
TFCP2L1,TRRAP
TFCP2L1,TSHZ3
TFCP2L1,TUBB4B
TFCP2L1,UBP1
TFCP2L1,UBTF
TFCP2L1,UPP1
TFCP2L1,WBP11
TFCP2L1,WWTR1
TFCP2L1,XRCC5
TFCP2L1,XRCC6
TFCP2L1,YEATS2
TFCP2L1,YEATS4
TFCP2L1,ZFP219
TFCP2L1,ZFP462
TFCP2L1,ZFP57
TFCP2L1,ZFP600
TFCP2L1,ZFPM1
TFE3,POU5F1
TFEB,CDH1
TFEB,PIAS1
TFEB,POU5F1
TFEB,SMAD7
TFEB,VEGFA
TGIF1,CREB3L2
TGIF1,CTCF
TGIF1,ELAVL2
TGIF1,ID2
TGIF1,MEF2C
TGIF1,NFIA
TGIF1,NOTCH1
TGIF1,NR3C1
TGIF1,PAX8
TGIF1,RARA
TGIF1,SMAD4
TGIF1,SRSF6
TGIF1,ZC3H7A
THRAP3,JARID2
THRAP3,MED12
THRAP3,MED15
THRAP3,MED21
THRAP3,MED31
THRAP3,MED4
TIMELESS,CRY1
TIMELESS,KNTC1
TIMELESS,MCM2
TIMELESS,MCM3
TIMELESS,MCM4
TIMELESS,MCM6
TIMELESS,MCM7
TIMELESS,PER1
TIMELESS,UHRF1
TLE1,AES
TLE1,ATF2
TLE1,ATF3
TLE1,EZH2
TLE1,HDAC1
TLE1,HES6
TNFAIP3,NFKBIA
TOP2B,ACTL6A
TOP2B,ARID1A
TOP2B,POU5F1
TOP2B,SMARCA2
TOP2B,SMARCA4
TOP2B,SMARCB1
TOP2B,SMARCC1
TOP2B,SMARCC2
TOP2B,SMARCD1
TOPORS,TRP53
TOX3,DNMT1
TOX3,GTF3C1
TOX3,PHF2
TOX3,ZDHHC15
TOX4,POU5F1
TOX4,RNF2
TRIB3,AKT1
TRIB3,ATF4
TRIB3,NCOA3
TRIB3,NCOA6
TRIM24,POU5F1
TRIM24,RARA
TRIM24,TRIM28
TRIM24,TRP53
TRIM25,DDX58
TRIM28,AIRE
TRIM28,DNMT1
TRIM28,L3MBTL2
TRIM28,NANOG
TRIM28,NR0B1
TRIM28,PARP1
TRIM28,SRRT
TRIM28,TRIM24
TRIM28,VEZF1
TRIM28,ZFP42
TRIM32,MYC
TRIM32,PIAS1
TRIM32,PIAS2
TRIP6,MEF2C
TRIP6,TPM4
TRP53,2810025M15RIK
TRP53,AHNAK
TRP53,AKT1
TRP53,APBB1
TRP53,AQP3
TRP53,ARID1A
TRP53,ATM
TRP53,BARD1
TRP53BP1,GRIN1
TRP53BP1,HIST1H3H
TRP53BP1,NCOA6
TRP53BP1,POU5F1
TRP53BP1,SMURF2
TRP53BP1,TRP53
TRP53,BRCA2
TRP53,BRD7
TRP53,CBX8
TRP53,CCND1
TRP53,CCNG1
TRP53,CIC
TRP53,CLDN6
TRP53,CTNNBIP1
TRP53,DAXX
TRP53,DDB1
TRP53,DDB2
TRP53,DNMT1
TRP53,EDA2R
TRP53,EHMT2
TRP53,EP300
TRP53,EPHA2
TRP53,EPS8
TRP53,ESRRA
TRP53,ETV4
TRP53,ETV5
TRP53,FGFR3
TRP53,FUS
TRP53,GPRC5C
TRP53,GPX3
TRP53,GSN
TRP53,HDAC1
TRP53,HES1
TRP53,HIF1A
TRP53,HIST1H3H
TRP53,HNRNPAB
TRP53,HOXD13
TRP53,ICAM1
TRP53,ID4
TRP53,IGF2
TRP53,IKBKB
TRP53,ING1
TRP53,IRF6
TRP53,KAT2B
TRP53,KIT
TRP53,LRP2
TRP53,MAPK11
TRP53,MAPK13
TRP53,MAPK3
TRP53,MAPK8
TRP53,MCM4
TRP53,MSH2
TRP53,MSL3
TRP53,NFIB
TRP53,NFKB2
TRP53,NFKBIA
TRP53,NRG1
TRP53,PBXIP1
TRP53,PER1
TRP53,PHLDA3
TRP53,PIAS1
TRP53,PIAS2
TRP53,PITPNC1
TRP53,PITX1
TRP53,PLEKHA7
TRP53,PLXNB2
TRP53,PODXL
TRP53,POU4F1
TRP53,PREB
TRP53,RAB3IL1
TRP53,RB1
TRP53,RBBP4
TRP53,REV1
TRP53,RRM2
TRP53,S100A6
TRP53,SHISA5
TRP53,SIRT1
TRP53,SKIL
TRP53,SLC25A39
TRP53,SMARCA4
TRP53,SMARCD1
TRP53,SOCS2
TRP53,SP1
TRP53,SPP1
TRP53,STMN1
TRP53,TAF1
TRP53,TAF5
TRP53,TBPL1
TRP53,TFAP4
TRP53,TGIF1
TRP53,TIMP3
TRP53,TOPORS
TRP53,TRIM24
TRP53,TRP53BP1
TRP53,TSHZ3
TRP53,TWIST1
TRP53,TYRO3
TRP53,UBTF
TRP53,USF1
TRP53,VEGFA
TRP53,ZBTB3
TRP53,ZFP277
TRP53,ZFPM1
TRPS1,EWSR1
TRPS1,NCOA3
TRPS1,ZFP236
TRRAP,EP400
TRRAP,ESRRB
TRRAP,POU5F1
TRRAP,RNF2
TRRAP,TFCP2L1
TSG101,AATF
TSG101,CDKN1A
TSG101,GJA1
TSG101,GJB3
TTF2,POU5F1
TULP3,CHD7
TULP3,GLI2
TULP3,SOX2
TWIST1,MSX2
TWIST1,SMAD4
TWIST1,SNAI1
TWIST1,SOX2
TWIST1,TCF12
UBP1,ESRRB
UBP1,EWSR1
UBP1,POU5F1
UBP1,TFCP2L1
UBP1,ZBTB3
UBTF,CTCF
UBTF,EP300
UBTF,HDAC1
UBTF,POLR1B
UBTF,POLR1E
UBTF,RB1
USF1,AARS
USF1,AATF
USF1,ACP6
USF1,AKR1B3
USF1,AMPD2
USF1,ASS1
USF1,BCAS3
USF1,BMP4
USF1,BMP6
USF1,CALR
USF1,CITED1
USF1,CLCN5
USF1,CTBP2
USF1,CTSA
USF1,DCTPP1
USF1,DUSP9
USF1,EP300
USF1,ERCC8
USF1,FOXD3
USF1,GABBR1
USF1,GNS
USF1,GOT1
USF1,HDAC3
USF1,HES1
USF1,HES6
USF1,HNRNPAB
USF1,ILF3
USF1,KAT2B
USF1,KDM3A
USF1,KHDRBS1
USF1,KLF4
USF1,KLF6
USF1,KLF9
USF1,LTBP4
USF1,MED31
USF1,MLLT1
USF1,MSI2
USF1,MXD4
USF1,NFE2L2
USF1,NME2
USF1,NOP56
USF1,NSD1
USF1,OVOL1
USF1,PA2G4
USF1,PBXIP1
USF1,PER1
USF1,PHF20
USF1,PLAUR
USF1,POLR2A
USF1,PRDX4
USF1,RAI14
USF1,RAPGEF3
USF1,RARG
USF1,RCOR2
USF1,RPP25
USF1,S100A6
USF1,SATB2
USF1,SERPINE2
USF1,SET
USF1,SIRT1
USF1,SIRT2
USF1,SLC16A1
USF1,SLC1A5
USF1,SLC25A39
USF1,SLC38A2
USF1,SLC7A5
USF1,SNAI1
USF1,SRM
USF1,STMN1
USF1,TET2
USF1,TRIM25
USF1,TRP53
USF1,TSPAN4
USF1,TXNDC5
USF1,USP9X
USF1,XAB2
USF1,ZBTB24
VEZF1,CHD4
VEZF1,TOP2A
VEZF1,TRIM28
WWTR1,AMOT
WWTR1,ERCC8
WWTR1,NCOA3
WWTR1,NCOA6
WWTR1,NDN
WWTR1,SMAD4
WWTR1,TEAD1
WWTR1,TEAD3
WWTR1,TEAD4
XAB2,CDC5L
XAB2,ERCC3
XAB2,ERCC8
XAB2,EWSR1
XAB2,GTF2H3
XAB2,GTF2H4
XAB2,POLR2B
XAB2,POLR2E
XAB2,POLR2H
XAB2,POLR2I
XAB2,POLR2J
XAB2,POLR2K
XAB2,TCEA1
XBP1,DDIT3
XRCC5,POU5F1
XRCC5,RNF2
XRCC5,TFCP2L1
XRCC5,XRCC6
XRCC6,MSH6
XRCC6,NCOA6
XRCC6,PARP1
XRCC6,PCNA
XRCC6,POU5F1
XRCC6,SIRT1
XRCC6,SIRT3
XRCC6,TFCP2L1
XRCC6,XRCC5
YAF2,RNF2
YEATS2,DR1
YEATS2,KAT2B
YEATS2,POLE4
YEATS2,TFCP2L1
YEATS4,ACTL6A
YEATS4,ESRRB
YEATS4,ING3
YEATS4,RUVBL1
YEATS4,SMARCB1
YEATS4,TFCP2L1
ZBTB10,POU5F1
ZBTB24,EWSR1
ZBTB3,OTX2
ZBTB3,SIRT2
ZBTB3,UBP1
ZBTB43,POU5F1
ZBTB7A,HDAC1
ZDHHC15,TOX3
ZEB1,CTBP1
ZEB1,CTBP2
ZEB1,PCBP2
ZEB1,VIM
ZEB2,SMAD2
ZFHX3,POU5F1
ZFP219,HIST1H2AI
ZFP219,NCOA3
ZFP219,PIAS1
ZFP219,POU5F1
ZFP219,SALL4
ZFP236,HDAC10
ZFP236,RNF14
ZFP236,SIRT1
ZFP236,TRPS1
ZFP275,CIC
ZFP275,HDAC10
ZFP275,POLR2B
ZFP281,EWSR1
ZFP281,NACC1
ZFP281,NR0B1
ZFP281,RIF1
ZFP281,SALL4
ZFP36L1,MAPKAPK2
ZFP36L1,PCBD1
ZFP423,RARA
ZFP42,ESRRB
ZFP42,EWSR1
ZFP42,NACC1
ZFP42,NR0B1
ZFP42,POU5F1
ZFP42,RAI14
ZFP42,RLIM
ZFP42,RNF2
ZFP42,SMARCAD1
ZFP42,SMARCC1
ZFP42,TRIM28
ZFP446,LDB1
ZFP462,ESRRB
ZFP462,POU5F1
ZFP462,TFCP2L1
ZFPM1,CTBP1
ZFPM1,CTBP2
ZFPM1,GATA6
ZFPM1,HDAC1
ZFPM1,HDAC2
ZFPM1,RBBP7
ZIC3,BCL3
ZIC3,CCNG1
ZIC3,EIF4A2
ZIC3,GATA6
ZIC3,KRT17
ZIC3,LTBP4
ZIC3,MAN1A
ZIC3,NFE2L1
ZIC3,OBSL1
ZIC3,PDGFA
ZIC3,PLAGL2
ZIC3,PLOD1
ZIC3,POLR3F
ZIC3,POU2F1
ZIC3,POU5F1
ZIC3,PTPN14
ZIC3,RANGRF
ZIC3,RCOR2
ZIC3,RYBP
ZIC3,SNORA81
ZIC3,SNX1
ZIC3,SQSTM1
ZIC3,TAF10
ZIC3,TCF20
ZIC3,TCF7L2
ZMYM2,NANOG
ZMYM2,POU5F1
ZMYM2,SMAD2
ZMYM2,SMAD3
ZMYM2,SMAD4
ZMYM2,SMAD7
ZMYND11,RELA
ZSWIM4,EWSR1
