Gene1,Gene2,Score
CBFB,SLC2A3,1502.0
CBFB,NFE2,2138.0
CBFB,ARID5A,1700.0
CBFB,CAMSAP2,1678.0
CBFB,SLC39A13,1904.0
CBFB,CARD6,2337.0
CBFB,DOCK10,2185.0
CBFB,SSH2,2460.0
CBFB,TES,1896.0
CBFB,F2R,1169.0
CBFB,HSPE1,1611.0
CBFB,ADGRG1,1425.0
CBFB,MGAT1,978.0
CBFB,SPNS2,1482.0
CBFB,PRKCH,1078.0
CBFB,TFR2,1464.0
CBFB,LY9,1556.0
CBFB,TMEM123,1062.0
CBFB,NCEH1,1122.0
CBFB,ACAP1,1177.0
CBFB,EYA2,1293.0
CBFB,RANBP1,1469.0
CBFB,SLBP,901.0
CBFB,TBXA2R,1598.0
CBFB,CMAH,1528.0
CBFB,XRCC6,928.0
CBFB,SLC26A11,1210.0
CBFB,DYNLL1,1387.0
CBFB,SERP1,1039.0
CBFB,HDAC7,951.0
CBFB,PTPRE,694.0
CBFB,AP1S2,989.0
CBFB,CIPC,1035.0
CBFB,RASAL3,1088.0
CBFB,CDK17,1047.0
CBFB,LCK,1404.0
CBFB,PPM1G,827.0
CBFB,ICOS,1561.0
CBFB,PAFAH2,1099.0
CBFB,NT5C3,1173.0
CBFB,LONP2,947.0
CBFB,TESPA1,1492.0
CBFB,XPC,803.0
CBFB,ELF1,843.0
CBFB,BTLA,1399.0
CBFB,CCR7,1428.0
CBFB,ZFP658,1138.0
CBFB,ZBTB20,1021.0
CBFB,VAMP1,883.0
CBFB,LCP1,1162.0
CBFB,ZFP62,708.0
CBFB,CCNG2,1453.0
CBFB,GPR171,1237.0
CBFB,PPCDC,846.0
CBFB,H2AFY,1046.0
CBFB,MCM7,1209.0
CBFB,ST8SIA4,866.0
CBFB,RPS27L,882.0
CBFB,ATP8B4,719.0
CBFB,MCM4,1102.0
CBFB,GPR65,1112.0
CBFB,ITGAL,844.0
CBFB,TUBB4B,749.0
CBFB,ARHGAP15,1121.0
CBFB,MOGS,538.0
CBFB,ITGB2,912.0
CBFB,CTR9,1045.0
CBFB,LAPTM5,918.0
CBFB,STK17B,642.0
CBFB,GBP4,1104.0
CBFB,ZFP422,954.0
CBFB,ARHGDIB,741.0
CBFB,DHRS3,698.0
CBFB,PKN3,733.0
CBFB,ELOVL5,696.0
CBFB,MPZL1,755.0
CBFB,DUSP1,581.0
CBFB,PBLD2,827.0
CBFB,OTULINL,847.0
CBFB,ITSN1,727.0
CBFB,ZYX,705.0
CBFB,SATB1,904.0
CBFB,SPNS3,570.0
CBFB,DOK2,844.0
CBFB,JPT1,711.0
CBFB,PLIN3,553.0
CBFB,SLC9A9,962.0
CBFB,TSPAN13,669.0
CBFB,DUSP5,783.0
CBFB,KCTD12,652.0
CBFB,BCL2,678.0
CBFB,NCAPD2,668.0
CBFB,RNF38,711.0
CBFB,CKS1B,981.0
CBFB,P2RY14,801.0
CBFB,DEF8,914.0
CBFB,UBASH3A,815.0
CBFB,ARPP21,970.0
CBFB,TPM4,1390.0
CBFB,CAPG,961.0
CBFB,PSTPIP1,932.0
CBFB,TSPAN3,798.0
CBFB,PANX1,729.0
CBFB,P2RX1,1010.0
CBFB,DCK,574.0
CBFB,CST7,831.0
CBFB,CTSL,683.0
CBFB,LAX1,763.0
CBFB,ABHD17B,1123.0
CBFB,NLRC3,907.0
CBFB,SLC43A2,490.0
CBFB,CD69,726.0
CBFB,GAS2L3,504.0
CBFB,CISH,576.0
CBFB,DTL,692.0
CBFB,SELPLG,484.0
CBFB,ANXA5,943.0
CBFB,LARS2,653.0
CBFB,PLCL1,887.0
CBFB,NWD1,741.0
CBFB,SERPINB6A,804.0
CBFB,LRRC8C,581.0
CBFB,IL17RE,734.0
CBFB,STK10,453.0
CBFB,RNF125,1111.0
CBFB,SNAP47,536.0
CBFB,GPR18,856.0
CBFB,ZFP367,637.0
CBFB,ME2,801.0
CBFB,RASSF2,639.0
CBFB,SLC18A2,369.0
CBFB,LGMN,581.0
CBFB,FDFT1,643.0
CBFB,CLEC12A,691.0
CBFB,TRPV2,749.0
CBFB,PYGL,678.0
CBFB,NPM1,770.0
CBFB,CD7,765.0
CBFB,CDT1,601.0
CBFB,ART4,570.0
CBFB,NUCB2,694.0
CBFB,PRSS57,625.0
CBFB,CTSB,468.0
CBFB,FCHO2,553.0
CBFB,COQ8A,491.0
CBFB,CDK19,474.0
CBFB,RNF13,479.0
CBFB,HNRNPAB,686.0
CBFB,UHRF1,837.0
CBFB,RCSD1,963.0
CBFB,FRMD6,705.0
CBFB,GM2A,645.0
CBFB,UCP2,380.0
CBFB,REL,513.0
CBFB,GSTM1,471.0
CBFB,EVI2A,712.0
CBFB,CYFIP2,574.0
CBFB,LDHB,638.0
CBFB,MCM5,607.0
CBFB,MYCN,555.0
CBFB,LACTB,463.0
CBFB,APLP2,452.0
CBFB,CD44,506.0
CBFB,ZNRF2,473.0
CBFB,CAMK1D,458.0
CBFB,GNG2,596.0
CBFB,STARD4,341.0
CBFB,SLC39A6,460.0
CBFB,NDRG2,678.0
CBFB,RHOF,462.0
CBFB,DUSP6,553.0
CBFB,HMGB2,548.0
CBFB,IL7R,492.0
CBFB,MKI67,700.0
CBFB,ATPIF1,433.0
CBFB,NRROS,487.0
CBFB,UBA7,404.0
CBFB,UAP1L1,416.0
CBFB,CBX7,616.0
CBFB,GAA,649.0
CBFB,FADS1,623.0
CBFB,VAMP5,541.0
CBFB,ERP29,408.0
CBFB,PTP4A3,403.0
CBFB,CCT2,446.0
CBFB,MLLT3,439.0
CBFB,KAZALD1,318.0
CBFB,RPL41,440.0
CBFB,LSP1,450.0
CBFB,ANXA2,344.0
CBFB,RGS2,533.0
CBFB,GBP9,509.0
CBFB,SLC16A10,418.0
CBFB,EEPD1,561.0
CBFB,RGS19,637.0
CBFB,NUDT19,605.0
CBFB,AMPD2,369.0
CBFB,IRAK3,434.0
CBFB,SPC24,668.0
CBFB,RORA,492.0
CBFB,PLXDC2,365.0
CBFB,SAMSN1,557.0
CBFB,CD48,504.0
CBFB,CREG1,284.0
CBFB,MYO5A,510.0
CBFB,TRIM59,380.0
CBFB,CD55,315.0
CBFB,TNFAIP2,491.0
CBFB,ABCG3,578.0
CBFB,TXNIP,468.0
CBFB,TOP2A,614.0
CBFB,ITPR2,437.0
CBFB,TMEM173,462.0
CBFB,RFTN1,531.0
CBFB,SLC18A1,390.0
CBFB,CARD11,640.0
CBFB,PDCD4,345.0
CBFB,BPIFC,485.0
CBFB,YBX1,500.0
CBFB,PARVG,513.0
CBFB,SYTL1,439.0
CBFB,CPQ,450.0
CBFB,FUT8,304.0
CBFB,SLCO3A1,543.0
CBFB,EMP1,845.0
CBFB,DENND2D,301.0
CBFB,TMEM206,438.0
CBFB,SLC44A2,485.0
CBFB,CFP,727.0
CBFB,BTG2,620.0
CBFB,TMEM14C,553.0
CBFB,RASIP1,591.0
CBFB,ARHGAP27,536.0
CBFB,MSMO1,475.0
CBFB,GSN,474.0
CBFB,GIMAP5,426.0
CBFB,CHIL5,463.0
CBFB,PAG1,355.0
CBFB,NCKAP1,306.0
CBFB,TIPIN,442.0
CBFB,N4BP3,338.0
CBFB,ARHGAP18,354.0
CBFB,ZMIZ1,309.0
CBFB,TBC1D5,395.0
CBFB,ELL2,308.0
CBFB,GMNN,490.0
CBFB,H2-DMA,361.0
CBFB,RRAS,347.0
CBFB,SGMS1,257.0
CBFB,CERS4,308.0
CBFB,MAML3,326.0
CBFB,EPSTI1,402.0
CBFB,LTB,350.0
CBFB,GPX1,348.0
CBFB,PLXNC1,390.0
CBFB,RAG2,364.0
CBFB,PGRMC1,403.0
CBFB,CES2G,455.0
CBFB,PPP1R15A,330.0
CBFB,MAN1A,332.0
CBFB,PARP8,588.0
CBFB,SYK,404.0
CBFB,CNN3,365.0
CBFB,MPL,469.0
CBFB,DOCK11,332.0
CBFB,KLF3,328.0
CBFB,CD27,417.0
CBFB,ANKRD44,501.0
CBFB,KLF6,343.0
CBFB,ITGB7,334.0
CBFB,MPO,465.0
CBFB,SLA,443.0
CBFB,METTL7A1,381.0
CBFB,FLT3,448.0
CBFB,ADSSL1,293.0
CBFB,TMEM176B,567.0
CBFB,RUSC2,380.0
CBFB,GFI1B,401.0
CBFB,TM6SF1,401.0
CBFB,ITGA6,392.0
CBFB,CD81,449.0
CBFB,SOCS2,358.0
CBFB,HLF,260.0
CBFB,PF4,424.0
CBFB,IKZF1,304.0
CBFB,SAT1,515.0
CBFB,TALDO1,408.0
CBFB,SELENOP,359.0
CBFB,GIMAP8,377.0
CBFB,SP100,367.0
CBFB,TRIB3,409.0
CBFB,IFI27,287.0
CBFB,S100A6,409.0
CBFB,RHOH,230.0
CBFB,SLC25A5,342.0
CBFB,IL18RAP,252.0
CBFB,NHP2,401.0
CBFB,USP11,332.0
CBFB,GIMAP1,334.0
CBFB,CTSW,286.0
CBFB,UNC93B1,198.0
CBFB,TMEM268,367.0
CBFB,AKNA,279.0
CBFB,SLC29A1,451.0
CBFB,CAR2,234.0
CBFB,CLU,328.0
CBFB,FOXO1,297.0
CBFB,RUNX2,244.0
CBFB,NOTCH1,285.0
CBFB,CORO1A,266.0
CBFB,TAPT1,303.0
CBFB,SLFN2,286.0
CBFB,LDHD,290.0
CBFB,PLEKHB1,401.0
CBFB,CHRNB1,225.0
CBFB,MCTP2,312.0
CBFB,CTNNAL1,251.0
CBFB,FUT7,377.0
CBFB,STXBP1,257.0
CBFB,IRF6,240.0
CBFB,PDE1B,322.0
CBFB,CCR9,255.0
CBFB,SELL,310.0
CBFB,UBE2L6,265.0
CBFB,CCDC112,280.0
CBFB,GOLM1,262.0
CBFB,PLSCR4,274.0
CBFB,HACD4,450.0
CBFB,PRNP,272.0
CBFB,FAM171A1,332.0
CBFB,GPC1,249.0
CBFB,GP9,336.0
CBFB,IGFBP4,378.0
CBFB,ARHGEF39,285.0
CBFB,OTUB2,160.0
CBFB,LAG3,383.0
CBFB,CTTN,226.0
CBFB,TMSB4X,227.0
CBFB,SLAMF1,281.0
CBFB,HID1,301.0
CBFB,CLEC2I,252.0
CBFB,PLK2,250.0
CBFB,PLXNA1,228.0
CBFB,KLHL4,289.0
CBFB,KCNK5,169.0
CBFB,FUCA2,245.0
CBFB,UQCR11,189.0
CBFB,ESR1,279.0
CBFB,ARHGAP29,194.0
CBFB,TSPAN2,207.0
CBFB,TRIM16,131.0
CBFB,AMIGO2,271.0
CBFB,COX6A1,219.0
CBFB,RAB27B,286.0
CBFB,ANGPT1,210.0
CBFB,ABCG2,277.0
CBFB,CSGALNACT1,219.0
CBFB,POLA2,195.0
CBFB,ARRDC4,254.0
CBFB,FGFR3,211.0
CBFB,EMB,149.0
CBFB,VAV3,224.0
CBFB,NSMF,308.0
CBFB,GRAMD1A,130.0
CBFB,DPP4,223.0
CBFB,LYN,141.0
CBFB,KIT,163.0
CBFB,RAMP1,211.0
CBFB,PEAR1,205.0
CBFB,RUNX1T1,362.0
CBFB,GBP2,199.0
CBFB,H1F0,218.0
CBFB,ITGAM,188.0
CBFB,CDK6,127.0
CBFB,RASA4,176.0
CBFB,NKG7,238.0
CBFB,GIMAP4,188.0
CBFB,ENPP5,198.0
CBFB,PRPS2,203.0
CBFB,CLCA3A1,167.0
CBFB,TYROBP,127.0
CBFB,WLS,175.0
CBFB,RP2,137.0
CBFB,HAAO,326.0
CBFB,IL17RA,187.0
CBFB,NAPSA,179.0
CBFB,INHBA,243.0
CBFB,TTC39B,123.0
CBFB,SMPDL3A,190.0
CBFB,KBTBD11,191.0
CBFB,ATP1A3,300.0
CBFB,GGTA1,177.0
CBFB,CORO7,161.0
CBFB,IPCEF1,160.0
CBFB,D630039A03RIK,157.0
CBFB,CPXM1,183.0
CBFB,CD33,275.0
CBFB,RNF213,173.0
CBFB,MYC,144.0
CBFB,APOE,138.0
CBFB,KIF17,262.0
CBFB,PRIM1,260.0
CBFB,PTGER2,173.0
CBFB,CRIP1,149.0
CBFB,TLR7,148.0
CBFB,IFI213,132.0
CBFB,NPDC1,163.0
CBFB,SSTR2,128.0
CBFB,CD38,226.0
CBFB,FCRL1,223.0
CBFB,VDR,119.0
CBFB,TMEM246,126.0
CBFB,FAM171B,110.0
CBFB,ARL11,206.0
CBFB,PPIC,204.0
CBFB,CD53,203.0
CBFB,NEURL3,193.0
CBFB,LGALS1,189.0
CBFB,RARB,188.0
CBFB,ARHGEF28,187.0
CBFB,SCRN1,181.0
CBFB,SCARF1,179.0
CBFB,CTSG,174.0
CBFB,PKIA,171.0
CBFB,MYLK,171.0
CBFB,FAM110C,167.0
CBFB,NUPR1,164.0
CBFB,ENG,164.0
CBFB,PRUNE2,162.0
CBFB,DEPP1,159.0
CBFB,CCL3,159.0
CBFB,SPI1,156.0
CBFB,FGD2,152.0
CBFB,SH2D5,151.0
CBFB,PTGS1,150.0
CBFB,HSD3B7,149.0
CBFB,GNG11,144.0
CBFB,AFDN,144.0
CBFB,BDH2,143.0
CBFB,TRAF1,140.0
CBFB,MEIS1,134.0
CBFB,IL12A,134.0
CBFB,PECAM1,131.0
CBFB,MAGED2,131.0
CBFB,KLRD1,126.0
CBFB,PAQR5,124.0
CBFB,MYCT1,124.0
CBFB,PLEK,121.0
CBFB,CD9,121.0
CBFB,IRF8,120.0
CBFB,IFI209,119.0
CBFB,ZFP37,118.0
CBFB,CX3CL1,118.0
CBFB,ITGB5,111.0
CBFB,GDA,110.0
CBFB,FLNA,108.0
CBFB,RNASE6,107.0
CBFB,PDGFRB,104.0
CBFB,FGD5,101.0
CBFB,APP,101.0
CBX7,NDNF,959.0
CBX7,DOCK10,1006.0
CBX7,OBSCN,917.0
CBX7,MECOM,1074.0
CBX7,RUNX1T1,956.0
CBX7,SOX18,874.0
CBX7,CDKN1C,713.0
CBX7,PRKCH,942.0
CBX7,MAML3,796.0
CBX7,SHISA9,805.0
CBX7,PLXNC1,802.0
CBX7,CSGALNACT1,1189.0
CBX7,SATB1,842.0
CBX7,EYA2,995.0
CBX7,DACH1,899.0
CBX7,FLT3,927.0
CBX7,SLCO3A1,1032.0
CBX7,FGFR3,709.0
CBX7,SFRP1,906.0
CBX7,KBTBD11,842.0
CBX7,SSTR2,889.0
CBX7,NAV1,884.0
CBX7,CADPS2,907.0
CBX7,FAM110C,961.0
CBX7,ANKRD33B,796.0
CBX7,NFIA,676.0
CBX7,PAG1,882.0
CBX7,KCTD12,855.0
CBX7,ARPP21,812.0
CBX7,SLC35D3,637.0
CBX7,LYN,902.0
CBX7,VAV3,840.0
CBX7,BCL2,954.0
CBX7,H2-Q6,856.0
CBX7,SEMA3D,862.0
CBX7,TM6SF1,908.0
CBX7,PARP8,777.0
CBX7,APP,839.0
CBX7,COL4A2,627.0
CBX7,COL4A1,627.0
CBX7,VLDLR,660.0
CBX7,PGR,674.0
CBX7,RFTN1,740.0
CBX7,CHST2,701.0
CBX7,PLCL1,691.0
CBX7,IGFBP4,731.0
CBX7,IKZF1,679.0
CBX7,TRIM47,661.0
CBX7,RASSF2,719.0
CBX7,ITPR2,714.0
CBX7,MEF2C,747.0
CBX7,ZMIZ1,553.0
CBX7,TRPC6,760.0
CBX7,SLC16A2,729.0
CBX7,DHRS3,697.0
CBX7,RCSD1,681.0
CBX7,MAN1A,761.0
CBX7,RORA,683.0
CBX7,TSC22D3,589.0
CBX7,MLLT3,669.0
CBX7,HLF,695.0
CBX7,CAMK1D,700.0
CBX7,SPNS2,674.0
CBX7,SLC22A3,641.0
CBX7,REL,624.0
CBX7,RNF213,548.0
CBX7,OBSL1,593.0
CBX7,RHOJ,705.0
CBX7,WLS,584.0
CBX7,GDA,549.0
CBX7,HDAC7,552.0
CBX7,RUSC2,695.0
CBX7,SLC18A2,596.0
CBX7,ST8SIA4,503.0
CBX7,CTNND2,550.0
CBX7,PDE1B,599.0
CBX7,CDK6,594.0
CBX7,NDN,599.0
CBX7,PEAR1,537.0
CBX7,SSH2,539.0
CBX7,RUNX2,398.0
CBX7,MN1,420.0
CBX7,HCK,645.0
CBX7,ARHGAP29,591.0
CBX7,KAZALD1,433.0
CBX7,CTSH,451.0
CBX7,AFF3,536.0
CBX7,PTPRE,548.0
CBX7,NR3C2,771.0
CBX7,OCLN,523.0
CBX7,IRF8,639.0
CBX7,ANKRD44,592.0
CBX7,AMIGO2,480.0
CBX7,FGD5,520.0
CBX7,MPDZ,604.0
CBX7,DPP4,623.0
CBX7,SLC16A11,478.0
CBX7,PDGFC,533.0
CBX7,RARB,593.0
CBX7,KIT,699.0
CBX7,VDR,427.0
CBX7,NOTCH1,520.0
CBX7,CLEC14A,575.0
CBX7,CPNE8,414.0
CBX7,PLK2,431.0
CBX7,PLSCR4,558.0
CBX7,PTGER2,454.0
CBX7,PRDM16,269.0
CBX7,TSPAN2,496.0
CBX7,CX3CL1,529.0
CBX7,ADSSL1,409.0
CBX7,PLEKHG6,342.0
CBX7,IGF1,422.0
CBX7,ARHGEF28,426.0
CBX7,RGS2,320.0
CBX7,PKIB,371.0
CBX7,GSN,471.0
CBX7,LPCAT2,474.0
CBX7,INHBA,543.0
CBX7,STK10,317.0
CBX7,CD44,387.0
CBX7,CAV2,533.0
CBX7,RAB38,480.0
CBX7,TNFAIP2,314.0
CBX7,GPC1,257.0
CBX7,GHR,285.0
CBX7,EEPD1,419.0
CBX7,TXNIP,262.0
CBX7,LRRC8C,403.0
CBX7,ANGPT1,294.0
CBX7,VEGFC,400.0
CBX7,GUCY1A1,348.0
CBX7,MEIS1,202.0
CBX7,OTULINL,325.0
CBX7,PLPPR3,279.0
CBX7,ANXA5,297.0
CBX7,INSRR,211.0
CBX7,ARID5A,343.0
CBX7,SH2D5,304.0
CBX7,PRUNE2,397.0
CBX7,ANXA2,371.0
CBX7,IRAK3,414.0
CBX7,CD34,271.0
CBX7,DUSP5,257.0
CBX7,FSTL1,447.0
CBX7,DDX4,295.0
CBX7,F2R,385.0
CBX7,ZFP422,295.0
CBX7,CCDC136,455.0
CBX7,UPP1,335.0
CBX7,PBX1,367.0
CBX7,MYC,165.0
CBX7,PDE1C,309.0
CBX7,ATP1A3,249.0
CBX7,PPIC,169.0
CBX7,SGMS1,192.0
CBX7,PTGS1,184.0
CBX7,ZYX,211.0
CBX7,PLXDC2,261.0
CBX7,ICA1,328.0
CBX7,SMPDL3A,216.0
CBX7,SLC16A10,227.0
CBX7,VAMP5,155.0
CBX7,TMEM37,222.0
CBX7,JAM2,307.0
CBX7,GATA2,103.0
CBX7,SLC6A15,352.0
CBX7,TES,460.0
CBX7,KRT18,191.0
CBX7,PLXNA1,184.0
CBX7,PANX1,316.0
CBX7,GGTA1,253.0
CBX7,PAQR5,195.0
CBX7,IL17RA,112.0
CBX7,RAB27B,285.0
CBX7,SCRN1,374.0
CBX7,SDC1,190.0
CBX7,ADAMTSL5,192.0
CBX7,NRROS,226.0
CBX7,STXBP1,233.0
CBX7,UNC93B1,124.0
CBX7,IL1R1,213.0
CBX7,CREG1,204.0
CBX7,NCEH1,180.0
CBX7,CD63,131.0
CBX7,D630039A03RIK,210.0
CBX7,TMEM246,188.0
CBX7,DENND2D,144.0
CBX7,SDC2,265.0
CBX7,RAMP1,173.0
CBX7,FAM171A1,195.0
CBX7,LDHB,251.0
CBX7,CAR2,143.0
CBX7,FADS1,237.0
CBX7,JAM3,151.0
CBX7,PYGL,228.0
CBX7,NPM1,109.0
CBX7,H2AFY,214.0
CBX7,PRPS2,143.0
CBX7,TBC1D5,206.0
CBX7,SYK,194.0
CBX7,FAM171B,103.0
CBX7,DOCK11,190.0
CBX7,XRCC6,177.0
CBX7,PKIA,176.0
CBX7,ITGB5,175.0
CBX7,IRF6,173.0
CBX7,CHRNB1,170.0
CBX7,CDK18,169.0
CBX7,RAB40B,164.0
CBX7,TMSB4X,161.0
CBX7,RASA4,150.0
CBX7,PTP4A3,148.0
CBX7,FRMD6,148.0
CBX7,SERP1,144.0
CBX7,SLC39A13,143.0
CBX7,H1F0,140.0
CBX7,CTSL,139.0
CBX7,TPM4,137.0
CBX7,CPXM1,136.0
CBX7,HID1,134.0
CBX7,CCDC112,134.0
CBX7,SNAP23,132.0
CBX7,ME2,130.0
CBX7,SLC18A1,126.0
CBX7,NDRG2,124.0
CBX7,ELF1,124.0
CBX7,RASIP1,123.0
CBX7,ARRDC4,123.0
CBX7,SLC26A11,120.0
CBX7,XPC,115.0
CBX7,TIPIN,115.0
CBX7,KIF17,114.0
CBX7,JPT1,114.0
CBX7,SIGLECG,112.0
CBX7,PROCR,112.0
CBX7,HSPE1,110.0
CBX7,ZFP612,108.0
CBX7,GAA,106.0
CBX7,DUSP1,106.0
CBX7,FHL1,105.0
CBX7,FDFT1,103.0
CBX7,COQ8A,103.0
CBX7,CIPC,103.0
CBX7,MSMO1,102.0
CBX7,FCHO2,102.0
CBX7,CORO7,101.0
ELF1,RNF38,2456.0
ELF1,RANBP1,2126.0
ELF1,RPS27L,2407.0
ELF1,MOGS,2142.0
ELF1,SERPINB6A,1804.0
ELF1,LONP2,1794.0
ELF1,AP1S2,2224.0
ELF1,ITSN1,1885.0
ELF1,MEIS1,2711.0
ELF1,MCM7,1774.0
ELF1,NCEH1,1600.0
ELF1,ATP1A3,2503.0
ELF1,PRKCH,1289.0
ELF1,NT5C3,1044.0
ELF1,AMPD2,1550.0
ELF1,TXNIP,1356.0
ELF1,SERP1,1165.0
ELF1,PPM1G,1050.0
ELF1,ZNRF2,1058.0
ELF1,PANX1,1182.0
ELF1,UQCR11,1185.0
ELF1,IFI27,939.0
ELF1,SLC39A13,968.0
ELF1,PLIN3,862.0
ELF1,LYN,1768.0
ELF1,NHP2,1108.0
ELF1,CD48,1241.0
ELF1,FUCA2,1343.0
ELF1,CDK19,795.0
ELF1,CCL9,1607.0
ELF1,CCT2,869.0
ELF1,SAT1,821.0
ELF1,CTR9,937.0
ELF1,TM6SF1,787.0
ELF1,HSPE1,1058.0
ELF1,MCM4,1019.0
ELF1,ZFP658,617.0
ELF1,ITGB2,639.0
ELF1,ARHGEF39,1028.0
ELF1,LY9,845.0
ELF1,SLFN2,1049.0
ELF1,ME2,901.0
ELF1,PPP1R15A,835.0
ELF1,ZFP62,943.0
ELF1,ANKRD44,628.0
ELF1,COX6A1,721.0
ELF1,DOCK10,619.0
ELF1,TMEM14C,814.0
ELF1,TESPA1,625.0
ELF1,CKS1B,706.0
ELF1,HSD3B7,1117.0
ELF1,LAPTM5,751.0
ELF1,ATP8B4,1054.0
ELF1,ABHD17B,728.0
ELF1,TMEM206,474.0
ELF1,RNF13,744.0
ELF1,REL,516.0
ELF1,HNRNPAB,560.0
ELF1,TBC1D5,850.0
ELF1,RASAL3,437.0
ELF1,ARHGAP15,414.0
ELF1,IFI209,437.0
ELF1,MGAT1,653.0
ELF1,DUSP5,539.0
ELF1,NAIP6,904.0
ELF1,SAMSN1,485.0
ELF1,GPX1,568.0
ELF1,GIMAP8,501.0
ELF1,IKZF1,418.0
ELF1,RGS19,404.0
ELF1,TES,339.0
ELF1,XDH,808.0
ELF1,CARD6,391.0
ELF1,VAMP1,456.0
ELF1,CDK18,774.0
ELF1,CBFB,574.0
ELF1,PPCDC,610.0
ELF1,PRPS2,423.0
ELF1,ARHGAP27,511.0
ELF1,PKN3,692.0
ELF1,SLC39A6,459.0
ELF1,GPR18,438.0
ELF1,CCNG2,525.0
ELF1,GSTM1,663.0
ELF1,NCAPD2,428.0
ELF1,RPL41,484.0
ELF1,IL7R,391.0
ELF1,XRCC6,368.0
ELF1,IFI213,434.0
ELF1,XPC,329.0
ELF1,AKNA,374.0
ELF1,MKI67,616.0
ELF1,GPR65,427.0
ELF1,TMEM173,222.0
ELF1,SSH2,261.0
ELF1,YBX1,459.0
ELF1,EFNA1,587.0
ELF1,TUBB4B,410.0
ELF1,SLC43A2,382.0
ELF1,SPI1,561.0
ELF1,ARL11,554.0
ELF1,PIRB,546.0
ELF1,ARHGAP18,535.0
ELF1,ACAP1,396.0
ELF1,CDT1,513.0
ELF1,LAX1,357.0
ELF1,JPT1,258.0
ELF1,UHRF1,271.0
ELF1,TMEM123,251.0
ELF1,KCTD12,487.0
ELF1,PAFAH2,381.0
ELF1,CMAH,484.0
ELF1,GIMAP1,384.0
ELF1,SLC26A11,450.0
ELF1,FDFT1,317.0
ELF1,PARP8,449.0
ELF1,H2-DMA,293.0
ELF1,EBI3,444.0
ELF1,VAV3,339.0
ELF1,TYROBP,441.0
ELF1,GMNN,305.0
ELF1,SLC44A2,291.0
ELF1,TFEC,425.0
ELF1,RHOH,181.0
ELF1,GAS2L3,422.0
ELF1,CCL3,420.0
ELF1,SLBP,414.0
ELF1,LSP1,206.0
ELF1,CBX7,399.0
ELF1,NRROS,221.0
ELF1,ICOS,205.0
ELF1,TALDO1,377.0
ELF1,SP100,196.0
ELF1,PF4,373.0
ELF1,TBXA2R,372.0
ELF1,OSGIN1,363.0
ELF1,CTSS,125.0
ELF1,NUCB2,360.0
ELF1,TMSB4X,182.0
ELF1,RRAS,355.0
ELF1,NLRC3,215.0
ELF1,UNC93B1,344.0
ELF1,SYK,341.0
ELF1,FUT7,227.0
ELF1,COX7B,339.0
ELF1,CCR7,338.0
ELF1,USP11,329.0
ELF1,BTLA,162.0
ELF1,ARHGDIB,180.0
ELF1,SLC25A5,309.0
ELF1,NEURL3,304.0
ELF1,CTSB,301.0
ELF1,GBP4,300.0
ELF1,UCP2,294.0
ELF1,PSTPIP1,158.0
ELF1,GNG2,287.0
ELF1,DOK2,186.0
ELF1,UBA7,284.0
ELF1,RNF213,279.0
ELF1,ITGAL,273.0
ELF1,EYA2,268.0
ELF1,PLD4,264.0
ELF1,CD69,134.0
ELF1,ITGA6,259.0
ELF1,ELOVL5,257.0
ELF1,NDRG2,251.0
ELF1,TRIM47,246.0
ELF1,IPCEF1,245.0
ELF1,LCK,234.0
ELF1,PTPRE,138.0
ELF1,CD244A,232.0
ELF1,KLF6,230.0
ELF1,MCM5,225.0
ELF1,ITPR2,130.0
ELF1,NWD1,223.0
ELF1,P2RY14,222.0
ELF1,GSN,112.0
ELF1,SELPLG,213.0
ELF1,WFDC17,211.0
ELF1,FGD2,207.0
ELF1,ZFP367,206.0
ELF1,VAMP5,206.0
ELF1,GRAMD1A,198.0
ELF1,IL17RA,196.0
ELF1,MAN1A,194.0
ELF1,GM1966,190.0
ELF1,H1F0,188.0
ELF1,FUT8,186.0
ELF1,CYFIP2,185.0
ELF1,CAPG,184.0
ELF1,HACD4,183.0
ELF1,NPM1,179.0
ELF1,CAMSAP2,179.0
ELF1,LTB,176.0
ELF1,DOCK11,176.0
ELF1,DENND2D,175.0
ELF1,FCRL1,174.0
ELF1,SLCO3A1,171.0
ELF1,PLCL1,171.0
ELF1,CORO1A,170.0
ELF1,KAZALD1,163.0
ELF1,CAMK1D,162.0
ELF1,ANXA5,162.0
ELF1,CD33,160.0
ELF1,CISH,159.0
ELF1,DUSP6,158.0
ELF1,NUDT19,155.0
ELF1,PEAR1,154.0
ELF1,LRRC8C,148.0
ELF1,GPR171,148.0
ELF1,SPNS3,146.0
ELF1,CTSH,146.0
ELF1,ENG,142.0
ELF1,ATPIF1,142.0
ELF1,CST7,139.0
ELF1,SLAMF1,137.0
ELF1,SLC9A9,136.0
ELF1,STARD4,134.0
ELF1,PARVG,133.0
ELF1,FRMD6,126.0
ELF1,CD53,124.0
ELF1,DTL,122.0
ELF1,CFP,122.0
ELF1,CIPC,115.0
ELF1,OAS2,113.0
ELF1,ARPP21,113.0
ELF1,STK10,111.0
ELF1,UBASH3A,108.0
ELF1,POLA2,103.0
ELF1,RUNX2,226.0
ESR1,GGT5,1934.0
ESR1,PLSCR4,1981.0
ESR1,TNFAIP2,1765.0
ESR1,IRAK3,2467.0
ESR1,CORO7,2386.0
ESR1,KLF3,1964.0
ESR1,SLC39A13,2352.0
ESR1,TRIM16,2361.0
ESR1,REL,2427.0
ESR1,TMEM246,1581.0
ESR1,BPIFC,2192.0
ESR1,PAFAH2,1138.0
ESR1,ITPR2,1932.0
ESR1,CDK17,1582.0
ESR1,CCNG2,1117.0
ESR1,LONP2,1922.0
ESR1,FUCA2,1852.0
ESR1,ELF1,1877.0
ESR1,TTC39B,1097.0
ESR1,UBA7,869.0
ESR1,LARS2,1310.0
ESR1,SLC43A2,1719.0
ESR1,CTSB,2340.0
ESR1,TNS2,1493.0
ESR1,CIPC,866.0
ESR1,GSN,1622.0
ESR1,DUSP5,1686.0
ESR1,ANXA5,1365.0
ESR1,RNF13,1702.0
ESR1,PBX1,1097.0
ESR1,NDRG2,1131.0
ESR1,FAM110C,1751.0
ESR1,DUSP1,910.0
ESR1,RANBP1,916.0
ESR1,HDAC7,587.0
ESR1,ZNRF2,748.0
ESR1,CTSH,1345.0
ESR1,TRIM47,1733.0
ESR1,HMGB2,1115.0
ESR1,D630039A03RIK,1030.0
ESR1,PEAR1,1734.0
ESR1,XRCC6,884.0
ESR1,DTL,764.0
ESR1,RUSC2,1238.0
ESR1,SLBP,977.0
ESR1,COQ8A,1316.0
ESR1,SGMS1,1151.0
ESR1,PDCD4,638.0
ESR1,CNN3,1155.0
ESR1,MLPH,1664.0
ESR1,TMEM37,1657.0
ESR1,VAMP1,905.0
ESR1,ZYX,895.0
ESR1,SLC29A1,1426.0
ESR1,ZBTB20,1686.0
ESR1,PPP1R15A,1147.0
ESR1,RGS2,1825.0
ESR1,TMEM206,823.0
ESR1,PLK2,1102.0
ESR1,P2RY14,1319.0
ESR1,H2-Q6,1527.0
ESR1,C1RL,569.0
ESR1,TXNIP,776.0
ESR1,GAA,675.0
ESR1,SLC39A6,1006.0
ESR1,DHRS3,1725.0
ESR1,ARHGAP29,1578.0
ESR1,KCTD12,1253.0
ESR1,LGALS1,660.0
ESR1,UQCR11,874.0
ESR1,FCGRT,603.0
ESR1,XPC,683.0
ESR1,DEF8,869.0
ESR1,CTSF,1926.0
ESR1,TMEM268,1293.0
ESR1,SERPINF1,1015.0
ESR1,PBLD2,510.0
ESR1,SELENOP,671.0
ESR1,RPS27L,582.0
ESR1,HSPE1,639.0
ESR1,MCM4,681.0
ESR1,APLP2,1169.0
ESR1,TSPAN3,1070.0
ESR1,NHP2,416.0
ESR1,AP1S2,977.0
ESR1,NOTCH1,478.0
ESR1,ADSSL1,444.0
ESR1,ELL2,718.0
ESR1,RBPMS,1240.0
ESR1,FCHO2,598.0
ESR1,NFE2,936.0
ESR1,GM2A,511.0
ESR1,RRAS,354.0
ESR1,SSH2,1276.0
ESR1,GSTM1,464.0
ESR1,SOCS2,659.0
ESR1,AFDN,1104.0
ESR1,SDC2,735.0
ESR1,NCEH1,555.0
ESR1,PLEKHB1,571.0
ESR1,GM4951,1134.0
ESR1,IL17RA,1961.0
ESR1,EEPD1,883.0
ESR1,ELOVL5,683.0
ESR1,LSP1,932.0
ESR1,OSGIN1,398.0
ESR1,FRMD6,710.0
ESR1,CDT1,500.0
ESR1,EFNA1,841.0
ESR1,ARRDC4,684.0
ESR1,LHCGR,1383.0
ESR1,PLD4,393.0
ESR1,MGAT1,672.0
ESR1,KLF6,549.0
ESR1,BTG2,434.0
ESR1,GBP9,1058.0
ESR1,ERP29,463.0
ESR1,MEIS1,242.0
ESR1,CD63,458.0
ESR1,CAMK1D,768.0
ESR1,PRNP,498.0
ESR1,NR3C2,964.0
ESR1,HNRNPAB,393.0
ESR1,ITSN1,404.0
ESR1,PYGL,850.0
ESR1,XDH,800.0
ESR1,SLC22A3,1213.0
ESR1,TGM2,363.0
ESR1,NUDT19,618.0
ESR1,MCM7,636.0
ESR1,CDK19,416.0
ESR1,ZFP62,435.0
ESR1,CPQ,882.0
ESR1,UAP1L1,503.0
ESR1,SLC25A5,429.0
ESR1,CHRNB1,733.0
ESR1,SERP1,468.0
ESR1,RORA,727.0
ESR1,HSD3B7,472.0
ESR1,SNAP47,465.0
ESR1,RNF213,914.0
ESR1,TMEM123,474.0
ESR1,NUCB2,657.0
ESR1,SDSL,1381.0
ESR1,MPZL1,620.0
ESR1,RAB27B,471.0
ESR1,CBX7,460.0
ESR1,ABHD17B,382.0
ESR1,DYNLL1,477.0
ESR1,NPM1,413.0
ESR1,SLC18A1,468.0
ESR1,RPL41,420.0
ESR1,HLF,460.0
ESR1,ITGB5,801.0
ESR1,RGS19,977.0
ESR1,TTLL7,611.0
ESR1,DCK,655.0
ESR1,MAML3,435.0
ESR1,MRVI1,623.0
ESR1,CTSL,490.0
ESR1,SPNS2,1202.0
ESR1,CISH,559.0
ESR1,CCDC136,922.0
ESR1,RAB40B,417.0
ESR1,TMEM14C,726.0
ESR1,GNG11,792.0
ESR1,MTUS1,687.0
ESR1,NSMF,684.0
ESR1,MCM5,645.0
ESR1,GHR,538.0
ESR1,H1F0,417.0
ESR1,HAAO,1342.0
ESR1,STK17B,489.0
ESR1,TUBB4B,371.0
ESR1,BDH2,294.0
ESR1,SAT1,395.0
ESR1,RARB,384.0
ESR1,CD34,497.0
ESR1,ARHGEF28,937.0
ESR1,PPM1G,469.0
ESR1,PGR,476.0
ESR1,IFITM1,1068.0
ESR1,FDFT1,405.0
ESR1,TIPIN,360.0
ESR1,CLEC14A,616.0
ESR1,MECOM,375.0
ESR1,SMPDL3A,1076.0
ESR1,ICA1,491.0
ESR1,ANXA2,912.0
ESR1,FHL1,1135.0
ESR1,JPT1,303.0
ESR1,IL18BP,523.0
ESR1,LDHB,272.0
ESR1,TBC1D5,327.0
ESR1,NEO1,367.0
ESR1,ART4,646.0
ESR1,ZFP37,540.0
ESR1,MOGS,387.0
ESR1,CREG1,324.0
ESR1,ADAMTSL5,903.0
ESR1,IL1R1,463.0
ESR1,STXBP1,523.0
ESR1,FADS1,320.0
ESR1,SERPINB6A,399.0
ESR1,PLIN3,369.0
ESR1,OTUB2,306.0
ESR1,DUSP6,375.0
ESR1,ME2,309.0
ESR1,RASSF2,319.0
ESR1,CKS1B,326.0
ESR1,TMEM176B,579.0
ESR1,CAMSAP2,381.0
ESR1,STARD4,444.0
ESR1,RNF38,338.0
ESR1,MAN1A,557.0
ESR1,NT5C3,318.0
ESR1,GMNN,514.0
ESR1,PLCL1,432.0
ESR1,RUNX1T1,571.0
ESR1,PDGFD,649.0
ESR1,GPX1,414.0
ESR1,PLXNC1,972.0
ESR1,MYO5A,452.0
ESR1,BLNK,292.0
ESR1,YBX1,354.0
ESR1,H2AFY,413.0
ESR1,PKIA,396.0
ESR1,UBE2L6,225.0
ESR1,GIMAP8,414.0
ESR1,CBFB,318.0
ESR1,FOXO1,498.0
ESR1,TALDO1,308.0
ESR1,ARL11,255.0
ESR1,NWD1,425.0
ESR1,OBSL1,311.0
ESR1,GBP4,630.0
ESR1,CAV2,352.0
ESR1,PSTPIP1,449.0
ESR1,NCKAP1,364.0
ESR1,TINAGL1,316.0
ESR1,SLC26A11,339.0
ESR1,APP,511.0
ESR1,FKBP9,810.0
ESR1,CTR9,281.0
ESR1,UNC93B1,542.0
ESR1,JAM3,352.0
ESR1,PKN3,357.0
ESR1,PGRMC1,360.0
ESR1,RUNX2,678.0
ESR1,ALDH1A1,519.0
ESR1,RHBDF1,338.0
ESR1,RNF125,517.0
ESR1,PPCDC,304.0
ESR1,FAM171B,635.0
ESR1,IFI27,209.0
ESR1,PTP4A3,382.0
ESR1,NUPR1,327.0
ESR1,CLU,245.0
ESR1,KCNK5,309.0
ESR1,ATPIF1,279.0
ESR1,NCAPD2,329.0
ESR1,POLA2,352.0
ESR1,FAM171A1,351.0
ESR1,CTNNAL1,290.0
ESR1,S100A6,347.0
ESR1,CLIP3,296.0
ESR1,ZFP367,322.0
ESR1,COL4A2,625.0
ESR1,COL4A1,625.0
ESR1,IFITM3,480.0
ESR1,MPDZ,342.0
ESR1,FUT8,257.0
ESR1,MYLK,365.0
ESR1,RCSD1,816.0
ESR1,MLLT3,246.0
ESR1,H2-DMA,296.0
ESR1,COX6A1,361.0
ESR1,CD55,426.0
ESR1,LACTB,324.0
ESR1,EMP1,310.0
ESR1,SLC44A2,295.0
ESR1,PRDM16,732.0
ESR1,IGF1,268.0
ESR1,MSMO1,335.0
ESR1,TAPT1,383.0
ESR1,TRIM59,291.0
ESR1,GATA2,460.0
ESR1,MYC,269.0
ESR1,CD81,339.0
ESR1,TFR2,248.0
ESR1,CTTN,269.0
ESR1,PDGFC,362.0
ESR1,SNAP23,195.0
ESR1,SLC16A2,203.0
ESR1,ENG,552.0
ESR1,ZFP422,158.0
ESR1,VEGFC,280.0
ESR1,AMPD2,256.0
ESR1,MEF2C,261.0
ESR1,BCL2,217.0
ESR1,CCT2,343.0
ESR1,FSTL1,258.0
ESR1,SLC16A10,267.0
ESR1,GBP2,623.0
ESR1,TPM4,520.0
ESR1,SPC24,345.0
ESR1,MCTP2,345.0
ESR1,ZFP612,376.0
ESR1,PAG1,281.0
ESR1,TMEM173,451.0
ESR1,WLS,282.0
ESR1,ARHGEF18,200.0
ESR1,DEPP1,651.0
ESR1,CTSG,298.0
ESR1,METTL7A1,149.0
ESR1,ESAM,548.0
ESR1,GRAMD1A,274.0
ESR1,JAM2,620.0
ESR1,ARID5A,212.0
ESR1,VAV3,228.0
ESR1,CSGALNACT1,453.0
ESR1,HOXA9,318.0
ESR1,TCAF1,252.0
ESR1,SDC1,237.0
ESR1,TOP2A,223.0
ESR1,ARHGAP18,218.0
ESR1,CCDC112,348.0
ESR1,CAPG,264.0
ESR1,ADGRG1,350.0
ESR1,SCRN1,261.0
ESR1,N4BP3,191.0
ESR1,FLNA,281.0
ESR1,CDKN1C,247.0
ESR1,MAMDC2,252.0
ESR1,IL17RE,209.0
ESR1,TRIB3,397.0
ESR1,SLCO3A1,295.0
ESR1,IGFBP4,257.0
ESR1,CHST2,163.0
ESR1,LYN,306.0
ESR1,SATB1,383.0
ESR1,CDK6,286.0
ESR1,RFTN1,450.0
ESR1,TEAD2,290.0
ESR1,MN1,314.0
ESR1,GPC1,258.0
ESR1,CASP12,203.0
ESR1,TMSB4X,175.0
ESR1,FGFR3,186.0
ESR1,F2R,199.0
ESR1,GNG2,428.0
ESR1,MPO,281.0
ESR1,CD44,283.0
ESR1,ARHGAP15,277.0
ESR1,APOE,208.0
ESR1,UCP2,270.0
ESR1,PLEKHG6,598.0
ESR1,AKNA,204.0
ESR1,INHBA,215.0
ESR1,PPIC,174.0
ESR1,SULT1A1,328.0
ESR1,GDA,363.0
ESR1,CPXM1,413.0
ESR1,PRUNE2,168.0
ESR1,CDK18,242.0
ESR1,USP11,249.0
ESR1,NFIA,331.0
ESR1,CAVIN2,311.0
ESR1,TSPAN13,151.0
ESR1,LGMN,202.0
ESR1,SERPINB1A,150.0
ESR1,CERS4,207.0
ESR1,CAR2,524.0
ESR1,TSPAN2,192.0
ESR1,PRR5,137.0
ESR1,KAZALD1,203.0
ESR1,TRPV2,171.0
ESR1,KIT,264.0
ESR1,NPDC1,416.0
ESR1,VAMP5,201.0
ESR1,TFEC,223.0
ESR1,ADGRG3,205.0
ESR1,PRKCH,168.0
ESR1,CD9,197.0
ESR1,OTULINL,175.0
ESR1,EYA2,468.0
ESR1,FUT7,224.0
ESR1,CCL9,455.0
ESR1,NLRC3,192.0
ESR1,ZFP658,215.0
ESR1,GP9,171.0
ESR1,MYCN,176.0
ESR1,PDE1B,170.0
ESR1,RASA4,227.0
ESR1,NRROS,423.0
ESR1,PTPRE,155.0
ESR1,SLC16A11,316.0
ESR1,AFF3,194.0
ESR1,GSTT1,169.0
ESR1,IRF8,174.0
ESR1,UPP1,168.0
ESR1,LCK,183.0
ESR1,PLPPR3,230.0
ESR1,RAMP1,156.0
ESR1,PAQR5,274.0
ESR1,PLXNA1,170.0
ESR1,KIF17,265.0
ESR1,VLDLR,140.0
ESR1,SLC2A3,147.0
ESR1,PLXDC2,137.0
ESR1,DPP4,280.0
ESR1,PARVG,198.0
ESR1,RP2,196.0
ESR1,PDGFRB,134.0
ESR1,CRIP1,188.0
ESR1,NAPSA,340.0
ESR1,GAS2L3,121.0
ESR1,AMIGO2,160.0
ESR1,UHRF1,125.0
ESR1,ITGA6,306.0
ESR1,GOLM1,203.0
ESR1,CADPS2,300.0
ESR1,PARP8,180.0
ESR1,CX3CL1,106.0
ESR1,DOCK10,144.0
ESR1,TES,143.0
ESR1,STK10,144.0
ESR1,MPEG1,144.0
ESR1,MAGED2,157.0
ESR1,ANGPT1,147.0
ESR1,GM973,143.0
ESR1,ABCG2,155.0
ESR1,MKI67,257.0
ESR1,ANKRD44,197.0
ESR1,EMB,153.0
ESR1,ZMIZ1,140.0
ESR1,WFDC2,164.0
ESR1,TFPI,139.0
ESR1,VWF,147.0
ESR1,GPX3,243.0
ESR1,RHOJ,123.0
ESR1,PRIM1,136.0
ESR1,SFRP1,160.0
ESR1,PKIB,227.0
ESR1,COX7B,112.0
ESR1,SLC6A15,123.0
ESR1,PRPS2,136.0
ESR1,PTGER2,214.0
ESR1,SERPINA3N,211.0
ESR1,UBASH3A,125.0
ESR1,LCP1,190.0
ESR1,GGTA1,187.0
ESR1,SP100,183.0
ESR1,HNF4A,179.0
ESR1,IRF6,170.0
ESR1,TBXA2R,160.0
ESR1,SLC35D3,160.0
ESR1,PECAM1,159.0
ESR1,NOXA1,155.0
ESR1,GDF3,154.0
ESR1,IL18RAP,143.0
ESR1,CLCA3A1,143.0
ESR1,ABCG3,139.0
ESR1,NDN,136.0
ESR1,IL12A,133.0
ESR1,SLC9A9,132.0
ESR1,TEK,131.0
ESR1,VDR,127.0
ESR1,ARHGAP27,127.0
ESR1,IL7R,125.0
ESR1,ITM2A,120.0
ESR1,PRSS57,119.0
ESR1,PDE1C,118.0
ESR1,LDHD,116.0
ESR1,F11R,115.0
ESR1,RHOH,109.0
ESR1,DDX4,106.0
ESR1,CMAH,105.0
ESR1,PTGS1,102.0
ESR1,NDNF,101.0
FOXO1,TXNIP,1386.0
FOXO1,LTB,678.0
FOXO1,COQ8A,784.0
FOXO1,RNF38,921.0
FOXO1,RORA,751.0
FOXO1,MAML3,510.0
FOXO1,FCHO2,648.0
FOXO1,POLA2,514.0
FOXO1,ANKRD44,553.0
FOXO1,ERP29,335.0
FOXO1,CARD6,330.0
FOXO1,ST8SIA4,459.0
FOXO1,PPP1R15A,205.0
FOXO1,MCM7,302.0
FOXO1,SLC39A13,199.0
FOXO1,SELENOP,314.0
FOXO1,NDRG2,186.0
FOXO1,SNAP23,213.0
FOXO1,CBFB,267.0
FOXO1,CCNG2,164.0
FOXO1,STK17B,179.0
FOXO1,TMEM206,185.0
FOXO1,SSH2,274.0
FOXO1,LONP2,177.0
FOXO1,RGS2,280.0
FOXO1,PAG1,177.0
FOXO1,CAMSAP2,171.0
FOXO1,XRCC6,177.0
FOXO1,TMEM123,267.0
FOXO1,HDAC7,265.0
FOXO1,LAG3,168.0
FOXO1,PAFAH2,252.0
FOXO1,FUT8,154.0
FOXO1,MCM4,149.0
FOXO1,SERP1,146.0
FOXO1,GMNN,206.0
FOXO1,ITGB7,107.0
FOXO1,PLSCR4,166.0
FOXO1,ITSN1,161.0
FOXO1,ANXA5,157.0
FOXO1,MYCT1,154.0
FOXO1,MGAT1,152.0
FOXO1,SATB1,147.0
FOXO1,PPCDC,147.0
FOXO1,SELPLG,145.0
FOXO1,STARD4,142.0
FOXO1,GIMAP8,131.0
FOXO1,PRIM1,126.0
FOXO1,CD55,126.0
FOXO1,KCTD12,124.0
FOXO1,KLF6,123.0
FOXO1,IKZF1,123.0
FOXO1,SLBP,114.0
FOXO1,RHOF,114.0
FOXO1,CMAH,114.0
FOXO1,ATP8B4,111.0
FOXO1,DYNLL1,109.0
FOXO1,MYC,477.0
FOXO1,CDKN1C,451.0
GATA2,XRCC6,3212.0
GATA2,NFE2,2303.0
GATA2,ITSN1,2493.0
GATA2,P2RX1,2099.0
GATA2,TXNIP,1431.0
GATA2,GSN,2256.0
GATA2,ART4,2157.0
GATA2,P2RY14,2123.0
GATA2,BTG2,1368.0
GATA2,SLC2A3,1366.0
GATA2,TESPA1,670.0
GATA2,NT5C3,1673.0
GATA2,HDAC7,1217.0
GATA2,SPI1,1632.0
GATA2,SAMSN1,782.0
GATA2,SGMS1,2134.0
GATA2,GGT5,1719.0
GATA2,SELPLG,1624.0
GATA2,NLRC3,1609.0
GATA2,CD63,1348.0
GATA2,CST7,1544.0
GATA2,CCNG2,1283.0
GATA2,NEURL3,1061.0
GATA2,LONP2,1276.0
GATA2,SLBP,1247.0
GATA2,SLC18A2,948.0
GATA2,CISH,772.0
GATA2,PBLD2,1586.0
GATA2,NRROS,1419.0
GATA2,ST8SIA4,1194.0
GATA2,TFR2,1772.0
GATA2,LGMN,1075.0
GATA2,RASSF2,1167.0
GATA2,ARHGDIB,715.0
GATA2,IRAK3,1460.0
GATA2,CAMSAP2,997.0
GATA2,SPNS2,1527.0
GATA2,IGFBP4,1144.0
GATA2,TUBB4B,1046.0
GATA2,PPCDC,1155.0
GATA2,NUPR1,1080.0
GATA2,LARS2,966.0
GATA2,SPNS3,1216.0
GATA2,SLC26A11,667.0
GATA2,RUNX1T1,1417.0
GATA2,LAPTM5,882.0
GATA2,MKI67,733.0
GATA2,CREG1,763.0
GATA2,ZFP658,898.0
GATA2,MCM7,1074.0
GATA2,NAPSA,794.0
GATA2,ELF1,545.0
GATA2,UBE2L6,835.0
GATA2,MLLT3,702.0
GATA2,GFI1B,713.0
GATA2,PAFAH2,786.0
GATA2,CCT2,512.0
GATA2,ANGPT1,1073.0
GATA2,NDNF,734.0
GATA2,PLIN3,1083.0
GATA2,SHISA9,975.0
GATA2,PPP1R15A,734.0
GATA2,H1F0,907.0
GATA2,GAA,893.0
GATA2,ZFP62,641.0
GATA2,TFPI,727.0
GATA2,PTPRE,508.0
GATA2,HACD4,763.0
GATA2,TNFAIP2,1803.0
GATA2,RHOF,807.0
GATA2,CES2G,1585.0
GATA2,ELOVL5,760.0
GATA2,GBP9,1061.0
GATA2,ADSSL1,388.0
GATA2,GBP4,1289.0
GATA2,PDCD4,1340.0
GATA2,SLC16A10,1109.0
GATA2,PTP4A3,546.0
GATA2,MGAT1,559.0
GATA2,CERS4,738.0
GATA2,FGD2,807.0
GATA2,H2-DMA,582.0
GATA2,MAML3,653.0
GATA2,CD7,384.0
GATA2,GHR,533.0
GATA2,CLEC14A,1498.0
GATA2,ADGRG1,1154.0
GATA2,XPC,843.0
GATA2,TES,731.0
GATA2,LAX1,547.0
GATA2,FUCA2,669.0
GATA2,PGR,1428.0
GATA2,UCP2,506.0
GATA2,COX6A1,574.0
GATA2,PKIA,991.0
GATA2,SLFN2,524.0
GATA2,TOP2A,791.0
GATA2,TRAF1,821.0
GATA2,NHP2,1339.0
GATA2,RBPMS,490.0
GATA2,EYA2,814.0
GATA2,C1RL,1242.0
GATA2,MRVI1,1229.0
GATA2,DTL,530.0
GATA2,LRRC8C,618.0
GATA2,SLC29A1,1175.0
GATA2,UNC93B1,572.0
GATA2,RAG2,273.0
GATA2,AMPD2,562.0
GATA2,CDT1,466.0
GATA2,RPL41,589.0
GATA2,SLC39A13,384.0
GATA2,FHL1,425.0
GATA2,NSMF,444.0
GATA2,DUSP1,377.0
GATA2,CD244A,420.0
GATA2,ABHD17B,465.0
GATA2,TSPAN13,433.0
GATA2,CIPC,383.0
GATA2,TSC22D3,413.0
GATA2,LCK,1024.0
GATA2,TIPIN,411.0
GATA2,TBC1D5,378.0
GATA2,LCP1,500.0
GATA2,CD33,495.0
GATA2,NKG7,493.0
GATA2,RASAL3,487.0
GATA2,NCAPD2,422.0
GATA2,CNN3,727.0
GATA2,NPM1,356.0
GATA2,GRAMD1A,480.0
GATA2,DOCK11,475.0
GATA2,ARID5A,336.0
GATA2,PLEKHB1,545.0
GATA2,HNRNPAB,327.0
GATA2,CAMK1D,345.0
GATA2,ARHGAP18,380.0
GATA2,STARD4,315.0
GATA2,CTSF,662.0
GATA2,IGF1,583.0
GATA2,GPR171,400.0
GATA2,CBFB,443.0
GATA2,S100A6,326.0
GATA2,UBA7,451.0
GATA2,GPX1,453.0
GATA2,NCEH1,439.0
GATA2,ITGB2,430.0
GATA2,JPT1,512.0
GATA2,CD44,426.0
GATA2,CORO1A,423.0
GATA2,CFP,282.0
GATA2,NAIP6,156.0
GATA2,PF4,562.0
GATA2,TYROBP,407.0
GATA2,ERP29,311.0
GATA2,VAMP1,328.0
GATA2,PRNP,409.0
GATA2,CD55,396.0
GATA2,TMEM123,316.0
GATA2,MCM4,463.0
GATA2,FAM110C,273.0
GATA2,CDK19,355.0
GATA2,ATPIF1,302.0
GATA2,SNAP23,283.0
GATA2,COQ8A,492.0
GATA2,REL,315.0
GATA2,UPP1,377.0
GATA2,DEF8,289.0
GATA2,PLSCR4,255.0
GATA2,PLK2,386.0
GATA2,PECAM1,254.0
GATA2,ESR1,332.0
GATA2,ME2,305.0
GATA2,KLF6,300.0
GATA2,ITPR2,343.0
GATA2,CD9,672.0
GATA2,LY9,266.0
GATA2,RUSC2,314.0
GATA2,TRIB3,326.0
GATA2,MYCT1,648.0
GATA2,UQCR11,355.0
GATA2,IL12A,324.0
GATA2,MAN1A,341.0
GATA2,FAM171B,251.0
GATA2,SLC25A5,315.0
GATA2,GM2A,216.0
GATA2,GGTA1,273.0
GATA2,ARRDC4,401.0
GATA2,DUSP6,282.0
GATA2,TMSB4X,216.0
GATA2,RANBP1,225.0
GATA2,KCTD12,350.0
GATA2,ANXA5,224.0
GATA2,ABCG3,304.0
GATA2,CD34,226.0
GATA2,MECOM,519.0
GATA2,LACTB,219.0
GATA2,MPZL1,212.0
GATA2,ZFP367,293.0
GATA2,TM6SF1,292.0
GATA2,NCKAP1,209.0
GATA2,TRIM16,204.0
GATA2,CLCA3A1,447.0
GATA2,APLP2,380.0
GATA2,KAZALD1,154.0
GATA2,FKBP9,368.0
GATA2,VEGFC,243.0
GATA2,TMEM206,283.0
GATA2,ANKRD33B,281.0
GATA2,HLF,435.0
GATA2,AFDN,278.0
GATA2,UAP1L1,329.0
GATA2,VAMP5,215.0
GATA2,RNF13,187.0
GATA2,CD48,269.0
GATA2,RAB40B,352.0
GATA2,ADGRG3,263.0
GATA2,SLC39A6,196.0
GATA2,KIF17,258.0
GATA2,DHRS3,214.0
GATA2,SSH2,197.0
GATA2,RPS27L,282.0
GATA2,CARD11,254.0
GATA2,AP1S2,190.0
GATA2,APP,296.0
GATA2,SLC6A15,190.0
GATA2,CTSB,234.0
GATA2,SH2D5,245.0
GATA2,ZNRF2,168.0
GATA2,SELENOP,481.0
GATA2,RORA,477.0
GATA2,GSTT1,168.0
GATA2,ARPP21,235.0
GATA2,AKNA,175.0
GATA2,SLC44A2,232.0
GATA2,PLXDC2,167.0
GATA2,SLC35D3,229.0
GATA2,PPM1G,191.0
GATA2,BDH2,448.0
GATA2,RHOH,224.0
GATA2,ITGB7,441.0
GATA2,CTNNAL1,220.0
GATA2,STK17B,190.0
GATA2,NUDT19,218.0
GATA2,HOXA9,435.0
GATA2,FDFT1,184.0
GATA2,GM973,426.0
GATA2,SERPINA3F,223.0
GATA2,FAM171A1,149.0
GATA2,SLC18A1,157.0
GATA2,SOCS2,173.0
GATA2,RAB27B,205.0
GATA2,OSGIN1,205.0
GATA2,MPDZ,409.0
GATA2,GDA,202.0
GATA2,ARHGAP27,202.0
GATA2,F2R,202.0
GATA2,SERP1,135.0
GATA2,SERPINB6A,200.0
GATA2,DCK,199.0
GATA2,GOLM1,196.0
GATA2,NUCB2,166.0
GATA2,FRMD6,388.0
GATA2,MCM5,387.0
GATA2,MEIS1,386.0
GATA2,ANKRD44,193.0
GATA2,KIT,193.0
GATA2,ARHGEF39,193.0
GATA2,LYN,193.0
GATA2,PDGFRB,382.0
GATA2,CD93,147.0
GATA2,TMEM268,187.0
GATA2,GSTM1,373.0
GATA2,MLPH,186.0
GATA2,GM4951,372.0
GATA2,ELL2,132.0
GATA2,EMB,182.0
GATA2,CLIP3,363.0
GATA2,PRSS57,362.0
GATA2,HSPE1,180.0
GATA2,GNG2,122.0
GATA2,TCAF1,122.0
GATA2,JAM3,136.0
GATA2,PTGER2,349.0
GATA2,TRPV2,347.0
GATA2,GMNN,174.0
GATA2,RNF38,124.0
GATA2,OTUB2,119.0
GATA2,PYGL,154.0
GATA2,IRF6,163.0
GATA2,CARD6,194.0
GATA2,TMEM14C,123.0
GATA2,NEO1,155.0
GATA2,PDE1C,108.0
GATA2,FCGRT,296.0
GATA2,NR3C2,295.0
GATA2,IFI27,294.0
GATA2,PANX1,146.0
GATA2,CAR2,144.0
GATA2,DYNLL1,286.0
GATA2,NFIA,283.0
GATA2,CD81,283.0
GATA2,TTC39B,141.0
GATA2,XDH,280.0
GATA2,FSTL1,280.0
GATA2,RRAS,278.0
GATA2,HSD3B7,276.0
GATA2,SLC16A11,269.0
GATA2,PRIM1,133.0
GATA2,SDC2,265.0
GATA2,ITGA6,132.0
GATA2,LDHB,262.0
GATA2,CD52,262.0
GATA2,KLF3,130.0
GATA2,ARHGAP29,260.0
GATA2,RAB38,129.0
GATA2,PIRB,141.0
GATA2,CTTN,258.0
GATA2,PRPS2,127.0
GATA2,ENPP5,127.0
GATA2,SATB1,416.0
GATA2,NDRG2,251.0
GATA2,PGRMC1,245.0
GATA2,SMPDL3A,122.0
GATA2,SERPINA3G,141.0
GATA2,CAV2,122.0
GATA2,SYK,121.0
GATA2,ANXA2,241.0
GATA2,RGS2,239.0
GATA2,MYC,239.0
GATA2,PSTPIP1,117.0
GATA2,SNAP47,232.0
GATA2,DOCK10,116.0
GATA2,VWF,416.0
GATA2,IKZF1,114.0
GATA2,CPQ,112.0
GATA2,CCDC112,112.0
GATA2,PBX1,223.0
GATA2,RNF125,112.0
GATA2,ALDH1A1,221.0
GATA2,LGALS1,220.0
GATA2,HCK,110.0
GATA2,DENND2D,109.0
GATA2,ZBTB20,217.0
GATA2,PAG1,109.0
GATA2,YBX1,214.0
GATA2,ZYX,212.0
GATA2,SERPINB1A,211.0
GATA2,ARHGEF18,211.0
GATA2,STK10,105.0
GATA2,RGS19,103.0
GATA2,GAS2L3,103.0
GATA2,CASP12,205.0
GATA2,VAV3,204.0
GATA2,METTL7A1,204.0
GATA2,SERPINF1,202.0
GATA2,RUNX2,101.0
GATA2,PRUNE2,102.0
GATA2,ZMIZ1,196.0
GATA2,NOXA1,195.0
GATA2,EFNA1,186.0
GATA2,CDKN1C,181.0
GATA2,SPC24,180.0
GATA2,MTUS1,179.0
GATA2,FCHO2,179.0
GATA2,USP11,173.0
GATA2,WLS,171.0
GATA2,MMRN1,171.0
GATA2,IFI27L2A,171.0
GATA2,CDK17,171.0
GATA2,CTSL,169.0
GATA2,JAM2,168.0
GATA2,CTR9,165.0
GATA2,PDGFD,164.0
GATA2,MOGS,158.0
GATA2,SDC1,155.0
GATA2,LSP1,155.0
GATA2,HMGB2,153.0
GATA2,BTLA,151.0
GATA2,PRKCH,150.0
GATA2,FADS1,150.0
GATA2,ABCG2,150.0
GATA2,FLNA,146.0
GATA2,FOXO1,142.0
GATA2,NOTCH1,140.0
GATA2,FUT8,137.0
GATA2,ZFP37,136.0
GATA2,SAT1,133.0
GATA2,SLC16A2,130.0
GATA2,CTSH,130.0
GATA2,CLU,130.0
GATA2,ZFP422,129.0
GATA2,MEF2C,125.0
GATA2,D630039A03RIK,122.0
GATA2,COL4A2,122.0
GATA2,COL4A1,122.0
GATA2,TALDO1,121.0
GATA2,APOE,121.0
GATA2,TNS2,120.0
GATA2,RARB,120.0
GATA2,GBP2,119.0
GATA2,TM4SF1,114.0
GATA2,KCNK5,111.0
GATA2,RASA4,108.0
GATA2,PDE1B,108.0
GATA2,IFITM3,103.0
GFI1B,MPZL1,1534.0
GFI1B,ITSN1,1296.0
GFI1B,HMGB2,1270.0
GFI1B,GM2A,1593.0
GFI1B,ZFP658,2246.0
GFI1B,CAMSAP2,800.0
GFI1B,GAS2L3,698.0
GFI1B,ABHD17B,652.0
GFI1B,ARID5A,644.0
GFI1B,SPI1,772.0
GFI1B,ITGB5,1263.0
GFI1B,LAPTM5,624.0
GFI1B,REL,501.0
GFI1B,CCNG2,426.0
GFI1B,HNRNPAB,787.0
GFI1B,RANBP1,463.0
GFI1B,MYCT1,770.0
GFI1B,ELOVL5,364.0
GFI1B,CLEC12A,505.0
GFI1B,DOCK10,396.0
GFI1B,NFE2,338.0
GFI1B,MEIS1,416.0
GFI1B,RGS19,283.0
GFI1B,CFP,338.0
GFI1B,CSGALNACT1,502.0
GFI1B,PROCR,584.0
GFI1B,RASSF2,346.0
GFI1B,CTSS,448.0
GFI1B,NEURL3,531.0
GFI1B,LGMN,367.0
GFI1B,TRIM16,212.0
GFI1B,TMEM173,303.0
GFI1B,PKN3,228.0
GFI1B,PARP8,318.0
GFI1B,MYO5A,322.0
GFI1B,SLC26A11,213.0
GFI1B,CARD6,225.0
GFI1B,LARS2,158.0
GFI1B,DHRS3,233.0
GFI1B,CKS1B,388.0
GFI1B,MAMDC2,197.0
GFI1B,VAV3,375.0
GFI1B,PLPPR3,234.0
GFI1B,MCM4,173.0
GFI1B,CD244A,257.0
GFI1B,ZNRF2,226.0
GFI1B,CDK6,172.0
GFI1B,SSH2,205.0
GFI1B,NCEH1,191.0
GFI1B,RGS2,165.0
GFI1B,PF4,165.0
GFI1B,DEF8,112.0
GFI1B,CMAH,299.0
GFI1B,FOXO1,171.0
GFI1B,CPQ,155.0
GFI1B,SLC39A13,164.0
GFI1B,MCM7,176.0
GFI1B,TESPA1,162.0
GFI1B,RBPMS,263.0
GFI1B,TTC39B,148.0
GFI1B,SERPINB1A,258.0
GFI1B,FUT7,258.0
GFI1B,KIT,129.0
GFI1B,CD44,156.0
GFI1B,IKZF1,173.0
GFI1B,TMEM123,131.0
GFI1B,SERPINB6A,170.0
GFI1B,HSPE1,148.0
GFI1B,METTL7A1,248.0
GFI1B,MYCN,244.0
GFI1B,GMNN,239.0
GFI1B,RASAL3,137.0
GFI1B,NCKAP1,135.0
GFI1B,SLC18A2,218.0
GFI1B,NPM1,124.0
GFI1B,CDT1,216.0
GFI1B,ITPR2,111.0
GFI1B,CAV2,215.0
GFI1B,VAMP1,211.0
GFI1B,IRF8,207.0
GFI1B,MGAT1,205.0
GFI1B,CTSL,205.0
GFI1B,SERP1,106.0
GFI1B,RNF13,199.0
GFI1B,SLC44A2,198.0
GFI1B,DTL,118.0
GFI1B,ITGAL,102.0
GFI1B,ADSSL1,193.0
GFI1B,TMEM268,108.0
GFI1B,PECAM1,187.0
GFI1B,ARHGDIB,187.0
GFI1B,TYROBP,182.0
GFI1B,FCGRT,182.0
GFI1B,ZFP62,109.0
GFI1B,UAP1L1,175.0
GFI1B,SATB1,174.0
GFI1B,BTLA,174.0
GFI1B,PLIN3,173.0
GFI1B,DYNLL1,172.0
GFI1B,PPP1R15A,171.0
GFI1B,SLC2A3,170.0
GFI1B,TBC1D5,169.0
GFI1B,ZFP367,165.0
GFI1B,FUCA2,162.0
GFI1B,SHROOM4,159.0
GFI1B,RAB38,154.0
GFI1B,LACTB,154.0
GFI1B,HDAC7,154.0
GFI1B,TFEC,151.0
GFI1B,MAML3,151.0
GFI1B,INHBA,151.0
GFI1B,UBE2L6,148.0
GFI1B,SYK,148.0
GFI1B,CHST2,146.0
GFI1B,SLBP,145.0
GFI1B,TXNIP,143.0
GFI1B,KCTD12,140.0
GFI1B,ART4,138.0
GFI1B,TMEM246,137.0
GFI1B,RNF125,136.0
GFI1B,PLEKHB1,135.0
GFI1B,PTPRE,130.0
GFI1B,VAMP5,128.0
GFI1B,NUPR1,128.0
GFI1B,PYGL,127.0
GFI1B,CD33,127.0
GFI1B,TIFAB,126.0
GFI1B,TES,124.0
GFI1B,ERP29,123.0
GFI1B,UPP1,122.0
GFI1B,GM1966,122.0
GFI1B,CD69,122.0
GFI1B,CD48,122.0
GFI1B,PRNP,120.0
GFI1B,PAFAH2,118.0
GFI1B,CTR9,118.0
GFI1B,LONP2,116.0
GFI1B,CDK19,116.0
GFI1B,CCL9,115.0
GFI1B,STK17B,114.0
GFI1B,CD38,113.0
GFI1B,ESR1,112.0
GFI1B,ZMIZ1,110.0
GFI1B,DCK,109.0
GFI1B,TAPT1,108.0
GFI1B,ME2,108.0
GFI1B,KAZALD1,108.0
GFI1B,ITGB2,108.0
GFI1B,CCT2,108.0
GFI1B,XRCC6,107.0
GFI1B,CD53,107.0
GFI1B,TMEM14C,106.0
GFI1B,IL7R,105.0
GFI1B,SPC24,104.0
GFI1B,PPM1G,104.0
GFI1B,GPX1,104.0
GFI1B,EFNA1,104.0
GFI1B,RUSC2,103.0
GFI1B,RNF38,101.0
IKZF1,ELF1,1324.0
IKZF1,PKN3,1859.0
IKZF1,SLC39A13,1526.0
IKZF1,NFE2,1578.0
IKZF1,NCEH1,1518.0
IKZF1,NHP2,1402.0
IKZF1,FRMD6,1609.0
IKZF1,GSTM1,1385.0
IKZF1,CISH,1303.0
IKZF1,KAZALD1,1095.0
IKZF1,DUSP5,1264.0
IKZF1,LAPTM5,1043.0
IKZF1,ARHGDIB,1124.0
IKZF1,TBXA2R,1122.0
IKZF1,PPP1R15A,1392.0
IKZF1,F2R,1699.0
IKZF1,UCP2,1257.0
IKZF1,UNC93B1,1246.0
IKZF1,ARID5A,1080.0
IKZF1,SNAP47,743.0
IKZF1,XRCC6,770.0
IKZF1,LONP2,1101.0
IKZF1,ACAP1,1352.0
IKZF1,CSGALNACT1,1409.0
IKZF1,CMAH,1295.0
IKZF1,FUT8,1203.0
IKZF1,TTC39B,1617.0
IKZF1,PAFAH2,723.0
IKZF1,TRIM16,1321.0
IKZF1,DTL,1085.0
IKZF1,SLC9A9,1288.0
IKZF1,SELPLG,769.0
IKZF1,CDK19,752.0
IKZF1,TBC1D5,1147.0
IKZF1,PLEKHB1,1367.0
IKZF1,IL7R,907.0
IKZF1,NAPSA,1216.0
IKZF1,XPC,942.0
IKZF1,ME2,1206.0
IKZF1,PSTPIP1,1079.0
IKZF1,CAR2,1001.0
IKZF1,LRRC8C,864.0
IKZF1,CAPG,1221.0
IKZF1,LCK,839.0
IKZF1,FUCA2,1222.0
IKZF1,PLIN3,769.0
IKZF1,DOCK10,1098.0
IKZF1,CAMSAP2,1031.0
IKZF1,RAB27B,1587.0
IKZF1,GPX1,907.0
IKZF1,SYK,778.0
IKZF1,UBA7,1154.0
IKZF1,TIPIN,967.0
IKZF1,LCP1,902.0
IKZF1,CDT1,582.0
IKZF1,RHOH,891.0
IKZF1,AMPD2,1007.0
IKZF1,SGMS1,1191.0
IKZF1,NUCB2,1104.0
IKZF1,METTL7A1,869.0
IKZF1,TYROBP,907.0
IKZF1,RANBP1,768.0
IKZF1,SERPINB6A,1409.0
IKZF1,ARHGAP18,1227.0
IKZF1,TMEM123,881.0
IKZF1,SLBP,1119.0
IKZF1,LAX1,971.0
IKZF1,SSH2,877.0
IKZF1,SERPINA3G,1130.0
IKZF1,SERPINA3F,1130.0
IKZF1,RASAL3,724.0
IKZF1,MGAT1,705.0
IKZF1,FCHO2,513.0
IKZF1,STXBP1,813.0
IKZF1,AKNA,799.0
IKZF1,ZBTB20,501.0
IKZF1,ZFP62,750.0
IKZF1,PBLD2,745.0
IKZF1,PANX1,862.0
IKZF1,TXNIP,738.0
IKZF1,SOCS2,672.0
IKZF1,SERP1,774.0
IKZF1,MCM4,696.0
IKZF1,KCTD12,763.0
IKZF1,NRROS,820.0
IKZF1,PPCDC,902.0
IKZF1,CD93,965.0
IKZF1,DHRS3,1146.0
IKZF1,PRKCH,693.0
IKZF1,RASSF2,968.0
IKZF1,CD69,915.0
IKZF1,MAML3,540.0
IKZF1,SNAP23,970.0
IKZF1,ARPP21,671.0
IKZF1,IRAK3,577.0
IKZF1,GSN,1105.0
IKZF1,ZNRF2,725.0
IKZF1,GIMAP5,689.0
IKZF1,GPR18,709.0
IKZF1,PTP4A3,712.0
IKZF1,ZFP658,756.0
IKZF1,GRAMD1A,575.0
IKZF1,CORO7,1100.0
IKZF1,PKIB,1413.0
IKZF1,ANXA5,955.0
IKZF1,PARVG,653.0
IKZF1,EYA2,488.0
IKZF1,CTSB,682.0
IKZF1,TMEM173,772.0
IKZF1,ADGRG1,638.0
IKZF1,H2AFY,988.0
IKZF1,CAMK1D,815.0
IKZF1,GFI1B,1138.0
IKZF1,ELOVL5,952.0
IKZF1,PRNP,1111.0
IKZF1,REL,920.0
IKZF1,DCK,782.0
IKZF1,DUSP6,648.0
IKZF1,ITGAL,509.0
IKZF1,TES,548.0
IKZF1,CARD6,870.0
IKZF1,ITPR2,798.0
IKZF1,ICA1,1118.0
IKZF1,CIPC,559.0
IKZF1,BC035044,859.0
IKZF1,NUDT19,529.0
IKZF1,TESPA1,701.0
IKZF1,RCSD1,823.0
IKZF1,SPI1,754.0
IKZF1,DYNLL1,567.0
IKZF1,ITGB2,454.0
IKZF1,CLEC12A,483.0
IKZF1,SLFN2,761.0
IKZF1,EVI2A,717.0
IKZF1,H1F0,852.0
IKZF1,CDK17,475.0
IKZF1,SAMSN1,626.0
IKZF1,PPM1G,655.0
IKZF1,MKI67,555.0
IKZF1,HSD3B7,409.0
IKZF1,RAG2,1295.0
IKZF1,PDCD4,1060.0
IKZF1,WLS,816.0
IKZF1,CNN3,636.0
IKZF1,USP11,725.0
IKZF1,RGS19,697.0
IKZF1,KLF6,442.0
IKZF1,CORO1A,647.0
IKZF1,SELENOP,607.0
IKZF1,ITGA6,476.0
IKZF1,MMRN1,1079.0
IKZF1,CPQ,718.0
IKZF1,GBP9,489.0
IKZF1,ABCG3,533.0
IKZF1,UHRF1,490.0
IKZF1,FCRL1,711.0
IKZF1,MYC,451.0
IKZF1,RGS2,732.0
IKZF1,SLAMF1,859.0
IKZF1,LY9,563.0
IKZF1,PLSCR4,439.0
IKZF1,CKS1B,627.0
IKZF1,CCR7,405.0
IKZF1,GAS2L3,575.0
IKZF1,PLXDC2,745.0
IKZF1,UAP1L1,592.0
IKZF1,RNF38,453.0
IKZF1,PLCL1,552.0
IKZF1,GNG2,535.0
IKZF1,LSP1,528.0
IKZF1,ZFP367,644.0
IKZF1,UBASH3A,361.0
IKZF1,MYCN,454.0
IKZF1,LARS2,624.0
IKZF1,GIMAP1,463.0
IKZF1,BCL2,549.0
IKZF1,WFDC2,618.0
IKZF1,IL17RA,735.0
IKZF1,LYN,526.0
IKZF1,HMGB2,715.0
IKZF1,CD53,744.0
IKZF1,ITSN1,699.0
IKZF1,CCDC112,466.0
IKZF1,FADS1,568.0
IKZF1,FLT3,974.0
IKZF1,TOP2A,788.0
IKZF1,GBP4,470.0
IKZF1,CBFB,607.0
IKZF1,EPSTI1,617.0
IKZF1,5430427O19RIK,521.0
IKZF1,MCM7,423.0
IKZF1,TMEM14C,814.0
IKZF1,KLF3,430.0
IKZF1,NWD1,543.0
IKZF1,IFI27,752.0
IKZF1,ST8SIA4,640.0
IKZF1,ERP29,474.0
IKZF1,IL17RE,811.0
IKZF1,NPM1,629.0
IKZF1,TM6SF1,921.0
IKZF1,HDAC7,479.0
IKZF1,MEF2C,765.0
IKZF1,APLP2,616.0
IKZF1,VAMP1,845.0
IKZF1,STARD4,508.0
IKZF1,TUBB4B,546.0
IKZF1,TIFAB,417.0
IKZF1,SP100,550.0
IKZF1,HSPE1,572.0
IKZF1,MLLT3,415.0
IKZF1,CLU,479.0
IKZF1,ARHGAP27,683.0
IKZF1,GMNN,647.0
IKZF1,HAAO,736.0
IKZF1,FOXO1,391.0
IKZF1,BLNK,705.0
IKZF1,CARD11,371.0
IKZF1,MCM5,518.0
IKZF1,NCAPD2,555.0
IKZF1,TPM4,518.0
IKZF1,INHBA,259.0
IKZF1,PRSS57,715.0
IKZF1,NLRC3,582.0
IKZF1,CD55,563.0
IKZF1,H2-DMA,349.0
IKZF1,ABHD17B,595.0
IKZF1,IFITM1,741.0
IKZF1,PARP8,425.0
IKZF1,CD48,222.0
IKZF1,ENG,413.0
IKZF1,UBE2L6,413.0
IKZF1,MOGS,788.0
IKZF1,BTG2,500.0
IKZF1,COQ8A,441.0
IKZF1,GGTA1,510.0
IKZF1,GIMAP8,488.0
IKZF1,SIGLECG,548.0
IKZF1,GAA,401.0
IKZF1,PRPS2,477.0
IKZF1,RPS27L,519.0
IKZF1,SAT1,484.0
IKZF1,ADSSL1,381.0
IKZF1,GM2A,387.0
IKZF1,ARHGEF18,884.0
IKZF1,TRPV2,448.0
IKZF1,HNRNPAB,455.0
IKZF1,PTPRE,351.0
IKZF1,DPP4,478.0
IKZF1,DUSP1,358.0
IKZF1,CDK6,529.0
IKZF1,DOCK11,389.0
IKZF1,H2-Q6,772.0
IKZF1,OAS2,565.0
IKZF1,VAMP5,413.0
IKZF1,MPZL1,509.0
IKZF1,ATP8B4,468.0
IKZF1,MYO5A,666.0
IKZF1,PRIM1,421.0
IKZF1,P2RY14,395.0
IKZF1,OTUB2,472.0
IKZF1,SATB1,366.0
IKZF1,CERS4,483.0
IKZF1,ZFP422,364.0
IKZF1,SLC18A1,309.0
IKZF1,NOTCH1,312.0
IKZF1,VAV3,308.0
IKZF1,UQCR11,494.0
IKZF1,RRAS,354.0
IKZF1,SLC25A5,408.0
IKZF1,TMEM206,342.0
IKZF1,KIT,301.0
IKZF1,TRIM47,446.0
IKZF1,ATPIF1,529.0
IKZF1,FAM171B,514.0
IKZF1,STK10,441.0
IKZF1,SLC2A3,438.0
IKZF1,TALDO1,619.0
IKZF1,RNF213,617.0
IKZF1,RNF13,520.0
IKZF1,ZMIZ1,314.0
IKZF1,PLD4,679.0
IKZF1,RNASE6,384.0
IKZF1,OTULINL,369.0
IKZF1,TRIB3,323.0
IKZF1,HLF,386.0
IKZF1,GHR,414.0
IKZF1,TMEM176B,417.0
IKZF1,CAV2,377.0
IKZF1,ANGPT1,215.0
IKZF1,N4BP3,360.0
IKZF1,SLC26A11,488.0
IKZF1,CCT2,372.0
IKZF1,ABCG2,405.0
IKZF1,ZYX,285.0
IKZF1,H2-OB,243.0
IKZF1,RAMP1,298.0
IKZF1,CD244A,375.0
IKZF1,VEGFC,298.0
IKZF1,AP1S2,267.0
IKZF1,ARHGAP15,399.0
IKZF1,FGD2,332.0
IKZF1,PTGS1,230.0
IKZF1,HID1,324.0
IKZF1,SPC24,560.0
IKZF1,SELL,422.0
IKZF1,IFI213,336.0
IKZF1,TSPAN13,392.0
IKZF1,S100A6,346.0
IKZF1,IPCEF1,626.0
IKZF1,POLA2,365.0
IKZF1,GDA,423.0
IKZF1,NT5C3,300.0
IKZF1,TSPAN3,261.0
IKZF1,NPDC1,318.0
IKZF1,TRIM59,338.0
IKZF1,CYFIP2,372.0
IKZF1,TSC22D3,303.0
IKZF1,LGALS1,650.0
IKZF1,MAN1A,336.0
IKZF1,IRF8,358.0
IKZF1,GOLM1,366.0
IKZF1,BTLA,381.0
IKZF1,ICOS,479.0
IKZF1,CD44,206.0
IKZF1,IFI209,446.0
IKZF1,CTR9,288.0
IKZF1,LTB,227.0
IKZF1,ARHGEF39,259.0
IKZF1,EEPD1,272.0
IKZF1,PGRMC1,446.0
IKZF1,FUT7,307.0
IKZF1,STK17B,231.0
IKZF1,RHOF,294.0
IKZF1,SLC43A2,545.0
IKZF1,LGMN,327.0
IKZF1,LACTB,308.0
IKZF1,GBP2,402.0
IKZF1,ARL11,259.0
IKZF1,FAM171A1,393.0
IKZF1,SYTL1,567.0
IKZF1,SLA,561.0
IKZF1,PAG1,276.0
IKZF1,CST7,315.0
IKZF1,ANKRD44,408.0
IKZF1,PRR5,364.0
IKZF1,SDC1,261.0
IKZF1,CCNG2,332.0
IKZF1,ANKRD33B,341.0
IKZF1,FDFT1,282.0
IKZF1,LDHB,259.0
IKZF1,ESR1,249.0
IKZF1,BDH2,255.0
IKZF1,SLC39A6,279.0
IKZF1,COX6A1,281.0
IKZF1,TFEC,369.0
IKZF1,DEF8,341.0
IKZF1,TFR2,382.0
IKZF1,MAGED2,286.0
IKZF1,EFNA1,426.0
IKZF1,DOK2,263.0
IKZF1,DENND2D,220.0
IKZF1,TINAGL1,217.0
IKZF1,IGFBP4,324.0
IKZF1,RPL41,339.0
IKZF1,RFTN1,249.0
IKZF1,ELL2,249.0
IKZF1,PF4,247.0
IKZF1,CSF1R,251.0
IKZF1,ADAMTSL5,224.0
IKZF1,CD7,551.0
IKZF1,GM5111,234.0
IKZF1,ITGB5,332.0
IKZF1,CHIL5,377.0
IKZF1,PLK2,150.0
IKZF1,JPT1,414.0
IKZF1,CFP,273.0
IKZF1,CBX7,209.0
IKZF1,AMIGO2,183.0
IKZF1,IL18BP,166.0
IKZF1,NUPR1,207.0
IKZF1,CD38,256.0
IKZF1,EBI3,221.0
IKZF1,RASA4,353.0
IKZF1,CHST2,293.0
IKZF1,PLXNC1,228.0
IKZF1,PAQR5,362.0
IKZF1,RORA,213.0
IKZF1,YBX1,241.0
IKZF1,MSMO1,231.0
IKZF1,SMPDL3A,345.0
IKZF1,GPR171,286.0
IKZF1,PTGER2,218.0
IKZF1,TNFAIP2,284.0
IKZF1,EMB,198.0
IKZF1,TMSB4X,237.0
IKZF1,GPR65,428.0
IKZF1,TGM2,195.0
IKZF1,LAG3,252.0
IKZF1,PLXNA1,245.0
IKZF1,SLCO3A1,195.0
IKZF1,CCL3,160.0
IKZF1,FGFR3,236.0
IKZF1,SERPINB1A,245.0
IKZF1,IFITM3,246.0
IKZF1,TMEM268,186.0
IKZF1,PKIA,207.0
IKZF1,APOE,240.0
IKZF1,KLRD1,180.0
IKZF1,MCTP2,218.0
IKZF1,JAM2,189.0
IKZF1,MPEG1,337.0
IKZF1,TSPAN2,198.0
IKZF1,NDNF,129.0
IKZF1,SLC29A1,198.0
IKZF1,MTUS1,195.0
IKZF1,KCNK5,168.0
IKZF1,NDRG2,199.0
IKZF1,TAPT1,173.0
IKZF1,MEIS1,293.0
IKZF1,PRUNE2,150.0
IKZF1,SLC16A11,275.0
IKZF1,F11R,152.0
IKZF1,PLEK,140.0
IKZF1,IFI27L2A,155.0
IKZF1,CREG1,262.0
IKZF1,ITGAM,177.0
IKZF1,CTSS,170.0
IKZF1,SPNS2,253.0
IKZF1,SLC16A10,146.0
IKZF1,NEURL3,245.0
IKZF1,FLNA,131.0
IKZF1,SLC35D3,147.0
IKZF1,NCKAP1,138.0
IKZF1,PEAR1,156.0
IKZF1,PBX1,135.0
IKZF1,OSGIN1,137.0
IKZF1,CTSW,122.0
IKZF1,COX7B,110.0
IKZF1,HACD4,208.0
IKZF1,APP,203.0
IKZF1,KIF17,191.0
IKZF1,CD27,190.0
IKZF1,RAB38,105.0
IKZF1,SEMA3D,109.0
IKZF1,SLC44A2,172.0
IKZF1,IGF1,170.0
IKZF1,GIMAP3,169.0
IKZF1,KBTBD11,106.0
IKZF1,CLEC2I,166.0
IKZF1,XDH,163.0
IKZF1,EMP1,163.0
IKZF1,NFIA,159.0
IKZF1,IRF6,158.0
IKZF1,RP2,157.0
IKZF1,IL18RAP,153.0
IKZF1,SPNS3,144.0
IKZF1,KLHL4,143.0
IKZF1,SLC18A2,131.0
IKZF1,ARRDC4,130.0
IKZF1,CCDC136,125.0
IKZF1,IL12A,124.0
IKZF1,FGD5,123.0
IKZF1,CTNNAL1,117.0
IKZF1,RHBDF1,115.0
IKZF1,SCRN1,113.0
IKZF1,CTTN,111.0
IKZF1,CASP12,104.0
IKZF1,NSMF,103.0
IRF8,H2-Q6,3060.0
IRF8,MPEG1,2481.0
IRF8,PF4,2953.0
IRF8,GPR18,2631.0
IRF8,CD53,1647.0
IRF8,NAIP6,1758.0
IRF8,NAPSA,1513.0
IRF8,RBPMS,1353.0
IRF8,LSP1,1170.0
IRF8,CLEC12A,1286.0
IRF8,CFP,1563.0
IRF8,INHBA,1289.0
IRF8,WFDC17,1085.0
IRF8,GBP9,869.0
IRF8,ERP29,782.0
IRF8,NCEH1,1039.0
IRF8,LY86,1391.0
IRF8,GBP2,1221.0
IRF8,ARID5A,741.0
IRF8,METTL7A1,918.0
IRF8,RNF213,675.0
IRF8,ELF1,1682.0
IRF8,UBA7,557.0
IRF8,UNC93B1,717.0
IRF8,BC035044,714.0
IRF8,CD74,799.0
IRF8,IL18BP,776.0
IRF8,GBP4,482.0
IRF8,FGD2,997.0
IRF8,CLEC1A,542.0
IRF8,SLC43A2,1519.0
IRF8,SLFN2,537.0
IRF8,EPSTI1,604.0
IRF8,VAV3,571.0
IRF8,PIRB,902.0
IRF8,SAMSN1,472.0
IRF8,LAPTM5,645.0
IRF8,MEF2C,949.0
IRF8,ATP8B4,799.0
IRF8,SELPLG,489.0
IRF8,P2RY14,411.0
IRF8,PARVG,391.0
IRF8,SELENOP,855.0
IRF8,IL12A,450.0
IRF8,FCRL1,472.0
IRF8,TM6SF1,1299.0
IRF8,CTSS,393.0
IRF8,APOE,612.0
IRF8,EBI3,367.0
IRF8,CCL3,386.0
IRF8,RHOH,369.0
IRF8,ME2,536.0
IRF8,ZFP62,904.0
IRF8,IKZF1,610.0
IRF8,ANGPT1,430.0
IRF8,ZFP658,307.0
IRF8,GNG2,449.0
IRF8,SLC39A13,405.0
IRF8,SLC18A1,380.0
IRF8,RNASE6,371.0
IRF8,CD48,475.0
IRF8,UPP1,681.0
IRF8,SP100,420.0
IRF8,RARB,392.0
IRF8,HSPE1,319.0
IRF8,NCF1,406.0
IRF8,CPQ,355.0
IRF8,SYK,328.0
IRF8,CHIL5,521.0
IRF8,CTTN,319.0
IRF8,LCP1,430.0
IRF8,DOCK10,351.0
IRF8,ARHGDIB,461.0
IRF8,UBE2L6,323.0
IRF8,KAZALD1,433.0
IRF8,H2-OB,488.0
IRF8,DUSP5,302.0
IRF8,ITGAL,510.0
IRF8,ARRDC4,267.0
IRF8,DENND2D,569.0
IRF8,ITGB2,270.0
IRF8,PDE1B,250.0
IRF8,BLNK,276.0
IRF8,NUDT19,215.0
IRF8,HAAO,289.0
IRF8,TRPV2,387.0
IRF8,TESPA1,404.0
IRF8,RANBP1,294.0
IRF8,TBC1D5,208.0
IRF8,VAMP1,190.0
IRF8,TMEM173,277.0
IRF8,OAS2,401.0
IRF8,PLK2,297.0
IRF8,FUT7,412.0
IRF8,PLD4,237.0
IRF8,TYROBP,314.0
IRF8,TMEM206,277.0
IRF8,ZFP367,372.0
IRF8,KCTD12,442.0
IRF8,IGF1,213.0
IRF8,XRCC6,310.0
IRF8,PLEK,229.0
IRF8,IFITM3,194.0
IRF8,MGAT1,214.0
IRF8,ITGB7,282.0
IRF8,TBXA2R,318.0
IRF8,GFI1B,406.0
IRF8,ITPR2,266.0
IRF8,LDHB,243.0
IRF8,SERPINA3G,186.0
IRF8,SERPINA3F,186.0
IRF8,CST7,241.0
IRF8,TXNIP,239.0
IRF8,DHRS3,227.0
IRF8,RUSC2,286.0
IRF8,ARL11,161.0
IRF8,CD33,180.0
IRF8,TES,290.0
IRF8,IFI209,202.0
IRF8,HACD4,258.0
IRF8,MCM7,135.0
IRF8,PLIN3,292.0
IRF8,ARHGAP15,157.0
IRF8,MCM4,138.0
IRF8,GIMAP5,216.0
IRF8,CCR9,186.0
IRF8,TBXAS1,192.0
IRF8,RASSF2,212.0
IRF8,PTGS1,133.0
IRF8,RP2,337.0
IRF8,SIGLECG,226.0
IRF8,ENG,207.0
IRF8,TUBB4B,326.0
IRF8,TIFAB,169.0
IRF8,SGMS1,163.0
IRF8,LONP2,164.0
IRF8,WLS,198.0
IRF8,GM4951,148.0
IRF8,ARHGEF39,142.0
IRF8,CBFB,158.0
IRF8,TFEC,136.0
IRF8,S100A6,261.0
IRF8,CSF1R,257.0
IRF8,H2-DMA,126.0
IRF8,OSGIN1,241.0
IRF8,EEPD1,238.0
IRF8,NOTCH1,235.0
IRF8,PDCD4,233.0
IRF8,AMPD2,229.0
IRF8,PTGER2,124.0
IRF8,STK10,114.0
IRF8,DOK2,137.0
IRF8,ATP1A3,215.0
IRF8,CD244A,193.0
IRF8,XDH,192.0
IRF8,SULT1A1,189.0
IRF8,XPC,109.0
IRF8,SLC26A11,186.0
IRF8,SCARF1,177.0
IRF8,CIPC,177.0
IRF8,IPCEF1,176.0
IRF8,GAS2L3,164.0
IRF8,SLC35D3,158.0
IRF8,GCSAM,155.0
IRF8,KBTBD11,151.0
IRF8,CDK19,150.0
IRF8,GM1966,149.0
IRF8,MEIS1,147.0
IRF8,CARD6,139.0
IRF8,ATPIF1,136.0
IRF8,MYO5A,131.0
IRF8,NT5C3,130.0
IRF8,SERP1,125.0
IRF8,IL7R,123.0
IRF8,CARD11,123.0
IRF8,PKN3,119.0
IRF8,ZBTB20,117.0
IRF8,ESR1,111.0
IRF8,ITGAM,103.0
IRF8,NUPR1,102.0
IRF8,HCK,102.0
IRF8,MYC,553.0
MEF2C,KLF6,170.0
MEF2C,CCL3,141.0
MEF2C,OBSCN,167.0
MEIS1,DEPP1,3237.0
MEIS1,PIRB,2580.0
MEIS1,NEURL3,2697.0
MEIS1,PTGS1,2282.0
MEIS1,BPIFC,2185.0
MEIS1,NPDC1,1984.0
MEIS1,ARID5A,1260.0
MEIS1,CD69,1437.0
MEIS1,HOXA9,1161.0
MEIS1,ITGB2,1775.0
MEIS1,CD33,1585.0
MEIS1,SSH2,1585.0
MEIS1,METTL7A1,1543.0
MEIS1,SPC24,1508.0
MEIS1,ABCG2,1654.0
MEIS1,WFDC17,1094.0
MEIS1,TES,1572.0
MEIS1,LONP2,1386.0
MEIS1,FUT7,1401.0
MEIS1,SPI1,1218.0
MEIS1,OTULINL,1364.0
MEIS1,EVI2A,1190.0
MEIS1,ANGPT1,2057.0
MEIS1,SERPINB6A,1216.0
MEIS1,UQCR11,1205.0
MEIS1,HACD4,1226.0
MEIS1,LACTB,1169.0
MEIS1,EMB,1223.0
MEIS1,SELPLG,866.0
MEIS1,PBLD2,1099.0
MEIS1,XDH,714.0
MEIS1,ADGRG3,1354.0
MEIS1,GSN,1109.0
MEIS1,NFE2,1109.0
MEIS1,NR3C2,941.0
MEIS1,MAN1A,1010.0
MEIS1,SLC9A9,826.0
MEIS1,DYNLL1,624.0
MEIS1,KLF3,849.0
MEIS1,TXNIP,1181.0
MEIS1,ZFP367,809.0
MEIS1,TESPA1,980.0
MEIS1,REL,939.0
MEIS1,VAV3,1010.0
MEIS1,IL1R1,613.0
MEIS1,MECOM,1001.0
MEIS1,ZFP658,775.0
MEIS1,ZNRF2,955.0
MEIS1,PAFAH2,562.0
MEIS1,ATP8B4,864.0
MEIS1,DUSP6,678.0
MEIS1,H2-DMA,803.0
MEIS1,SYK,815.0
MEIS1,XRCC6,693.0
MEIS1,PAG1,784.0
MEIS1,SLC26A11,630.0
MEIS1,SGMS1,570.0
MEIS1,RASAL3,842.0
MEIS1,MPO,654.0
MEIS1,CHST2,1263.0
MEIS1,BTLA,644.0
MEIS1,MYO5A,904.0
MEIS1,SELENOP,664.0
MEIS1,OTUB2,716.0
MEIS1,CLEC12A,1410.0
MEIS1,PTPRE,706.0
MEIS1,GHR,720.0
MEIS1,CAMSAP2,697.0
MEIS1,IL12A,702.0
MEIS1,LAPTM5,621.0
MEIS1,SERP1,658.0
MEIS1,GP9,609.0
MEIS1,ANXA5,663.0
MEIS1,SAMSN1,768.0
MEIS1,MTUS1,753.0
MEIS1,MCM7,690.0
MEIS1,AMPD2,750.0
MEIS1,TINAGL1,815.0
MEIS1,NWD1,474.0
MEIS1,FGD2,668.0
MEIS1,LARS2,677.0
MEIS1,CORO7,523.0
MEIS1,TMEM123,621.0
MEIS1,GAA,522.0
MEIS1,FUCA2,584.0
MEIS1,TSPAN3,657.0
MEIS1,GSTM1,727.0
MEIS1,FOXO1,673.0
MEIS1,MPZL1,594.0
MEIS1,DOCK10,495.0
MEIS1,SLBP,598.0
MEIS1,CD63,748.0
MEIS1,PARP8,564.0
MEIS1,CHRNB1,538.0
MEIS1,ITSN1,410.0
MEIS1,CCNG2,627.0
MEIS1,SPNS2,430.0
MEIS1,ABHD17B,604.0
MEIS1,ARHGDIB,475.0
MEIS1,CYFIP2,546.0
MEIS1,TRIM16,502.0
MEIS1,COX6A1,632.0
MEIS1,GM1966,422.0
MEIS1,CSF3R,703.0
MEIS1,ARHGAP27,538.0
MEIS1,FUT8,491.0
MEIS1,AKNA,495.0
MEIS1,EBI3,583.0
MEIS1,ERP29,453.0
MEIS1,NUDT19,646.0
MEIS1,ICA1,521.0
MEIS1,VDR,559.0
MEIS1,SP100,587.0
MEIS1,PBX1,513.0
MEIS1,RARB,374.0
MEIS1,SERPINA3G,730.0
MEIS1,ME2,533.0
MEIS1,VAMP5,448.0
MEIS1,SLCO3A1,497.0
MEIS1,CTSL,571.0
MEIS1,PDCD4,367.0
MEIS1,IRAK3,550.0
MEIS1,TFR2,523.0
MEIS1,MGAT1,401.0
MEIS1,PLK2,617.0
MEIS1,CISH,395.0
MEIS1,CTR9,503.0
MEIS1,CDK6,587.0
MEIS1,ACAP1,544.0
MEIS1,CD55,365.0
MEIS1,TSC22D3,627.0
MEIS1,LCP1,523.0
MEIS1,SH2D5,398.0
MEIS1,CDT1,410.0
MEIS1,DUSP1,535.0
MEIS1,SLC39A13,369.0
MEIS1,S100A6,416.0
MEIS1,RFTN1,508.0
MEIS1,HID1,502.0
MEIS1,NRROS,520.0
MEIS1,CKS1B,390.0
MEIS1,RPS27L,366.0
MEIS1,RHOH,444.0
MEIS1,ELF1,331.0
MEIS1,ATP1A3,447.0
MEIS1,CTSG,407.0
MEIS1,HMGB2,532.0
MEIS1,CIPC,367.0
MEIS1,PLEK,353.0
MEIS1,NUPR1,537.0
MEIS1,SLC25A5,496.0
MEIS1,ZYX,284.0
MEIS1,PLCL1,483.0
MEIS1,PARVG,344.0
MEIS1,AFDN,224.0
MEIS1,RNF125,343.0
MEIS1,MOGS,404.0
MEIS1,MAML3,295.0
MEIS1,UPP1,392.0
MEIS1,LYN,352.0
MEIS1,RHOF,437.0
MEIS1,RANBP1,378.0
MEIS1,ADSSL1,367.0
MEIS1,PF4,255.0
MEIS1,PRNP,327.0
MEIS1,TMEM14C,315.0
MEIS1,ELL2,372.0
MEIS1,TMEM206,277.0
MEIS1,ARL11,451.0
MEIS1,PEAR1,378.0
MEIS1,DHRS3,348.0
MEIS1,IL18RAP,297.0
MEIS1,RGS2,285.0
MEIS1,GRAMD1A,257.0
MEIS1,PLIN3,252.0
MEIS1,CORO1A,273.0
MEIS1,CD244A,273.0
MEIS1,DCK,320.0
MEIS1,ST8SIA4,207.0
MEIS1,VAMP1,259.0
MEIS1,ITGAL,264.0
MEIS1,KIF17,439.0
MEIS1,TIFAB,424.0
MEIS1,RNF13,352.0
MEIS1,KCTD12,267.0
MEIS1,TRIB3,333.0
MEIS1,CDK17,310.0
MEIS1,LSP1,278.0
MEIS1,TMEM37,281.0
MEIS1,ARHGEF39,365.0
MEIS1,PRIM1,314.0
MEIS1,SLC44A2,335.0
MEIS1,DENND2D,354.0
MEIS1,GAS2L3,303.0
MEIS1,ANKRD44,294.0
MEIS1,OBSL1,572.0
MEIS1,CLCA3A1,366.0
MEIS1,BTG2,232.0
MEIS1,PLD4,290.0
MEIS1,RNF38,321.0
MEIS1,ARHGAP18,275.0
MEIS1,NSMF,334.0
MEIS1,CTTN,214.0
MEIS1,TBC1D5,206.0
MEIS1,NDRG2,272.0
MEIS1,CDK19,236.0
MEIS1,TYROBP,328.0
MEIS1,CBFB,354.0
MEIS1,RPL41,320.0
MEIS1,PPM1G,276.0
MEIS1,NCAPD2,197.0
MEIS1,STK17B,194.0
MEIS1,CBX7,275.0
MEIS1,EEPD1,285.0
MEIS1,KLF6,279.0
MEIS1,ARHGAP29,271.0
MEIS1,CCL3,255.0
MEIS1,TUBB4B,283.0
MEIS1,SLC16A10,271.0
MEIS1,SPNS3,328.0
MEIS1,SLFN2,279.0
MEIS1,APP,281.0
MEIS1,RGS19,315.0
MEIS1,BC035044,306.0
MEIS1,UBASH3A,263.0
MEIS1,NCEH1,202.0
MEIS1,DTL,279.0
MEIS1,MSMO1,261.0
MEIS1,TAPT1,250.0
MEIS1,CPQ,307.0
MEIS1,CAR2,268.0
MEIS1,SLC18A1,286.0
MEIS1,DUSP5,247.0
MEIS1,SDC2,317.0
MEIS1,PYGL,278.0
MEIS1,GFI1B,289.0
MEIS1,CHIL5,313.0
MEIS1,SNAP23,247.0
MEIS1,NT5C3,234.0
MEIS1,SLC6A15,429.0
MEIS1,AP1S2,275.0
MEIS1,CSGALNACT1,303.0
MEIS1,CAPG,198.0
MEIS1,UNC93B1,252.0
MEIS1,PANX1,220.0
MEIS1,UCP2,218.0
MEIS1,ARRDC4,235.0
MEIS1,P2RX1,223.0
MEIS1,IKZF1,238.0
MEIS1,GM2A,242.0
MEIS1,PTGER2,230.0
MEIS1,GDF3,398.0
MEIS1,FCRL1,283.0
MEIS1,STK10,215.0
MEIS1,DEF8,160.0
MEIS1,EFNA1,222.0
MEIS1,ANKRD33B,212.0
MEIS1,ANXA2,254.0
MEIS1,FDFT1,217.0
MEIS1,PPCDC,191.0
MEIS1,CD44,236.0
MEIS1,HDAC7,199.0
MEIS1,SLC39A6,257.0
MEIS1,TGM2,220.0
MEIS1,ICOS,193.0
MEIS1,CPNE8,193.0
MEIS1,ARHGAP15,200.0
MEIS1,TIPIN,204.0
MEIS1,CTSS,221.0
MEIS1,PLEKHB1,225.0
MEIS1,STXBP1,212.0
MEIS1,PSTPIP1,191.0
MEIS1,ELOVL5,134.0
MEIS1,TM6SF1,175.0
MEIS1,MLLT3,181.0
MEIS1,MCM4,181.0
MEIS1,APLP2,183.0
MEIS1,ITPR2,174.0
MEIS1,CCDC112,188.0
MEIS1,GNG11,207.0
MEIS1,FRMD6,195.0
MEIS1,STARD4,174.0
MEIS1,ZFP62,190.0
MEIS1,NAPSA,231.0
MEIS1,C1RL,179.0
MEIS1,TMSB4X,167.0
MEIS1,EMP1,177.0
MEIS1,CLEC2I,192.0
MEIS1,CD53,159.0
MEIS1,PRUNE2,178.0
MEIS1,NUCB2,175.0
MEIS1,IFI27,160.0
MEIS1,TRIM59,155.0
MEIS1,FCHO2,170.0
MEIS1,RORA,197.0
MEIS1,FCGRT,164.0
MEIS1,MYC,157.0
MEIS1,MCM5,163.0
MEIS1,PGRMC1,288.0
MEIS1,ESR1,179.0
MEIS1,TMEM268,149.0
MEIS1,CTNNAL1,280.0
MEIS1,SLC43A2,183.0
MEIS1,GDA,151.0
MEIS1,TALDO1,145.0
MEIS1,GSTT1,137.0
MEIS1,ARPP21,143.0
MEIS1,EYA2,266.0
MEIS1,NLRC3,261.0
MEIS1,SLC2A3,132.0
MEIS1,SAT1,135.0
MEIS1,SATB1,246.0
MEIS1,LAX1,130.0
MEIS1,GBP9,135.0
MEIS1,KAZALD1,156.0
MEIS1,H2AFY,135.0
MEIS1,NDNF,234.0
MEIS1,CAVIN2,231.0
MEIS1,HNRNPAB,126.0
MEIS1,RUNX1T1,227.0
MEIS1,MCTP2,128.0
MEIS1,LRRC8C,114.0
MEIS1,GGTA1,115.0
MEIS1,CMAH,222.0
MEIS1,CTSH,117.0
MEIS1,SLC16A2,220.0
MEIS1,GMNN,123.0
MEIS1,LTB,213.0
MEIS1,SIGLECG,211.0
MEIS1,HSPE1,132.0
MEIS1,XPC,108.0
MEIS1,LGMN,201.0
MEIS1,VEGFC,199.0
MEIS1,CST7,198.0
MEIS1,NAIP6,195.0
MEIS1,OSGIN1,191.0
MEIS1,UHRF1,190.0
MEIS1,PRKCH,190.0
MEIS1,PTP4A3,109.0
MEIS1,H2-OB,179.0
MEIS1,RUNX2,178.0
MEIS1,CD74,178.0
MEIS1,TTC39B,176.0
MEIS1,JPT1,176.0
MEIS1,RAMP1,172.0
MEIS1,ADGRG1,172.0
MEIS1,SLC29A1,171.0
MEIS1,CCT2,171.0
MEIS1,PDE1C,169.0
MEIS1,FAM171B,169.0
MEIS1,PAQR5,162.0
MEIS1,RASA4,160.0
MEIS1,DRC7,156.0
MEIS1,SLC22A3,154.0
MEIS1,GPX3,154.0
MEIS1,ENPP5,152.0
MEIS1,SHROOM4,151.0
MEIS1,TBXAS1,147.0
MEIS1,KIT,147.0
MEIS1,COQ8A,145.0
MEIS1,DACH1,144.0
MEIS1,RBPMS,141.0
MEIS1,GM973,139.0
MEIS1,CDKN1C,138.0
MEIS1,TTLL7,135.0
MEIS1,TNFAIP2,135.0
MEIS1,NPM1,135.0
MEIS1,SOCS2,134.0
MEIS1,RUSC2,134.0
MEIS1,FGFR3,134.0
MEIS1,MEF2C,131.0
MEIS1,TCAF1,129.0
MEIS1,CD93,129.0
MEIS1,TFPI,126.0
MEIS1,HAAO,125.0
MEIS1,PKN3,113.0
MEIS1,GPC1,111.0
MEIS1,UAP1L1,105.0
MEIS1,CTSB,103.0
MYC,CCT2,3717.0
MYC,NPM1,2396.0
MYC,NHP2,3018.0
MYC,MCM7,2696.0
MYC,AMPD2,2502.0
MYC,SLC29A1,2632.0
MYC,PBLD2,2366.0
MYC,HSPE1,1935.0
MYC,XRCC6,2298.0
MYC,CKS1B,2081.0
MYC,YBX1,2070.0
MYC,RANBP1,1610.0
MYC,H2-DMA,1549.0
MYC,CD63,2633.0
MYC,RNF13,2466.0
MYC,HNRNPAB,1682.0
MYC,PKN3,1700.0
MYC,CAMSAP2,2164.0
MYC,XPC,1715.0
MYC,MYO5A,2257.0
MYC,ME2,2033.0
MYC,NT5C3,1777.0
MYC,SLC43A2,2641.0
MYC,RPS27L,1841.0
MYC,NCAPD2,1827.0
MYC,SLC39A13,1851.0
MYC,TMEM268,1332.0
MYC,SLC39A6,1646.0
MYC,SLC25A5,1497.0
MYC,CDT1,1386.0
MYC,NUDT19,1653.0
MYC,ZNRF2,1091.0
MYC,CIPC,1283.0
MYC,COQ8A,1508.0
MYC,DTL,1296.0
MYC,GSN,1928.0
MYC,PDCD4,2258.0
MYC,RPL41,1772.0
MYC,POLA2,1405.0
MYC,CDK6,1518.0
MYC,TUBB4B,1696.0
MYC,PPM1G,1113.0
MYC,TMEM123,1226.0
MYC,SERP1,1491.0
MYC,LARS2,1636.0
MYC,NCEH1,1403.0
MYC,TXNIP,1849.0
MYC,GAA,1641.0
MYC,TBC1D5,1247.0
MYC,SERPINF1,1834.0
MYC,ICA1,2292.0
MYC,MOGS,1302.0
MYC,STK10,1688.0
MYC,BCL2,1570.0
MYC,PPCDC,1552.0
MYC,SDC1,1092.0
MYC,ZFP62,1117.0
MYC,TRIM47,1285.0
MYC,PAFAH2,987.0
MYC,TMEM206,1111.0
MYC,UHRF1,1784.0
MYC,ITGB7,2252.0
MYC,ERP29,975.0
MYC,DYNLL1,851.0
MYC,RGS19,1110.0
MYC,KCNK5,1564.0
MYC,RGS2,1395.0
MYC,SGMS1,1024.0
MYC,ZYX,1824.0
MYC,RNF213,1150.0
MYC,CPNE8,1305.0
MYC,CD44,1345.0
MYC,LONP2,1027.0
MYC,GPX1,979.0
MYC,JPT1,770.0
MYC,UQCR11,983.0
MYC,CTSL,1450.0
MYC,PKIA,1469.0
MYC,NSMF,1592.0
MYC,DEF8,1277.0
MYC,MTUS1,1257.0
MYC,MPZL1,956.0
MYC,ABHD17B,1231.0
MYC,COX7B,1126.0
MYC,CAMK1D,1053.0
MYC,TRIM59,1013.0
MYC,ELOVL5,1061.0
MYC,FDFT1,818.0
MYC,ANXA5,988.0
MYC,MGAT1,840.0
MYC,NUPR1,1499.0
MYC,IGFBP4,1161.0
MYC,SNAP47,839.0
MYC,RRAS,735.0
MYC,CPQ,1671.0
MYC,CDK19,1150.0
MYC,GM2A,1002.0
MYC,DUSP1,1042.0
MYC,SAT1,1068.0
MYC,TOP2A,1021.0
MYC,TIPIN,859.0
MYC,ITGB5,1205.0
MYC,C1RL,1374.0
MYC,GSTM1,1850.0
MYC,SLBP,1117.0
MYC,FRMD6,1033.0
MYC,SERPINB6A,632.0
MYC,ARRDC4,1401.0
MYC,TMEM14C,1010.0
MYC,FCHO2,732.0
MYC,N4BP3,936.0
MYC,ST8SIA4,1161.0
MYC,TAPT1,806.0
MYC,NFIA,931.0
MYC,VAMP1,724.0
MYC,ELF1,689.0
MYC,SSH2,812.0
MYC,SLC18A1,679.0
MYC,ZFP658,1214.0
MYC,ITPR2,890.0
MYC,TSPAN3,793.0
MYC,REL,781.0
MYC,AFDN,787.0
MYC,CTNNAL1,1013.0
MYC,SPNS2,590.0
MYC,CCNG2,1188.0
MYC,HLF,1168.0
MYC,UAP1L1,699.0
MYC,MAML3,788.0
MYC,CNN3,616.0
MYC,RUNX1T1,1312.0
MYC,RUSC2,809.0
MYC,FCGRT,1422.0
MYC,CREG1,808.0
MYC,TRIM16,872.0
MYC,MAN1A,861.0
MYC,KIT,1136.0
MYC,IRF8,1573.0
MYC,DCK,730.0
MYC,STARD4,710.0
MYC,GAS2L3,1225.0
MYC,NUCB2,661.0
MYC,OBSL1,936.0
MYC,SLC26A11,545.0
MYC,PRIM1,612.0
MYC,PRPS2,853.0
MYC,RNF38,606.0
MYC,NRROS,894.0
MYC,UCP2,729.0
MYC,SLC44A2,704.0
MYC,CDK17,657.0
MYC,MCM4,739.0
MYC,PTP4A3,658.0
MYC,FUT8,602.0
MYC,MEIS1,580.0
MYC,TALDO1,655.0
MYC,ZFP422,1080.0
MYC,CBX7,1192.0
MYC,ARHGAP18,583.0
MYC,FGD2,1563.0
MYC,AP1S2,526.0
MYC,ZFP367,641.0
MYC,IL17RA,757.0
MYC,ARID5A,640.0
MYC,HSD3B7,1016.0
MYC,MSMO1,559.0
MYC,PRR5,578.0
MYC,CX3CL1,893.0
MYC,ITGB2,1184.0
MYC,PLK2,687.0
MYC,NCKAP1,705.0
MYC,NEO1,943.0
MYC,PPP1R15A,643.0
MYC,ITSN1,1742.0
MYC,FKBP9,809.0
MYC,RASIP1,939.0
MYC,FADS1,443.0
MYC,NFE2,1450.0
MYC,CTR9,520.0
MYC,H2AFY,451.0
MYC,RAB27B,925.0
MYC,BTG2,616.0
MYC,F2R,625.0
MYC,HMGB2,688.0
MYC,SLC16A10,996.0
MYC,KAZALD1,736.0
MYC,FLNA,607.0
MYC,TTC39B,521.0
MYC,CBFB,597.0
MYC,IL1R1,710.0
MYC,OTULINL,536.0
MYC,CTTN,849.0
MYC,MLLT3,693.0
MYC,FLT3,1058.0
MYC,TMEM176B,853.0
MYC,EFNA1,1193.0
MYC,CHRNB1,1125.0
MYC,CDK18,731.0
MYC,KLF3,786.0
MYC,ARHGEF18,1291.0
MYC,CD81,499.0
MYC,OTUB2,496.0
MYC,TYROBP,1012.0
MYC,H1F0,536.0
MYC,GMNN,519.0
MYC,ADSSL1,707.0
MYC,CAR2,1200.0
MYC,APLP2,747.0
MYC,SOCS2,458.0
MYC,CD9,613.0
MYC,HAAO,697.0
MYC,COX6A1,525.0
MYC,TPM4,1109.0
MYC,PLEKHG6,1002.0
MYC,CTSS,1145.0
MYC,MCM5,534.0
MYC,RHOH,736.0
MYC,DENND2D,688.0
MYC,LDHB,876.0
MYC,STK17B,491.0
MYC,LCP1,941.0
MYC,WLS,560.0
MYC,ARHGAP29,504.0
MYC,PRUNE2,846.0
MYC,TTLL7,725.0
MYC,DPP4,1030.0
MYC,ANGPT1,599.0
MYC,UNC93B1,563.0
MYC,IFITM3,496.0
MYC,EEPD1,702.0
MYC,TRIB3,462.0
MYC,TGM2,1067.0
MYC,ZFP37,515.0
MYC,DUSP6,851.0
MYC,RNF125,571.0
MYC,ATPIF1,424.0
MYC,PTPRE,677.0
MYC,OCLN,807.0
MYC,DUSP5,411.0
MYC,PRDM16,467.0
MYC,LGALS1,499.0
MYC,DHRS3,509.0
MYC,ADAMTSL5,608.0
MYC,STXBP1,766.0
MYC,EMB,753.0
MYC,LY9,804.0
MYC,TMEM37,601.0
MYC,SPC24,559.0
MYC,PLIN3,362.0
MYC,AKNA,575.0
MYC,CES2G,1010.0
MYC,GDA,1279.0
MYC,SELENOP,530.0
MYC,MKI67,554.0
MYC,IGF1,632.0
MYC,H2-Q6,625.0
MYC,FAM171B,564.0
MYC,SDC2,513.0
MYC,CCDC112,557.0
MYC,BTLA,948.0
MYC,RFTN1,541.0
MYC,PANX1,382.0
MYC,GRAMD1A,319.0
MYC,NDRG2,604.0
MYC,JAM3,530.0
MYC,TEAD2,574.0
MYC,TFR2,728.0
MYC,RAB40B,637.0
MYC,PTGS1,562.0
MYC,MPDZ,370.0
MYC,RORA,506.0
MYC,RHBDF1,525.0
MYC,FOXO1,277.0
MYC,HNF4A,990.0
MYC,LACTB,476.0
MYC,RASSF2,399.0
MYC,CTSB,669.0
MYC,PPIC,481.0
MYC,METTL7A1,474.0
MYC,TES,379.0
MYC,ADGRG1,459.0
MYC,LDHD,725.0
MYC,USP11,435.0
MYC,S100A6,439.0
MYC,F11R,651.0
MYC,APP,279.0
MYC,NWD1,925.0
MYC,BDH2,712.0
MYC,PDGFC,506.0
MYC,TBXA2R,860.0
MYC,PRNP,606.0
MYC,LYN,407.0
MYC,GHR,310.0
MYC,SELPLG,632.0
MYC,PAG1,444.0
MYC,KLF6,438.0
MYC,SSTR2,393.0
MYC,LAX1,725.0
MYC,MEF2C,575.0
MYC,PIRB,725.0
MYC,TMEM246,557.0
MYC,SHROOM4,390.0
MYC,KCTD12,362.0
MYC,TFPI,1437.0
MYC,VLDLR,280.0
MYC,NPDC1,373.0
MYC,RARB,490.0
MYC,ZFP612,569.0
MYC,FGFR3,295.0
MYC,APOE,360.0
MYC,SLC6A15,699.0
MYC,PBX1,649.0
MYC,NOTCH1,394.0
MYC,LAPTM5,524.0
MYC,CAPG,301.0
MYC,FHL1,376.0
MYC,CORO7,301.0
MYC,PAQR5,465.0
MYC,IKZF1,338.0
MYC,TSPAN13,303.0
MYC,LSP1,321.0
MYC,IRF6,440.0
MYC,PLEKHB1,557.0
MYC,FAM171A1,507.0
MYC,CTSF,413.0
MYC,HDAC7,299.0
MYC,PLXNA1,724.0
MYC,RHOJ,381.0
MYC,CCL9,394.0
MYC,PYGL,523.0
MYC,FCRL1,711.0
MYC,HID1,396.0
MYC,GBP9,605.0
MYC,CARD11,569.0
MYC,PGRMC1,317.0
MYC,CISH,385.0
MYC,GOLM1,475.0
MYC,TCAF1,305.0
MYC,CAV2,386.0
MYC,CAVIN2,268.0
MYC,EMP1,297.0
MYC,NAV1,785.0
MYC,NDNF,476.0
MYC,ZMIZ1,259.0
MYC,LY86,494.0
MYC,RUNX2,278.0
MYC,SNAP23,240.0
MYC,LGMN,339.0
MYC,ITGA6,328.0
MYC,KIF17,432.0
MYC,LRRC8C,298.0
MYC,IRAK3,293.0
MYC,DOCK10,461.0
MYC,SYK,359.0
MYC,ANKRD44,340.0
MYC,VEGFC,443.0
MYC,GM973,558.0
MYC,CLU,270.0
MYC,SLC9A9,480.0
MYC,NR3C2,317.0
MYC,PSTPIP1,375.0
MYC,ARHGDIB,327.0
MYC,PLEK,444.0
MYC,SDSL,447.0
MYC,CD55,444.0
MYC,KRT18,395.0
MYC,HOXA9,343.0
MYC,COL4A2,270.0
MYC,COL4A1,270.0
MYC,ACAP1,447.0
MYC,SPI1,387.0
MYC,VDR,355.0
MYC,CASP12,260.0
MYC,NAPSA,324.0
MYC,CD48,262.0
MYC,BC035044,368.0
MYC,TBXAS1,379.0
MYC,MECOM,349.0
MYC,GBP2,359.0
MYC,SH2D5,271.0
MYC,PARP8,297.0
MYC,ANKRD33B,279.0
MYC,UBASH3A,817.0
MYC,SFRP1,384.0
MYC,CD93,491.0
MYC,GPC1,377.0
MYC,ATP8B4,289.0
MYC,P2RY14,332.0
MYC,CFP,401.0
MYC,TNFAIP2,456.0
MYC,SLC16A2,249.0
MYC,KBTBD11,368.0
MYC,CMAH,344.0
MYC,UBE2L6,212.0
MYC,MN1,344.0
MYC,PLCL1,362.0
MYC,EVI2A,287.0
MYC,ESR1,453.0
MYC,NOXA1,632.0
MYC,PDGFRB,486.0
MYC,PARVG,321.0
MYC,CD74,408.0
MYC,CSGALNACT1,231.0
MYC,RBPMS,455.0
MYC,TMEM173,263.0
MYC,TESPA1,290.0
MYC,UPP1,264.0
MYC,CTSH,291.0
MYC,ELL2,370.0
MYC,CLEC14A,286.0
MYC,CHIL5,434.0
MYC,PEAR1,233.0
MYC,GGTA1,295.0
MYC,PRKCH,258.0
MYC,IFI27L2A,471.0
MYC,CD53,306.0
MYC,SLC35D3,431.0
MYC,DEPP1,555.0
MYC,ARPP21,753.0
MYC,GBP4,336.0
MYC,CD244A,360.0
MYC,GATA2,239.0
MYC,PDE1B,316.0
MYC,PROCR,356.0
MYC,CLEC12A,238.0
MYC,ARHGAP27,244.0
MYC,GIMAP5,480.0
MYC,ARHGEF28,175.0
MYC,GPR65,367.0
MYC,CERS4,413.0
MYC,PLD4,266.0
MYC,GIMAP8,277.0
MYC,GNG2,428.0
MYC,BLNK,399.0
MYC,RASAL3,262.0
MYC,NEURL3,437.0
MYC,FUCA2,263.0
MYC,SLCO3A1,251.0
MYC,ANXA2,253.0
MYC,GIMAP1,327.0
MYC,AMIGO2,305.0
MYC,SELL,316.0
MYC,GDF3,850.0
MYC,ARHGAP15,280.0
MYC,CD38,253.0
MYC,PKIB,340.0
MYC,SAMSN1,391.0
MYC,SLFN2,315.0
MYC,RASA4,276.0
MYC,CORO1A,242.0
MYC,TRPV2,244.0
MYC,LCK,191.0
MYC,DOCK11,161.0
MYC,VAMP5,212.0
MYC,CD69,258.0
MYC,CST7,202.0
MYC,FAM110C,184.0
MYC,EPSTI1,237.0
MYC,SATB1,345.0
MYC,CTNND2,263.0
MYC,INHBA,186.0
MYC,OSGIN1,160.0
MYC,CPXM1,275.0
MYC,ARHGEF39,216.0
MYC,ITGAL,297.0
MYC,ENPP5,224.0
MYC,MCTP2,223.0
MYC,MRVI1,221.0
MYC,IFI27,139.0
MYC,ABCG2,354.0
MYC,XDH,211.0
MYC,PF4,244.0
MYC,SEMA3D,617.0
MYC,RCSD1,148.0
MYC,SLC2A3,379.0
MYC,MYLK,230.0
MYC,TRAF1,457.0
MYC,COX6A2,193.0
MYC,GSTT1,227.0
MYC,PRSS57,245.0
MYC,PDE1C,201.0
MYC,CARD6,204.0
MYC,RP2,148.0
MYC,SLC16A11,202.0
MYC,IL7R,337.0
MYC,PLPPR3,203.0
MYC,SMPDL3A,263.0
MYC,CDKN1C,258.0
MYC,SIGLECG,233.0
MYC,OBSCN,484.0
MYC,TSC22D3,209.0
MYC,CCDC136,219.0
MYC,UBA7,175.0
MYC,GFI1B,181.0
MYC,TMSB4X,164.0
MYC,ZBTB20,185.0
MYC,PLXNC1,178.0
MYC,SERPINB1A,161.0
MYC,TM4SF1,216.0
MYC,SLC22A3,386.0
MYC,CRIP1,156.0
MYC,DOK2,150.0
MYC,GPR18,156.0
MYC,FUT7,215.0
MYC,VAV3,374.0
MYC,TSPAN2,146.0
MYC,DACH1,242.0
MYC,EYA2,277.0
MYC,JAM2,197.0
MYC,SERPINA3G,348.0
MYC,SERPINA3F,348.0
MYC,ATP1A3,180.0
MYC,PLAC8,339.0
MYC,NCF1,223.0
MYC,MAGED2,170.0
MYC,MAMDC2,169.0
MYC,CHST2,207.0
MYC,HACD4,295.0
MYC,GM1966,148.0
MYC,5430427O19RIK,142.0
MYC,ALDH1A1,170.0
MYC,LTB,159.0
MYC,RNASE6,141.0
MYC,CD33,253.0
MYC,JCHAIN,248.0
MYC,GPR171,143.0
MYC,NAIP6,126.0
MYC,TIFAB,216.0
MYC,SPNS3,206.0
MYC,GGT5,198.0
MYC,CADPS2,197.0
MYC,AFF3,195.0
MYC,RHOF,116.0
MYC,ADGRG3,189.0
MYC,CLCA3A1,186.0
MYC,EBI3,173.0
MYC,FSTL1,170.0
MYC,ART4,166.0
MYC,CTSW,158.0
MYC,MYCT1,167.0
MYC,ARL11,152.0
MYC,TM6SF1,145.0
MYC,H2-OB,144.0
MYC,CYFIP2,141.0
MYC,SYTL1,139.0
MYC,MYCN,133.0
MYC,CSF1R,129.0
MYC,KLRD1,128.0
MYC,D630039A03RIK,126.0
MYC,WFDC2,119.0
MYC,SOX18,119.0
MYC,MPEG1,118.0
MYC,SULT1A1,116.0
MYC,PTGER2,116.0
MYC,CLIP3,112.0
MYC,GNG11,106.0
NOTCH1,PAFAH2,1735.0
NOTCH1,PPCDC,1527.0
NOTCH1,TXNIP,1251.0
NOTCH1,LCK,1243.0
NOTCH1,CDK19,826.0
NOTCH1,DYNLL1,848.0
NOTCH1,TMEM206,400.0
NOTCH1,ITSN1,321.0
NOTCH1,TRIB3,597.0
NOTCH1,DUSP6,447.0
NOTCH1,FDFT1,474.0
NOTCH1,NT5C3,258.0
NOTCH1,XPC,404.0
NOTCH1,TUBB4B,386.0
NOTCH1,PRIM1,495.0
NOTCH1,MCM4,388.0
NOTCH1,MSMO1,332.0
NOTCH1,HMGB2,326.0
NOTCH1,ME2,334.0
NOTCH1,KLF6,335.0
NOTCH1,JPT1,255.0
NOTCH1,HSPE1,320.0
NOTCH1,LAX1,259.0
NOTCH1,HDAC7,242.0
NOTCH1,MCM5,310.0
NOTCH1,NCKAP1,240.0
NOTCH1,PBLD2,295.0
NOTCH1,CDK17,308.0
NOTCH1,TIPIN,267.0
NOTCH1,SLBP,262.0
NOTCH1,OTULINL,250.0
NOTCH1,PPM1G,260.0
NOTCH1,MPZL1,260.0
NOTCH1,GM2A,222.0
NOTCH1,LARS2,255.0
NOTCH1,FRMD6,297.0
NOTCH1,ZFP367,234.0
NOTCH1,FUT8,188.0
NOTCH1,NCAPD2,180.0
NOTCH1,VAMP1,348.0
NOTCH1,LAPTM5,196.0
NOTCH1,SPC24,243.0
NOTCH1,NR3C2,250.0
NOTCH1,STARD4,224.0
NOTCH1,NUCB2,225.0
NOTCH1,PLCL1,224.0
NOTCH1,MKI67,249.0
NOTCH1,YBX1,212.0
NOTCH1,SLC16A10,153.0
NOTCH1,PDCD4,247.0
NOTCH1,RPL41,229.0
NOTCH1,ZNRF2,221.0
NOTCH1,HNRNPAB,204.0
NOTCH1,SLC39A13,140.0
NOTCH1,TMEM123,192.0
NOTCH1,RGS2,197.0
NOTCH1,XRCC6,201.0
NOTCH1,LONP2,156.0
NOTCH1,DTL,146.0
NOTCH1,COQ8A,187.0
NOTCH1,CDT1,206.0
NOTCH1,SERP1,123.0
NOTCH1,ARPP21,189.0
NOTCH1,ELOVL5,121.0
NOTCH1,RANBP1,142.0
NOTCH1,ZFP62,177.0
NOTCH1,DCK,199.0
NOTCH1,SSH2,181.0
NOTCH1,CIPC,204.0
NOTCH1,ZFP422,180.0
NOTCH1,TFPI,187.0
NOTCH1,PSTPIP1,166.0
NOTCH1,MLLT3,167.0
NOTCH1,MAN1A,167.0
NOTCH1,LCP1,180.0
NOTCH1,BTG2,158.0
NOTCH1,CCT2,161.0
NOTCH1,UHRF1,159.0
NOTCH1,TSPAN3,150.0
NOTCH1,STXBP1,188.0
NOTCH1,TBC1D5,283.0
NOTCH1,MYC,484.0
NOTCH1,NFE2,184.0
NOTCH1,PAG1,140.0
NOTCH1,ACAP1,145.0
NOTCH1,FADS1,163.0
NOTCH1,LGMN,140.0
NOTCH1,TSPAN13,149.0
NOTCH1,RAB38,256.0
NOTCH1,AP1S2,129.0
NOTCH1,TMEM14C,124.0
NOTCH1,NHP2,124.0
NOTCH1,NRROS,133.0
NOTCH1,PRKCH,128.0
NOTCH1,NCEH1,116.0
NOTCH1,CAMK1D,120.0
NOTCH1,ARHGAP18,118.0
NOTCH1,TESPA1,122.0
NOTCH1,MGAT1,121.0
NOTCH1,ADGRL4,222.0
NOTCH1,SLC39A6,116.0
NOTCH1,CKS1B,109.0
NOTCH1,GAS2L3,105.0
NOTCH1,ARID5A,203.0
NOTCH1,GDA,125.0
NOTCH1,EEPD1,103.0
NOTCH1,LDHB,103.0
NOTCH1,RNF13,108.0
NOTCH1,H1F0,192.0
NOTCH1,CAV2,189.0
NOTCH1,RAB27B,188.0
NOTCH1,REL,187.0
NOTCH1,CAMSAP2,107.0
NOTCH1,TBXA2R,110.0
NOTCH1,GNG11,177.0
NOTCH1,CAVIN2,177.0
NOTCH1,RP2,170.0
NOTCH1,TCAF1,169.0
NOTCH1,MAML3,168.0
NOTCH1,TRPC6,166.0
NOTCH1,NDN,166.0
NOTCH1,CD244A,163.0
NOTCH1,FOXO1,159.0
NOTCH1,GUCY1A1,158.0
NOTCH1,TMEM246,155.0
NOTCH1,GSN,154.0
NOTCH1,SCRN1,153.0
NOTCH1,RNF38,149.0
NOTCH1,PYGL,148.0
NOTCH1,VEGFC,145.0
NOTCH1,RPS27L,144.0
NOTCH1,CX3CL1,140.0
NOTCH1,SLC6A15,139.0
NOTCH1,TTLL7,135.0
NOTCH1,RNASE6,135.0
NOTCH1,MYO5A,135.0
NOTCH1,GBP9,135.0
NOTCH1,CD34,135.0
NOTCH1,DPP4,133.0
NOTCH1,H2AFY,132.0
NOTCH1,GBP4,132.0
NOTCH1,JAM3,131.0
NOTCH1,OCLN,129.0
NOTCH1,ATPIF1,128.0
NOTCH1,ZFP37,125.0
NOTCH1,RHOJ,125.0
NOTCH1,RARB,125.0
NOTCH1,PKIB,125.0
NOTCH1,CPQ,125.0
NOTCH1,CTSH,124.0
NOTCH1,RHOH,123.0
NOTCH1,PPIC,123.0
NOTCH1,MTUS1,123.0
NOTCH1,IRF8,122.0
NOTCH1,PTPRE,120.0
NOTCH1,HCK,117.0
NOTCH1,GPX1,117.0
NOTCH1,JAM2,115.0
NOTCH1,SLC18A1,114.0
NOTCH1,FLT3,111.0
NOTCH1,TRIM16,110.0
NOTCH1,TM6SF1,109.0
NOTCH1,PLXDC2,106.0
NOTCH1,STK17B,105.0
NOTCH1,SMPDL3A,105.0
NOTCH1,PKIA,105.0
NOTCH1,ANXA5,105.0
NOTCH1,NLRC3,103.0
NOTCH1,RASSF2,102.0
NOTCH1,APLP2,102.0
NOTCH1,CSGALNACT1,101.0
NOTCH1,PDGFRB,185.0
NOTCH1,IL12A,175.0
NOTCH1,CDKN1C,167.0
RAG2,SLBP,1462.0
RAG2,DEF8,1473.0
RAG2,FRMD6,1154.0
RAG2,CKS1B,1149.0
RAG2,RGS2,1297.0
RAG2,SLC18A1,1340.0
RAG2,SSH2,1196.0
RAG2,COQ8A,1332.0
RAG2,TMEM268,1263.0
RAG2,H2AFY,1173.0
RAG2,PDCD4,1140.0
RAG2,TBC1D5,1083.0
RAG2,STK17B,1166.0
RAG2,PTP4A3,1323.0
RAG2,ZNRF2,1039.0
RAG2,MCM7,1100.0
RAG2,FUT8,1332.0
RAG2,SERP1,1026.0
RAG2,CCT2,1222.0
RAG2,GMNN,1070.0
RAG2,PLCL1,1294.0
RAG2,ANKRD44,996.0
RAG2,IL17RA,966.0
RAG2,RASAL3,950.0
RAG2,CTR9,936.0
RAG2,CTSB,1217.0
RAG2,TMEM123,1113.0
RAG2,MCM4,857.0
RAG2,ZFP422,1057.0
RAG2,TMEM206,1124.0
RAG2,HNRNPAB,902.0
RAG2,ZFP62,916.0
RAG2,DTL,1029.0
RAG2,CAMSAP2,1033.0
RAG2,OTULINL,1267.0
RAG2,SLC39A13,941.0
RAG2,RFTN1,1262.0
RAG2,CCNG2,968.0
RAG2,SNAP47,1136.0
RAG2,TMEM14C,1116.0
RAG2,NUDT19,1010.0
RAG2,TSPAN3,1214.0
RAG2,ABHD17B,899.0
RAG2,GIMAP1,902.0
RAG2,DYNLL1,879.0
RAG2,CDK19,912.0
RAG2,SERPINB6A,1070.0
RAG2,PGRMC1,930.0
RAG2,UNC93B1,940.0
RAG2,DUSP1,934.0
RAG2,DUSP5,1006.0
RAG2,JPT1,834.0
RAG2,SLC44A2,771.0
RAG2,ARID5A,1019.0
RAG2,KLF6,806.0
RAG2,XPC,989.0
RAG2,RNF38,1007.0
RAG2,ELF1,765.0
RAG2,GAA,1224.0
RAG2,DCK,885.0
RAG2,TSPAN13,940.0
RAG2,LACTB,1029.0
RAG2,REL,908.0
RAG2,TAPT1,828.0
RAG2,CARD6,905.0
RAG2,APLP2,991.0
RAG2,CBX7,899.0
RAG2,ME2,904.0
RAG2,CDK17,734.0
RAG2,PAG1,851.0
RAG2,LRRC8C,846.0
RAG2,RPS27L,906.0
RAG2,LARS2,916.0
RAG2,ITGA6,881.0
RAG2,SYK,892.0
RAG2,VAMP1,731.0
RAG2,NCEH1,1052.0
RAG2,RANBP1,934.0
RAG2,TMSB4X,684.0
RAG2,PBLD2,835.0
RAG2,ITPR2,760.0
RAG2,LONP2,822.0
RAG2,RNF13,866.0
RAG2,UQCR11,864.0
RAG2,FCHO2,944.0
RAG2,SLC25A5,946.0
RAG2,TESPA1,676.0
RAG2,DHRS3,705.0
RAG2,HSPE1,1045.0
RAG2,HDAC7,939.0
RAG2,ANXA5,799.0
RAG2,TXNIP,646.0
RAG2,ERP29,924.0
RAG2,PARP8,749.0
RAG2,TIPIN,936.0
RAG2,PPCDC,948.0
RAG2,CREG1,1048.0
RAG2,KLF3,807.0
RAG2,CNN3,852.0
RAG2,TES,1050.0
RAG2,GPX1,788.0
RAG2,TUBB4B,907.0
RAG2,PANX1,841.0
RAG2,NRROS,734.0
RAG2,GAS2L3,870.0
RAG2,TRIM59,845.0
RAG2,SLFN2,705.0
RAG2,MOGS,1046.0
RAG2,ANGPT1,762.0
RAG2,OTUB2,1392.0
RAG2,FOXO1,744.0
RAG2,SELENOP,739.0
RAG2,ITGB2,728.0
RAG2,STK10,847.0
RAG2,LY9,801.0
RAG2,LAPTM5,607.0
RAG2,ZYX,788.0
RAG2,CDT1,974.0
RAG2,ITSN1,711.0
RAG2,PPP1R15A,711.0
RAG2,RCSD1,750.0
RAG2,NT5C3,882.0
RAG2,CAMK1D,779.0
RAG2,RASSF2,765.0
RAG2,RGS19,823.0
RAG2,TPM4,734.0
RAG2,ATPIF1,892.0
RAG2,NCAPD2,645.0
RAG2,CBFB,823.0
RAG2,DOCK10,830.0
RAG2,CD81,901.0
RAG2,MAN1A,797.0
RAG2,LSP1,642.0
RAG2,LTB,695.0
RAG2,EMB,1028.0
RAG2,ARHGAP27,677.0
RAG2,BTG2,662.0
RAG2,ELOVL5,852.0
RAG2,GBP4,616.0
RAG2,FADS1,820.0
RAG2,GM2A,858.0
RAG2,GBP9,854.0
RAG2,CTSL,664.0
RAG2,PSTPIP1,718.0
RAG2,MPZL1,1164.0
RAG2,CYFIP2,649.0
RAG2,CARD11,1012.0
RAG2,SGMS1,979.0
RAG2,ZFP367,794.0
RAG2,TALDO1,866.0
RAG2,PPM1G,841.0
RAG2,GRAMD1A,692.0
RAG2,PARVG,633.0
RAG2,PTPRE,793.0
RAG2,INHBA,658.0
RAG2,WLS,736.0
RAG2,N4BP3,1002.0
RAG2,UCP2,701.0
RAG2,SATB1,767.0
RAG2,CIPC,619.0
RAG2,XRCC6,532.0
RAG2,ARHGDIB,546.0
RAG2,SLC39A6,871.0
RAG2,MGAT1,667.0
RAG2,SAT1,696.0
RAG2,COX6A1,731.0
RAG2,STARD4,634.0
RAG2,POLA2,664.0
RAG2,ST8SIA4,605.0
RAG2,MYO5A,980.0
RAG2,NPM1,642.0
RAG2,KAZALD1,674.0
RAG2,SLC9A9,600.0
RAG2,RNF125,749.0
RAG2,ARHGAP18,662.0
RAG2,CORO1A,530.0
RAG2,CISH,713.0
RAG2,HMGB2,653.0
RAG2,GSTM1,551.0
RAG2,LDHB,816.0
RAG2,DPP4,620.0
RAG2,AP1S2,757.0
RAG2,VAV3,690.0
RAG2,NOTCH1,736.0
RAG2,PRIM1,527.0
RAG2,IRAK3,736.0
RAG2,EEPD1,930.0
RAG2,ZMIZ1,602.0
RAG2,MSMO1,587.0
RAG2,H1F0,888.0
RAG2,TRPV2,597.0
RAG2,MCM5,667.0
RAG2,PRPS2,633.0
RAG2,TBXA2R,683.0
RAG2,SP100,680.0
RAG2,CSGALNACT1,673.0
RAG2,IKZF1,575.0
RAG2,MLLT3,753.0
RAG2,ACAP1,547.0
RAG2,SLC26A11,631.0
RAG2,PLXDC2,743.0
RAG2,FUCA2,651.0
RAG2,SELPLG,697.0
RAG2,CAR2,629.0
RAG2,KIF17,637.0
RAG2,TOP2A,624.0
RAG2,NDRG2,771.0
RAG2,CD48,493.0
RAG2,COX7B,607.0
RAG2,METTL7A1,600.0
RAG2,PRKCH,726.0
RAG2,SLCO3A1,834.0
RAG2,SLC16A10,750.0
RAG2,DENND2D,741.0
RAG2,GSN,734.0
RAG2,SLC43A2,456.0
RAG2,AKNA,596.0
RAG2,RP2,592.0
RAG2,VAMP5,643.0
RAG2,UHRF1,659.0
RAG2,NHP2,703.0
RAG2,SPC24,683.0
RAG2,USP11,540.0
RAG2,BCL2,798.0
RAG2,SNAP23,736.0
RAG2,PAFAH2,510.0
RAG2,MCTP2,581.0
RAG2,SMPDL3A,552.0
RAG2,CHRNB1,738.0
RAG2,PKN3,652.0
RAG2,RAMP1,579.0
RAG2,EPSTI1,481.0
RAG2,CD55,1000.0
RAG2,SLAMF1,732.0
RAG2,STXBP1,601.0
RAG2,MKI67,562.0
RAG2,ARPP21,575.0
RAG2,CTNNAL1,783.0
RAG2,TRIB3,690.0
RAG2,ITGAL,486.0
RAG2,YBX1,524.0
RAG2,PLIN3,578.0
RAG2,ARHGAP15,447.0
RAG2,UAP1L1,546.0
RAG2,PRNP,584.0
RAG2,DUSP6,499.0
RAG2,FDFT1,462.0
RAG2,DOCK11,509.0
RAG2,ANXA2,597.0
RAG2,ARHGEF39,606.0
RAG2,ZBTB20,540.0
RAG2,UBASH3A,611.0
RAG2,TSPAN2,606.0
RAG2,SLC29A1,582.0
RAG2,SIGLECG,858.0
RAG2,AMIGO2,580.0
RAG2,LCP1,582.0
RAG2,PLXNA1,654.0
RAG2,RNF213,437.0
RAG2,IFI209,580.0
RAG2,CORO7,468.0
RAG2,CD27,577.0
RAG2,GPR171,557.0
RAG2,RUNX2,636.0
RAG2,CAPG,590.0
RAG2,CD44,625.0
RAG2,ESR1,484.0
RAG2,PLXNC1,605.0
RAG2,ZFP658,411.0
RAG2,TM6SF1,575.0
RAG2,ADSSL1,495.0
RAG2,GBP2,387.0
RAG2,RHOH,391.0
RAG2,LCK,456.0
RAG2,LYN,709.0
RAG2,HID1,671.0
RAG2,LAX1,543.0
RAG2,PLK2,547.0
RAG2,ITM2A,495.0
RAG2,CCR7,338.0
RAG2,CD52,484.0
RAG2,FLNA,512.0
RAG2,AMPD2,401.0
RAG2,FAM171A1,511.0
RAG2,PTGER2,595.0
RAG2,GIMAP8,455.0
RAG2,CERS4,532.0
RAG2,H2-Q6,860.0
RAG2,UBA7,323.0
RAG2,KCNK5,534.0
RAG2,TRIM16,701.0
RAG2,CD69,570.0
RAG2,F2R,540.0
RAG2,IL7R,790.0
RAG2,NLRC3,600.0
RAG2,ELL2,609.0
RAG2,CCR9,515.0
RAG2,RASA4,473.0
RAG2,SPNS3,387.0
RAG2,SELL,532.0
RAG2,ABCG3,448.0
RAG2,PLSCR4,393.0
RAG2,CD53,648.0
RAG2,GGTA1,423.0
RAG2,KCTD12,454.0
RAG2,CTSS,666.0
RAG2,RORA,535.0
RAG2,ICOS,396.0
RAG2,RPL41,351.0
RAG2,NCKAP1,566.0
RAG2,GPC1,644.0
RAG2,UBE2L6,542.0
RAG2,ADGRG1,416.0
RAG2,DOK2,439.0
RAG2,EYA2,574.0
RAG2,CDK6,408.0
RAG2,CTSH,794.0
RAG2,CD38,584.0
RAG2,LGMN,427.0
RAG2,ABCG2,544.0
RAG2,RUSC2,579.0
RAG2,NUCB2,410.0
RAG2,CD93,520.0
RAG2,RRAS,359.0
RAG2,MAML3,342.0
RAG2,IPCEF1,297.0
RAG2,NEURL3,634.0
RAG2,IL12A,437.0
RAG2,MEF2C,498.0
RAG2,CRIP1,352.0
RAG2,KBTBD11,440.0
RAG2,CPQ,297.0
RAG2,TTC39B,372.0
RAG2,NSMF,381.0
RAG2,IFI27,284.0
RAG2,5430427O19RIK,492.0
RAG2,SLC2A3,350.0
RAG2,GOLM1,430.0
RAG2,PEAR1,436.0
RAG2,VEGFC,461.0
RAG2,SDC1,469.0
RAG2,NAPSA,471.0
RAG2,SPI1,460.0
RAG2,DNTT,319.0
RAG2,BC035044,454.0
RAG2,ART4,307.0
RAG2,MEIS1,446.0
RAG2,BLNK,429.0
RAG2,RBPMS,426.0
RAG2,SAMSN1,341.0
RAG2,RHOF,459.0
RAG2,MYCN,289.0
RAG2,MYC,238.0
RAG2,LGALS1,426.0
RAG2,GIMAP5,299.0
RAG2,SERPINA3G,407.0
RAG2,SERPINA3F,407.0
RAG2,MAGED2,415.0
RAG2,GPR18,334.0
RAG2,IRF8,442.0
RAG2,APP,429.0
RAG2,ITGB5,255.0
RAG2,CCDC112,326.0
RAG2,FCRL1,425.0
RAG2,BTLA,336.0
RAG2,TMEM173,499.0
RAG2,CAV2,427.0
RAG2,H2-DMA,311.0
RAG2,SH2D5,306.0
RAG2,KIT,364.0
RAG2,PBX1,386.0
RAG2,GNG2,355.0
RAG2,CD9,377.0
RAG2,RNASE6,312.0
RAG2,HCK,351.0
RAG2,AFDN,180.0
RAG2,NFIA,287.0
RAG2,ARRDC4,382.0
RAG2,H2-OB,323.0
RAG2,IFI213,388.0
RAG2,ENPP5,332.0
RAG2,LAG3,352.0
RAG2,RASIP1,617.0
RAG2,TYROBP,324.0
RAG2,ANKRD33B,258.0
RAG2,CMAH,281.0
RAG2,MAMDC2,433.0
RAG2,PKIB,246.0
RAG2,NFE2,176.0
RAG2,CLEC2I,289.0
RAG2,SPNS2,282.0
RAG2,SOCS2,331.0
RAG2,P2RY14,248.0
RAG2,FAM171B,148.0
RAG2,PDGFC,186.0
RAG2,HAAO,294.0
RAG2,SSTR2,207.0
RAG2,PYGL,403.0
RAG2,GSTT1,167.0
RAG2,IL17RE,252.0
RAG2,NWD1,196.0
RAG2,LY86,240.0
RAG2,SYTL1,198.0
RAG2,SLC22A3,205.0
RAG2,ENG,157.0
RAG2,GHR,242.0
RAG2,IGFBP4,280.0
RAG2,TRAF1,199.0
RAG2,GFI1B,264.0
RAG2,NAV1,236.0
RAG2,AFF3,151.0
RAG2,MN1,224.0
RAG2,PRR5,298.0
RAG2,IFI27L2A,199.0
RAG2,S100A6,139.0
RAG2,CD74,282.0
RAG2,EVI2A,174.0
RAG2,ZFP612,235.0
RAG2,VDR,217.0
RAG2,TMEM176B,170.0
RAG2,FGFR3,147.0
RAG2,CD63,348.0
RAG2,ATP8B4,348.0
RAG2,EMP1,161.0
RAG2,ARHGAP29,224.0
RAG2,GM1966,192.0
RAG2,SLC16A2,123.0
RAG2,PLEK,301.0
RAG2,GPR65,301.0
RAG2,ITGB7,147.0
RAG2,PAQR5,154.0
RAG2,CDKN1C,129.0
RAG2,PDGFRB,141.0
RAG2,FSTL1,124.0
RAG2,TIFAB,163.0
RAG2,TFR2,238.0
RAG2,NDNF,131.0
RAG2,CLEC12A,151.0
RAG2,HLF,119.0
RAG2,PIRB,114.0
RAG2,F11R,200.0
RAG2,SERPINB1A,193.0
RAG2,CSF3R,191.0
RAG2,PLAC8,190.0
RAG2,RAB38,189.0
RAG2,DACH1,189.0
RAG2,MTUS1,180.0
RAG2,GDA,174.0
RAG2,XDH,173.0
RAG2,TNFAIP2,167.0
RAG2,PTGS1,167.0
RAG2,IFITM3,165.0
RAG2,ARL11,154.0
RAG2,CTSW,152.0
RAG2,TGM2,151.0
RAG2,PLD4,151.0
RAG2,PECAM1,150.0
RAG2,TINAGL1,148.0
RAG2,TBXAS1,147.0
RAG2,ESAM,147.0
RAG2,FLT3,142.0
RAG2,NUPR1,139.0
RAG2,FAM110C,134.0
RAG2,PDZK1IP1,132.0
RAG2,VLDLR,128.0
RAG2,BPIFC,123.0
RAG2,ADGRL4,117.0
RAG2,CCDC136,116.0
RAG2,GUCY1A1,115.0
RAG2,RAB40B,111.0
RAG2,CTTN,111.0
RAG2,P2RX1,110.0
RAG2,KLHL4,106.0
RAG2,TTLL7,101.0
RAG2,MPEG1,101.0
SATB1,RPL41,1720.0
SATB1,SSH2,821.0
SATB1,ARHGAP15,1427.0
SATB1,CAPG,1297.0
SATB1,TESPA1,801.0
SATB1,CARD6,637.0
SATB1,LCK,1024.0
SATB1,ARPP21,1178.0
SATB1,DHRS3,1506.0
SATB1,DOCK10,716.0
SATB1,SLC9A9,837.0
SATB1,TES,778.0
SATB1,CCNG2,968.0
SATB1,VAMP1,826.0
SATB1,ICOS,510.0
SATB1,ZFP658,599.0
SATB1,NT5C3,665.0
SATB1,BTLA,707.0
SATB1,GBP4,671.0
SATB1,SLC2A3,634.0
SATB1,CLEC12A,2128.0
SATB1,LAX1,597.0
SATB1,PAFAH2,580.0
SATB1,SLC39A13,679.0
SATB1,SAMSN1,876.0
SATB1,CMAH,389.0
SATB1,ACAP1,390.0
SATB1,DUSP6,472.0
SATB1,ARHGDIB,479.0
SATB1,LY9,366.0
SATB1,RPS27L,299.0
SATB1,MGAT1,493.0
SATB1,ZFP62,734.0
SATB1,METTL7A1,572.0
SATB1,GPR18,532.0
SATB1,RASAL3,404.0
SATB1,LAPTM5,496.0
SATB1,ITGAL,367.0
SATB1,GBP9,385.0
SATB1,ABHD17B,443.0
SATB1,TMEM123,255.0
SATB1,MCM7,368.0
SATB1,RANBP1,246.0
SATB1,CAMSAP2,505.0
SATB1,TRPV2,412.0
SATB1,PTPRE,337.0
SATB1,NCEH1,362.0
SATB1,RRAS,610.0
SATB1,CCR7,319.0
SATB1,EVI2A,319.0
SATB1,GM2A,380.0
SATB1,DEF8,260.0
SATB1,LARS2,265.0
SATB1,MLLT3,333.0
SATB1,ELOVL5,524.0
SATB1,EYA2,271.0
SATB1,PLIN3,229.0
SATB1,CIPC,331.0
SATB1,XPC,260.0
SATB1,CDK17,295.0
SATB1,TMEM173,448.0
SATB1,HSPE1,302.0
SATB1,ARID5A,227.0
SATB1,TBXA2R,312.0
SATB1,DOK2,304.0
SATB1,ZBTB20,326.0
SATB1,CDK19,263.0
SATB1,PPP1R15A,316.0
SATB1,PSTPIP1,226.0
SATB1,DTL,212.0
SATB1,GPR65,323.0
SATB1,CAMK1D,242.0
SATB1,PLD4,1226.0
SATB1,SELPLG,350.0
SATB1,ANXA5,290.0
SATB1,GPR171,205.0
SATB1,CCT2,577.0
SATB1,SLA,343.0
SATB1,CD52,457.0
SATB1,TMEM206,223.0
SATB1,GSTM1,328.0
SATB1,NWD1,236.0
SATB1,TXNIP,217.0
SATB1,FRMD6,253.0
SATB1,LONP2,319.0
SATB1,MCM4,216.0
SATB1,IFI27,505.0
SATB1,SLC16A11,386.0
SATB1,CARD11,252.0
SATB1,GAA,234.0
SATB1,SAT1,247.0
SATB1,ARHGAP18,411.0
SATB1,LRRC8C,217.0
SATB1,NLRC3,209.0
SATB1,CD69,247.0
SATB1,SP100,377.0
SATB1,ATP8B4,245.0
SATB1,MAML3,283.0
SATB1,MYC,1062.0
SATB1,SYK,775.0
SATB1,RHOH,248.0
SATB1,ME2,458.0
SATB1,ITGB2,252.0
SATB1,KCTD12,189.0
SATB1,CD53,846.0
SATB1,H2-OB,520.0
SATB1,AKNA,255.0
SATB1,ZFP422,210.0
SATB1,LCP1,217.0
SATB1,JPT1,467.0
SATB1,MKI67,303.0
SATB1,NRROS,230.0
SATB1,MPEG1,791.0
SATB1,UBA7,472.0
SATB1,NFE2,471.0
SATB1,TIPIN,498.0
SATB1,PPCDC,288.0
SATB1,RORA,354.0
SATB1,LTB,231.0
SATB1,CBFB,156.0
SATB1,CPQ,388.0
SATB1,BCL2,450.0
SATB1,PTP4A3,325.0
SATB1,SERPINB6A,289.0
SATB1,ERP29,364.0
SATB1,EPSTI1,243.0
SATB1,RASSF2,159.0
SATB1,MOGS,307.0
SATB1,CD33,756.0
SATB1,PRKCH,220.0
SATB1,UBASH3A,225.0
SATB1,PBLD2,437.0
SATB1,CCL9,513.0
SATB1,GIMAP1,185.0
SATB1,UBE2L6,214.0
SATB1,SERP1,273.0
SATB1,CTR9,188.0
SATB1,SLAMF1,249.0
SATB1,SPC24,254.0
SATB1,ELF1,201.0
SATB1,RGS19,378.0
SATB1,HDAC7,197.0
SATB1,DUSP1,189.0
SATB1,CD7,170.0
SATB1,ST8SIA4,239.0
SATB1,CST7,189.0
SATB1,IL7R,516.0
SATB1,FCRL1,529.0
SATB1,NHP2,328.0
SATB1,HMGB2,162.0
SATB1,FCHO2,204.0
SATB1,KLHL4,217.0
SATB1,KAZALD1,177.0
SATB1,ZNRF2,131.0
SATB1,BDH2,434.0
SATB1,IL17RE,177.0
SATB1,PLEKHB1,552.0
SATB1,MSMO1,227.0
SATB1,NDRG2,188.0
SATB1,SLBP,149.0
SATB1,FADS1,283.0
SATB1,UNC93B1,367.0
SATB1,TMSB4X,705.0
SATB1,RNASE6,433.0
SATB1,COQ8A,230.0
SATB1,SLC39A6,166.0
SATB1,CLEC2I,230.0
SATB1,PANX1,220.0
SATB1,TRAF1,238.0
SATB1,CHRNB1,240.0
SATB1,GPX1,218.0
SATB1,SELL,146.0
SATB1,IRAK3,109.0
SATB1,SLC18A1,200.0
SATB1,LSP1,203.0
SATB1,SLC26A11,300.0
SATB1,CDT1,199.0
SATB1,TBC1D5,206.0
SATB1,ADGRG1,198.0
SATB1,ANKRD44,123.0
SATB1,UHRF1,479.0
SATB1,CKS1B,139.0
SATB1,CBX7,233.0
SATB1,AP1S2,132.0
SATB1,NAIP6,305.0
SATB1,IFI27L2A,150.0
SATB1,SLC44A2,128.0
SATB1,SLC35D3,198.0
SATB1,CORO7,198.0
SATB1,HACD4,422.0
SATB1,NCAPD2,130.0
SATB1,TMEM268,195.0
SATB1,NPM1,218.0
SATB1,MPZL1,170.0
SATB1,GGTA1,228.0
SATB1,OTULINL,186.0
SATB1,RNF125,380.0
SATB1,DUSP5,162.0
SATB1,CYFIP2,315.0
SATB1,TUBB4B,217.0
SATB1,MCM5,175.0
SATB1,CHIL5,324.0
SATB1,SLC16A10,306.0
SATB1,PRSS57,192.0
SATB1,USP11,160.0
SATB1,TYROBP,338.0
SATB1,SLC43A2,304.0
SATB1,ITGA6,121.0
SATB1,GBP2,235.0
SATB1,BTG2,164.0
SATB1,SERPINB1A,189.0
SATB1,PIRB,322.0
SATB1,REL,117.0
SATB1,XRCC6,154.0
SATB1,IPCEF1,213.0
SATB1,XDH,219.0
SATB1,ESR1,146.0
SATB1,ABCG3,146.0
SATB1,ARHGEF18,206.0
SATB1,LDHB,114.0
SATB1,ARHGEF39,139.0
SATB1,COX6A1,159.0
SATB1,CD244A,192.0
SATB1,ITSN1,152.0
SATB1,MAN1A,124.0
SATB1,CREG1,148.0
SATB1,PLCL1,124.0
SATB1,P2RY14,119.0
SATB1,OSGIN1,356.0
SATB1,NAPSA,343.0
SATB1,H2AFY,342.0
SATB1,SELENOP,118.0
SATB1,PARVG,169.0
SATB1,CFP,335.0
SATB1,ANGPT1,175.0
SATB1,COX7B,188.0
SATB1,NCF1,234.0
SATB1,YBX1,119.0
SATB1,MCTP2,203.0
SATB1,5430427O19RIK,249.0
SATB1,ITGB7,154.0
SATB1,DENND2D,110.0
SATB1,ZYX,152.0
SATB1,RUSC2,151.0
SATB1,LACTB,203.0
SATB1,TALDO1,169.0
SATB1,LAG3,148.0
SATB1,KLF6,206.0
SATB1,TRIM59,166.0
SATB1,UAP1L1,158.0
SATB1,CD48,134.0
SATB1,ZMIZ1,136.0
SATB1,VAMP5,133.0
SATB1,CLU,128.0
SATB1,SGMS1,125.0
SATB1,PARP8,245.0
SATB1,STK10,156.0
SATB1,PLEK,242.0
SATB1,TRIB3,133.0
SATB1,TMEM14C,132.0
SATB1,STARD4,130.0
SATB1,GNG2,118.0
SATB1,MEF2C,221.0
SATB1,CISH,213.0
SATB1,ITPR2,112.0
SATB1,RGS2,129.0
SATB1,HAAO,207.0
SATB1,PDCD4,103.0
SATB1,CTSS,206.0
SATB1,MYCN,103.0
SATB1,UCP2,129.0
SATB1,NEURL3,200.0
SATB1,IFI213,194.0
SATB1,GIMAP4,193.0
SATB1,GIMAP5,106.0
SATB1,DPP4,103.0
SATB1,GM4951,169.0
SATB1,IFI209,167.0
SATB1,IL18RAP,162.0
SATB1,S100A6,160.0
SATB1,GSN,153.0
SATB1,NUDT19,147.0
SATB1,KCNK5,147.0
SATB1,OAS2,145.0
SATB1,TLR7,140.0
SATB1,PRIM1,135.0
SATB1,FLT3,135.0
SATB1,RNF13,134.0
SATB1,LPCAT2,134.0
SATB1,HNRNPAB,134.0
SATB1,BLNK,132.0
SATB1,SLFN2,129.0
SATB1,AMPD2,126.0
SATB1,ITM2A,124.0
SATB1,D630039A03RIK,124.0
SATB1,UQCR11,123.0
SATB1,ATPIF1,122.0
SATB1,TM6SF1,119.0
SATB1,TSPAN3,117.0
SATB1,IKZF1,113.0
SATB1,GMNN,112.0
SATB1,NCKAP1,106.0
SATB1,FDFT1,105.0
SATB1,STK17B,104.0
SPI1,SLC39A13,3635.0
SPI1,CD53,3285.0
SPI1,SLC43A2,3346.0
SPI1,DUSP5,3771.0
SPI1,PIRB,3787.0
SPI1,FGD2,3610.0
SPI1,TMEM206,2988.0
SPI1,NCEH1,3554.0
SPI1,SAMSN1,3540.0
SPI1,ITPR2,3546.0
SPI1,LAPTM5,2890.0
SPI1,SYK,3275.0
SPI1,VAMP1,3026.0
SPI1,GPR18,3976.0
SPI1,CFP,2912.0
SPI1,DOCK10,3032.0
SPI1,H2-Q6,3318.0
SPI1,TM6SF1,3019.0
SPI1,IL7R,3364.0
SPI1,ELF1,2928.0
SPI1,ARID5A,2604.0
SPI1,FCRL1,3293.0
SPI1,CLEC12A,3270.0
SPI1,RGS19,3111.0
SPI1,CBFB,2322.0
SPI1,ERP29,2803.0
SPI1,ARHGDIB,2886.0
SPI1,PLD4,2778.0
SPI1,VAV3,2741.0
SPI1,XDH,3173.0
SPI1,NCF1,2618.0
SPI1,DTL,2582.0
SPI1,TESPA1,2890.0
SPI1,CTSS,3073.0
SPI1,APOE,3234.0
SPI1,ATP8B4,2656.0
SPI1,MPEG1,2304.0
SPI1,MYO5A,3164.0
SPI1,TBC1D5,3362.0
SPI1,XRCC6,3019.0
SPI1,REL,2301.0
SPI1,RBPMS,3325.0
SPI1,RANBP1,2356.0
SPI1,SLC39A6,2602.0
SPI1,RNASE6,3329.0
SPI1,PF4,2753.0
SPI1,SGMS1,3601.0
SPI1,OSGIN1,2689.0
SPI1,EBI3,3220.0
SPI1,MAGED2,3241.0
SPI1,ARHGAP15,2713.0
SPI1,ARL11,2501.0
SPI1,ITGB2,2343.0
SPI1,TALDO1,3168.0
SPI1,LCP1,2716.0
SPI1,PARVG,2571.0
SPI1,GFI1B,3175.0
SPI1,ARRDC4,3305.0
SPI1,PLCL1,3334.0
SPI1,ME2,2938.0
SPI1,LYN,2504.0
SPI1,P2RY14,3176.0
SPI1,H2-DMA,2575.0
SPI1,ZFP658,2404.0
SPI1,WFDC17,3075.0
SPI1,KCTD12,2699.0
SPI1,ITSN1,2484.0
SPI1,BC035044,2838.0
SPI1,TYROBP,2113.0
SPI1,METTL7A1,3478.0
SPI1,ARHGAP27,2361.0
SPI1,ATP1A3,3118.0
SPI1,HACD4,3053.0
SPI1,SLC26A11,2677.0
SPI1,OAS2,2840.0
SPI1,PPM1G,2738.0
SPI1,HMGB2,2253.0
SPI1,PTGER2,2301.0
SPI1,WLS,2395.0
SPI1,LACTB,2673.0
SPI1,LONP2,2691.0
SPI1,TFEC,2751.0
SPI1,RFTN1,2873.0
SPI1,PLIN3,2334.0
SPI1,PROCR,3305.0
SPI1,NT5C3,1977.0
SPI1,CSF1R,1816.0
SPI1,ITGAL,2639.0
SPI1,TMSB4X,2399.0
SPI1,GAS2L3,2495.0
SPI1,MKI67,2767.0
SPI1,LPCAT2,2069.0
SPI1,RASSF2,1992.0
SPI1,MCM7,2516.0
SPI1,STARD4,2310.0
SPI1,GSTM1,2130.0
SPI1,KAZALD1,2114.0
SPI1,GNG2,2063.0
SPI1,GRAMD1A,2125.0
SPI1,TRPV2,1674.0
SPI1,NFE2,2246.0
SPI1,DOK2,2058.0
SPI1,CD244A,1932.0
SPI1,TRIM47,3066.0
SPI1,UCP2,2188.0
SPI1,NUDT19,3002.0
SPI1,IKZF1,2610.0
SPI1,FUT8,1965.0
SPI1,ZNRF2,2412.0
SPI1,LSP1,3114.0
SPI1,ANKRD44,1898.0
SPI1,NWD1,2354.0
SPI1,CCL9,2127.0
SPI1,TMEM173,2431.0
SPI1,PLK2,2923.0
SPI1,PDCD4,1885.0
SPI1,NAIP6,2131.0
SPI1,NAPSA,2996.0
SPI1,RCSD1,1824.0
SPI1,CCL3,2036.0
SPI1,FCHO2,2890.0
SPI1,NUCB2,1839.0
SPI1,MCM4,2492.0
SPI1,UNC93B1,1978.0
SPI1,CD48,2879.0
SPI1,CCT2,2338.0
SPI1,RHOH,1798.0
SPI1,INHBA,2063.0
SPI1,SERP1,2621.0
SPI1,ABCG3,2809.0
SPI1,GBP9,2312.0
SPI1,ANXA5,2084.0
SPI1,DOCK11,2169.0
SPI1,CTTN,2526.0
SPI1,LDHB,2274.0
SPI1,CAPG,1969.0
SPI1,ST8SIA4,2180.0
SPI1,ENG,2193.0
SPI1,XPC,1533.0
SPI1,NRROS,1828.0
SPI1,CST7,1963.0
SPI1,FUT7,1738.0
SPI1,PTGS1,1914.0
SPI1,CDT1,1837.0
SPI1,DHRS3,1234.0
SPI1,VAMP5,1474.0
SPI1,RORA,1867.0
SPI1,PLEK,1839.0
SPI1,MGAT1,2538.0
SPI1,AMPD2,1950.0
SPI1,TIFAB,1643.0
SPI1,ICOS,2729.0
SPI1,CTSH,1976.0
SPI1,DENND2D,1670.0
SPI1,CD33,1611.0
SPI1,ITGAM,1616.0
SPI1,EVI2A,1293.0
SPI1,H2-OB,1787.0
SPI1,ZFP62,1243.0
SPI1,CAMK1D,1525.0
SPI1,TCAF1,2369.0
SPI1,RNF125,2670.0
SPI1,TES,1930.0
SPI1,CDK19,1240.0
SPI1,FGD5,1716.0
SPI1,ABCG2,1542.0
SPI1,UHRF1,1675.0
SPI1,ITGB7,1950.0
SPI1,PANX1,2075.0
SPI1,CARD11,1680.0
SPI1,ELOVL5,1815.0
SPI1,SSH2,1406.0
SPI1,RNF213,1799.0
SPI1,GHR,1574.0
SPI1,IL18RAP,2542.0
SPI1,HCK,1473.0
SPI1,ZFP367,1755.0
SPI1,SELL,1182.0
SPI1,CARD6,1536.0
SPI1,MEF2C,2845.0
SPI1,CRACR2B,1542.0
SPI1,SELPLG,1907.0
SPI1,TBXAS1,1623.0
SPI1,ARHGAP18,1745.0
SPI1,GM2A,1048.0
SPI1,EPSTI1,2206.0
SPI1,DUSP6,1333.0
SPI1,PLEKHB1,2702.0
SPI1,SELENOP,1841.0
SPI1,GBP4,1474.0
SPI1,AP1S2,1356.0
SPI1,RNF13,2252.0
SPI1,RNF38,2289.0
SPI1,CTSB,1369.0
SPI1,BTG2,1589.0
SPI1,BCL2,1038.0
SPI1,SULT1A1,1988.0
SPI1,TNFAIP2,1700.0
SPI1,GIMAP5,2419.0
SPI1,SP100,1824.0
SPI1,CD69,2021.0
SPI1,TMEM123,1431.0
SPI1,ARHGEF39,1343.0
SPI1,SLC2A3,1507.0
SPI1,SLC18A1,1167.0
SPI1,SERPINA3G,3178.0
SPI1,GPX1,898.0
SPI1,SERPINA3F,3178.0
SPI1,GBP2,1630.0
SPI1,PSTPIP1,1366.0
SPI1,SLBP,1861.0
SPI1,ANXA2,1124.0
SPI1,GIMAP1,1855.0
SPI1,HSD3B7,1244.0
SPI1,IL1R1,1930.0
SPI1,PLXNC1,1734.0
SPI1,IFI213,2561.0
SPI1,ARPP21,2376.0
SPI1,VDR,1558.0
SPI1,UAP1L1,1237.0
SPI1,LY86,2613.0
SPI1,SCARF1,1202.0
SPI1,SERPINB6A,1414.0
SPI1,TFR2,1477.0
SPI1,RP2,1983.0
SPI1,UBA7,1404.0
SPI1,EEPD1,1107.0
SPI1,PAFAH2,1324.0
SPI1,ESR1,1799.0
SPI1,MPO,2900.0
SPI1,SLC29A1,1428.0
SPI1,UBASH3A,2028.0
SPI1,LRRC8C,1685.0
SPI1,S100A6,1069.0
SPI1,PPP1R15A,986.0
SPI1,NHP2,1086.0
SPI1,TMEM14C,1813.0
SPI1,RASAL3,888.0
SPI1,DRC7,1038.0
SPI1,PKN3,955.0
SPI1,CKS1B,1296.0
SPI1,SATB1,1883.0
SPI1,SPNS3,1668.0
SPI1,CSF3R,1715.0
SPI1,GM973,1846.0
SPI1,APLP2,1087.0
SPI1,CD74,2318.0
SPI1,COX6A1,1038.0
SPI1,TMEM246,1478.0
SPI1,FCGRT,1227.0
SPI1,GAA,1356.0
SPI1,HAAO,1546.0
SPI1,ACAP1,1677.0
SPI1,DYNLL1,1213.0
SPI1,CCR7,1964.0
SPI1,BPIFC,1544.0
SPI1,CD63,937.0
SPI1,SLFN2,1171.0
SPI1,PDE1B,1301.0
SPI1,AKNA,1041.0
SPI1,BLNK,904.0
SPI1,GSN,1346.0
SPI1,PTP4A3,1199.0
SPI1,SLCO3A1,1267.0
SPI1,GPR65,940.0
SPI1,MOGS,856.0
SPI1,FLT3,1447.0
SPI1,RAB38,1889.0
SPI1,FUCA2,1333.0
SPI1,CD52,693.0
SPI1,DEPP1,1738.0
SPI1,SLC44A2,931.0
SPI1,NCAPD2,869.0
SPI1,HSPE1,1453.0
SPI1,CDK18,785.0
SPI1,PYGL,985.0
SPI1,CMAH,1019.0
SPI1,OTULINL,2481.0
SPI1,GMNN,1299.0
SPI1,MCM5,749.0
SPI1,IPCEF1,1261.0
SPI1,FRMD6,744.0
SPI1,SLC25A5,1123.0
SPI1,DPP4,1560.0
SPI1,TRIM16,1227.0
SPI1,FADS1,1066.0
SPI1,CASP12,1762.0
SPI1,DEF8,1222.0
SPI1,TOP2A,619.0
SPI1,SOCS2,1220.0
SPI1,CD7,1214.0
SPI1,IGF1,690.0
SPI1,PDZK1IP1,914.0
SPI1,IFI209,922.0
SPI1,EYA2,1235.0
SPI1,MLPH,1486.0
SPI1,NEURL3,720.0
SPI1,GIMAP4,1081.0
SPI1,SSTR2,1434.0
SPI1,SLC9A9,1290.0
SPI1,GPR171,1802.0
SPI1,MEIS1,774.0
SPI1,CERS4,1382.0
SPI1,CAV2,909.0
SPI1,STK10,1369.0
SPI1,ANGPT1,1132.0
SPI1,UQCR11,891.0
SPI1,CX3CL1,755.0
SPI1,RARB,1088.0
SPI1,SPNS2,1578.0
SPI1,TMEM268,1093.0
SPI1,TXNIP,828.0
SPI1,HNRNPAB,789.0
SPI1,GNG11,730.0
SPI1,ADGRG1,890.0
SPI1,PTPRE,1476.0
SPI1,PRKCH,904.0
SPI1,RAMP1,842.0
SPI1,USP11,1123.0
SPI1,SMPDL3A,1009.0
SPI1,PLSCR4,1294.0
SPI1,5430427O19RIK,751.0
SPI1,CCR9,1479.0
SPI1,CORO1A,1273.0
SPI1,KLF3,1018.0
SPI1,PGRMC1,658.0
SPI1,PRSS57,1115.0
SPI1,CTR9,998.0
SPI1,RRAS,949.0
SPI1,CIPC,1063.0
SPI1,ADGRG3,1397.0
SPI1,PEAR1,1297.0
SPI1,DCK,826.0
SPI1,CREG1,1353.0
SPI1,TRIB3,1353.0
SPI1,YBX1,722.0
SPI1,CHIL5,1715.0
SPI1,TMEM176B,600.0
SPI1,RGS2,2910.0
SPI1,PAQR5,920.0
SPI1,SIGLECG,829.0
SPI1,UPP1,1610.0
SPI1,SLC35D3,909.0
SPI1,COX7B,734.0
SPI1,TFPI,1203.0
SPI1,PPCDC,1452.0
SPI1,MAN1A,931.0
SPI1,TBXA2R,1135.0
SPI1,ITGB5,577.0
SPI1,PBX1,696.0
SPI1,GM5111,1179.0
SPI1,ABHD17B,510.0
SPI1,KIF17,673.0
SPI1,CD9,935.0
SPI1,SH2D5,911.0
SPI1,UBE2L6,793.0
SPI1,PBLD2,1070.0
SPI1,TTC39B,788.0
SPI1,TAPT1,758.0
SPI1,FDFT1,760.0
SPI1,CDK17,838.0
SPI1,LCK,970.0
SPI1,ZFP37,961.0
SPI1,CISH,1037.0
SPI1,GGT5,1216.0
SPI1,NKG7,876.0
SPI1,CAMSAP2,535.0
SPI1,NCKAP1,694.0
SPI1,NR3C2,1026.0
SPI1,CTSG,1145.0
SPI1,SAT1,315.0
SPI1,LY9,1063.0
SPI1,AFDN,1715.0
SPI1,RHBDF1,742.0
SPI1,LGMN,650.0
SPI1,ZFP422,792.0
SPI1,IFI27,465.0
SPI1,FGFR3,809.0
SPI1,TUBB4B,759.0
SPI1,LAX1,994.0
SPI1,MLLT3,833.0
SPI1,TSC22D3,559.0
SPI1,GDA,1817.0
SPI1,BTLA,1072.0
SPI1,COQ8A,467.0
SPI1,NPM1,602.0
SPI1,TRIM59,501.0
SPI1,GCSAM,966.0
SPI1,PLXDC2,944.0
SPI1,NLRC3,1309.0
SPI1,C1RL,443.0
SPI1,ADSSL1,972.0
SPI1,BDH2,1483.0
SPI1,SLC22A3,886.0
SPI1,PDGFC,517.0
SPI1,KLF6,1207.0
SPI1,CLIP3,885.0
SPI1,POLA2,526.0
SPI1,IL18BP,376.0
SPI1,CPQ,626.0
SPI1,ARHGEF18,754.0
SPI1,IFITM3,630.0
SPI1,PGR,2106.0
SPI1,RAB27B,1118.0
SPI1,F2R,1070.0
SPI1,SHROOM4,678.0
SPI1,RPS27L,290.0
SPI1,CHRNB1,888.0
SPI1,CD44,720.0
SPI1,STXBP1,520.0
SPI1,RUNX2,333.0
SPI1,PPIC,1166.0
SPI1,GATA2,1581.0
SPI1,IRF8,702.0
SPI1,APP,459.0
SPI1,HDAC7,537.0
SPI1,DACH1,540.0
SPI1,PDE1C,1794.0
SPI1,CPNE8,484.0
SPI1,MSMO1,596.0
SPI1,TIPIN,500.0
SPI1,RHOJ,391.0
SPI1,NUPR1,461.0
SPI1,NDN,1585.0
SPI1,SLAMF1,460.0
SPI1,ZYX,541.0
SPI1,RAG2,847.0
SPI1,ZBTB20,1126.0
SPI1,GM1966,627.0
SPI1,RPL41,613.0
SPI1,LARS2,416.0
SPI1,CCDC136,636.0
SPI1,ZMIZ1,955.0
SPI1,MCTP2,645.0
SPI1,PRR5,582.0
SPI1,LAG3,659.0
SPI1,CHST2,759.0
SPI1,FKBP9,521.0
SPI1,ALDH1A1,993.0
SPI1,SNAP23,339.0
SPI1,KLRD1,723.0
SPI1,MPZL1,538.0
SPI1,CORO7,442.0
SPI1,TGM2,795.0
SPI1,ICA1,439.0
SPI1,EMP1,480.0
SPI1,H2AFY,516.0
SPI1,EFNA1,399.0
SPI1,IFI27L2A,435.0
SPI1,ITM2A,667.0
SPI1,P2RX1,837.0
SPI1,MYC,321.0
SPI1,MYLK,1225.0
SPI1,ELL2,637.0
SPI1,CTSL,273.0
SPI1,JPT1,343.0
SPI1,CBX7,483.0
SPI1,RUSC2,339.0
SPI1,TRAF1,645.0
SPI1,IFITM1,758.0
SPI1,MECOM,266.0
SPI1,TMEM37,455.0
SPI1,N4BP3,258.0
SPI1,PAG1,383.0
SPI1,TIE1,1385.0
SPI1,GP9,747.0
SPI1,IGFBP4,443.0
SPI1,CYFIP2,473.0
SPI1,SLC16A11,396.0
SPI1,H1F0,356.0
SPI1,ROBO4,445.0
SPI1,SERPINB1A,950.0
SPI1,ITGA6,238.0
SPI1,CD81,891.0
SPI1,PRNP,347.0
SPI1,IL12A,804.0
SPI1,MAMDC2,301.0
SPI1,LTB,428.0
SPI1,SERPINA3N,341.0
SPI1,FAM171B,1076.0
SPI1,D630039A03RIK,937.0
SPI1,TNS2,727.0
SPI1,SLC16A10,469.0
SPI1,LDHD,762.0
SPI1,CTSF,2263.0
SPI1,STK17B,518.0
SPI1,LGALS1,265.0
SPI1,CLU,278.0
SPI1,SNAP47,327.0
SPI1,TSPAN13,369.0
SPI1,CD93,373.0
SPI1,CCNG2,401.0
SPI1,GM4951,357.0
SPI1,KBTBD11,336.0
SPI1,CAR2,624.0
SPI1,MYCT1,464.0
SPI1,PKIB,529.0
SPI1,SCRN1,470.0
SPI1,NDNF,327.0
SPI1,DUSP1,186.0
SPI1,TSPAN3,209.0
SPI1,IRAK3,198.0
SPI1,CDK6,337.0
SPI1,GDF3,356.0
SPI1,PRIM1,289.0
SPI1,SLC16A2,403.0
SPI1,ART4,542.0
SPI1,IL17RA,275.0
SPI1,HNF4A,445.0
SPI1,PDGFRB,1060.0
SPI1,FAM110C,1227.0
SPI1,RASA4,215.0
SPI1,JCHAIN,936.0
SPI1,NDRG2,352.0
SPI1,FAM171A1,289.0
SPI1,ADGRL4,264.0
SPI1,NPDC1,673.0
SPI1,PARP8,355.0
SPI1,FOXO1,195.0
SPI1,CLEC1A,297.0
SPI1,ANKRD33B,310.0
SPI1,CPXM1,212.0
SPI1,CD34,404.0
SPI1,NOTCH1,170.0
SPI1,HID1,226.0
SPI1,GOLM1,268.0
SPI1,VLDLR,445.0
SPI1,GIMAP8,408.0
SPI1,SPC24,174.0
SPI1,AFF3,712.0
SPI1,OCLN,329.0
SPI1,KCNK5,216.0
SPI1,TSPAN2,337.0
SPI1,RAB40B,410.0
SPI1,ARHGAP29,312.0
SPI1,CYP26B1,687.0
SPI1,NEO1,329.0
SPI1,SLC18A2,423.0
SPI1,CTNND2,155.0
SPI1,MTUS1,239.0
SPI1,OTUB2,206.0
SPI1,JAM3,416.0
SPI1,HOXA9,497.0
SPI1,SDC1,209.0
SPI1,CD55,212.0
SPI1,CAVIN2,445.0
SPI1,SDC2,222.0
SPI1,TPM4,259.0
SPI1,GGTA1,250.0
SPI1,CTSW,247.0
SPI1,VEGFC,551.0
SPI1,PRUNE2,170.0
SPI1,GPX3,178.0
SPI1,ARHGEF28,199.0
SPI1,TEAD2,391.0
SPI1,ENPP5,281.0
SPI1,MYCN,226.0
SPI1,PECAM1,248.0
SPI1,GPC1,128.0
SPI1,IRF6,176.0
SPI1,SYTL1,381.0
SPI1,CD38,149.0
SPI1,PRPS2,122.0
SPI1,NAV1,145.0
SPI1,MN1,358.0
SPI1,GSTT1,358.0
SPI1,RHOF,230.0
SPI1,NSMF,336.0
SPI1,ATPIF1,152.0
SPI1,CES2G,328.0
SPI1,CSGALNACT1,197.0
SPI1,SEMA3D,314.0
SPI1,F11R,224.0
SPI1,MPDZ,310.0
SPI1,KRT18,140.0
SPI1,DDX4,271.0
SPI1,FLNA,265.0
SPI1,CCDC112,156.0
SPI1,ADAMTSL5,238.0
SPI1,KIT,135.0
SPI1,CNN3,221.0
SPI1,COL4A2,124.0
SPI1,COL4A1,124.0
SPI1,NFIA,213.0
SPI1,ZFP612,206.0
SPI1,PLPPR3,199.0
SPI1,TRPC6,195.0
SPI1,RASIP1,187.0
SPI1,CRIP1,183.0
SPI1,RUNX1T1,173.0
SPI1,EMB,167.0
SPI1,SHISA9,156.0
SPI1,CTNNAL1,142.0
SPI1,INSRR,132.0
SPI1,SERPINF1,124.0
SPI1,NOXA1,114.0
SPI1,JAM2,112.0
SPI1,TTLL7,110.0
